Provider_ID,year_week,claims
DR0001,2024-W01,1
DR0001,2024-W02,1
DR0001,2024-W04,1
DR0001,2024-W06,2
DR0001,2024-W07,1
DR0001,2024-W12,1
DR0001,2024-W17,1
DR0001,2024-W20,2
DR0001,2024-W24,1
DR0001,2024-W26,1
DR0001,2024-W28,1
DR0001,2024-W31,2
DR0001,2024-W32,1
DR0001,2024-W35,2
DR0001,2024-W36,1
DR0001,2024-W37,1
DR0001,2024-W40,2
DR0001,2024-W44,1
DR0001,2024-W46,1
DR0001,2024-W47,1
DR0001,2024-W49,4
DR0001,2024-W50,2
DR0001,2024-W52,1
DR0001,2025-W03,1
DR0001,2025-W05,1
DR0001,2025-W06,1
DR0001,2025-W08,2
DR0001,2025-W09,1
DR0001,2025-W12,1
DR0001,2025-W19,2
DR0001,2025-W22,1
DR0001,2025-W27,1
DR0001,2025-W28,2
DR0001,2025-W30,2
DR0001,2025-W35,1
DR0001,2025-W40,1
DR0001,2025-W42,1
DR0001,2025-W44,3
DR0001,2025-W46,1
DR0001,2025-W48,2
DR0001,2025-W51,2
DR0001,2026-W01,1
DR0001,2026-W03,2
DR0001,2026-W05,1
DR0001,2026-W06,1
DR0001,2026-W08,2
DR0001,2026-W09,2
DR0001,2026-W12,1
DR0001,2026-W13,1
DR0001,2026-W14,1
DR0001,2026-W16,1
DR0001,2026-W17,1
DR0001,2026-W19,2
DR0001,2026-W20,1
DR0001,2026-W21,2
DR0001,2026-W23,2
DR0001,2026-W26,1
DR0001,2026-W27,2
DR0001,2026-W35,1
DR0001,2026-W36,1
DR0001,2026-W38,1
DR0002,2024-W02,2
DR0002,2024-W05,1
DR0002,2024-W07,2
DR0002,2024-W10,1
DR0002,2024-W12,1
DR0002,2024-W13,2
DR0002,2024-W14,1
DR0002,2024-W16,1
DR0002,2024-W21,1
DR0002,2024-W26,1
DR0002,2024-W31,1
DR0002,2024-W38,1
DR0002,2024-W40,1
DR0002,2024-W42,1
DR0002,2024-W46,1
DR0002,2024-W49,1
DR0002,2024-W50,1
DR0002,2025-W03,1
DR0002,2025-W04,1
DR0002,2025-W07,1
DR0002,2025-W11,1
DR0002,2025-W16,1
DR0002,2025-W18,1
DR0002,2025-W20,1
DR0002,2025-W22,2
DR0002,2025-W24,1
DR0002,2025-W32,1
DR0002,2025-W33,1
DR0002,2025-W34,1
DR0002,2025-W37,1
DR0002,2025-W38,4
DR0002,2025-W49,1
DR0002,2026-W04,1
DR0002,2026-W11,1
DR0002,2026-W13,1
DR0002,2026-W16,2
DR0002,2026-W19,1
DR0002,2026-W23,2
DR0002,2026-W27,2
DR0002,2026-W31,1
DR0003,2024-W01,3
DR0003,2024-W02,3
DR0003,2024-W03,3
DR0003,2024-W04,7
DR0003,2024-W05,4
DR0003,2024-W06,3
DR0003,2024-W08,4
DR0003,2024-W09,3
DR0003,2024-W10,7
DR0003,2024-W11,7
DR0003,2024-W12,1
DR0003,2024-W13,5
DR0003,2024-W14,2
DR0003,2024-W15,4
DR0003,2024-W16,3
DR0003,2024-W17,2
DR0003,2024-W18,5
DR0003,2024-W19,2
DR0003,2024-W20,2
DR0003,2024-W21,2
DR0003,2024-W22,1
DR0003,2024-W23,2
DR0003,2024-W24,2
DR0003,2024-W25,3
DR0003,2024-W26,4
DR0003,2024-W27,1
DR0003,2024-W28,1
DR0003,2024-W29,1
DR0003,2024-W30,5
DR0003,2024-W31,4
DR0003,2024-W32,4
DR0003,2024-W33,2
DR0003,2024-W34,3
DR0003,2024-W35,5
DR0003,2024-W36,3
DR0003,2024-W37,4
DR0003,2024-W38,1
DR0003,2024-W39,6
DR0003,2024-W41,2
DR0003,2024-W42,1
DR0003,2024-W43,4
DR0003,2024-W44,2
DR0003,2024-W45,1
DR0003,2024-W46,3
DR0003,2024-W47,4
DR0003,2024-W48,5
DR0003,2024-W49,4
DR0003,2024-W50,2
DR0003,2024-W51,2
DR0003,2024-W52,7
DR0003,2024-W53,2
DR0003,2025-W00,1
DR0003,2025-W01,4
DR0003,2025-W02,1
DR0003,2025-W03,4
DR0003,2025-W05,3
DR0003,2025-W06,4
DR0003,2025-W07,5
DR0003,2025-W08,1
DR0003,2025-W09,4
DR0003,2025-W10,4
DR0003,2025-W11,3
DR0003,2025-W12,5
DR0003,2025-W13,5
DR0003,2025-W14,1
DR0003,2025-W15,3
DR0003,2025-W16,3
DR0003,2025-W17,2
DR0003,2025-W18,3
DR0003,2025-W19,2
DR0003,2025-W20,1
DR0003,2025-W21,4
DR0003,2025-W22,2
DR0003,2025-W23,3
DR0003,2025-W24,3
DR0003,2025-W25,3
DR0003,2025-W26,3
DR0003,2025-W27,4
DR0003,2025-W28,3
DR0003,2025-W29,3
DR0003,2025-W30,3
DR0003,2025-W31,3
DR0003,2025-W32,2
DR0003,2025-W34,4
DR0003,2025-W35,1
DR0003,2025-W36,1
DR0003,2025-W37,3
DR0003,2025-W38,1
DR0003,2025-W39,1
DR0003,2025-W40,3
DR0003,2025-W41,5
DR0003,2025-W42,2
DR0003,2025-W43,4
DR0003,2025-W44,3
DR0003,2025-W45,4
DR0003,2025-W46,5
DR0003,2025-W48,2
DR0003,2025-W49,2
DR0003,2025-W50,2
DR0003,2025-W51,3
DR0003,2025-W52,1
DR0003,2026-W00,3
DR0003,2026-W01,2
DR0003,2026-W02,6
DR0003,2026-W03,5
DR0003,2026-W04,2
DR0003,2026-W05,5
DR0003,2026-W06,3
DR0003,2026-W07,4
DR0003,2026-W08,1
DR0003,2026-W09,3
DR0003,2026-W10,1
DR0003,2026-W11,3
DR0003,2026-W12,3
DR0003,2026-W13,2
DR0003,2026-W14,1
DR0003,2026-W15,4
DR0003,2026-W16,7
DR0003,2026-W17,1
DR0003,2026-W18,2
DR0003,2026-W19,1
DR0003,2026-W20,2
DR0003,2026-W21,4
DR0003,2026-W22,2
DR0003,2026-W24,1
DR0003,2026-W25,2
DR0003,2026-W26,3
DR0003,2026-W27,2
DR0003,2026-W28,1
DR0003,2026-W30,2
DR0003,2026-W31,4
DR0003,2026-W32,3
DR0003,2026-W33,4
DR0003,2026-W35,3
DR0003,2026-W36,3
DR0003,2026-W37,2
DR0003,2026-W38,4
DR0004,2024-W02,2
DR0004,2024-W04,1
DR0004,2024-W09,1
DR0004,2024-W11,1
DR0004,2024-W16,1
DR0004,2024-W24,1
DR0004,2024-W26,1
DR0004,2024-W27,1
DR0004,2024-W29,1
DR0004,2024-W32,1
DR0004,2024-W33,1
DR0004,2024-W34,1
DR0004,2024-W36,1
DR0004,2024-W40,1
DR0004,2024-W43,2
DR0004,2024-W47,2
DR0004,2024-W48,1
DR0004,2024-W52,1
DR0004,2025-W11,1
DR0004,2025-W14,1
DR0004,2025-W15,1
DR0004,2025-W17,2
DR0004,2025-W22,2
DR0004,2025-W24,1
DR0004,2025-W25,2
DR0004,2025-W26,1
DR0004,2025-W30,2
DR0004,2025-W31,2
DR0004,2025-W32,1
DR0004,2025-W35,2
DR0004,2025-W37,1
DR0004,2025-W38,1
DR0004,2025-W47,1
DR0004,2025-W50,2
DR0004,2026-W00,1
DR0004,2026-W06,1
DR0004,2026-W07,2
DR0004,2026-W08,1
DR0004,2026-W11,1
DR0004,2026-W12,1
DR0004,2026-W13,1
DR0004,2026-W15,1
DR0004,2026-W20,1
DR0004,2026-W23,1
DR0004,2026-W27,1
DR0004,2026-W28,1
DR0004,2026-W31,2
DR0004,2026-W33,1
DR0005,2024-W03,1
DR0005,2024-W05,1
DR0005,2024-W06,1
DR0005,2024-W07,1
DR0005,2024-W10,2
DR0005,2024-W11,3
DR0005,2024-W15,1
DR0005,2024-W16,1
DR0005,2024-W19,2
DR0005,2024-W27,1
DR0005,2024-W28,2
DR0005,2024-W30,1
DR0005,2024-W31,3
DR0005,2024-W33,1
DR0005,2024-W34,1
DR0005,2024-W35,1
DR0005,2024-W37,2
DR0005,2024-W41,2
DR0005,2024-W42,3
DR0005,2024-W45,1
DR0005,2024-W50,1
DR0005,2024-W52,1
DR0005,2025-W01,1
DR0005,2025-W02,1
DR0005,2025-W04,3
DR0005,2025-W06,2
DR0005,2025-W07,1
DR0005,2025-W11,2
DR0005,2025-W12,1
DR0005,2025-W13,2
DR0005,2025-W16,1
DR0005,2025-W19,1
DR0005,2025-W20,1
DR0005,2025-W23,2
DR0005,2025-W25,1
DR0005,2025-W26,1
DR0005,2025-W28,1
DR0005,2025-W35,1
DR0005,2025-W40,1
DR0005,2025-W41,2
DR0005,2025-W42,1
DR0005,2025-W44,1
DR0005,2026-W02,2
DR0005,2026-W03,2
DR0005,2026-W05,2
DR0005,2026-W06,1
DR0005,2026-W07,1
DR0005,2026-W10,1
DR0005,2026-W13,2
DR0005,2026-W15,1
DR0005,2026-W23,1
DR0005,2026-W24,1
DR0005,2026-W25,2
DR0005,2026-W27,1
DR0005,2026-W34,3
DR0005,2026-W36,1
DR0005,2026-W37,1
DR0006,2024-W01,4
DR0006,2024-W02,3
DR0006,2024-W03,4
DR0006,2024-W04,1
DR0006,2024-W05,4
DR0006,2024-W06,5
DR0006,2024-W07,1
DR0006,2024-W08,3
DR0006,2024-W09,3
DR0006,2024-W10,2
DR0006,2024-W11,1
DR0006,2024-W12,2
DR0006,2024-W13,2
DR0006,2024-W14,3
DR0006,2024-W15,1
DR0006,2024-W16,2
DR0006,2024-W17,3
DR0006,2024-W18,2
DR0006,2024-W19,1
DR0006,2024-W20,4
DR0006,2024-W21,4
DR0006,2024-W22,2
DR0006,2024-W23,4
DR0006,2024-W25,1
DR0006,2024-W26,5
DR0006,2024-W27,1
DR0006,2024-W29,1
DR0006,2024-W30,3
DR0006,2024-W31,2
DR0006,2024-W32,3
DR0006,2024-W33,6
DR0006,2024-W34,6
DR0006,2024-W35,4
DR0006,2024-W36,3
DR0006,2024-W37,1
DR0006,2024-W38,3
DR0006,2024-W40,4
DR0006,2024-W42,2
DR0006,2024-W43,3
DR0006,2024-W44,4
DR0006,2024-W45,1
DR0006,2024-W46,3
DR0006,2024-W47,2
DR0006,2024-W49,3
DR0006,2024-W50,3
DR0006,2024-W52,4
DR0006,2025-W00,1
DR0006,2025-W01,6
DR0006,2025-W02,2
DR0006,2025-W03,2
DR0006,2025-W04,2
DR0006,2025-W05,3
DR0006,2025-W06,1
DR0006,2025-W07,2
DR0006,2025-W08,2
DR0006,2025-W09,3
DR0006,2025-W10,2
DR0006,2025-W11,1
DR0006,2025-W12,3
DR0006,2025-W13,2
DR0006,2025-W14,4
DR0006,2025-W15,3
DR0006,2025-W16,3
DR0006,2025-W17,2
DR0006,2025-W18,4
DR0006,2025-W19,1
DR0006,2025-W20,1
DR0006,2025-W21,1
DR0006,2025-W22,4
DR0006,2025-W23,1
DR0006,2025-W24,2
DR0006,2025-W25,2
DR0006,2025-W26,2
DR0006,2025-W27,2
DR0006,2025-W28,2
DR0006,2025-W29,8
DR0006,2025-W30,4
DR0006,2025-W31,3
DR0006,2025-W32,2
DR0006,2025-W33,3
DR0006,2025-W35,2
DR0006,2025-W36,3
DR0006,2025-W37,2
DR0006,2025-W38,4
DR0006,2025-W39,6
DR0006,2025-W40,2
DR0006,2025-W41,1
DR0006,2025-W42,2
DR0006,2025-W43,3
DR0006,2025-W44,4
DR0006,2025-W45,3
DR0006,2025-W46,2
DR0006,2025-W47,1
DR0006,2025-W48,1
DR0006,2025-W49,2
DR0006,2025-W50,4
DR0006,2025-W51,1
DR0006,2025-W52,1
DR0006,2026-W00,1
DR0006,2026-W01,2
DR0006,2026-W03,3
DR0006,2026-W04,2
DR0006,2026-W05,1
DR0006,2026-W07,2
DR0006,2026-W08,5
DR0006,2026-W09,1
DR0006,2026-W11,2
DR0006,2026-W12,1
DR0006,2026-W13,3
DR0006,2026-W15,3
DR0006,2026-W17,1
DR0006,2026-W18,2
DR0006,2026-W19,3
DR0006,2026-W20,2
DR0006,2026-W21,1
DR0006,2026-W22,1
DR0006,2026-W23,2
DR0006,2026-W24,1
DR0006,2026-W25,1
DR0006,2026-W26,1
DR0006,2026-W27,2
DR0006,2026-W28,4
DR0006,2026-W29,5
DR0006,2026-W30,2
DR0006,2026-W31,5
DR0006,2026-W32,1
DR0006,2026-W33,3
DR0006,2026-W34,1
DR0006,2026-W35,2
DR0006,2026-W36,3
DR0006,2026-W37,3
DR0006,2026-W38,4
DR0007,2024-W01,1
DR0007,2024-W03,1
DR0007,2024-W04,1
DR0007,2024-W07,1
DR0007,2024-W10,1
DR0007,2024-W13,2
DR0007,2024-W16,1
DR0007,2024-W20,1
DR0007,2024-W21,1
DR0007,2024-W22,1
DR0007,2024-W23,1
DR0007,2024-W24,1
DR0007,2024-W25,1
DR0007,2024-W27,1
DR0007,2024-W28,1
DR0007,2024-W31,1
DR0007,2024-W32,1
DR0007,2024-W36,2
DR0007,2024-W38,2
DR0007,2024-W41,1
DR0007,2024-W42,2
DR0007,2024-W43,1
DR0007,2024-W48,1
DR0007,2024-W49,1
DR0007,2024-W50,3
DR0007,2025-W01,1
DR0007,2025-W02,2
DR0007,2025-W03,1
DR0007,2025-W04,1
DR0007,2025-W05,2
DR0007,2025-W07,1
DR0007,2025-W08,1
DR0007,2025-W13,2
DR0007,2025-W15,1
DR0007,2025-W16,1
DR0007,2025-W17,2
DR0007,2025-W18,2
DR0007,2025-W19,1
DR0007,2025-W21,1
DR0007,2025-W23,2
DR0007,2025-W24,1
DR0007,2025-W25,1
DR0007,2025-W26,1
DR0007,2025-W28,1
DR0007,2025-W29,1
DR0007,2025-W30,2
DR0007,2025-W31,1
DR0007,2025-W34,1
DR0007,2025-W39,3
DR0007,2025-W41,1
DR0007,2025-W43,1
DR0007,2025-W45,1
DR0007,2025-W46,2
DR0007,2025-W47,1
DR0007,2025-W48,1
DR0007,2025-W49,1
DR0007,2025-W50,1
DR0007,2025-W52,1
DR0007,2026-W00,1
DR0007,2026-W04,2
DR0007,2026-W05,2
DR0007,2026-W06,1
DR0007,2026-W08,1
DR0007,2026-W13,1
DR0007,2026-W14,1
DR0007,2026-W15,2
DR0007,2026-W17,1
DR0007,2026-W18,2
DR0007,2026-W19,1
DR0007,2026-W23,2
DR0007,2026-W25,1
DR0007,2026-W27,2
DR0007,2026-W28,1
DR0007,2026-W30,2
DR0007,2026-W33,1
DR0007,2026-W35,3
DR0007,2026-W38,1
DR0008,2024-W01,1
DR0008,2024-W03,1
DR0008,2024-W05,1
DR0008,2024-W06,1
DR0008,2024-W10,2
DR0008,2024-W11,1
DR0008,2024-W12,1
DR0008,2024-W15,1
DR0008,2024-W19,1
DR0008,2024-W20,1
DR0008,2024-W23,1
DR0008,2024-W24,1
DR0008,2024-W27,1
DR0008,2024-W30,1
DR0008,2024-W32,1
DR0008,2024-W34,1
DR0008,2024-W36,1
DR0008,2024-W41,1
DR0008,2024-W45,1
DR0008,2024-W46,1
DR0008,2024-W47,1
DR0008,2024-W48,1
DR0008,2024-W49,2
DR0008,2024-W50,1
DR0008,2025-W00,1
DR0008,2025-W01,1
DR0008,2025-W03,1
DR0008,2025-W04,2
DR0008,2025-W06,1
DR0008,2025-W07,1
DR0008,2025-W09,1
DR0008,2025-W11,1
DR0008,2025-W13,1
DR0008,2025-W16,1
DR0008,2025-W19,1
DR0008,2025-W22,1
DR0008,2025-W26,1
DR0008,2025-W27,3
DR0008,2025-W28,2
DR0008,2025-W32,1
DR0008,2025-W33,1
DR0008,2025-W34,1
DR0008,2025-W41,2
DR0008,2025-W43,1
DR0008,2025-W44,2
DR0008,2025-W46,1
DR0008,2025-W47,1
DR0008,2025-W49,2
DR0008,2026-W01,2
DR0008,2026-W02,1
DR0008,2026-W03,1
DR0008,2026-W04,2
DR0008,2026-W08,1
DR0008,2026-W09,1
DR0008,2026-W11,1
DR0008,2026-W12,1
DR0008,2026-W14,2
DR0008,2026-W15,1
DR0008,2026-W17,1
DR0008,2026-W19,1
DR0008,2026-W21,2
DR0008,2026-W27,1
DR0008,2026-W29,1
DR0008,2026-W31,1
DR0008,2026-W33,1
DR0008,2026-W38,1
DR0008,2026-W39,1
DR0009,2024-W01,4
DR0009,2024-W02,5
DR0009,2024-W03,3
DR0009,2024-W04,1
DR0009,2024-W05,1
DR0009,2024-W08,4
DR0009,2024-W10,4
DR0009,2024-W11,3
DR0009,2024-W13,4
DR0009,2024-W15,1
DR0009,2024-W16,1
DR0009,2024-W18,2
DR0009,2024-W19,1
DR0009,2024-W20,1
DR0009,2024-W21,1
DR0009,2024-W22,4
DR0009,2024-W23,1
DR0009,2024-W24,2
DR0009,2024-W25,2
DR0009,2024-W26,1
DR0009,2024-W27,1
DR0009,2024-W28,1
DR0009,2024-W29,4
DR0009,2024-W30,1
DR0009,2024-W31,4
DR0009,2024-W32,1
DR0009,2024-W33,1
DR0009,2024-W35,1
DR0009,2024-W36,3
DR0009,2024-W37,2
DR0009,2024-W38,2
DR0009,2024-W40,3
DR0009,2024-W41,2
DR0009,2024-W42,5
DR0009,2024-W43,1
DR0009,2024-W44,1
DR0009,2024-W46,1
DR0009,2024-W47,1
DR0009,2024-W48,1
DR0009,2024-W49,1
DR0009,2024-W50,2
DR0009,2024-W51,2
DR0009,2024-W52,3
DR0009,2025-W00,1
DR0009,2025-W01,2
DR0009,2025-W02,3
DR0009,2025-W03,3
DR0009,2025-W05,1
DR0009,2025-W08,1
DR0009,2025-W09,2
DR0009,2025-W10,2
DR0009,2025-W11,2
DR0009,2025-W12,1
DR0009,2025-W13,3
DR0009,2025-W14,2
DR0009,2025-W16,3
DR0009,2025-W17,3
DR0009,2025-W18,5
DR0009,2025-W20,2
DR0009,2025-W21,3
DR0009,2025-W22,1
DR0009,2025-W23,2
DR0009,2025-W24,3
DR0009,2025-W25,1
DR0009,2025-W26,1
DR0009,2025-W27,2
DR0009,2025-W28,1
DR0009,2025-W29,1
DR0009,2025-W30,1
DR0009,2025-W31,1
DR0009,2025-W33,1
DR0009,2025-W34,1
DR0009,2025-W35,2
DR0009,2025-W37,1
DR0009,2025-W38,2
DR0009,2025-W40,3
DR0009,2025-W41,1
DR0009,2025-W42,3
DR0009,2025-W43,1
DR0009,2025-W44,2
DR0009,2025-W45,2
DR0009,2025-W46,1
DR0009,2025-W47,3
DR0009,2025-W48,2
DR0009,2025-W49,1
DR0009,2025-W51,2
DR0009,2025-W52,1
DR0009,2026-W00,5
DR0009,2026-W01,3
DR0009,2026-W02,3
DR0009,2026-W03,1
DR0009,2026-W04,4
DR0009,2026-W06,4
DR0009,2026-W07,2
DR0009,2026-W09,2
DR0009,2026-W10,2
DR0009,2026-W11,1
DR0009,2026-W12,1
DR0009,2026-W13,2
DR0009,2026-W14,1
DR0009,2026-W15,2
DR0009,2026-W17,1
DR0009,2026-W18,2
DR0009,2026-W19,1
DR0009,2026-W21,1
DR0009,2026-W22,2
DR0009,2026-W23,3
DR0009,2026-W24,3
DR0009,2026-W25,2
DR0009,2026-W26,2
DR0009,2026-W29,1
DR0009,2026-W31,2
DR0009,2026-W34,2
DR0009,2026-W35,2
DR0009,2026-W36,2
DR0009,2026-W37,2
DR0009,2026-W38,1
DR0009,2026-W39,2
DR0010,2024-W02,1
DR0010,2024-W03,1
DR0010,2024-W04,1
DR0010,2024-W06,1
DR0010,2024-W08,2
DR0010,2024-W15,1
DR0010,2024-W16,2
DR0010,2024-W17,1
DR0010,2024-W20,1
DR0010,2024-W24,1
DR0010,2024-W29,2
DR0010,2024-W31,2
DR0010,2024-W35,1
DR0010,2024-W37,1
DR0010,2024-W39,3
DR0010,2024-W40,1
DR0010,2024-W46,1
DR0010,2024-W48,1
DR0010,2024-W50,1
DR0010,2024-W51,2
DR0010,2025-W01,1
DR0010,2025-W05,1
DR0010,2025-W07,1
DR0010,2025-W08,1
DR0010,2025-W09,1
DR0010,2025-W12,1
DR0010,2025-W13,1
DR0010,2025-W14,1
DR0010,2025-W15,1
DR0010,2025-W19,1
DR0010,2025-W23,2
DR0010,2025-W28,1
DR0010,2025-W31,1
DR0010,2025-W35,1
DR0010,2025-W39,1
DR0010,2025-W40,1
DR0010,2025-W41,1
DR0010,2025-W42,1
DR0010,2025-W43,2
DR0010,2025-W44,1
DR0010,2025-W45,2
DR0010,2025-W49,1
DR0010,2025-W50,1
DR0010,2025-W51,2
DR0010,2026-W01,2
DR0010,2026-W03,1
DR0010,2026-W06,1
DR0010,2026-W07,1
DR0010,2026-W09,1
DR0010,2026-W11,2
DR0010,2026-W12,1
DR0010,2026-W13,1
DR0010,2026-W16,2
DR0010,2026-W17,2
DR0010,2026-W22,1
DR0010,2026-W23,1
DR0010,2026-W27,1
DR0010,2026-W28,1
DR0011,2024-W12,1
DR0011,2024-W13,2
DR0011,2024-W17,2
DR0011,2024-W22,1
DR0011,2024-W23,1
DR0011,2024-W28,1
DR0011,2024-W43,1
DR0011,2024-W44,1
DR0011,2025-W11,1
DR0011,2025-W14,1
DR0011,2025-W16,1
DR0011,2025-W22,1
DR0011,2025-W27,1
DR0011,2025-W42,1
DR0011,2025-W44,1
DR0011,2025-W45,1
DR0011,2026-W07,1
DR0011,2026-W14,1
DR0011,2026-W19,1
DR0011,2026-W22,1
DR0011,2026-W24,1
DR0011,2026-W26,1
DR0011,2026-W29,1
DR0011,2026-W31,1
DR0011,2026-W32,1
DR0012,2024-W01,1
DR0012,2024-W02,1
DR0012,2024-W11,1
DR0012,2024-W18,2
DR0012,2024-W24,1
DR0012,2024-W28,1
DR0012,2024-W30,1
DR0012,2024-W31,1
DR0012,2024-W33,1
DR0012,2024-W34,1
DR0012,2024-W35,1
DR0012,2024-W37,1
DR0012,2024-W40,2
DR0012,2024-W43,1
DR0012,2024-W47,1
DR0012,2025-W01,1
DR0012,2025-W02,1
DR0012,2025-W09,1
DR0012,2025-W18,1
DR0012,2025-W20,1
DR0012,2025-W27,1
DR0012,2025-W32,1
DR0012,2025-W33,1
DR0012,2025-W35,1
DR0012,2025-W39,1
DR0012,2025-W43,2
DR0012,2025-W50,1
DR0012,2026-W02,1
DR0012,2026-W04,1
DR0012,2026-W07,1
DR0012,2026-W11,1
DR0012,2026-W14,1
DR0012,2026-W18,1
DR0012,2026-W19,2
DR0012,2026-W22,1
DR0012,2026-W27,1
DR0012,2026-W32,1
DR0013,2024-W01,2
DR0013,2024-W02,2
DR0013,2024-W03,2
DR0013,2024-W04,4
DR0013,2024-W05,2
DR0013,2024-W06,6
DR0013,2024-W07,4
DR0013,2024-W08,3
DR0013,2024-W10,1
DR0013,2024-W11,3
DR0013,2024-W12,3
DR0013,2024-W15,2
DR0013,2024-W16,5
DR0013,2024-W17,1
DR0013,2024-W18,2
DR0013,2024-W19,2
DR0013,2024-W20,1
DR0013,2024-W22,3
DR0013,2024-W23,2
DR0013,2024-W25,2
DR0013,2024-W26,1
DR0013,2024-W27,2
DR0013,2024-W28,2
DR0013,2024-W29,3
DR0013,2024-W30,2
DR0013,2024-W31,1
DR0013,2024-W32,1
DR0013,2024-W33,1
DR0013,2024-W34,2
DR0013,2024-W35,4
DR0013,2024-W36,1
DR0013,2024-W37,2
DR0013,2024-W38,2
DR0013,2024-W39,1
DR0013,2024-W40,3
DR0013,2024-W41,1
DR0013,2024-W42,5
DR0013,2024-W43,3
DR0013,2024-W45,3
DR0013,2024-W47,3
DR0013,2024-W48,6
DR0013,2024-W49,2
DR0013,2024-W50,2
DR0013,2024-W51,3
DR0013,2024-W52,1
DR0013,2025-W03,2
DR0013,2025-W04,1
DR0013,2025-W05,5
DR0013,2025-W06,6
DR0013,2025-W07,1
DR0013,2025-W09,2
DR0013,2025-W10,3
DR0013,2025-W11,2
DR0013,2025-W12,1
DR0013,2025-W13,1
DR0013,2025-W15,2
DR0013,2025-W16,3
DR0013,2025-W17,2
DR0013,2025-W18,2
DR0013,2025-W20,1
DR0013,2025-W21,2
DR0013,2025-W22,1
DR0013,2025-W24,2
DR0013,2025-W25,1
DR0013,2025-W26,1
DR0013,2025-W27,2
DR0013,2025-W28,3
DR0013,2025-W29,2
DR0013,2025-W30,2
DR0013,2025-W31,2
DR0013,2025-W32,1
DR0013,2025-W33,2
DR0013,2025-W34,1
DR0013,2025-W35,2
DR0013,2025-W37,2
DR0013,2025-W39,3
DR0013,2025-W40,1
DR0013,2025-W42,2
DR0013,2025-W43,2
DR0013,2025-W45,4
DR0013,2025-W46,1
DR0013,2025-W48,2
DR0013,2025-W49,3
DR0013,2025-W50,2
DR0013,2025-W51,1
DR0013,2026-W00,1
DR0013,2026-W01,3
DR0013,2026-W02,4
DR0013,2026-W03,1
DR0013,2026-W04,2
DR0013,2026-W06,3
DR0013,2026-W07,1
DR0013,2026-W09,1
DR0013,2026-W10,1
DR0013,2026-W11,3
DR0013,2026-W13,1
DR0013,2026-W14,2
DR0013,2026-W17,5
DR0013,2026-W18,1
DR0013,2026-W20,2
DR0013,2026-W21,1
DR0013,2026-W22,2
DR0013,2026-W23,1
DR0013,2026-W24,1
DR0013,2026-W26,2
DR0013,2026-W27,1
DR0013,2026-W29,3
DR0013,2026-W31,3
DR0013,2026-W32,2
DR0013,2026-W33,1
DR0013,2026-W34,1
DR0013,2026-W35,1
DR0013,2026-W36,3
DR0013,2026-W37,1
DR0013,2026-W38,1
DR0013,2026-W39,2
DR0013,2027-W28,1
DR0014,2024-W02,1
DR0014,2024-W03,2
DR0014,2024-W04,5
DR0014,2024-W05,1
DR0014,2024-W06,2
DR0014,2024-W07,4
DR0014,2024-W09,2
DR0014,2024-W10,1
DR0014,2024-W11,1
DR0014,2024-W13,1
DR0014,2024-W14,2
DR0014,2024-W15,1
DR0014,2024-W16,1
DR0014,2024-W17,2
DR0014,2024-W18,1
DR0014,2024-W19,1
DR0014,2024-W20,1
DR0014,2024-W21,1
DR0014,2024-W22,1
DR0014,2024-W23,1
DR0014,2024-W24,2
DR0014,2024-W28,3
DR0014,2024-W30,2
DR0014,2024-W31,2
DR0014,2024-W32,1
DR0014,2024-W33,2
DR0014,2024-W35,1
DR0014,2024-W36,2
DR0014,2024-W37,1
DR0014,2024-W39,1
DR0014,2024-W40,1
DR0014,2024-W41,1
DR0014,2024-W42,1
DR0014,2024-W43,1
DR0014,2024-W46,2
DR0014,2024-W47,4
DR0014,2024-W48,2
DR0014,2024-W49,1
DR0014,2024-W50,3
DR0014,2024-W51,1
DR0014,2024-W52,3
DR0014,2025-W00,2
DR0014,2025-W01,2
DR0014,2025-W02,3
DR0014,2025-W04,1
DR0014,2025-W05,2
DR0014,2025-W06,1
DR0014,2025-W08,1
DR0014,2025-W09,1
DR0014,2025-W10,3
DR0014,2025-W12,2
DR0014,2025-W14,2
DR0014,2025-W15,2
DR0014,2025-W17,2
DR0014,2025-W19,1
DR0014,2025-W21,1
DR0014,2025-W22,3
DR0014,2025-W23,1
DR0014,2025-W24,1
DR0014,2025-W25,1
DR0014,2025-W26,1
DR0014,2025-W27,1
DR0014,2025-W28,3
DR0014,2025-W29,1
DR0014,2025-W30,1
DR0014,2025-W31,1
DR0014,2025-W32,1
DR0014,2025-W33,3
DR0014,2025-W34,1
DR0014,2025-W36,1
DR0014,2025-W38,1
DR0014,2025-W40,1
DR0014,2025-W42,1
DR0014,2025-W43,2
DR0014,2025-W44,4
DR0014,2025-W45,1
DR0014,2025-W46,5
DR0014,2025-W47,2
DR0014,2025-W48,1
DR0014,2025-W49,2
DR0014,2025-W50,3
DR0014,2026-W01,2
DR0014,2026-W02,2
DR0014,2026-W03,1
DR0014,2026-W04,5
DR0014,2026-W05,2
DR0014,2026-W06,2
DR0014,2026-W07,4
DR0014,2026-W11,1
DR0014,2026-W13,1
DR0014,2026-W14,3
DR0014,2026-W15,1
DR0014,2026-W16,1
DR0014,2026-W23,2
DR0014,2026-W24,2
DR0014,2026-W25,2
DR0014,2026-W26,3
DR0014,2026-W27,1
DR0014,2026-W28,3
DR0014,2026-W29,1
DR0014,2026-W30,3
DR0014,2026-W31,2
DR0014,2026-W32,3
DR0014,2026-W33,2
DR0014,2026-W34,1
DR0014,2026-W36,1
DR0014,2026-W38,1
DR0015,2024-W03,1
DR0015,2024-W05,2
DR0015,2024-W07,4
DR0015,2024-W09,1
DR0015,2024-W19,1
DR0015,2024-W20,1
DR0015,2024-W22,1
DR0015,2024-W26,1
DR0015,2024-W28,1
DR0015,2024-W29,1
DR0015,2024-W35,1
DR0015,2024-W36,1
DR0015,2024-W38,1
DR0015,2024-W39,1
DR0015,2024-W40,1
DR0015,2024-W42,2
DR0015,2024-W43,1
DR0015,2024-W44,1
DR0015,2024-W45,1
DR0015,2024-W48,1
DR0015,2024-W52,1
DR0015,2025-W00,2
DR0015,2025-W02,1
DR0015,2025-W03,1
DR0015,2025-W04,1
DR0015,2025-W05,1
DR0015,2025-W07,1
DR0015,2025-W08,1
DR0015,2025-W09,1
DR0015,2025-W10,1
DR0015,2025-W11,1
DR0015,2025-W12,1
DR0015,2025-W14,2
DR0015,2025-W18,2
DR0015,2025-W20,1
DR0015,2025-W21,1
DR0015,2025-W22,1
DR0015,2025-W23,1
DR0015,2025-W24,2
DR0015,2025-W25,1
DR0015,2025-W27,1
DR0015,2025-W28,1
DR0015,2025-W36,1
DR0015,2025-W37,1
DR0015,2025-W39,2
DR0015,2025-W46,2
DR0015,2025-W47,1
DR0015,2025-W48,1
DR0015,2025-W50,2
DR0015,2026-W02,1
DR0015,2026-W05,1
DR0015,2026-W06,1
DR0015,2026-W07,2
DR0015,2026-W08,2
DR0015,2026-W09,1
DR0015,2026-W10,2
DR0015,2026-W11,1
DR0015,2026-W12,1
DR0015,2026-W13,1
DR0015,2026-W15,3
DR0015,2026-W19,2
DR0015,2026-W21,1
DR0015,2026-W22,1
DR0015,2026-W23,5
DR0015,2026-W27,1
DR0015,2026-W34,1
DR0015,2026-W36,2
DR0015,2026-W37,1
DR0015,2026-W38,2
DR0016,2024-W03,1
DR0016,2024-W04,2
DR0016,2024-W06,1
DR0016,2024-W08,3
DR0016,2024-W12,1
DR0016,2024-W13,3
DR0016,2024-W15,1
DR0016,2024-W16,2
DR0016,2024-W19,1
DR0016,2024-W20,3
DR0016,2024-W21,3
DR0016,2024-W22,1
DR0016,2024-W23,1
DR0016,2024-W24,1
DR0016,2024-W25,1
DR0016,2024-W26,1
DR0016,2024-W27,4
DR0016,2024-W28,1
DR0016,2024-W29,3
DR0016,2024-W30,1
DR0016,2024-W34,1
DR0016,2024-W35,1
DR0016,2024-W36,2
DR0016,2024-W37,2
DR0016,2024-W39,4
DR0016,2024-W42,1
DR0016,2024-W43,1
DR0016,2024-W44,2
DR0016,2024-W45,2
DR0016,2024-W46,1
DR0016,2024-W47,2
DR0016,2024-W49,2
DR0016,2024-W51,3
DR0016,2024-W52,2
DR0016,2024-W53,1
DR0016,2025-W01,1
DR0016,2025-W02,2
DR0016,2025-W04,2
DR0016,2025-W05,1
DR0016,2025-W06,2
DR0016,2025-W07,1
DR0016,2025-W08,2
DR0016,2025-W09,1
DR0016,2025-W10,3
DR0016,2025-W11,2
DR0016,2025-W13,3
DR0016,2025-W15,1
DR0016,2025-W17,1
DR0016,2025-W18,1
DR0016,2025-W20,1
DR0016,2025-W21,1
DR0016,2025-W22,1
DR0016,2025-W24,2
DR0016,2025-W26,3
DR0016,2025-W27,1
DR0016,2025-W28,2
DR0016,2025-W29,2
DR0016,2025-W30,2
DR0016,2025-W31,1
DR0016,2025-W32,1
DR0016,2025-W33,1
DR0016,2025-W34,2
DR0016,2025-W35,1
DR0016,2025-W36,2
DR0016,2025-W37,1
DR0016,2025-W38,1
DR0016,2025-W39,2
DR0016,2025-W42,2
DR0016,2025-W43,3
DR0016,2025-W44,1
DR0016,2025-W45,2
DR0016,2025-W46,1
DR0016,2025-W47,1
DR0016,2025-W49,2
DR0016,2026-W02,3
DR0016,2026-W03,1
DR0016,2026-W04,1
DR0016,2026-W05,2
DR0016,2026-W06,3
DR0016,2026-W07,2
DR0016,2026-W09,3
DR0016,2026-W10,1
DR0016,2026-W11,1
DR0016,2026-W12,3
DR0016,2026-W14,2
DR0016,2026-W15,2
DR0016,2026-W16,6
DR0016,2026-W17,3
DR0016,2026-W18,3
DR0016,2026-W21,1
DR0016,2026-W22,2
DR0016,2026-W24,2
DR0016,2026-W26,2
DR0016,2026-W28,3
DR0016,2026-W29,2
DR0016,2026-W30,1
DR0016,2026-W31,1
DR0016,2026-W32,1
DR0016,2026-W36,4
DR0016,2026-W38,1
DR0016,2026-W39,1
DR0017,2024-W03,1
DR0017,2024-W05,2
DR0017,2024-W07,2
DR0017,2024-W08,1
DR0017,2024-W10,1
DR0017,2024-W11,1
DR0017,2024-W16,1
DR0017,2024-W17,1
DR0017,2024-W20,1
DR0017,2024-W23,1
DR0017,2024-W24,1
DR0017,2024-W26,2
DR0017,2024-W28,1
DR0017,2024-W29,1
DR0017,2024-W33,2
DR0017,2024-W39,1
DR0017,2024-W41,1
DR0017,2024-W46,1
DR0017,2024-W48,3
DR0017,2024-W49,1
DR0017,2024-W51,1
DR0017,2024-W52,1
DR0017,2024-W53,1
DR0017,2025-W02,4
DR0017,2025-W08,1
DR0017,2025-W09,1
DR0017,2025-W10,1
DR0017,2025-W15,1
DR0017,2025-W17,1
DR0017,2025-W18,2
DR0017,2025-W19,1
DR0017,2025-W21,1
DR0017,2025-W24,1
DR0017,2025-W27,1
DR0017,2025-W29,2
DR0017,2025-W30,2
DR0017,2025-W33,1
DR0017,2025-W34,2
DR0017,2025-W35,3
DR0017,2025-W36,1
DR0017,2025-W38,1
DR0017,2025-W41,1
DR0017,2025-W43,1
DR0017,2025-W46,1
DR0017,2025-W47,1
DR0017,2025-W48,1
DR0017,2025-W49,1
DR0017,2025-W50,3
DR0017,2025-W51,1
DR0017,2025-W52,1
DR0017,2026-W01,1
DR0017,2026-W03,1
DR0017,2026-W04,1
DR0017,2026-W07,2
DR0017,2026-W09,1
DR0017,2026-W11,1
DR0017,2026-W13,1
DR0017,2026-W14,1
DR0017,2026-W15,1
DR0017,2026-W17,1
DR0017,2026-W20,1
DR0017,2026-W21,1
DR0017,2026-W22,1
DR0017,2026-W24,1
DR0017,2026-W28,2
DR0017,2026-W29,1
DR0017,2026-W30,1
DR0017,2026-W33,1
DR0017,2026-W37,2
DR0017,2026-W38,2
DR0017,2026-W39,1
DR0018,2024-W01,1
DR0018,2024-W02,1
DR0018,2024-W03,1
DR0018,2024-W04,1
DR0018,2024-W05,1
DR0018,2024-W06,1
DR0018,2024-W07,2
DR0018,2024-W08,2
DR0018,2024-W11,3
DR0018,2024-W12,2
DR0018,2024-W13,2
DR0018,2024-W15,1
DR0018,2024-W16,2
DR0018,2024-W17,2
DR0018,2024-W18,1
DR0018,2024-W19,3
DR0018,2024-W20,3
DR0018,2024-W25,2
DR0018,2024-W27,1
DR0018,2024-W28,1
DR0018,2024-W29,3
DR0018,2024-W30,1
DR0018,2024-W34,1
DR0018,2024-W36,1
DR0018,2024-W37,1
DR0018,2024-W39,1
DR0018,2024-W40,2
DR0018,2024-W41,2
DR0018,2024-W43,1
DR0018,2024-W45,1
DR0018,2024-W46,1
DR0018,2024-W47,1
DR0018,2024-W48,3
DR0018,2024-W49,1
DR0018,2024-W51,1
DR0018,2024-W52,2
DR0018,2025-W00,3
DR0018,2025-W03,4
DR0018,2025-W07,1
DR0018,2025-W08,1
DR0018,2025-W12,1
DR0018,2025-W13,1
DR0018,2025-W17,2
DR0018,2025-W18,1
DR0018,2025-W19,1
DR0018,2025-W20,1
DR0018,2025-W21,1
DR0018,2025-W22,3
DR0018,2025-W24,2
DR0018,2025-W26,1
DR0018,2025-W29,1
DR0018,2025-W30,1
DR0018,2025-W31,2
DR0018,2025-W33,2
DR0018,2025-W34,1
DR0018,2025-W35,4
DR0018,2025-W36,2
DR0018,2025-W37,1
DR0018,2025-W38,1
DR0018,2025-W39,2
DR0018,2025-W40,1
DR0018,2025-W41,1
DR0018,2025-W43,1
DR0018,2025-W45,3
DR0018,2025-W49,1
DR0018,2025-W51,2
DR0018,2025-W52,2
DR0018,2026-W01,1
DR0018,2026-W02,2
DR0018,2026-W03,1
DR0018,2026-W04,1
DR0018,2026-W05,1
DR0018,2026-W07,1
DR0018,2026-W08,1
DR0018,2026-W10,1
DR0018,2026-W11,1
DR0018,2026-W13,2
DR0018,2026-W14,1
DR0018,2026-W17,1
DR0018,2026-W18,2
DR0018,2026-W28,1
DR0018,2026-W30,2
DR0018,2026-W31,3
DR0018,2026-W33,1
DR0018,2026-W34,1
DR0018,2026-W36,3
DR0018,2026-W37,1
DR0018,2026-W38,1
DR0019,2024-W01,2
DR0019,2024-W02,3
DR0019,2024-W03,1
DR0019,2024-W04,1
DR0019,2024-W06,1
DR0019,2024-W07,3
DR0019,2024-W08,1
DR0019,2024-W09,1
DR0019,2024-W11,2
DR0019,2024-W12,1
DR0019,2024-W13,2
DR0019,2024-W17,1
DR0019,2024-W18,1
DR0019,2024-W19,1
DR0019,2024-W22,4
DR0019,2024-W23,1
DR0019,2024-W25,1
DR0019,2024-W26,1
DR0019,2024-W27,1
DR0019,2024-W28,1
DR0019,2024-W30,2
DR0019,2024-W31,2
DR0019,2024-W32,1
DR0019,2024-W33,2
DR0019,2024-W34,1
DR0019,2024-W35,2
DR0019,2024-W36,2
DR0019,2024-W37,3
DR0019,2024-W38,2
DR0019,2024-W39,1
DR0019,2024-W40,2
DR0019,2024-W41,3
DR0019,2024-W42,1
DR0019,2024-W45,1
DR0019,2024-W46,3
DR0019,2024-W47,1
DR0019,2024-W48,3
DR0019,2024-W49,1
DR0019,2024-W50,2
DR0019,2024-W51,3
DR0019,2024-W52,1
DR0019,2025-W00,2
DR0019,2025-W03,3
DR0019,2025-W04,1
DR0019,2025-W05,3
DR0019,2025-W07,2
DR0019,2025-W08,3
DR0019,2025-W10,1
DR0019,2025-W13,2
DR0019,2025-W14,1
DR0019,2025-W15,1
DR0019,2025-W16,1
DR0019,2025-W17,3
DR0019,2025-W18,2
DR0019,2025-W20,2
DR0019,2025-W21,2
DR0019,2025-W22,1
DR0019,2025-W23,2
DR0019,2025-W24,1
DR0019,2025-W25,1
DR0019,2025-W26,1
DR0019,2025-W27,1
DR0019,2025-W28,1
DR0019,2025-W29,2
DR0019,2025-W30,2
DR0019,2025-W31,1
DR0019,2025-W32,1
DR0019,2025-W34,2
DR0019,2025-W35,2
DR0019,2025-W36,1
DR0019,2025-W38,3
DR0019,2025-W39,1
DR0019,2025-W40,1
DR0019,2025-W41,2
DR0019,2025-W43,1
DR0019,2025-W44,2
DR0019,2025-W45,1
DR0019,2025-W46,2
DR0019,2025-W47,2
DR0019,2025-W48,1
DR0019,2025-W49,1
DR0019,2025-W50,4
DR0019,2025-W51,1
DR0019,2025-W52,2
DR0019,2026-W01,1
DR0019,2026-W03,1
DR0019,2026-W05,1
DR0019,2026-W06,2
DR0019,2026-W07,1
DR0019,2026-W09,2
DR0019,2026-W10,1
DR0019,2026-W11,3
DR0019,2026-W12,3
DR0019,2026-W13,3
DR0019,2026-W14,2
DR0019,2026-W16,1
DR0019,2026-W17,2
DR0019,2026-W19,2
DR0019,2026-W20,1
DR0019,2026-W21,2
DR0019,2026-W22,1
DR0019,2026-W23,1
DR0019,2026-W24,1
DR0019,2026-W28,1
DR0019,2026-W29,1
DR0019,2026-W30,2
DR0019,2026-W31,1
DR0019,2026-W32,2
DR0019,2026-W33,1
DR0019,2026-W36,1
DR0019,2026-W37,2
DR0020,2024-W01,1
DR0020,2024-W03,1
DR0020,2024-W04,1
DR0020,2024-W06,1
DR0020,2024-W09,1
DR0020,2024-W10,3
DR0020,2024-W12,1
DR0020,2024-W13,3
DR0020,2024-W14,2
DR0020,2024-W17,1
DR0020,2024-W19,1
DR0020,2024-W24,2
DR0020,2024-W25,1
DR0020,2024-W26,1
DR0020,2024-W27,1
DR0020,2024-W28,1
DR0020,2024-W29,1
DR0020,2024-W31,1
DR0020,2024-W32,1
DR0020,2024-W36,1
DR0020,2024-W44,1
DR0020,2024-W45,2
DR0020,2024-W51,2
DR0020,2025-W05,1
DR0020,2025-W07,1
DR0020,2025-W08,1
DR0020,2025-W12,1
DR0020,2025-W13,1
DR0020,2025-W17,1
DR0020,2025-W20,1
DR0020,2025-W21,1
DR0020,2025-W24,1
DR0020,2025-W26,1
DR0020,2025-W28,2
DR0020,2025-W31,1
DR0020,2025-W33,2
DR0020,2025-W35,1
DR0020,2025-W38,1
DR0020,2025-W40,1
DR0020,2025-W41,1
DR0020,2025-W42,3
DR0020,2025-W43,2
DR0020,2025-W44,1
DR0020,2025-W46,1
DR0020,2025-W47,1
DR0020,2025-W49,2
DR0020,2025-W51,1
DR0020,2026-W02,1
DR0020,2026-W04,2
DR0020,2026-W09,1
DR0020,2026-W10,1
DR0020,2026-W13,1
DR0020,2026-W14,1
DR0020,2026-W16,1
DR0020,2026-W17,1
DR0020,2026-W21,1
DR0020,2026-W22,1
DR0020,2026-W25,1
DR0020,2026-W26,1
DR0020,2026-W29,1
DR0020,2026-W30,1
DR0020,2026-W32,1
DR0020,2026-W33,4
DR0020,2026-W35,1
DR0020,2026-W36,2
DR0020,2026-W38,2
DR0020,2026-W39,1
DR0021,2024-W01,4
DR0021,2024-W02,4
DR0021,2024-W03,3
DR0021,2024-W04,2
DR0021,2024-W05,2
DR0021,2024-W06,3
DR0021,2024-W07,3
DR0021,2024-W08,2
DR0021,2024-W09,5
DR0021,2024-W10,1
DR0021,2024-W11,1
DR0021,2024-W12,2
DR0021,2024-W13,1
DR0021,2024-W14,1
DR0021,2024-W15,3
DR0021,2024-W17,2
DR0021,2024-W18,1
DR0021,2024-W19,4
DR0021,2024-W20,2
DR0021,2024-W21,3
DR0021,2024-W23,2
DR0021,2024-W24,2
DR0021,2024-W25,2
DR0021,2024-W26,1
DR0021,2024-W27,2
DR0021,2024-W28,3
DR0021,2024-W29,4
DR0021,2024-W31,2
DR0021,2024-W32,3
DR0021,2024-W33,2
DR0021,2024-W34,2
DR0021,2024-W35,2
DR0021,2024-W37,1
DR0021,2024-W38,2
DR0021,2024-W40,1
DR0021,2024-W41,3
DR0021,2024-W42,3
DR0021,2024-W44,2
DR0021,2024-W45,4
DR0021,2024-W46,1
DR0021,2024-W47,1
DR0021,2024-W48,1
DR0021,2024-W49,4
DR0021,2024-W50,2
DR0021,2024-W51,2
DR0021,2025-W01,1
DR0021,2025-W02,2
DR0021,2025-W03,1
DR0021,2025-W04,4
DR0021,2025-W05,1
DR0021,2025-W06,3
DR0021,2025-W07,2
DR0021,2025-W08,6
DR0021,2025-W09,2
DR0021,2025-W10,1
DR0021,2025-W11,4
DR0021,2025-W12,3
DR0021,2025-W14,1
DR0021,2025-W15,2
DR0021,2025-W16,3
DR0021,2025-W17,2
DR0021,2025-W18,3
DR0021,2025-W21,1
DR0021,2025-W22,1
DR0021,2025-W23,4
DR0021,2025-W24,2
DR0021,2025-W25,3
DR0021,2025-W26,1
DR0021,2025-W27,2
DR0021,2025-W28,1
DR0021,2025-W29,1
DR0021,2025-W30,2
DR0021,2025-W31,2
DR0021,2025-W34,1
DR0021,2025-W35,1
DR0021,2025-W37,3
DR0021,2025-W38,1
DR0021,2025-W39,5
DR0021,2025-W40,4
DR0021,2025-W41,1
DR0021,2025-W42,2
DR0021,2025-W43,2
DR0021,2025-W44,1
DR0021,2025-W45,4
DR0021,2025-W46,4
DR0021,2025-W47,1
DR0021,2025-W48,1
DR0021,2025-W49,6
DR0021,2025-W50,1
DR0021,2025-W51,1
DR0021,2025-W52,1
DR0021,2026-W00,1
DR0021,2026-W01,1
DR0021,2026-W02,2
DR0021,2026-W04,2
DR0021,2026-W06,1
DR0021,2026-W07,3
DR0021,2026-W08,1
DR0021,2026-W10,2
DR0021,2026-W12,1
DR0021,2026-W13,1
DR0021,2026-W14,1
DR0021,2026-W15,3
DR0021,2026-W16,4
DR0021,2026-W17,2
DR0021,2026-W20,2
DR0021,2026-W21,2
DR0021,2026-W22,5
DR0021,2026-W25,1
DR0021,2026-W26,2
DR0021,2026-W27,4
DR0021,2026-W28,2
DR0021,2026-W29,3
DR0021,2026-W31,1
DR0021,2026-W32,1
DR0021,2026-W33,2
DR0021,2026-W35,1
DR0021,2026-W36,1
DR0021,2026-W37,3
DR0021,2026-W38,1
DR0021,2026-W39,1
DR0022,2024-W01,2
DR0022,2024-W04,1
DR0022,2024-W05,2
DR0022,2024-W06,1
DR0022,2024-W08,1
DR0022,2024-W09,1
DR0022,2024-W11,1
DR0022,2024-W13,1
DR0022,2024-W15,1
DR0022,2024-W17,1
DR0022,2024-W18,1
DR0022,2024-W19,1
DR0022,2024-W23,1
DR0022,2024-W25,1
DR0022,2024-W26,1
DR0022,2024-W28,2
DR0022,2024-W31,1
DR0022,2024-W34,2
DR0022,2024-W35,1
DR0022,2024-W36,1
DR0022,2024-W39,1
DR0022,2024-W40,2
DR0022,2024-W43,3
DR0022,2024-W44,1
DR0022,2024-W45,4
DR0022,2024-W46,1
DR0022,2024-W47,1
DR0022,2024-W48,1
DR0022,2024-W49,1
DR0022,2024-W50,1
DR0022,2024-W51,2
DR0022,2025-W00,1
DR0022,2025-W01,2
DR0022,2025-W02,3
DR0022,2025-W03,1
DR0022,2025-W04,4
DR0022,2025-W05,1
DR0022,2025-W08,2
DR0022,2025-W11,2
DR0022,2025-W14,4
DR0022,2025-W17,3
DR0022,2025-W19,2
DR0022,2025-W20,2
DR0022,2025-W21,1
DR0022,2025-W22,2
DR0022,2025-W26,1
DR0022,2025-W27,1
DR0022,2025-W28,2
DR0022,2025-W29,1
DR0022,2025-W30,1
DR0022,2025-W32,1
DR0022,2025-W34,1
DR0022,2025-W35,2
DR0022,2025-W37,2
DR0022,2025-W38,3
DR0022,2025-W39,1
DR0022,2025-W43,1
DR0022,2025-W45,1
DR0022,2025-W51,1
DR0022,2026-W00,1
DR0022,2026-W01,1
DR0022,2026-W02,2
DR0022,2026-W03,1
DR0022,2026-W04,1
DR0022,2026-W05,1
DR0022,2026-W08,1
DR0022,2026-W09,2
DR0022,2026-W12,1
DR0022,2026-W13,1
DR0022,2026-W14,2
DR0022,2026-W16,1
DR0022,2026-W17,1
DR0022,2026-W18,1
DR0022,2026-W20,2
DR0022,2026-W22,1
DR0022,2026-W23,1
DR0022,2026-W24,3
DR0022,2026-W25,1
DR0022,2026-W28,2
DR0022,2026-W30,1
DR0022,2026-W32,1
DR0022,2026-W34,1
DR0022,2026-W35,2
DR0022,2026-W38,1
DR0022,2026-W39,1
DR0023,2024-W02,3
DR0023,2024-W03,1
DR0023,2024-W05,2
DR0023,2024-W08,2
DR0023,2024-W10,2
DR0023,2024-W13,3
DR0023,2024-W14,1
DR0023,2024-W16,3
DR0023,2024-W17,2
DR0023,2024-W18,2
DR0023,2024-W23,1
DR0023,2024-W24,1
DR0023,2024-W26,1
DR0023,2024-W27,1
DR0023,2024-W30,1
DR0023,2024-W32,1
DR0023,2024-W33,1
DR0023,2024-W34,1
DR0023,2024-W37,2
DR0023,2024-W39,1
DR0023,2024-W42,1
DR0023,2024-W43,1
DR0023,2024-W45,2
DR0023,2024-W46,1
DR0023,2024-W48,1
DR0023,2024-W49,1
DR0023,2024-W52,1
DR0023,2024-W53,1
DR0023,2025-W00,1
DR0023,2025-W02,1
DR0023,2025-W03,1
DR0023,2025-W05,2
DR0023,2025-W06,1
DR0023,2025-W07,1
DR0023,2025-W08,1
DR0023,2025-W09,1
DR0023,2025-W10,1
DR0023,2025-W11,3
DR0023,2025-W14,1
DR0023,2025-W15,2
DR0023,2025-W17,2
DR0023,2025-W18,2
DR0023,2025-W19,1
DR0023,2025-W21,2
DR0023,2025-W22,1
DR0023,2025-W23,1
DR0023,2025-W25,1
DR0023,2025-W26,3
DR0023,2025-W29,1
DR0023,2025-W30,1
DR0023,2025-W32,1
DR0023,2025-W35,1
DR0023,2025-W36,2
DR0023,2025-W38,2
DR0023,2025-W39,1
DR0023,2025-W40,1
DR0023,2025-W41,1
DR0023,2025-W42,2
DR0023,2025-W44,2
DR0023,2025-W45,2
DR0023,2025-W46,1
DR0023,2025-W47,2
DR0023,2025-W48,1
DR0023,2025-W51,2
DR0023,2025-W52,1
DR0023,2026-W00,1
DR0023,2026-W02,1
DR0023,2026-W03,1
DR0023,2026-W05,1
DR0023,2026-W07,2
DR0023,2026-W08,2
DR0023,2026-W15,2
DR0023,2026-W16,2
DR0023,2026-W19,1
DR0023,2026-W21,1
DR0023,2026-W22,2
DR0023,2026-W24,1
DR0023,2026-W25,2
DR0023,2026-W26,1
DR0023,2026-W29,1
DR0023,2026-W30,3
DR0023,2026-W33,3
DR0023,2026-W36,1
DR0023,2026-W38,1
DR0023,2026-W39,1
DR0024,2024-W01,1
DR0024,2024-W03,1
DR0024,2024-W04,2
DR0024,2024-W05,1
DR0024,2024-W06,1
DR0024,2024-W20,1
DR0024,2024-W24,1
DR0024,2024-W26,2
DR0024,2024-W34,1
DR0024,2024-W36,1
DR0024,2024-W39,1
DR0024,2024-W44,1
DR0024,2024-W47,1
DR0024,2024-W49,1
DR0024,2025-W01,1
DR0024,2025-W05,1
DR0024,2025-W20,1
DR0024,2025-W22,1
DR0024,2025-W24,1
DR0024,2025-W28,1
DR0024,2025-W41,2
DR0024,2025-W42,1
DR0024,2025-W45,1
DR0024,2025-W46,2
DR0024,2025-W48,1
DR0024,2026-W01,1
DR0024,2026-W03,1
DR0024,2026-W05,1
DR0024,2026-W12,1
DR0024,2026-W17,1
DR0024,2026-W18,1
DR0024,2026-W20,1
DR0024,2026-W23,1
DR0024,2026-W26,1
DR0024,2026-W32,1
DR0024,2026-W37,2
DR0024,2026-W38,1
DR0025,2024-W01,1
DR0025,2024-W02,1
DR0025,2024-W03,5
DR0025,2024-W04,1
DR0025,2024-W06,4
DR0025,2024-W08,2
DR0025,2024-W10,1
DR0025,2024-W11,1
DR0025,2024-W14,1
DR0025,2024-W15,3
DR0025,2024-W17,4
DR0025,2024-W18,1
DR0025,2024-W22,1
DR0025,2024-W23,2
DR0025,2024-W25,2
DR0025,2024-W29,3
DR0025,2024-W30,2
DR0025,2024-W31,4
DR0025,2024-W32,1
DR0025,2024-W33,1
DR0025,2024-W35,3
DR0025,2024-W36,2
DR0025,2024-W37,1
DR0025,2024-W38,4
DR0025,2024-W39,2
DR0025,2024-W40,3
DR0025,2024-W41,3
DR0025,2024-W43,1
DR0025,2024-W44,1
DR0025,2024-W45,2
DR0025,2024-W46,1
DR0025,2024-W47,1
DR0025,2024-W48,2
DR0025,2024-W49,3
DR0025,2024-W50,1
DR0025,2024-W51,2
DR0025,2024-W52,3
DR0025,2025-W00,2
DR0025,2025-W01,2
DR0025,2025-W02,1
DR0025,2025-W04,2
DR0025,2025-W05,1
DR0025,2025-W07,1
DR0025,2025-W08,2
DR0025,2025-W09,3
DR0025,2025-W11,1
DR0025,2025-W12,3
DR0025,2025-W13,1
DR0025,2025-W14,2
DR0025,2025-W15,1
DR0025,2025-W16,2
DR0025,2025-W17,1
DR0025,2025-W18,2
DR0025,2025-W19,4
DR0025,2025-W20,1
DR0025,2025-W23,1
DR0025,2025-W24,2
DR0025,2025-W25,2
DR0025,2025-W26,1
DR0025,2025-W27,2
DR0025,2025-W28,2
DR0025,2025-W29,3
DR0025,2025-W31,2
DR0025,2025-W33,1
DR0025,2025-W35,2
DR0025,2025-W36,2
DR0025,2025-W37,5
DR0025,2025-W38,1
DR0025,2025-W41,1
DR0025,2025-W42,2
DR0025,2025-W43,2
DR0025,2025-W44,1
DR0025,2025-W45,2
DR0025,2025-W46,1
DR0025,2025-W47,1
DR0025,2025-W48,1
DR0025,2025-W50,2
DR0025,2026-W00,2
DR0025,2026-W01,1
DR0025,2026-W05,3
DR0025,2026-W06,3
DR0025,2026-W07,2
DR0025,2026-W08,1
DR0025,2026-W09,4
DR0025,2026-W10,1
DR0025,2026-W12,1
DR0025,2026-W13,3
DR0025,2026-W14,1
DR0025,2026-W15,3
DR0025,2026-W16,1
DR0025,2026-W17,2
DR0025,2026-W19,1
DR0025,2026-W20,3
DR0025,2026-W21,1
DR0025,2026-W22,1
DR0025,2026-W23,1
DR0025,2026-W24,2
DR0025,2026-W25,2
DR0025,2026-W26,2
DR0025,2026-W27,5
DR0025,2026-W28,1
DR0025,2026-W30,3
DR0025,2026-W31,1
DR0025,2026-W32,1
DR0025,2026-W33,4
DR0025,2026-W35,2
DR0025,2026-W37,1
DR0026,2024-W01,1
DR0026,2024-W02,1
DR0026,2024-W03,1
DR0026,2024-W04,1
DR0026,2024-W05,1
DR0026,2024-W06,1
DR0026,2024-W08,3
DR0026,2024-W09,1
DR0026,2024-W10,1
DR0026,2024-W11,2
DR0026,2024-W12,1
DR0026,2024-W13,2
DR0026,2024-W15,2
DR0026,2024-W16,1
DR0026,2024-W17,1
DR0026,2024-W18,3
DR0026,2024-W19,2
DR0026,2024-W20,2
DR0026,2024-W21,2
DR0026,2024-W23,2
DR0026,2024-W24,6
DR0026,2024-W25,3
DR0026,2024-W26,2
DR0026,2024-W30,1
DR0026,2024-W31,1
DR0026,2024-W33,1
DR0026,2024-W36,2
DR0026,2024-W38,5
DR0026,2024-W40,2
DR0026,2024-W41,3
DR0026,2024-W43,3
DR0026,2024-W44,1
DR0026,2024-W45,1
DR0026,2024-W46,2
DR0026,2024-W47,3
DR0026,2024-W48,2
DR0026,2024-W49,1
DR0026,2024-W50,1
DR0026,2024-W51,1
DR0026,2024-W52,2
DR0026,2024-W53,1
DR0026,2025-W00,1
DR0026,2025-W01,1
DR0026,2025-W02,3
DR0026,2025-W04,3
DR0026,2025-W06,2
DR0026,2025-W07,2
DR0026,2025-W08,1
DR0026,2025-W09,2
DR0026,2025-W11,2
DR0026,2025-W13,1
DR0026,2025-W14,1
DR0026,2025-W16,1
DR0026,2025-W17,3
DR0026,2025-W18,2
DR0026,2025-W20,1
DR0026,2025-W21,2
DR0026,2025-W22,1
DR0026,2025-W23,3
DR0026,2025-W27,1
DR0026,2025-W28,2
DR0026,2025-W30,2
DR0026,2025-W32,1
DR0026,2025-W33,1
DR0026,2025-W34,3
DR0026,2025-W36,2
DR0026,2025-W37,2
DR0026,2025-W38,1
DR0026,2025-W39,1
DR0026,2025-W40,1
DR0026,2025-W41,1
DR0026,2025-W42,1
DR0026,2025-W44,1
DR0026,2025-W45,1
DR0026,2025-W46,2
DR0026,2025-W47,2
DR0026,2025-W48,2
DR0026,2025-W50,3
DR0026,2025-W51,1
DR0026,2026-W01,5
DR0026,2026-W02,2
DR0026,2026-W03,2
DR0026,2026-W04,2
DR0026,2026-W05,2
DR0026,2026-W06,1
DR0026,2026-W07,2
DR0026,2026-W08,2
DR0026,2026-W11,2
DR0026,2026-W12,1
DR0026,2026-W14,1
DR0026,2026-W15,3
DR0026,2026-W16,2
DR0026,2026-W17,1
DR0026,2026-W18,2
DR0026,2026-W19,1
DR0026,2026-W20,1
DR0026,2026-W21,1
DR0026,2026-W22,2
DR0026,2026-W23,1
DR0026,2026-W26,3
DR0026,2026-W27,2
DR0026,2026-W28,1
DR0026,2026-W29,2
DR0026,2026-W30,2
DR0026,2026-W31,2
DR0026,2026-W32,2
DR0026,2026-W34,1
DR0026,2026-W35,2
DR0026,2026-W37,1
DR0026,2026-W39,1
DR0027,2024-W01,2
DR0027,2024-W02,1
DR0027,2024-W03,1
DR0027,2024-W04,5
DR0027,2024-W05,2
DR0027,2024-W06,3
DR0027,2024-W08,2
DR0027,2024-W09,4
DR0027,2024-W10,1
DR0027,2024-W12,2
DR0027,2024-W13,3
DR0027,2024-W14,2
DR0027,2024-W16,1
DR0027,2024-W17,1
DR0027,2024-W19,2
DR0027,2024-W20,7
DR0027,2024-W22,2
DR0027,2024-W23,2
DR0027,2024-W24,3
DR0027,2024-W25,2
DR0027,2024-W26,1
DR0027,2024-W27,1
DR0027,2024-W28,4
DR0027,2024-W29,3
DR0027,2024-W30,2
DR0027,2024-W31,2
DR0027,2024-W32,1
DR0027,2024-W33,4
DR0027,2024-W34,2
DR0027,2024-W35,1
DR0027,2024-W36,1
DR0027,2024-W37,2
DR0027,2024-W38,1
DR0027,2024-W39,4
DR0027,2024-W40,1
DR0027,2024-W42,2
DR0027,2024-W44,1
DR0027,2024-W45,7
DR0027,2024-W46,3
DR0027,2024-W47,3
DR0027,2024-W48,3
DR0027,2024-W49,3
DR0027,2024-W50,6
DR0027,2024-W51,1
DR0027,2024-W52,1
DR0027,2024-W53,1
DR0027,2025-W01,4
DR0027,2025-W03,5
DR0027,2025-W04,5
DR0027,2025-W05,1
DR0027,2025-W06,3
DR0027,2025-W07,3
DR0027,2025-W08,1
DR0027,2025-W09,1
DR0027,2025-W10,1
DR0027,2025-W11,2
DR0027,2025-W12,2
DR0027,2025-W13,2
DR0027,2025-W14,2
DR0027,2025-W15,4
DR0027,2025-W16,1
DR0027,2025-W17,2
DR0027,2025-W19,1
DR0027,2025-W20,2
DR0027,2025-W21,2
DR0027,2025-W22,1
DR0027,2025-W23,3
DR0027,2025-W24,2
DR0027,2025-W25,2
DR0027,2025-W26,2
DR0027,2025-W27,3
DR0027,2025-W29,1
DR0027,2025-W30,1
DR0027,2025-W31,4
DR0027,2025-W34,2
DR0027,2025-W35,1
DR0027,2025-W36,3
DR0027,2025-W38,1
DR0027,2025-W39,3
DR0027,2025-W40,5
DR0027,2025-W41,2
DR0027,2025-W43,2
DR0027,2025-W44,2
DR0027,2025-W45,1
DR0027,2025-W46,3
DR0027,2025-W49,4
DR0027,2025-W50,5
DR0027,2025-W51,3
DR0027,2025-W52,4
DR0027,2026-W00,3
DR0027,2026-W02,2
DR0027,2026-W03,3
DR0027,2026-W04,2
DR0027,2026-W05,1
DR0027,2026-W06,3
DR0027,2026-W07,1
DR0027,2026-W08,4
DR0027,2026-W09,5
DR0027,2026-W10,2
DR0027,2026-W11,1
DR0027,2026-W12,3
DR0027,2026-W13,1
DR0027,2026-W14,1
DR0027,2026-W15,4
DR0027,2026-W16,2
DR0027,2026-W17,1
DR0027,2026-W18,1
DR0027,2026-W20,2
DR0027,2026-W21,2
DR0027,2026-W22,1
DR0027,2026-W23,1
DR0027,2026-W24,3
DR0027,2026-W26,2
DR0027,2026-W27,2
DR0027,2026-W28,1
DR0027,2026-W29,3
DR0027,2026-W30,1
DR0027,2026-W31,1
DR0027,2026-W32,2
DR0027,2026-W33,2
DR0027,2026-W34,2
DR0027,2026-W35,3
DR0027,2026-W36,3
DR0027,2026-W37,3
DR0027,2026-W38,1
DR0028,2024-W02,2
DR0028,2024-W03,4
DR0028,2024-W04,3
DR0028,2024-W06,1
DR0028,2024-W08,1
DR0028,2024-W09,3
DR0028,2024-W10,1
DR0028,2024-W11,2
DR0028,2024-W15,2
DR0028,2024-W16,1
DR0028,2024-W17,1
DR0028,2024-W18,1
DR0028,2024-W19,1
DR0028,2024-W20,2
DR0028,2024-W21,1
DR0028,2024-W22,1
DR0028,2024-W24,1
DR0028,2024-W26,1
DR0028,2024-W28,3
DR0028,2024-W29,1
DR0028,2024-W30,2
DR0028,2024-W33,1
DR0028,2024-W35,1
DR0028,2024-W37,3
DR0028,2024-W38,1
DR0028,2024-W40,1
DR0028,2024-W41,3
DR0028,2024-W42,3
DR0028,2024-W43,4
DR0028,2024-W44,1
DR0028,2024-W46,1
DR0028,2024-W47,1
DR0028,2024-W48,3
DR0028,2024-W50,1
DR0028,2024-W51,2
DR0028,2024-W52,2
DR0028,2024-W53,1
DR0028,2025-W01,2
DR0028,2025-W04,2
DR0028,2025-W05,2
DR0028,2025-W06,2
DR0028,2025-W08,3
DR0028,2025-W09,1
DR0028,2025-W10,2
DR0028,2025-W11,3
DR0028,2025-W12,2
DR0028,2025-W13,2
DR0028,2025-W15,3
DR0028,2025-W16,2
DR0028,2025-W19,3
DR0028,2025-W20,2
DR0028,2025-W21,2
DR0028,2025-W22,3
DR0028,2025-W24,3
DR0028,2025-W25,3
DR0028,2025-W26,2
DR0028,2025-W28,1
DR0028,2025-W29,1
DR0028,2025-W31,2
DR0028,2025-W34,4
DR0028,2025-W35,2
DR0028,2025-W36,2
DR0028,2025-W37,2
DR0028,2025-W38,1
DR0028,2025-W39,1
DR0028,2025-W40,1
DR0028,2025-W42,1
DR0028,2025-W43,1
DR0028,2025-W44,2
DR0028,2025-W45,2
DR0028,2025-W50,3
DR0028,2025-W52,1
DR0028,2026-W01,1
DR0028,2026-W02,2
DR0028,2026-W03,1
DR0028,2026-W04,2
DR0028,2026-W05,2
DR0028,2026-W06,2
DR0028,2026-W07,1
DR0028,2026-W08,2
DR0028,2026-W09,2
DR0028,2026-W10,1
DR0028,2026-W11,3
DR0028,2026-W14,1
DR0028,2026-W17,1
DR0028,2026-W18,1
DR0028,2026-W19,2
DR0028,2026-W20,2
DR0028,2026-W21,3
DR0028,2026-W22,2
DR0028,2026-W24,2
DR0028,2026-W28,1
DR0028,2026-W30,1
DR0028,2026-W32,1
DR0028,2026-W34,2
DR0028,2026-W36,3
DR0028,2027-W51,1
DR0029,2024-W01,1
DR0029,2024-W02,2
DR0029,2024-W03,1
DR0029,2024-W04,1
DR0029,2024-W06,3
DR0029,2024-W07,2
DR0029,2024-W08,1
DR0029,2024-W10,2
DR0029,2024-W11,1
DR0029,2024-W12,1
DR0029,2024-W15,1
DR0029,2024-W17,1
DR0029,2024-W18,2
DR0029,2024-W19,2
DR0029,2024-W20,2
DR0029,2024-W21,1
DR0029,2024-W22,2
DR0029,2024-W23,1
DR0029,2024-W24,1
DR0029,2024-W25,1
DR0029,2024-W26,2
DR0029,2024-W29,1
DR0029,2024-W31,1
DR0029,2024-W35,1
DR0029,2024-W36,1
DR0029,2024-W37,4
DR0029,2024-W38,1
DR0029,2024-W40,1
DR0029,2024-W41,3
DR0029,2024-W42,1
DR0029,2024-W43,3
DR0029,2024-W45,1
DR0029,2024-W46,2
DR0029,2024-W47,2
DR0029,2024-W48,1
DR0029,2024-W49,1
DR0029,2024-W52,1
DR0029,2025-W01,1
DR0029,2025-W02,1
DR0029,2025-W04,2
DR0029,2025-W05,1
DR0029,2025-W06,1
DR0029,2025-W07,3
DR0029,2025-W08,2
DR0029,2025-W11,1
DR0029,2025-W12,1
DR0029,2025-W16,1
DR0029,2025-W17,1
DR0029,2025-W18,2
DR0029,2025-W19,1
DR0029,2025-W21,1
DR0029,2025-W25,1
DR0029,2025-W26,2
DR0029,2025-W28,1
DR0029,2025-W31,2
DR0029,2025-W32,1
DR0029,2025-W33,1
DR0029,2025-W34,1
DR0029,2025-W36,2
DR0029,2025-W37,3
DR0029,2025-W38,2
DR0029,2025-W39,1
DR0029,2025-W41,1
DR0029,2025-W42,3
DR0029,2025-W43,1
DR0029,2025-W48,2
DR0029,2025-W50,1
DR0029,2025-W52,1
DR0029,2026-W00,1
DR0029,2026-W01,2
DR0029,2026-W02,1
DR0029,2026-W03,1
DR0029,2026-W04,1
DR0029,2026-W05,1
DR0029,2026-W06,1
DR0029,2026-W08,3
DR0029,2026-W10,2
DR0029,2026-W15,2
DR0029,2026-W16,5
DR0029,2026-W17,1
DR0029,2026-W18,1
DR0029,2026-W21,1
DR0029,2026-W23,1
DR0029,2026-W27,2
DR0029,2026-W32,2
DR0029,2026-W33,1
DR0029,2026-W36,3
DR0029,2026-W37,2
DR0029,2026-W38,1
DR0030,2024-W02,2
DR0030,2024-W03,4
DR0030,2024-W04,1
DR0030,2024-W07,1
DR0030,2024-W10,1
DR0030,2024-W12,3
DR0030,2024-W13,1
DR0030,2024-W14,1
DR0030,2024-W15,1
DR0030,2024-W16,1
DR0030,2024-W17,2
DR0030,2024-W18,1
DR0030,2024-W21,1
DR0030,2024-W22,1
DR0030,2024-W23,2
DR0030,2024-W24,1
DR0030,2024-W27,1
DR0030,2024-W30,1
DR0030,2024-W34,1
DR0030,2024-W35,1
DR0030,2024-W36,1
DR0030,2024-W38,1
DR0030,2024-W40,2
DR0030,2024-W44,1
DR0030,2024-W46,1
DR0030,2024-W48,1
DR0030,2024-W51,3
DR0030,2024-W52,1
DR0030,2025-W00,1
DR0030,2025-W02,1
DR0030,2025-W04,1
DR0030,2025-W06,2
DR0030,2025-W08,2
DR0030,2025-W11,1
DR0030,2025-W14,1
DR0030,2025-W15,1
DR0030,2025-W16,2
DR0030,2025-W17,2
DR0030,2025-W24,4
DR0030,2025-W25,1
DR0030,2025-W26,1
DR0030,2025-W31,3
DR0030,2025-W32,3
DR0030,2025-W33,1
DR0030,2025-W35,2
DR0030,2025-W37,3
DR0030,2025-W38,2
DR0030,2025-W40,1
DR0030,2025-W42,4
DR0030,2025-W43,1
DR0030,2025-W44,3
DR0030,2025-W45,1
DR0030,2025-W49,2
DR0030,2025-W50,1
DR0030,2026-W01,2
DR0030,2026-W02,1
DR0030,2026-W03,2
DR0030,2026-W06,1
DR0030,2026-W09,2
DR0030,2026-W11,1
DR0030,2026-W12,1
DR0030,2026-W14,1
DR0030,2026-W16,1
DR0030,2026-W17,2
DR0030,2026-W22,1
DR0030,2026-W23,2
DR0030,2026-W27,3
DR0030,2026-W31,4
DR0030,2026-W37,2
DR0030,2026-W38,1
DR0030,2026-W39,1
DR0031,2024-W01,4
DR0031,2024-W02,3
DR0031,2024-W03,5
DR0031,2024-W04,2
DR0031,2024-W05,5
DR0031,2024-W06,3
DR0031,2024-W07,5
DR0031,2024-W08,1
DR0031,2024-W09,2
DR0031,2024-W10,2
DR0031,2024-W11,4
DR0031,2024-W12,4
DR0031,2024-W13,4
DR0031,2024-W14,1
DR0031,2024-W15,2
DR0031,2024-W16,5
DR0031,2024-W17,5
DR0031,2024-W18,2
DR0031,2024-W19,3
DR0031,2024-W20,3
DR0031,2024-W21,2
DR0031,2024-W22,6
DR0031,2024-W23,2
DR0031,2024-W24,3
DR0031,2024-W25,5
DR0031,2024-W26,4
DR0031,2024-W27,1
DR0031,2024-W28,5
DR0031,2024-W29,3
DR0031,2024-W30,4
DR0031,2024-W31,5
DR0031,2024-W32,2
DR0031,2024-W33,3
DR0031,2024-W34,4
DR0031,2024-W35,3
DR0031,2024-W36,2
DR0031,2024-W37,3
DR0031,2024-W38,6
DR0031,2024-W39,7
DR0031,2024-W40,3
DR0031,2024-W41,3
DR0031,2024-W42,3
DR0031,2024-W43,3
DR0031,2024-W44,5
DR0031,2024-W45,1
DR0031,2024-W46,4
DR0031,2024-W48,4
DR0031,2024-W49,4
DR0031,2024-W50,6
DR0031,2024-W51,3
DR0031,2024-W52,3
DR0031,2025-W00,4
DR0031,2025-W01,2
DR0031,2025-W02,10
DR0031,2025-W03,6
DR0031,2025-W04,5
DR0031,2025-W05,5
DR0031,2025-W06,3
DR0031,2025-W07,5
DR0031,2025-W08,3
DR0031,2025-W09,5
DR0031,2025-W10,2
DR0031,2025-W11,4
DR0031,2025-W12,3
DR0031,2025-W13,2
DR0031,2025-W14,2
DR0031,2025-W15,4
DR0031,2025-W16,1
DR0031,2025-W17,5
DR0031,2025-W18,1
DR0031,2025-W19,3
DR0031,2025-W20,3
DR0031,2025-W21,5
DR0031,2025-W22,4
DR0031,2025-W23,3
DR0031,2025-W24,2
DR0031,2025-W25,4
DR0031,2025-W26,4
DR0031,2025-W27,2
DR0031,2025-W28,5
DR0031,2025-W29,5
DR0031,2025-W30,3
DR0031,2025-W31,7
DR0031,2025-W32,2
DR0031,2025-W33,7
DR0031,2025-W34,3
DR0031,2025-W35,3
DR0031,2025-W36,1
DR0031,2025-W37,4
DR0031,2025-W39,7
DR0031,2025-W40,1
DR0031,2025-W41,4
DR0031,2025-W42,6
DR0031,2025-W43,6
DR0031,2025-W44,4
DR0031,2025-W45,3
DR0031,2025-W46,5
DR0031,2025-W47,5
DR0031,2025-W48,1
DR0031,2025-W49,5
DR0031,2025-W50,6
DR0031,2025-W51,2
DR0031,2025-W52,1
DR0031,2026-W00,1
DR0031,2026-W01,3
DR0031,2026-W02,3
DR0031,2026-W03,3
DR0031,2026-W04,4
DR0031,2026-W05,3
DR0031,2026-W06,4
DR0031,2026-W07,6
DR0031,2026-W08,5
DR0031,2026-W09,1
DR0031,2026-W10,2
DR0031,2026-W11,2
DR0031,2026-W12,3
DR0031,2026-W13,1
DR0031,2026-W14,1
DR0031,2026-W15,1
DR0031,2026-W16,2
DR0031,2026-W17,3
DR0031,2026-W18,3
DR0031,2026-W19,2
DR0031,2026-W20,3
DR0031,2026-W22,2
DR0031,2026-W23,1
DR0031,2026-W24,2
DR0031,2026-W25,3
DR0031,2026-W26,5
DR0031,2026-W27,1
DR0031,2026-W28,3
DR0031,2026-W29,5
DR0031,2026-W30,6
DR0031,2026-W31,1
DR0031,2026-W32,3
DR0031,2026-W33,3
DR0031,2026-W34,6
DR0031,2026-W35,2
DR0031,2026-W36,1
DR0031,2026-W37,4
DR0031,2026-W38,6
DR0031,2026-W39,1
DR0032,2024-W01,1
DR0032,2024-W02,2
DR0032,2024-W03,2
DR0032,2024-W04,2
DR0032,2024-W05,1
DR0032,2024-W06,2
DR0032,2024-W07,2
DR0032,2024-W08,2
DR0032,2024-W10,2
DR0032,2024-W11,1
DR0032,2024-W12,3
DR0032,2024-W13,1
DR0032,2024-W15,1
DR0032,2024-W17,1
DR0032,2024-W18,1
DR0032,2024-W19,1
DR0032,2024-W20,2
DR0032,2024-W23,3
DR0032,2024-W24,1
DR0032,2024-W26,1
DR0032,2024-W27,2
DR0032,2024-W28,1
DR0032,2024-W29,1
DR0032,2024-W30,2
DR0032,2024-W31,3
DR0032,2024-W33,1
DR0032,2024-W35,1
DR0032,2024-W37,1
DR0032,2024-W38,1
DR0032,2024-W39,1
DR0032,2024-W40,2
DR0032,2024-W43,2
DR0032,2024-W47,1
DR0032,2024-W51,1
DR0032,2025-W01,1
DR0032,2025-W02,1
DR0032,2025-W04,1
DR0032,2025-W05,1
DR0032,2025-W06,1
DR0032,2025-W07,2
DR0032,2025-W09,1
DR0032,2025-W13,1
DR0032,2025-W16,4
DR0032,2025-W17,1
DR0032,2025-W21,2
DR0032,2025-W24,1
DR0032,2025-W25,2
DR0032,2025-W26,2
DR0032,2025-W27,1
DR0032,2025-W29,1
DR0032,2025-W30,3
DR0032,2025-W32,2
DR0032,2025-W34,1
DR0032,2025-W35,1
DR0032,2025-W36,2
DR0032,2025-W39,1
DR0032,2025-W41,3
DR0032,2025-W44,3
DR0032,2025-W46,3
DR0032,2025-W48,2
DR0032,2025-W50,1
DR0032,2025-W51,1
DR0032,2025-W52,1
DR0032,2026-W02,1
DR0032,2026-W03,1
DR0032,2026-W04,1
DR0032,2026-W09,1
DR0032,2026-W10,2
DR0032,2026-W11,1
DR0032,2026-W13,3
DR0032,2026-W14,1
DR0032,2026-W16,1
DR0032,2026-W18,1
DR0032,2026-W19,1
DR0032,2026-W20,2
DR0032,2026-W21,2
DR0032,2026-W24,1
DR0032,2026-W25,1
DR0032,2026-W26,2
DR0032,2026-W28,2
DR0032,2026-W29,1
DR0032,2026-W30,2
DR0032,2026-W31,1
DR0032,2026-W32,3
DR0032,2026-W33,1
DR0032,2026-W34,2
DR0032,2026-W35,2
DR0032,2026-W36,3
DR0032,2026-W37,5
DR0033,2024-W01,1
DR0033,2024-W03,1
DR0033,2024-W05,2
DR0033,2024-W06,1
DR0033,2024-W08,1
DR0033,2024-W11,1
DR0033,2024-W14,1
DR0033,2024-W18,2
DR0033,2024-W20,1
DR0033,2024-W22,2
DR0033,2024-W23,1
DR0033,2024-W24,1
DR0033,2024-W27,1
DR0033,2024-W32,1
DR0033,2024-W35,1
DR0033,2024-W42,1
DR0033,2024-W44,2
DR0033,2024-W46,2
DR0033,2024-W47,3
DR0033,2024-W48,2
DR0033,2024-W52,1
DR0033,2025-W01,1
DR0033,2025-W02,2
DR0033,2025-W06,1
DR0033,2025-W07,1
DR0033,2025-W13,1
DR0033,2025-W14,1
DR0033,2025-W17,1
DR0033,2025-W18,1
DR0033,2025-W23,1
DR0033,2025-W24,1
DR0033,2025-W25,1
DR0033,2025-W29,1
DR0033,2025-W30,1
DR0033,2025-W31,1
DR0033,2025-W39,1
DR0033,2025-W40,1
DR0033,2025-W41,1
DR0033,2025-W43,1
DR0033,2025-W44,1
DR0033,2025-W45,1
DR0033,2025-W46,2
DR0033,2025-W47,1
DR0033,2025-W49,1
DR0033,2025-W51,1
DR0033,2026-W00,3
DR0033,2026-W01,2
DR0033,2026-W03,1
DR0033,2026-W10,1
DR0033,2026-W11,1
DR0033,2026-W14,1
DR0033,2026-W16,1
DR0033,2026-W19,1
DR0033,2026-W20,2
DR0033,2026-W22,1
DR0033,2026-W25,1
DR0033,2026-W27,1
DR0033,2026-W28,1
DR0033,2026-W30,1
DR0033,2026-W33,1
DR0033,2026-W35,1
DR0033,2026-W37,1
DR0033,2026-W38,2
DR0033,2026-W39,1
DR0034,2024-W01,2
DR0034,2024-W02,1
DR0034,2024-W03,2
DR0034,2024-W04,2
DR0034,2024-W07,3
DR0034,2024-W08,2
DR0034,2024-W09,1
DR0034,2024-W10,3
DR0034,2024-W11,3
DR0034,2024-W13,2
DR0034,2024-W16,3
DR0034,2024-W17,2
DR0034,2024-W18,2
DR0034,2024-W19,2
DR0034,2024-W20,2
DR0034,2024-W21,1
DR0034,2024-W25,2
DR0034,2024-W28,2
DR0034,2024-W29,2
DR0034,2024-W32,1
DR0034,2024-W33,2
DR0034,2024-W34,1
DR0034,2024-W35,1
DR0034,2024-W37,2
DR0034,2024-W38,3
DR0034,2024-W39,1
DR0034,2024-W40,2
DR0034,2024-W41,2
DR0034,2024-W42,4
DR0034,2024-W43,1
DR0034,2024-W44,2
DR0034,2024-W45,1
DR0034,2024-W46,2
DR0034,2024-W47,1
DR0034,2024-W48,1
DR0034,2024-W49,4
DR0034,2024-W50,2
DR0034,2024-W51,1
DR0034,2025-W00,1
DR0034,2025-W01,2
DR0034,2025-W02,2
DR0034,2025-W03,1
DR0034,2025-W04,2
DR0034,2025-W06,1
DR0034,2025-W07,1
DR0034,2025-W12,1
DR0034,2025-W13,3
DR0034,2025-W15,2
DR0034,2025-W16,1
DR0034,2025-W17,1
DR0034,2025-W18,3
DR0034,2025-W19,2
DR0034,2025-W21,1
DR0034,2025-W22,1
DR0034,2025-W23,2
DR0034,2025-W25,2
DR0034,2025-W26,2
DR0034,2025-W27,1
DR0034,2025-W28,1
DR0034,2025-W29,2
DR0034,2025-W30,1
DR0034,2025-W31,3
DR0034,2025-W32,1
DR0034,2025-W36,1
DR0034,2025-W37,3
DR0034,2025-W38,1
DR0034,2025-W39,2
DR0034,2025-W40,1
DR0034,2025-W42,2
DR0034,2025-W43,3
DR0034,2025-W44,1
DR0034,2025-W45,2
DR0034,2025-W46,1
DR0034,2025-W47,3
DR0034,2025-W48,2
DR0034,2025-W49,2
DR0034,2025-W50,2
DR0034,2025-W51,2
DR0034,2026-W01,1
DR0034,2026-W02,2
DR0034,2026-W03,2
DR0034,2026-W04,3
DR0034,2026-W05,2
DR0034,2026-W06,2
DR0034,2026-W07,2
DR0034,2026-W08,3
DR0034,2026-W11,3
DR0034,2026-W12,3
DR0034,2026-W13,1
DR0034,2026-W14,1
DR0034,2026-W15,1
DR0034,2026-W16,2
DR0034,2026-W18,5
DR0034,2026-W19,2
DR0034,2026-W20,1
DR0034,2026-W24,2
DR0034,2026-W25,2
DR0034,2026-W26,3
DR0034,2026-W27,1
DR0034,2026-W30,1
DR0034,2026-W33,2
DR0034,2026-W34,2
DR0034,2026-W35,1
DR0034,2026-W36,2
DR0034,2026-W37,1
DR0034,2026-W38,3
DR0035,2024-W01,12
DR0035,2024-W02,9
DR0035,2024-W03,12
DR0035,2024-W04,11
DR0035,2024-W05,19
DR0035,2024-W06,13
DR0035,2024-W07,11
DR0035,2024-W08,14
DR0035,2024-W09,17
DR0035,2024-W10,7
DR0035,2024-W11,11
DR0035,2024-W12,5
DR0035,2024-W13,14
DR0035,2024-W14,10
DR0035,2024-W15,9
DR0035,2024-W16,11
DR0035,2024-W17,8
DR0035,2024-W18,7
DR0035,2024-W19,6
DR0035,2024-W20,15
DR0035,2024-W21,7
DR0035,2024-W22,9
DR0035,2024-W23,10
DR0035,2024-W24,8
DR0035,2024-W25,8
DR0035,2024-W26,12
DR0035,2024-W27,11
DR0035,2024-W28,10
DR0035,2024-W29,8
DR0035,2024-W30,8
DR0035,2024-W31,12
DR0035,2024-W32,10
DR0035,2024-W33,11
DR0035,2024-W34,16
DR0035,2024-W35,21
DR0035,2024-W36,10
DR0035,2024-W37,8
DR0035,2024-W38,9
DR0035,2024-W39,6
DR0035,2024-W40,10
DR0035,2024-W41,9
DR0035,2024-W42,6
DR0035,2024-W43,8
DR0035,2024-W44,14
DR0035,2024-W45,13
DR0035,2024-W46,10
DR0035,2024-W47,13
DR0035,2024-W48,16
DR0035,2024-W49,16
DR0035,2024-W50,21
DR0035,2024-W51,15
DR0035,2024-W52,6
DR0035,2024-W53,5
DR0035,2025-W00,9
DR0035,2025-W01,14
DR0035,2025-W02,19
DR0035,2025-W03,12
DR0035,2025-W04,22
DR0035,2025-W05,8
DR0035,2025-W06,12
DR0035,2025-W07,8
DR0035,2025-W08,12
DR0035,2025-W09,14
DR0035,2025-W10,9
DR0035,2025-W11,6
DR0035,2025-W12,15
DR0035,2025-W13,10
DR0035,2025-W14,12
DR0035,2025-W15,8
DR0035,2025-W16,16
DR0035,2025-W17,13
DR0035,2025-W18,12
DR0035,2025-W19,5
DR0035,2025-W20,10
DR0035,2025-W21,6
DR0035,2025-W22,3
DR0035,2025-W23,6
DR0035,2025-W24,8
DR0035,2025-W25,10
DR0035,2025-W26,6
DR0035,2025-W27,14
DR0035,2025-W28,8
DR0035,2025-W29,5
DR0035,2025-W30,16
DR0035,2025-W31,11
DR0035,2025-W32,9
DR0035,2025-W33,13
DR0035,2025-W34,10
DR0035,2025-W35,13
DR0035,2025-W36,9
DR0035,2025-W37,16
DR0035,2025-W38,13
DR0035,2025-W39,6
DR0035,2025-W40,11
DR0035,2025-W41,11
DR0035,2025-W42,9
DR0035,2025-W43,8
DR0035,2025-W44,8
DR0035,2025-W45,16
DR0035,2025-W46,12
DR0035,2025-W47,10
DR0035,2025-W48,15
DR0035,2025-W49,6
DR0035,2025-W50,13
DR0035,2025-W51,13
DR0035,2025-W52,6
DR0035,2026-W00,6
DR0035,2026-W01,13
DR0035,2026-W02,7
DR0035,2026-W03,12
DR0035,2026-W04,10
DR0035,2026-W05,20
DR0035,2026-W06,7
DR0035,2026-W07,5
DR0035,2026-W08,13
DR0035,2026-W09,8
DR0035,2026-W10,4
DR0035,2026-W11,14
DR0035,2026-W12,13
DR0035,2026-W13,11
DR0035,2026-W14,10
DR0035,2026-W15,11
DR0035,2026-W16,9
DR0035,2026-W17,9
DR0035,2026-W18,9
DR0035,2026-W19,4
DR0035,2026-W20,18
DR0035,2026-W21,8
DR0035,2026-W22,9
DR0035,2026-W23,7
DR0035,2026-W24,7
DR0035,2026-W25,5
DR0035,2026-W26,12
DR0035,2026-W27,9
DR0035,2026-W28,11
DR0035,2026-W29,13
DR0035,2026-W30,9
DR0035,2026-W31,14
DR0035,2026-W32,10
DR0035,2026-W33,16
DR0035,2026-W34,7
DR0035,2026-W35,16
DR0035,2026-W36,10
DR0035,2026-W37,12
DR0035,2026-W38,13
DR0035,2026-W39,8
DR0036,2024-W01,1
DR0036,2024-W03,1
DR0036,2024-W04,1
DR0036,2024-W08,1
DR0036,2024-W09,2
DR0036,2024-W13,2
DR0036,2024-W14,2
DR0036,2024-W15,1
DR0036,2024-W19,1
DR0036,2024-W21,1
DR0036,2024-W23,2
DR0036,2024-W25,2
DR0036,2024-W27,1
DR0036,2024-W28,1
DR0036,2024-W29,3
DR0036,2024-W31,2
DR0036,2024-W35,3
DR0036,2024-W36,2
DR0036,2024-W37,2
DR0036,2024-W41,1
DR0036,2024-W42,2
DR0036,2024-W43,1
DR0036,2024-W48,1
DR0036,2025-W00,1
DR0036,2025-W01,1
DR0036,2025-W02,2
DR0036,2025-W03,1
DR0036,2025-W04,2
DR0036,2025-W06,2
DR0036,2025-W08,2
DR0036,2025-W09,2
DR0036,2025-W10,2
DR0036,2025-W11,2
DR0036,2025-W15,1
DR0036,2025-W23,1
DR0036,2025-W24,1
DR0036,2025-W25,1
DR0036,2025-W27,1
DR0036,2025-W30,2
DR0036,2025-W32,1
DR0036,2025-W34,1
DR0036,2025-W37,1
DR0036,2025-W38,1
DR0036,2025-W39,1
DR0036,2025-W43,1
DR0036,2025-W48,1
DR0036,2025-W49,1
DR0036,2025-W52,1
DR0036,2026-W03,1
DR0036,2026-W04,2
DR0036,2026-W08,1
DR0036,2026-W13,1
DR0036,2026-W15,3
DR0036,2026-W16,2
DR0036,2026-W17,2
DR0036,2026-W23,2
DR0036,2026-W26,2
DR0036,2026-W28,1
DR0036,2026-W33,1
DR0036,2026-W34,1
DR0036,2026-W37,1
DR0036,2026-W38,1
DR0037,2024-W02,1
DR0037,2024-W05,2
DR0037,2024-W06,3
DR0037,2024-W07,1
DR0037,2024-W08,1
DR0037,2024-W11,2
DR0037,2024-W12,1
DR0037,2024-W13,1
DR0037,2024-W15,3
DR0037,2024-W16,1
DR0037,2024-W17,1
DR0037,2024-W18,1
DR0037,2024-W22,1
DR0037,2024-W23,1
DR0037,2024-W24,4
DR0037,2024-W28,1
DR0037,2024-W29,1
DR0037,2024-W30,1
DR0037,2024-W35,1
DR0037,2024-W36,3
DR0037,2024-W41,1
DR0037,2024-W42,1
DR0037,2024-W43,1
DR0037,2024-W47,1
DR0037,2025-W02,1
DR0037,2025-W18,1
DR0037,2025-W23,1
DR0037,2025-W24,1
DR0037,2025-W25,1
DR0037,2025-W27,1
DR0037,2025-W28,1
DR0037,2025-W29,2
DR0037,2025-W31,1
DR0037,2025-W32,2
DR0037,2025-W36,1
DR0037,2025-W42,1
DR0037,2025-W45,2
DR0037,2025-W46,1
DR0037,2025-W47,1
DR0037,2025-W51,2
DR0037,2026-W00,1
DR0037,2026-W01,1
DR0037,2026-W02,1
DR0037,2026-W06,1
DR0037,2026-W14,1
DR0037,2026-W18,1
DR0037,2026-W23,1
DR0037,2026-W24,2
DR0037,2026-W25,1
DR0037,2026-W29,1
DR0037,2026-W30,1
DR0037,2026-W31,1
DR0037,2026-W34,2
DR0037,2026-W36,1
DR0037,2026-W37,1
DR0037,2026-W38,1
DR0037,2027-W14,1
DR0038,2024-W01,1
DR0038,2024-W02,1
DR0038,2024-W03,2
DR0038,2024-W04,4
DR0038,2024-W05,4
DR0038,2024-W07,1
DR0038,2024-W08,1
DR0038,2024-W10,2
DR0038,2024-W11,2
DR0038,2024-W12,5
DR0038,2024-W13,4
DR0038,2024-W15,4
DR0038,2024-W16,2
DR0038,2024-W17,1
DR0038,2024-W18,4
DR0038,2024-W19,2
DR0038,2024-W20,1
DR0038,2024-W21,1
DR0038,2024-W22,2
DR0038,2024-W23,3
DR0038,2024-W24,1
DR0038,2024-W26,1
DR0038,2024-W28,1
DR0038,2024-W29,1
DR0038,2024-W31,1
DR0038,2024-W32,1
DR0038,2024-W33,2
DR0038,2024-W35,1
DR0038,2024-W38,2
DR0038,2024-W39,2
DR0038,2024-W40,4
DR0038,2024-W41,4
DR0038,2024-W42,3
DR0038,2024-W43,2
DR0038,2024-W44,1
DR0038,2024-W46,2
DR0038,2024-W47,2
DR0038,2024-W48,5
DR0038,2024-W49,4
DR0038,2024-W50,1
DR0038,2024-W52,1
DR0038,2025-W00,1
DR0038,2025-W02,2
DR0038,2025-W03,2
DR0038,2025-W04,2
DR0038,2025-W05,2
DR0038,2025-W07,3
DR0038,2025-W09,4
DR0038,2025-W10,2
DR0038,2025-W11,2
DR0038,2025-W12,1
DR0038,2025-W13,1
DR0038,2025-W14,3
DR0038,2025-W15,1
DR0038,2025-W16,2
DR0038,2025-W17,4
DR0038,2025-W18,1
DR0038,2025-W19,1
DR0038,2025-W21,3
DR0038,2025-W22,1
DR0038,2025-W23,2
DR0038,2025-W24,4
DR0038,2025-W25,2
DR0038,2025-W26,1
DR0038,2025-W30,1
DR0038,2025-W31,2
DR0038,2025-W32,1
DR0038,2025-W35,2
DR0038,2025-W36,2
DR0038,2025-W37,4
DR0038,2025-W38,1
DR0038,2025-W39,1
DR0038,2025-W40,4
DR0038,2025-W41,1
DR0038,2025-W43,1
DR0038,2025-W44,1
DR0038,2025-W45,3
DR0038,2025-W47,3
DR0038,2025-W48,1
DR0038,2025-W49,3
DR0038,2025-W50,1
DR0038,2025-W51,1
DR0038,2026-W00,3
DR0038,2026-W01,1
DR0038,2026-W02,1
DR0038,2026-W03,3
DR0038,2026-W04,2
DR0038,2026-W05,1
DR0038,2026-W06,2
DR0038,2026-W07,3
DR0038,2026-W08,1
DR0038,2026-W10,2
DR0038,2026-W12,2
DR0038,2026-W13,1
DR0038,2026-W14,2
DR0038,2026-W15,3
DR0038,2026-W17,2
DR0038,2026-W18,2
DR0038,2026-W19,2
DR0038,2026-W20,3
DR0038,2026-W21,1
DR0038,2026-W22,3
DR0038,2026-W23,1
DR0038,2026-W24,3
DR0038,2026-W25,1
DR0038,2026-W26,2
DR0038,2026-W27,2
DR0038,2026-W29,2
DR0038,2026-W30,2
DR0038,2026-W31,1
DR0038,2026-W32,2
DR0038,2026-W33,1
DR0038,2026-W34,1
DR0038,2026-W35,2
DR0038,2026-W36,4
DR0038,2026-W37,1
DR0038,2026-W38,4
DR0038,2026-W39,1
DR0039,2024-W03,1
DR0039,2024-W04,1
DR0039,2024-W05,1
DR0039,2024-W07,2
DR0039,2024-W08,2
DR0039,2024-W11,1
DR0039,2024-W17,1
DR0039,2024-W19,1
DR0039,2024-W23,3
DR0039,2024-W29,3
DR0039,2024-W30,2
DR0039,2024-W31,1
DR0039,2024-W39,1
DR0039,2024-W40,1
DR0039,2024-W43,1
DR0039,2024-W44,1
DR0039,2024-W45,2
DR0039,2024-W47,2
DR0039,2024-W48,1
DR0039,2024-W49,1
DR0039,2024-W51,1
DR0039,2025-W00,1
DR0039,2025-W03,2
DR0039,2025-W04,2
DR0039,2025-W05,1
DR0039,2025-W06,2
DR0039,2025-W09,1
DR0039,2025-W11,1
DR0039,2025-W12,1
DR0039,2025-W14,1
DR0039,2025-W18,2
DR0039,2025-W22,1
DR0039,2025-W24,1
DR0039,2025-W28,1
DR0039,2025-W33,1
DR0039,2025-W34,2
DR0039,2025-W38,1
DR0039,2025-W40,1
DR0039,2025-W43,1
DR0039,2025-W46,1
DR0039,2026-W02,1
DR0039,2026-W03,1
DR0039,2026-W06,1
DR0039,2026-W08,1
DR0039,2026-W09,1
DR0039,2026-W11,2
DR0039,2026-W13,1
DR0039,2026-W14,1
DR0039,2026-W15,1
DR0039,2026-W16,1
DR0039,2026-W17,2
DR0039,2026-W18,1
DR0039,2026-W20,1
DR0039,2026-W23,3
DR0039,2026-W25,1
DR0039,2026-W27,1
DR0039,2026-W30,1
DR0039,2026-W35,1
DR0039,2026-W37,1
DR0040,2024-W01,2
DR0040,2024-W02,2
DR0040,2024-W03,1
DR0040,2024-W04,1
DR0040,2024-W05,1
DR0040,2024-W07,2
DR0040,2024-W08,3
DR0040,2024-W12,1
DR0040,2024-W16,1
DR0040,2024-W17,1
DR0040,2024-W18,1
DR0040,2024-W19,1
DR0040,2024-W21,1
DR0040,2024-W22,1
DR0040,2024-W23,1
DR0040,2024-W26,1
DR0040,2024-W27,1
DR0040,2024-W28,1
DR0040,2024-W30,2
DR0040,2024-W31,3
DR0040,2024-W34,1
DR0040,2024-W35,1
DR0040,2024-W36,1
DR0040,2024-W38,2
DR0040,2024-W39,2
DR0040,2024-W41,1
DR0040,2025-W00,1
DR0040,2025-W05,1
DR0040,2025-W07,1
DR0040,2025-W10,1
DR0040,2025-W11,1
DR0040,2025-W14,3
DR0040,2025-W16,3
DR0040,2025-W21,2
DR0040,2025-W26,2
DR0040,2025-W27,2
DR0040,2025-W28,3
DR0040,2025-W30,1
DR0040,2025-W31,1
DR0040,2025-W33,2
DR0040,2025-W34,1
DR0040,2025-W35,1
DR0040,2025-W37,1
DR0040,2025-W40,1
DR0040,2025-W42,3
DR0040,2025-W43,1
DR0040,2025-W44,1
DR0040,2025-W45,1
DR0040,2025-W48,1
DR0040,2025-W49,1
DR0040,2025-W51,1
DR0040,2025-W52,2
DR0040,2026-W01,2
DR0040,2026-W02,1
DR0040,2026-W03,1
DR0040,2026-W04,1
DR0040,2026-W05,1
DR0040,2026-W06,1
DR0040,2026-W09,2
DR0040,2026-W11,1
DR0040,2026-W12,1
DR0040,2026-W14,1
DR0040,2026-W16,1
DR0040,2026-W18,1
DR0040,2026-W20,1
DR0040,2026-W21,1
DR0040,2026-W22,3
DR0040,2026-W23,1
DR0040,2026-W24,2
DR0040,2026-W25,1
DR0040,2026-W27,1
DR0040,2026-W29,1
DR0040,2026-W30,2
DR0040,2026-W32,1
DR0040,2026-W34,1
DR0040,2026-W37,1
DR0041,2024-W01,1
DR0041,2024-W03,1
DR0041,2024-W05,2
DR0041,2024-W08,1
DR0041,2024-W14,1
DR0041,2024-W16,1
DR0041,2024-W17,1
DR0041,2024-W18,1
DR0041,2024-W21,1
DR0041,2024-W23,1
DR0041,2024-W25,1
DR0041,2024-W28,1
DR0041,2024-W37,1
DR0041,2024-W43,1
DR0041,2024-W45,1
DR0041,2024-W46,1
DR0041,2024-W48,2
DR0041,2024-W51,1
DR0041,2025-W03,1
DR0041,2025-W05,1
DR0041,2025-W08,1
DR0041,2025-W21,1
DR0041,2025-W28,1
DR0041,2025-W33,1
DR0041,2025-W42,1
DR0041,2026-W05,1
DR0041,2026-W07,1
DR0041,2026-W08,1
DR0041,2026-W10,2
DR0041,2026-W15,2
DR0041,2026-W29,2
DR0041,2026-W37,1
DR0042,2024-W02,2
DR0042,2024-W07,1
DR0042,2024-W08,1
DR0042,2024-W11,1
DR0042,2024-W12,1
DR0042,2024-W15,1
DR0042,2024-W20,1
DR0042,2024-W22,1
DR0042,2024-W25,1
DR0042,2024-W26,2
DR0042,2024-W27,1
DR0042,2024-W29,3
DR0042,2024-W30,1
DR0042,2024-W32,1
DR0042,2024-W33,1
DR0042,2024-W34,1
DR0042,2024-W35,1
DR0042,2024-W37,1
DR0042,2024-W40,2
DR0042,2024-W41,1
DR0042,2024-W42,1
DR0042,2024-W43,1
DR0042,2024-W44,1
DR0042,2024-W52,1
DR0042,2025-W00,1
DR0042,2025-W03,1
DR0042,2025-W04,1
DR0042,2025-W06,2
DR0042,2025-W08,1
DR0042,2025-W09,2
DR0042,2025-W10,1
DR0042,2025-W11,1
DR0042,2025-W12,1
DR0042,2025-W15,2
DR0042,2025-W19,2
DR0042,2025-W21,2
DR0042,2025-W22,1
DR0042,2025-W24,1
DR0042,2025-W26,3
DR0042,2025-W27,2
DR0042,2025-W33,2
DR0042,2025-W35,2
DR0042,2025-W39,1
DR0042,2025-W42,1
DR0042,2025-W47,1
DR0042,2025-W49,1
DR0042,2025-W50,1
DR0042,2025-W52,1
DR0042,2026-W00,1
DR0042,2026-W02,5
DR0042,2026-W03,1
DR0042,2026-W04,2
DR0042,2026-W06,2
DR0042,2026-W07,3
DR0042,2026-W09,5
DR0042,2026-W12,1
DR0042,2026-W18,3
DR0042,2026-W20,1
DR0042,2026-W21,1
DR0042,2026-W22,1
DR0042,2026-W23,1
DR0042,2026-W24,1
DR0042,2026-W25,1
DR0042,2026-W26,1
DR0042,2026-W28,2
DR0042,2026-W29,1
DR0042,2026-W31,2
DR0042,2026-W32,1
DR0042,2026-W33,1
DR0042,2026-W34,1
DR0042,2026-W35,1
DR0042,2026-W36,1
DR0042,2026-W37,1
DR0042,2026-W38,2
DR0043,2024-W03,1
DR0043,2024-W04,1
DR0043,2024-W05,1
DR0043,2024-W09,1
DR0043,2024-W10,1
DR0043,2024-W16,2
DR0043,2024-W22,1
DR0043,2024-W24,1
DR0043,2024-W26,1
DR0043,2024-W34,1
DR0043,2024-W35,1
DR0043,2024-W37,2
DR0043,2024-W40,1
DR0043,2024-W42,1
DR0043,2024-W44,1
DR0043,2024-W47,2
DR0043,2024-W49,1
DR0043,2024-W52,1
DR0043,2025-W01,2
DR0043,2025-W04,1
DR0043,2025-W05,1
DR0043,2025-W06,1
DR0043,2025-W08,1
DR0043,2025-W09,2
DR0043,2025-W10,1
DR0043,2025-W11,1
DR0043,2025-W12,1
DR0043,2025-W17,1
DR0043,2025-W18,1
DR0043,2025-W20,1
DR0043,2025-W22,1
DR0043,2025-W25,2
DR0043,2025-W26,1
DR0043,2025-W31,1
DR0043,2025-W36,2
DR0043,2025-W37,1
DR0043,2025-W38,1
DR0043,2025-W43,1
DR0043,2025-W45,2
DR0043,2025-W47,1
DR0043,2025-W50,1
DR0043,2026-W01,2
DR0043,2026-W03,3
DR0043,2026-W08,1
DR0043,2026-W09,1
DR0043,2026-W10,1
DR0043,2026-W12,2
DR0043,2026-W13,1
DR0043,2026-W14,1
DR0043,2026-W16,1
DR0043,2026-W22,1
DR0043,2026-W26,2
DR0043,2026-W28,1
DR0043,2026-W31,1
DR0043,2026-W32,2
DR0043,2026-W33,1
DR0043,2026-W35,1
DR0043,2026-W38,1
DR0043,2026-W39,1
DR0044,2024-W01,1
DR0044,2024-W03,1
DR0044,2024-W05,1
DR0044,2024-W08,1
DR0044,2024-W09,1
DR0044,2024-W11,1
DR0044,2024-W12,1
DR0044,2024-W17,1
DR0044,2024-W18,1
DR0044,2024-W20,1
DR0044,2024-W22,1
DR0044,2024-W27,2
DR0044,2024-W37,1
DR0044,2024-W49,1
DR0044,2024-W50,1
DR0044,2024-W51,1
DR0044,2025-W01,1
DR0044,2025-W03,1
DR0044,2025-W04,1
DR0044,2025-W05,1
DR0044,2025-W14,1
DR0044,2025-W16,1
DR0044,2025-W20,1
DR0044,2025-W21,1
DR0044,2025-W22,1
DR0044,2025-W25,1
DR0044,2025-W26,1
DR0044,2025-W34,1
DR0044,2025-W35,1
DR0044,2025-W37,2
DR0044,2025-W38,2
DR0044,2025-W42,1
DR0044,2025-W46,1
DR0044,2026-W01,1
DR0044,2026-W05,1
DR0044,2026-W07,1
DR0044,2026-W13,1
DR0044,2026-W15,2
DR0044,2026-W21,1
DR0044,2026-W22,1
DR0044,2026-W33,2
DR0044,2026-W38,1
DR0045,2024-W01,1
DR0045,2024-W03,1
DR0045,2024-W05,2
DR0045,2024-W06,1
DR0045,2024-W07,1
DR0045,2024-W09,1
DR0045,2024-W10,1
DR0045,2024-W11,1
DR0045,2024-W13,1
DR0045,2024-W15,1
DR0045,2024-W16,1
DR0045,2024-W17,3
DR0045,2024-W18,1
DR0045,2024-W19,1
DR0045,2024-W24,1
DR0045,2024-W25,1
DR0045,2024-W26,3
DR0045,2024-W28,1
DR0045,2024-W30,1
DR0045,2024-W31,1
DR0045,2024-W32,1
DR0045,2024-W33,1
DR0045,2024-W34,1
DR0045,2024-W36,2
DR0045,2024-W37,2
DR0045,2024-W38,2
DR0045,2024-W39,1
DR0045,2024-W40,1
DR0045,2024-W42,1
DR0045,2024-W45,1
DR0045,2024-W46,1
DR0045,2024-W48,1
DR0045,2024-W50,1
DR0045,2024-W51,1
DR0045,2024-W52,3
DR0045,2025-W02,1
DR0045,2025-W04,1
DR0045,2025-W05,2
DR0045,2025-W06,1
DR0045,2025-W08,2
DR0045,2025-W12,1
DR0045,2025-W14,2
DR0045,2025-W16,1
DR0045,2025-W22,1
DR0045,2025-W24,1
DR0045,2025-W25,1
DR0045,2025-W28,1
DR0045,2025-W30,2
DR0045,2025-W32,3
DR0045,2025-W33,1
DR0045,2025-W34,1
DR0045,2025-W36,2
DR0045,2025-W39,1
DR0045,2025-W40,1
DR0045,2025-W43,1
DR0045,2025-W44,1
DR0045,2025-W45,1
DR0045,2025-W46,2
DR0045,2025-W47,2
DR0045,2025-W49,2
DR0045,2025-W51,1
DR0045,2025-W52,1
DR0045,2026-W01,2
DR0045,2026-W02,1
DR0045,2026-W05,3
DR0045,2026-W06,1
DR0045,2026-W07,1
DR0045,2026-W09,3
DR0045,2026-W10,1
DR0045,2026-W13,1
DR0045,2026-W15,1
DR0045,2026-W16,1
DR0045,2026-W18,2
DR0045,2026-W22,2
DR0045,2026-W23,1
DR0045,2026-W24,3
DR0045,2026-W26,2
DR0045,2026-W27,1
DR0045,2026-W29,2
DR0045,2026-W30,1
DR0045,2026-W31,1
DR0045,2026-W32,1
DR0045,2026-W33,1
DR0045,2026-W34,3
DR0045,2026-W37,2
DR0046,2024-W01,1
DR0046,2024-W02,1
DR0046,2024-W03,2
DR0046,2024-W05,2
DR0046,2024-W06,1
DR0046,2024-W07,2
DR0046,2024-W08,1
DR0046,2024-W10,1
DR0046,2024-W11,3
DR0046,2024-W14,2
DR0046,2024-W15,1
DR0046,2024-W17,2
DR0046,2024-W19,2
DR0046,2024-W20,2
DR0046,2024-W22,1
DR0046,2024-W23,1
DR0046,2024-W24,1
DR0046,2024-W25,2
DR0046,2024-W27,2
DR0046,2024-W28,1
DR0046,2024-W29,2
DR0046,2024-W30,2
DR0046,2024-W31,2
DR0046,2024-W32,6
DR0046,2024-W35,1
DR0046,2024-W36,2
DR0046,2024-W40,1
DR0046,2024-W41,3
DR0046,2024-W42,1
DR0046,2024-W43,2
DR0046,2024-W44,1
DR0046,2024-W45,2
DR0046,2024-W46,1
DR0046,2024-W48,2
DR0046,2024-W49,1
DR0046,2024-W50,2
DR0046,2024-W52,3
DR0046,2024-W53,1
DR0046,2025-W01,1
DR0046,2025-W03,1
DR0046,2025-W05,1
DR0046,2025-W07,2
DR0046,2025-W09,1
DR0046,2025-W10,2
DR0046,2025-W11,1
DR0046,2025-W12,2
DR0046,2025-W14,1
DR0046,2025-W15,2
DR0046,2025-W18,1
DR0046,2025-W19,1
DR0046,2025-W20,1
DR0046,2025-W22,1
DR0046,2025-W23,2
DR0046,2025-W24,1
DR0046,2025-W25,2
DR0046,2025-W26,2
DR0046,2025-W27,1
DR0046,2025-W31,3
DR0046,2025-W32,1
DR0046,2025-W34,1
DR0046,2025-W36,3
DR0046,2025-W37,2
DR0046,2025-W38,1
DR0046,2025-W39,1
DR0046,2025-W42,1
DR0046,2025-W43,3
DR0046,2025-W44,1
DR0046,2025-W45,1
DR0046,2025-W48,3
DR0046,2025-W50,1
DR0046,2026-W01,2
DR0046,2026-W02,1
DR0046,2026-W04,1
DR0046,2026-W05,3
DR0046,2026-W06,1
DR0046,2026-W07,4
DR0046,2026-W08,1
DR0046,2026-W09,2
DR0046,2026-W10,1
DR0046,2026-W12,1
DR0046,2026-W13,2
DR0046,2026-W14,1
DR0046,2026-W15,1
DR0046,2026-W16,1
DR0046,2026-W17,2
DR0046,2026-W18,1
DR0046,2026-W19,1
DR0046,2026-W23,1
DR0046,2026-W24,1
DR0046,2026-W25,1
DR0046,2026-W27,1
DR0046,2026-W28,1
DR0046,2026-W29,1
DR0046,2026-W31,1
DR0046,2026-W33,2
DR0046,2026-W34,2
DR0046,2026-W35,1
DR0046,2026-W36,2
DR0046,2026-W37,2
DR0046,2026-W38,1
DR0047,2024-W01,1
DR0047,2024-W02,2
DR0047,2024-W04,1
DR0047,2024-W06,2
DR0047,2024-W07,3
DR0047,2024-W08,1
DR0047,2024-W09,2
DR0047,2024-W10,2
DR0047,2024-W12,1
DR0047,2024-W13,1
DR0047,2024-W16,3
DR0047,2024-W17,2
DR0047,2024-W20,1
DR0047,2024-W21,1
DR0047,2024-W24,1
DR0047,2024-W28,1
DR0047,2024-W31,1
DR0047,2024-W33,2
DR0047,2024-W34,1
DR0047,2024-W35,3
DR0047,2024-W36,1
DR0047,2024-W39,2
DR0047,2024-W43,1
DR0047,2024-W44,1
DR0047,2024-W45,1
DR0047,2024-W50,2
DR0047,2024-W51,1
DR0047,2024-W52,1
DR0047,2024-W53,1
DR0047,2025-W00,1
DR0047,2025-W01,2
DR0047,2025-W02,1
DR0047,2025-W03,2
DR0047,2025-W10,1
DR0047,2025-W11,1
DR0047,2025-W12,1
DR0047,2025-W15,2
DR0047,2025-W16,3
DR0047,2025-W17,1
DR0047,2025-W18,2
DR0047,2025-W19,4
DR0047,2025-W20,1
DR0047,2025-W21,1
DR0047,2025-W22,1
DR0047,2025-W23,1
DR0047,2025-W24,2
DR0047,2025-W25,1
DR0047,2025-W27,2
DR0047,2025-W31,1
DR0047,2025-W32,1
DR0047,2025-W33,1
DR0047,2025-W34,1
DR0047,2025-W35,1
DR0047,2025-W36,1
DR0047,2025-W39,1
DR0047,2025-W43,2
DR0047,2025-W44,1
DR0047,2025-W45,1
DR0047,2025-W47,2
DR0047,2025-W48,1
DR0047,2026-W01,1
DR0047,2026-W03,1
DR0047,2026-W04,1
DR0047,2026-W07,1
DR0047,2026-W08,2
DR0047,2026-W09,1
DR0047,2026-W10,1
DR0047,2026-W11,1
DR0047,2026-W12,2
DR0047,2026-W18,1
DR0047,2026-W21,1
DR0047,2026-W23,2
DR0047,2026-W24,1
DR0047,2026-W26,1
DR0047,2026-W29,3
DR0047,2026-W30,1
DR0047,2026-W33,2
DR0047,2026-W37,1
DR0048,2024-W01,2
DR0048,2024-W02,2
DR0048,2024-W03,2
DR0048,2024-W04,3
DR0048,2024-W05,4
DR0048,2024-W07,3
DR0048,2024-W08,2
DR0048,2024-W09,1
DR0048,2024-W10,1
DR0048,2024-W11,1
DR0048,2024-W13,2
DR0048,2024-W14,1
DR0048,2024-W15,2
DR0048,2024-W16,2
DR0048,2024-W17,3
DR0048,2024-W19,1
DR0048,2024-W20,2
DR0048,2024-W21,1
DR0048,2024-W23,3
DR0048,2024-W24,2
DR0048,2024-W25,2
DR0048,2024-W26,1
DR0048,2024-W27,3
DR0048,2024-W28,1
DR0048,2024-W30,1
DR0048,2024-W31,1
DR0048,2024-W32,2
DR0048,2024-W33,3
DR0048,2024-W34,3
DR0048,2024-W35,2
DR0048,2024-W36,1
DR0048,2024-W38,2
DR0048,2024-W39,1
DR0048,2024-W40,1
DR0048,2024-W41,2
DR0048,2024-W42,2
DR0048,2024-W44,5
DR0048,2024-W45,5
DR0048,2024-W46,1
DR0048,2024-W47,1
DR0048,2024-W48,2
DR0048,2024-W49,1
DR0048,2024-W51,1
DR0048,2024-W52,2
DR0048,2025-W01,2
DR0048,2025-W02,3
DR0048,2025-W03,1
DR0048,2025-W04,1
DR0048,2025-W05,2
DR0048,2025-W06,3
DR0048,2025-W07,2
DR0048,2025-W08,2
DR0048,2025-W10,1
DR0048,2025-W12,2
DR0048,2025-W13,2
DR0048,2025-W15,3
DR0048,2025-W16,1
DR0048,2025-W18,2
DR0048,2025-W19,1
DR0048,2025-W20,2
DR0048,2025-W21,2
DR0048,2025-W22,1
DR0048,2025-W25,1
DR0048,2025-W26,4
DR0048,2025-W28,1
DR0048,2025-W29,4
DR0048,2025-W32,3
DR0048,2025-W33,1
DR0048,2025-W34,1
DR0048,2025-W36,1
DR0048,2025-W37,1
DR0048,2025-W38,5
DR0048,2025-W39,3
DR0048,2025-W40,2
DR0048,2025-W41,2
DR0048,2025-W42,3
DR0048,2025-W44,1
DR0048,2025-W45,2
DR0048,2025-W46,1
DR0048,2025-W47,1
DR0048,2025-W48,2
DR0048,2025-W49,2
DR0048,2025-W50,2
DR0048,2025-W51,1
DR0048,2026-W01,2
DR0048,2026-W02,5
DR0048,2026-W03,1
DR0048,2026-W04,3
DR0048,2026-W05,1
DR0048,2026-W07,2
DR0048,2026-W08,3
DR0048,2026-W09,2
DR0048,2026-W10,1
DR0048,2026-W11,1
DR0048,2026-W12,1
DR0048,2026-W13,2
DR0048,2026-W17,2
DR0048,2026-W18,1
DR0048,2026-W20,3
DR0048,2026-W21,1
DR0048,2026-W22,1
DR0048,2026-W25,1
DR0048,2026-W26,2
DR0048,2026-W27,3
DR0048,2026-W28,2
DR0048,2026-W29,1
DR0048,2026-W31,1
DR0048,2026-W32,3
DR0048,2026-W33,2
DR0048,2026-W34,2
DR0048,2026-W35,2
DR0048,2026-W36,1
DR0048,2026-W37,2
DR0048,2026-W39,1
DR0049,2024-W01,2
DR0049,2024-W10,1
DR0049,2024-W11,1
DR0049,2024-W12,1
DR0049,2024-W13,1
DR0049,2024-W14,2
DR0049,2024-W15,2
DR0049,2024-W17,1
DR0049,2024-W18,1
DR0049,2024-W22,1
DR0049,2024-W26,2
DR0049,2024-W27,1
DR0049,2024-W28,1
DR0049,2024-W29,1
DR0049,2024-W30,2
DR0049,2024-W32,3
DR0049,2024-W33,1
DR0049,2024-W36,1
DR0049,2024-W40,2
DR0049,2024-W44,3
DR0049,2024-W46,1
DR0049,2024-W48,1
DR0049,2025-W00,1
DR0049,2025-W01,1
DR0049,2025-W04,1
DR0049,2025-W05,1
DR0049,2025-W07,1
DR0049,2025-W09,3
DR0049,2025-W13,3
DR0049,2025-W16,2
DR0049,2025-W18,1
DR0049,2025-W19,2
DR0049,2025-W21,1
DR0049,2025-W24,2
DR0049,2025-W25,2
DR0049,2025-W26,1
DR0049,2025-W33,1
DR0049,2025-W35,1
DR0049,2025-W38,1
DR0049,2025-W39,1
DR0049,2025-W42,1
DR0049,2025-W44,1
DR0049,2025-W45,1
DR0049,2025-W47,1
DR0049,2025-W48,1
DR0049,2025-W52,1
DR0049,2026-W03,1
DR0049,2026-W05,3
DR0049,2026-W07,1
DR0049,2026-W09,1
DR0049,2026-W10,1
DR0049,2026-W12,1
DR0049,2026-W13,2
DR0049,2026-W14,1
DR0049,2026-W15,1
DR0049,2026-W16,1
DR0049,2026-W18,1
DR0049,2026-W22,1
DR0049,2026-W26,1
DR0049,2026-W31,1
DR0049,2026-W33,1
DR0049,2026-W34,1
DR0049,2026-W35,1
DR0049,2026-W36,2
DR0050,2024-W05,2
DR0050,2024-W06,1
DR0050,2024-W12,1
DR0050,2024-W17,1
DR0050,2024-W18,1
DR0050,2024-W19,1
DR0050,2024-W21,1
DR0050,2024-W23,1
DR0050,2024-W29,1
DR0050,2024-W34,1
DR0050,2024-W39,1
DR0050,2024-W40,1
DR0050,2024-W44,1
DR0050,2024-W46,2
DR0050,2024-W49,1
DR0050,2024-W50,1
DR0050,2025-W02,1
DR0050,2025-W03,1
DR0050,2025-W05,1
DR0050,2025-W06,2
DR0050,2025-W07,1
DR0050,2025-W10,1
DR0050,2025-W11,1
DR0050,2025-W21,2
DR0050,2025-W31,1
DR0050,2025-W33,1
DR0050,2025-W34,1
DR0050,2025-W35,1
DR0050,2025-W38,2
DR0050,2025-W39,1
DR0050,2025-W46,1
DR0050,2025-W47,1
DR0050,2025-W48,1
DR0050,2025-W49,2
DR0050,2025-W50,1
DR0050,2026-W01,1
DR0050,2026-W03,1
DR0050,2026-W04,1
DR0050,2026-W13,1
DR0050,2026-W19,1
DR0050,2026-W30,1
DR0050,2026-W33,2
DR0050,2026-W36,1
DR0050,2026-W37,1
DR0051,2024-W03,1
DR0051,2024-W04,1
DR0051,2024-W08,1
DR0051,2024-W14,2
DR0051,2024-W17,1
DR0051,2024-W22,1
DR0051,2024-W26,1
DR0051,2024-W27,1
DR0051,2024-W30,1
DR0051,2024-W31,1
DR0051,2024-W32,1
DR0051,2024-W33,4
DR0051,2024-W34,1
DR0051,2024-W35,1
DR0051,2024-W40,1
DR0051,2024-W42,1
DR0051,2024-W44,1
DR0051,2024-W45,1
DR0051,2024-W46,1
DR0051,2024-W50,1
DR0051,2024-W51,1
DR0051,2025-W02,2
DR0051,2025-W03,2
DR0051,2025-W04,1
DR0051,2025-W07,1
DR0051,2025-W08,1
DR0051,2025-W13,1
DR0051,2025-W15,1
DR0051,2025-W17,2
DR0051,2025-W20,1
DR0051,2025-W26,1
DR0051,2025-W28,3
DR0051,2025-W29,1
DR0051,2025-W30,1
DR0051,2025-W34,1
DR0051,2025-W38,3
DR0051,2025-W39,1
DR0051,2025-W40,1
DR0051,2025-W42,2
DR0051,2025-W46,1
DR0051,2025-W47,1
DR0051,2026-W01,1
DR0051,2026-W04,1
DR0051,2026-W11,2
DR0051,2026-W14,1
DR0051,2026-W18,1
DR0051,2026-W21,1
DR0051,2026-W28,1
DR0051,2026-W33,1
DR0051,2026-W35,1
DR0051,2026-W38,1
DR0052,2024-W01,1
DR0052,2024-W03,2
DR0052,2024-W04,1
DR0052,2024-W05,2
DR0052,2024-W06,2
DR0052,2024-W08,3
DR0052,2024-W09,3
DR0052,2024-W10,1
DR0052,2024-W11,1
DR0052,2024-W12,6
DR0052,2024-W13,3
DR0052,2024-W14,5
DR0052,2024-W15,1
DR0052,2024-W16,4
DR0052,2024-W17,2
DR0052,2024-W18,1
DR0052,2024-W19,4
DR0052,2024-W20,1
DR0052,2024-W21,1
DR0052,2024-W23,2
DR0052,2024-W24,3
DR0052,2024-W25,3
DR0052,2024-W26,3
DR0052,2024-W28,3
DR0052,2024-W29,2
DR0052,2024-W30,3
DR0052,2024-W31,1
DR0052,2024-W32,4
DR0052,2024-W33,1
DR0052,2024-W34,3
DR0052,2024-W36,1
DR0052,2024-W37,3
DR0052,2024-W38,4
DR0052,2024-W39,3
DR0052,2024-W40,1
DR0052,2024-W41,2
DR0052,2024-W42,1
DR0052,2024-W43,2
DR0052,2024-W44,2
DR0052,2024-W45,3
DR0052,2024-W46,4
DR0052,2024-W47,1
DR0052,2024-W48,5
DR0052,2024-W49,1
DR0052,2024-W50,2
DR0052,2024-W51,7
DR0052,2024-W52,1
DR0052,2024-W53,1
DR0052,2025-W00,2
DR0052,2025-W01,5
DR0052,2025-W02,3
DR0052,2025-W03,2
DR0052,2025-W04,1
DR0052,2025-W05,2
DR0052,2025-W06,2
DR0052,2025-W07,3
DR0052,2025-W08,3
DR0052,2025-W09,6
DR0052,2025-W10,1
DR0052,2025-W11,4
DR0052,2025-W12,5
DR0052,2025-W13,1
DR0052,2025-W15,5
DR0052,2025-W16,3
DR0052,2025-W17,1
DR0052,2025-W18,1
DR0052,2025-W19,2
DR0052,2025-W20,2
DR0052,2025-W21,2
DR0052,2025-W23,5
DR0052,2025-W24,3
DR0052,2025-W25,2
DR0052,2025-W26,2
DR0052,2025-W28,3
DR0052,2025-W29,2
DR0052,2025-W31,6
DR0052,2025-W32,2
DR0052,2025-W33,1
DR0052,2025-W34,5
DR0052,2025-W35,4
DR0052,2025-W36,1
DR0052,2025-W37,1
DR0052,2025-W38,3
DR0052,2025-W39,3
DR0052,2025-W40,3
DR0052,2025-W41,3
DR0052,2025-W42,4
DR0052,2025-W43,3
DR0052,2025-W44,1
DR0052,2025-W45,1
DR0052,2025-W46,4
DR0052,2025-W47,5
DR0052,2025-W48,2
DR0052,2025-W49,2
DR0052,2025-W50,5
DR0052,2025-W51,1
DR0052,2025-W52,1
DR0052,2026-W00,2
DR0052,2026-W01,5
DR0052,2026-W02,1
DR0052,2026-W03,2
DR0052,2026-W04,7
DR0052,2026-W05,3
DR0052,2026-W06,1
DR0052,2026-W07,3
DR0052,2026-W08,1
DR0052,2026-W09,2
DR0052,2026-W10,3
DR0052,2026-W11,3
DR0052,2026-W12,2
DR0052,2026-W14,4
DR0052,2026-W15,2
DR0052,2026-W16,2
DR0052,2026-W17,1
DR0052,2026-W18,1
DR0052,2026-W19,2
DR0052,2026-W20,2
DR0052,2026-W21,2
DR0052,2026-W22,1
DR0052,2026-W23,2
DR0052,2026-W24,4
DR0052,2026-W25,2
DR0052,2026-W28,6
DR0052,2026-W29,2
DR0052,2026-W31,2
DR0052,2026-W32,3
DR0052,2026-W33,1
DR0052,2026-W34,3
DR0052,2026-W35,5
DR0052,2026-W36,2
DR0052,2026-W37,1
DR0052,2026-W38,3
DR0052,2026-W39,2
DR0053,2024-W04,1
DR0053,2024-W07,1
DR0053,2024-W27,1
DR0053,2024-W29,3
DR0053,2024-W36,1
DR0053,2024-W38,1
DR0053,2024-W43,3
DR0053,2024-W50,1
DR0053,2025-W01,2
DR0053,2025-W02,1
DR0053,2025-W12,1
DR0053,2025-W28,1
DR0053,2025-W29,1
DR0053,2025-W37,1
DR0053,2025-W38,1
DR0053,2025-W39,2
DR0053,2025-W41,1
DR0053,2025-W44,2
DR0053,2025-W48,1
DR0053,2026-W02,1
DR0053,2026-W14,1
DR0053,2026-W25,1
DR0053,2026-W34,1
DR0054,2024-W01,1
DR0054,2024-W02,1
DR0054,2024-W03,1
DR0054,2024-W04,1
DR0054,2024-W05,1
DR0054,2024-W06,1
DR0054,2024-W07,1
DR0054,2024-W08,1
DR0054,2024-W11,1
DR0054,2024-W14,1
DR0054,2024-W15,1
DR0054,2024-W18,1
DR0054,2024-W20,1
DR0054,2024-W21,1
DR0054,2024-W22,1
DR0054,2024-W23,1
DR0054,2024-W28,1
DR0054,2024-W30,1
DR0054,2024-W31,1
DR0054,2024-W32,3
DR0054,2024-W33,1
DR0054,2024-W34,1
DR0054,2024-W36,1
DR0054,2024-W37,2
DR0054,2024-W38,2
DR0054,2024-W41,2
DR0054,2024-W42,2
DR0054,2024-W48,2
DR0054,2024-W49,1
DR0054,2024-W51,1
DR0054,2024-W53,1
DR0054,2025-W01,1
DR0054,2025-W02,2
DR0054,2025-W04,3
DR0054,2025-W06,1
DR0054,2025-W09,1
DR0054,2025-W10,1
DR0054,2025-W14,1
DR0054,2025-W16,1
DR0054,2025-W17,2
DR0054,2025-W18,3
DR0054,2025-W25,1
DR0054,2025-W27,1
DR0054,2025-W29,1
DR0054,2025-W30,1
DR0054,2025-W33,2
DR0054,2025-W37,1
DR0054,2025-W40,2
DR0054,2025-W41,2
DR0054,2025-W43,1
DR0054,2025-W47,1
DR0054,2025-W48,2
DR0054,2025-W51,1
DR0054,2025-W52,1
DR0054,2026-W01,3
DR0054,2026-W03,2
DR0054,2026-W04,1
DR0054,2026-W05,2
DR0054,2026-W06,2
DR0054,2026-W07,1
DR0054,2026-W09,1
DR0054,2026-W10,2
DR0054,2026-W12,1
DR0054,2026-W14,1
DR0054,2026-W16,1
DR0054,2026-W17,1
DR0054,2026-W19,1
DR0054,2026-W22,1
DR0054,2026-W24,2
DR0054,2026-W31,1
DR0054,2026-W32,1
DR0054,2026-W33,1
DR0054,2026-W35,1
DR0054,2026-W38,1
DR0054,2026-W39,1
DR0055,2024-W02,1
DR0055,2024-W06,1
DR0055,2024-W07,1
DR0055,2024-W20,2
DR0055,2024-W21,2
DR0055,2024-W23,1
DR0055,2024-W24,1
DR0055,2024-W25,1
DR0055,2024-W26,1
DR0055,2024-W27,1
DR0055,2024-W31,1
DR0055,2024-W33,1
DR0055,2024-W35,1
DR0055,2024-W38,3
DR0055,2024-W40,3
DR0055,2024-W42,1
DR0055,2024-W45,1
DR0055,2024-W46,1
DR0055,2024-W49,1
DR0055,2024-W50,1
DR0055,2025-W00,1
DR0055,2025-W01,1
DR0055,2025-W02,1
DR0055,2025-W05,2
DR0055,2025-W06,2
DR0055,2025-W09,1
DR0055,2025-W11,1
DR0055,2025-W20,1
DR0055,2025-W26,1
DR0055,2025-W30,1
DR0055,2025-W32,2
DR0055,2025-W33,2
DR0055,2025-W36,1
DR0055,2025-W41,1
DR0055,2025-W46,1
DR0055,2025-W47,1
DR0055,2025-W48,1
DR0055,2025-W50,1
DR0055,2026-W02,1
DR0055,2026-W05,1
DR0055,2026-W08,1
DR0055,2026-W09,2
DR0055,2026-W12,1
DR0055,2026-W13,2
DR0055,2026-W15,3
DR0055,2026-W16,1
DR0055,2026-W20,2
DR0055,2026-W21,1
DR0055,2026-W23,1
DR0055,2026-W24,1
DR0055,2026-W28,2
DR0055,2026-W31,1
DR0055,2026-W36,1
DR0056,2024-W11,1
DR0056,2024-W16,1
DR0056,2024-W17,1
DR0056,2024-W20,1
DR0056,2024-W21,2
DR0056,2024-W34,1
DR0056,2024-W35,2
DR0056,2024-W38,1
DR0056,2024-W46,2
DR0056,2024-W47,1
DR0056,2024-W48,2
DR0056,2024-W53,1
DR0056,2025-W00,1
DR0056,2025-W01,2
DR0056,2025-W09,3
DR0056,2025-W11,1
DR0056,2025-W12,1
DR0056,2025-W14,1
DR0056,2025-W15,1
DR0056,2025-W20,1
DR0056,2025-W22,1
DR0056,2025-W23,1
DR0056,2025-W24,1
DR0056,2025-W31,1
DR0056,2025-W32,1
DR0056,2025-W36,1
DR0056,2025-W37,1
DR0056,2025-W41,1
DR0056,2025-W43,2
DR0056,2025-W51,1
DR0056,2026-W01,1
DR0056,2026-W04,1
DR0056,2026-W07,1
DR0056,2026-W08,2
DR0056,2026-W14,2
DR0056,2026-W19,2
DR0056,2026-W25,2
DR0056,2026-W33,1
DR0056,2026-W34,1
DR0056,2026-W37,1
DR0057,2024-W01,1
DR0057,2024-W02,1
DR0057,2024-W03,3
DR0057,2024-W04,3
DR0057,2024-W05,1
DR0057,2024-W06,1
DR0057,2024-W07,2
DR0057,2024-W08,1
DR0057,2024-W09,1
DR0057,2024-W10,2
DR0057,2024-W11,1
DR0057,2024-W12,2
DR0057,2024-W13,2
DR0057,2024-W15,2
DR0057,2024-W18,1
DR0057,2024-W19,1
DR0057,2024-W20,1
DR0057,2024-W21,2
DR0057,2024-W22,2
DR0057,2024-W23,1
DR0057,2024-W29,1
DR0057,2024-W30,3
DR0057,2024-W32,1
DR0057,2024-W33,1
DR0057,2024-W34,1
DR0057,2024-W35,1
DR0057,2024-W36,2
DR0057,2024-W40,1
DR0057,2024-W44,2
DR0057,2024-W46,5
DR0057,2024-W47,3
DR0057,2024-W48,1
DR0057,2024-W49,1
DR0057,2024-W50,3
DR0057,2024-W51,1
DR0057,2024-W52,1
DR0057,2024-W53,1
DR0057,2025-W01,1
DR0057,2025-W03,2
DR0057,2025-W04,1
DR0057,2025-W05,1
DR0057,2025-W06,2
DR0057,2025-W08,1
DR0057,2025-W09,1
DR0057,2025-W10,4
DR0057,2025-W11,3
DR0057,2025-W13,1
DR0057,2025-W14,1
DR0057,2025-W15,1
DR0057,2025-W16,2
DR0057,2025-W18,2
DR0057,2025-W19,1
DR0057,2025-W20,2
DR0057,2025-W21,1
DR0057,2025-W23,1
DR0057,2025-W24,1
DR0057,2025-W25,1
DR0057,2025-W26,2
DR0057,2025-W29,2
DR0057,2025-W31,3
DR0057,2025-W32,2
DR0057,2025-W33,1
DR0057,2025-W34,3
DR0057,2025-W35,1
DR0057,2025-W37,3
DR0057,2025-W38,2
DR0057,2025-W39,1
DR0057,2025-W41,2
DR0057,2025-W42,1
DR0057,2025-W44,2
DR0057,2025-W45,2
DR0057,2025-W47,1
DR0057,2025-W48,1
DR0057,2025-W51,2
DR0057,2026-W00,1
DR0057,2026-W01,1
DR0057,2026-W02,1
DR0057,2026-W03,3
DR0057,2026-W05,3
DR0057,2026-W06,1
DR0057,2026-W07,2
DR0057,2026-W08,2
DR0057,2026-W09,2
DR0057,2026-W10,1
DR0057,2026-W11,1
DR0057,2026-W12,2
DR0057,2026-W13,1
DR0057,2026-W15,1
DR0057,2026-W16,1
DR0057,2026-W17,2
DR0057,2026-W18,2
DR0057,2026-W19,1
DR0057,2026-W20,3
DR0057,2026-W23,1
DR0057,2026-W24,1
DR0057,2026-W25,1
DR0057,2026-W26,1
DR0057,2026-W28,2
DR0057,2026-W29,1
DR0057,2026-W30,3
DR0057,2026-W31,3
DR0057,2026-W32,2
DR0057,2026-W34,2
DR0057,2026-W36,3
DR0057,2026-W37,2
DR0057,2026-W38,1
DR0057,2026-W39,2
DR0058,2024-W02,1
DR0058,2024-W03,2
DR0058,2024-W04,2
DR0058,2024-W05,1
DR0058,2024-W07,2
DR0058,2024-W09,1
DR0058,2024-W10,1
DR0058,2024-W11,1
DR0058,2024-W12,1
DR0058,2024-W14,1
DR0058,2024-W15,2
DR0058,2024-W16,2
DR0058,2024-W17,2
DR0058,2024-W18,2
DR0058,2024-W19,1
DR0058,2024-W20,1
DR0058,2024-W21,2
DR0058,2024-W22,2
DR0058,2024-W24,2
DR0058,2024-W26,1
DR0058,2024-W28,2
DR0058,2024-W29,1
DR0058,2024-W30,2
DR0058,2024-W31,1
DR0058,2024-W32,1
DR0058,2024-W34,1
DR0058,2024-W35,1
DR0058,2024-W37,1
DR0058,2024-W47,1
DR0058,2024-W48,2
DR0058,2024-W51,1
DR0058,2024-W52,1
DR0058,2025-W03,2
DR0058,2025-W07,1
DR0058,2025-W08,2
DR0058,2025-W09,1
DR0058,2025-W11,1
DR0058,2025-W18,1
DR0058,2025-W21,1
DR0058,2025-W23,2
DR0058,2025-W24,1
DR0058,2025-W26,1
DR0058,2025-W29,1
DR0058,2025-W30,1
DR0058,2025-W31,1
DR0058,2025-W33,1
DR0058,2025-W34,1
DR0058,2025-W35,2
DR0058,2025-W36,3
DR0058,2025-W39,1
DR0058,2025-W40,1
DR0058,2025-W43,2
DR0058,2025-W45,1
DR0058,2025-W46,1
DR0058,2025-W47,1
DR0058,2025-W50,1
DR0058,2026-W01,1
DR0058,2026-W03,2
DR0058,2026-W04,1
DR0058,2026-W05,1
DR0058,2026-W07,2
DR0058,2026-W08,1
DR0058,2026-W10,2
DR0058,2026-W11,1
DR0058,2026-W15,1
DR0058,2026-W17,3
DR0058,2026-W18,1
DR0058,2026-W20,1
DR0058,2026-W21,1
DR0058,2026-W22,1
DR0058,2026-W24,1
DR0058,2026-W26,1
DR0058,2026-W28,1
DR0058,2026-W34,1
DR0058,2026-W35,1
DR0058,2026-W37,1
DR0059,2024-W01,1
DR0059,2024-W02,1
DR0059,2024-W03,2
DR0059,2024-W06,1
DR0059,2024-W07,2
DR0059,2024-W08,2
DR0059,2024-W09,1
DR0059,2024-W10,1
DR0059,2024-W11,1
DR0059,2024-W12,1
DR0059,2024-W14,1
DR0059,2024-W15,1
DR0059,2024-W16,1
DR0059,2024-W19,4
DR0059,2024-W21,1
DR0059,2024-W22,3
DR0059,2024-W24,2
DR0059,2024-W25,1
DR0059,2024-W26,2
DR0059,2024-W27,2
DR0059,2024-W29,2
DR0059,2024-W33,2
DR0059,2024-W34,1
DR0059,2024-W35,1
DR0059,2024-W39,2
DR0059,2024-W40,1
DR0059,2024-W42,1
DR0059,2024-W43,1
DR0059,2024-W44,3
DR0059,2024-W45,2
DR0059,2024-W46,1
DR0059,2024-W47,1
DR0059,2024-W48,1
DR0059,2024-W50,2
DR0059,2025-W01,2
DR0059,2025-W03,1
DR0059,2025-W04,3
DR0059,2025-W05,1
DR0059,2025-W06,1
DR0059,2025-W07,1
DR0059,2025-W10,1
DR0059,2025-W11,2
DR0059,2025-W13,2
DR0059,2025-W14,1
DR0059,2025-W18,1
DR0059,2025-W21,1
DR0059,2025-W22,3
DR0059,2025-W26,1
DR0059,2025-W32,2
DR0059,2025-W34,1
DR0059,2025-W35,3
DR0059,2025-W36,3
DR0059,2025-W37,1
DR0059,2025-W40,2
DR0059,2025-W43,4
DR0059,2025-W44,2
DR0059,2025-W46,1
DR0059,2025-W47,1
DR0059,2025-W49,2
DR0059,2025-W50,2
DR0059,2025-W52,1
DR0059,2026-W01,2
DR0059,2026-W03,3
DR0059,2026-W04,1
DR0059,2026-W06,3
DR0059,2026-W08,5
DR0059,2026-W09,2
DR0059,2026-W11,1
DR0059,2026-W15,1
DR0059,2026-W16,1
DR0059,2026-W18,1
DR0059,2026-W19,2
DR0059,2026-W21,1
DR0059,2026-W22,3
DR0059,2026-W24,1
DR0059,2026-W25,2
DR0059,2026-W27,2
DR0059,2026-W30,1
DR0059,2026-W31,1
DR0059,2026-W32,2
DR0059,2026-W33,1
DR0059,2026-W34,2
DR0059,2026-W35,1
DR0059,2026-W36,1
DR0060,2024-W02,1
DR0060,2024-W03,1
DR0060,2024-W04,2
DR0060,2024-W05,1
DR0060,2024-W06,1
DR0060,2024-W07,1
DR0060,2024-W08,2
DR0060,2024-W09,3
DR0060,2024-W10,1
DR0060,2024-W11,2
DR0060,2024-W14,2
DR0060,2024-W15,3
DR0060,2024-W17,1
DR0060,2024-W18,1
DR0060,2024-W22,1
DR0060,2024-W26,1
DR0060,2024-W27,1
DR0060,2024-W29,1
DR0060,2024-W30,2
DR0060,2024-W31,1
DR0060,2024-W32,4
DR0060,2024-W33,1
DR0060,2024-W35,1
DR0060,2024-W36,2
DR0060,2024-W38,2
DR0060,2024-W39,1
DR0060,2024-W40,1
DR0060,2024-W41,1
DR0060,2024-W42,1
DR0060,2024-W43,2
DR0060,2024-W45,2
DR0060,2024-W47,1
DR0060,2024-W49,3
DR0060,2024-W51,2
DR0060,2024-W53,2
DR0060,2025-W01,1
DR0060,2025-W02,1
DR0060,2025-W04,2
DR0060,2025-W05,1
DR0060,2025-W07,3
DR0060,2025-W08,1
DR0060,2025-W10,3
DR0060,2025-W11,1
DR0060,2025-W12,1
DR0060,2025-W14,4
DR0060,2025-W15,1
DR0060,2025-W21,3
DR0060,2025-W23,2
DR0060,2025-W24,2
DR0060,2025-W25,1
DR0060,2025-W27,1
DR0060,2025-W28,2
DR0060,2025-W29,3
DR0060,2025-W31,1
DR0060,2025-W32,1
DR0060,2025-W33,1
DR0060,2025-W36,4
DR0060,2025-W39,1
DR0060,2025-W42,1
DR0060,2025-W44,1
DR0060,2025-W45,4
DR0060,2025-W46,2
DR0060,2025-W47,1
DR0060,2025-W49,2
DR0060,2025-W50,4
DR0060,2025-W51,1
DR0060,2026-W01,2
DR0060,2026-W02,1
DR0060,2026-W03,1
DR0060,2026-W04,2
DR0060,2026-W05,1
DR0060,2026-W06,1
DR0060,2026-W07,1
DR0060,2026-W10,1
DR0060,2026-W13,1
DR0060,2026-W15,3
DR0060,2026-W16,1
DR0060,2026-W19,1
DR0060,2026-W20,1
DR0060,2026-W24,3
DR0060,2026-W26,2
DR0060,2026-W28,1
DR0060,2026-W30,1
DR0060,2026-W31,1
DR0060,2026-W32,2
DR0060,2026-W33,1
DR0060,2026-W35,3
DR0060,2026-W38,1
DR0061,2024-W02,1
DR0061,2024-W04,2
DR0061,2024-W05,1
DR0061,2024-W07,2
DR0061,2024-W12,1
DR0061,2024-W13,1
DR0061,2024-W14,1
DR0061,2024-W17,1
DR0061,2024-W22,3
DR0061,2024-W25,1
DR0061,2024-W27,1
DR0061,2024-W28,1
DR0061,2024-W29,2
DR0061,2024-W31,1
DR0061,2024-W33,2
DR0061,2024-W36,2
DR0061,2024-W38,1
DR0061,2024-W40,1
DR0061,2024-W41,1
DR0061,2024-W42,1
DR0061,2024-W43,1
DR0061,2024-W45,1
DR0061,2024-W46,2
DR0061,2024-W47,1
DR0061,2024-W49,1
DR0061,2024-W50,3
DR0061,2024-W51,1
DR0061,2025-W01,1
DR0061,2025-W04,2
DR0061,2025-W05,1
DR0061,2025-W07,1
DR0061,2025-W11,1
DR0061,2025-W12,2
DR0061,2025-W13,1
DR0061,2025-W14,1
DR0061,2025-W17,1
DR0061,2025-W19,1
DR0061,2025-W22,1
DR0061,2025-W23,1
DR0061,2025-W24,2
DR0061,2025-W25,2
DR0061,2025-W26,1
DR0061,2025-W29,1
DR0061,2025-W30,1
DR0061,2025-W31,1
DR0061,2025-W32,2
DR0061,2025-W34,1
DR0061,2025-W35,1
DR0061,2025-W37,2
DR0061,2025-W40,2
DR0061,2025-W44,1
DR0061,2025-W48,1
DR0061,2025-W49,2
DR0061,2025-W50,2
DR0061,2025-W51,1
DR0061,2026-W02,1
DR0061,2026-W03,2
DR0061,2026-W04,2
DR0061,2026-W05,2
DR0061,2026-W06,2
DR0061,2026-W07,2
DR0061,2026-W08,1
DR0061,2026-W15,1
DR0061,2026-W17,1
DR0061,2026-W20,1
DR0061,2026-W22,1
DR0061,2026-W23,1
DR0061,2026-W24,3
DR0061,2026-W28,1
DR0061,2026-W29,2
DR0061,2026-W31,1
DR0061,2026-W35,3
DR0061,2026-W36,1
DR0061,2026-W39,1
DR0062,2024-W01,5
DR0062,2024-W02,6
DR0062,2024-W03,5
DR0062,2024-W04,5
DR0062,2024-W05,4
DR0062,2024-W06,3
DR0062,2024-W07,4
DR0062,2024-W08,4
DR0062,2024-W09,2
DR0062,2024-W10,3
DR0062,2024-W11,2
DR0062,2024-W12,4
DR0062,2024-W13,2
DR0062,2024-W14,7
DR0062,2024-W15,2
DR0062,2024-W16,3
DR0062,2024-W17,4
DR0062,2024-W18,2
DR0062,2024-W19,4
DR0062,2024-W20,6
DR0062,2024-W21,2
DR0062,2024-W22,3
DR0062,2024-W23,4
DR0062,2024-W24,2
DR0062,2024-W25,1
DR0062,2024-W26,1
DR0062,2024-W27,2
DR0062,2024-W28,2
DR0062,2024-W29,2
DR0062,2024-W30,4
DR0062,2024-W31,4
DR0062,2024-W32,5
DR0062,2024-W33,4
DR0062,2024-W34,2
DR0062,2024-W35,1
DR0062,2024-W36,4
DR0062,2024-W37,4
DR0062,2024-W38,9
DR0062,2024-W39,4
DR0062,2024-W40,3
DR0062,2024-W41,4
DR0062,2024-W42,3
DR0062,2024-W43,5
DR0062,2024-W44,4
DR0062,2024-W45,6
DR0062,2024-W46,3
DR0062,2024-W47,7
DR0062,2024-W48,2
DR0062,2024-W49,4
DR0062,2024-W50,2
DR0062,2024-W51,5
DR0062,2024-W52,5
DR0062,2024-W53,2
DR0062,2025-W00,3
DR0062,2025-W01,1
DR0062,2025-W02,6
DR0062,2025-W03,5
DR0062,2025-W04,6
DR0062,2025-W05,5
DR0062,2025-W06,8
DR0062,2025-W07,6
DR0062,2025-W08,3
DR0062,2025-W09,4
DR0062,2025-W10,2
DR0062,2025-W11,2
DR0062,2025-W12,1
DR0062,2025-W13,3
DR0062,2025-W14,5
DR0062,2025-W15,4
DR0062,2025-W16,5
DR0062,2025-W17,4
DR0062,2025-W18,2
DR0062,2025-W19,3
DR0062,2025-W20,3
DR0062,2025-W21,1
DR0062,2025-W22,2
DR0062,2025-W23,5
DR0062,2025-W24,6
DR0062,2025-W25,4
DR0062,2025-W26,2
DR0062,2025-W27,4
DR0062,2025-W29,2
DR0062,2025-W30,3
DR0062,2025-W31,6
DR0062,2025-W32,2
DR0062,2025-W33,3
DR0062,2025-W34,3
DR0062,2025-W35,5
DR0062,2025-W36,5
DR0062,2025-W37,1
DR0062,2025-W38,2
DR0062,2025-W39,4
DR0062,2025-W40,4
DR0062,2025-W41,1
DR0062,2025-W42,4
DR0062,2025-W43,6
DR0062,2025-W44,7
DR0062,2025-W45,4
DR0062,2025-W46,4
DR0062,2025-W47,3
DR0062,2025-W48,2
DR0062,2025-W49,6
DR0062,2025-W50,5
DR0062,2025-W51,4
DR0062,2025-W52,1
DR0062,2026-W01,3
DR0062,2026-W02,7
DR0062,2026-W03,6
DR0062,2026-W05,3
DR0062,2026-W06,5
DR0062,2026-W07,2
DR0062,2026-W08,8
DR0062,2026-W09,3
DR0062,2026-W10,1
DR0062,2026-W11,2
DR0062,2026-W12,1
DR0062,2026-W13,3
DR0062,2026-W14,5
DR0062,2026-W15,7
DR0062,2026-W16,6
DR0062,2026-W17,9
DR0062,2026-W18,2
DR0062,2026-W19,2
DR0062,2026-W21,5
DR0062,2026-W23,2
DR0062,2026-W25,4
DR0062,2026-W26,2
DR0062,2026-W27,3
DR0062,2026-W28,5
DR0062,2026-W29,2
DR0062,2026-W30,4
DR0062,2026-W32,4
DR0062,2026-W33,3
DR0062,2026-W34,2
DR0062,2026-W35,2
DR0062,2026-W36,4
DR0062,2026-W37,4
DR0062,2026-W38,1
DR0062,2026-W39,2
DR0063,2024-W02,1
DR0063,2024-W03,1
DR0063,2024-W04,1
DR0063,2024-W05,2
DR0063,2024-W06,1
DR0063,2024-W13,1
DR0063,2024-W14,1
DR0063,2024-W16,1
DR0063,2024-W17,2
DR0063,2024-W22,1
DR0063,2024-W25,1
DR0063,2024-W26,2
DR0063,2024-W27,1
DR0063,2024-W28,2
DR0063,2024-W29,1
DR0063,2024-W30,1
DR0063,2024-W31,1
DR0063,2024-W35,1
DR0063,2024-W36,1
DR0063,2024-W39,2
DR0063,2024-W40,2
DR0063,2024-W43,1
DR0063,2024-W44,2
DR0063,2024-W45,1
DR0063,2024-W46,2
DR0063,2024-W47,1
DR0063,2024-W49,2
DR0063,2025-W03,1
DR0063,2025-W05,1
DR0063,2025-W06,2
DR0063,2025-W07,1
DR0063,2025-W10,1
DR0063,2025-W12,1
DR0063,2025-W13,1
DR0063,2025-W16,1
DR0063,2025-W21,1
DR0063,2025-W22,2
DR0063,2025-W23,1
DR0063,2025-W27,1
DR0063,2025-W29,2
DR0063,2025-W30,2
DR0063,2025-W31,2
DR0063,2025-W33,1
DR0063,2025-W35,1
DR0063,2025-W38,1
DR0063,2025-W39,1
DR0063,2025-W41,1
DR0063,2025-W44,1
DR0063,2025-W46,1
DR0063,2026-W03,1
DR0063,2026-W04,1
DR0063,2026-W08,2
DR0063,2026-W13,1
DR0063,2026-W14,1
DR0063,2026-W16,1
DR0063,2026-W17,2
DR0063,2026-W19,1
DR0063,2026-W26,1
DR0063,2026-W27,1
DR0063,2026-W28,1
DR0063,2026-W30,1
DR0063,2026-W32,1
DR0063,2026-W34,2
DR0063,2026-W35,1
DR0063,2026-W36,2
DR0063,2026-W38,1
DR0064,2024-W01,1
DR0064,2024-W02,2
DR0064,2024-W03,3
DR0064,2024-W04,1
DR0064,2024-W05,3
DR0064,2024-W06,2
DR0064,2024-W08,2
DR0064,2024-W09,1
DR0064,2024-W11,1
DR0064,2024-W13,1
DR0064,2024-W14,2
DR0064,2024-W15,1
DR0064,2024-W16,1
DR0064,2024-W17,2
DR0064,2024-W20,1
DR0064,2024-W22,1
DR0064,2024-W23,1
DR0064,2024-W28,1
DR0064,2024-W30,1
DR0064,2024-W32,1
DR0064,2024-W34,2
DR0064,2024-W36,1
DR0064,2024-W38,2
DR0064,2024-W41,1
DR0064,2024-W42,1
DR0064,2024-W43,1
DR0064,2024-W46,1
DR0064,2024-W49,1
DR0064,2024-W50,1
DR0064,2024-W51,1
DR0064,2025-W02,1
DR0064,2025-W04,1
DR0064,2025-W07,1
DR0064,2025-W12,1
DR0064,2025-W13,1
DR0064,2025-W15,1
DR0064,2025-W17,2
DR0064,2025-W19,1
DR0064,2025-W20,3
DR0064,2025-W24,1
DR0064,2025-W25,1
DR0064,2025-W27,1
DR0064,2025-W28,1
DR0064,2025-W30,1
DR0064,2025-W31,1
DR0064,2025-W32,2
DR0064,2025-W34,2
DR0064,2025-W35,1
DR0064,2025-W40,2
DR0064,2025-W41,1
DR0064,2025-W44,2
DR0064,2025-W50,2
DR0064,2026-W01,1
DR0064,2026-W02,1
DR0064,2026-W03,1
DR0064,2026-W04,2
DR0064,2026-W05,1
DR0064,2026-W08,1
DR0064,2026-W09,2
DR0064,2026-W13,1
DR0064,2026-W14,1
DR0064,2026-W15,1
DR0064,2026-W16,1
DR0064,2026-W20,1
DR0064,2026-W26,2
DR0064,2026-W28,1
DR0064,2026-W29,1
DR0064,2026-W30,1
DR0064,2026-W32,2
DR0064,2026-W35,1
DR0064,2026-W38,1
DR0064,2026-W39,1
DR0065,2024-W01,2
DR0065,2024-W02,2
DR0065,2024-W09,1
DR0065,2024-W11,1
DR0065,2024-W12,1
DR0065,2024-W13,2
DR0065,2024-W15,1
DR0065,2024-W16,1
DR0065,2024-W18,1
DR0065,2024-W19,1
DR0065,2024-W20,1
DR0065,2024-W21,1
DR0065,2024-W23,2
DR0065,2024-W27,1
DR0065,2024-W29,1
DR0065,2024-W30,2
DR0065,2024-W31,1
DR0065,2024-W35,1
DR0065,2024-W37,2
DR0065,2024-W39,2
DR0065,2024-W40,2
DR0065,2024-W44,1
DR0065,2024-W46,1
DR0065,2024-W47,1
DR0065,2024-W49,1
DR0065,2024-W50,4
DR0065,2024-W52,1
DR0065,2025-W00,2
DR0065,2025-W01,1
DR0065,2025-W02,2
DR0065,2025-W05,1
DR0065,2025-W06,4
DR0065,2025-W07,1
DR0065,2025-W08,2
DR0065,2025-W09,1
DR0065,2025-W10,2
DR0065,2025-W13,2
DR0065,2025-W14,1
DR0065,2025-W15,1
DR0065,2025-W16,1
DR0065,2025-W18,1
DR0065,2025-W21,2
DR0065,2025-W22,2
DR0065,2025-W23,2
DR0065,2025-W27,1
DR0065,2025-W28,1
DR0065,2025-W31,2
DR0065,2025-W32,1
DR0065,2025-W33,1
DR0065,2025-W34,1
DR0065,2025-W35,3
DR0065,2025-W39,2
DR0065,2025-W40,1
DR0065,2025-W41,1
DR0065,2025-W42,1
DR0065,2025-W43,2
DR0065,2025-W44,1
DR0065,2025-W45,1
DR0065,2025-W47,1
DR0065,2025-W49,1
DR0065,2025-W51,1
DR0065,2026-W00,2
DR0065,2026-W01,4
DR0065,2026-W02,2
DR0065,2026-W07,1
DR0065,2026-W08,1
DR0065,2026-W09,1
DR0065,2026-W10,2
DR0065,2026-W12,4
DR0065,2026-W13,1
DR0065,2026-W14,2
DR0065,2026-W16,1
DR0065,2026-W17,3
DR0065,2026-W18,1
DR0065,2026-W19,1
DR0065,2026-W20,1
DR0065,2026-W21,1
DR0065,2026-W22,2
DR0065,2026-W23,2
DR0065,2026-W27,1
DR0065,2026-W28,2
DR0065,2026-W29,1
DR0065,2026-W31,1
DR0065,2026-W34,1
DR0065,2026-W36,1
DR0065,2026-W38,1
DR0065,2026-W39,1
DR0066,2024-W01,1
DR0066,2024-W03,1
DR0066,2024-W04,2
DR0066,2024-W05,1
DR0066,2024-W07,4
DR0066,2024-W08,1
DR0066,2024-W09,2
DR0066,2024-W11,1
DR0066,2024-W12,1
DR0066,2024-W14,5
DR0066,2024-W16,1
DR0066,2024-W17,2
DR0066,2024-W18,2
DR0066,2024-W23,1
DR0066,2024-W24,2
DR0066,2024-W26,2
DR0066,2024-W28,4
DR0066,2024-W29,2
DR0066,2024-W30,2
DR0066,2024-W31,2
DR0066,2024-W32,1
DR0066,2024-W33,1
DR0066,2024-W37,2
DR0066,2024-W39,3
DR0066,2024-W40,2
DR0066,2024-W41,2
DR0066,2024-W42,3
DR0066,2024-W44,2
DR0066,2024-W45,3
DR0066,2024-W46,1
DR0066,2024-W47,2
DR0066,2024-W48,1
DR0066,2024-W49,2
DR0066,2024-W50,2
DR0066,2024-W52,3
DR0066,2025-W00,2
DR0066,2025-W01,1
DR0066,2025-W02,1
DR0066,2025-W03,2
DR0066,2025-W04,3
DR0066,2025-W05,4
DR0066,2025-W06,2
DR0066,2025-W08,3
DR0066,2025-W10,3
DR0066,2025-W11,1
DR0066,2025-W12,1
DR0066,2025-W13,1
DR0066,2025-W14,1
DR0066,2025-W15,1
DR0066,2025-W16,1
DR0066,2025-W17,1
DR0066,2025-W18,3
DR0066,2025-W19,3
DR0066,2025-W20,4
DR0066,2025-W21,1
DR0066,2025-W22,2
DR0066,2025-W23,1
DR0066,2025-W24,1
DR0066,2025-W25,1
DR0066,2025-W26,2
DR0066,2025-W27,1
DR0066,2025-W28,2
DR0066,2025-W29,3
DR0066,2025-W32,2
DR0066,2025-W33,4
DR0066,2025-W34,1
DR0066,2025-W35,2
DR0066,2025-W36,1
DR0066,2025-W39,1
DR0066,2025-W40,1
DR0066,2025-W41,1
DR0066,2025-W42,2
DR0066,2025-W46,3
DR0066,2025-W47,1
DR0066,2025-W48,4
DR0066,2025-W49,2
DR0066,2025-W50,2
DR0066,2025-W51,4
DR0066,2025-W52,1
DR0066,2026-W01,3
DR0066,2026-W02,1
DR0066,2026-W03,4
DR0066,2026-W04,1
DR0066,2026-W05,2
DR0066,2026-W06,4
DR0066,2026-W07,1
DR0066,2026-W08,2
DR0066,2026-W09,1
DR0066,2026-W10,1
DR0066,2026-W11,3
DR0066,2026-W12,1
DR0066,2026-W14,1
DR0066,2026-W15,1
DR0066,2026-W17,1
DR0066,2026-W18,3
DR0066,2026-W19,4
DR0066,2026-W21,1
DR0066,2026-W24,1
DR0066,2026-W27,3
DR0066,2026-W28,2
DR0066,2026-W29,1
DR0066,2026-W30,5
DR0066,2026-W32,2
DR0066,2026-W33,2
DR0066,2026-W34,3
DR0066,2026-W35,3
DR0066,2026-W36,1
DR0066,2026-W37,2
DR0066,2026-W38,1
DR0066,2026-W39,1
DR0067,2024-W01,2
DR0067,2024-W02,1
DR0067,2024-W03,1
DR0067,2024-W07,1
DR0067,2024-W08,2
DR0067,2024-W09,1
DR0067,2024-W11,4
DR0067,2024-W12,1
DR0067,2024-W13,4
DR0067,2024-W14,1
DR0067,2024-W16,1
DR0067,2024-W18,1
DR0067,2024-W20,1
DR0067,2024-W22,1
DR0067,2024-W27,1
DR0067,2024-W31,3
DR0067,2024-W32,1
DR0067,2024-W33,3
DR0067,2024-W35,1
DR0067,2024-W36,1
DR0067,2024-W37,1
DR0067,2024-W39,1
DR0067,2024-W40,2
DR0067,2024-W41,1
DR0067,2024-W50,2
DR0067,2024-W51,1
DR0067,2024-W53,1
DR0067,2025-W01,1
DR0067,2025-W02,1
DR0067,2025-W03,1
DR0067,2025-W05,2
DR0067,2025-W10,1
DR0067,2025-W11,1
DR0067,2025-W12,1
DR0067,2025-W13,1
DR0067,2025-W14,1
DR0067,2025-W15,1
DR0067,2025-W18,1
DR0067,2025-W19,1
DR0067,2025-W20,1
DR0067,2025-W21,1
DR0067,2025-W23,1
DR0067,2025-W25,1
DR0067,2025-W30,1
DR0067,2025-W32,1
DR0067,2025-W36,2
DR0067,2025-W38,4
DR0067,2025-W39,1
DR0067,2025-W41,1
DR0067,2025-W44,1
DR0067,2025-W46,3
DR0067,2025-W47,1
DR0067,2025-W48,2
DR0067,2025-W49,2
DR0067,2025-W51,2
DR0067,2025-W52,1
DR0067,2026-W00,1
DR0067,2026-W03,1
DR0067,2026-W07,1
DR0067,2026-W09,1
DR0067,2026-W11,1
DR0067,2026-W12,1
DR0067,2026-W20,1
DR0067,2026-W22,2
DR0067,2026-W25,1
DR0067,2026-W27,3
DR0067,2026-W31,2
DR0067,2026-W32,1
DR0068,2024-W01,2
DR0068,2024-W02,2
DR0068,2024-W03,1
DR0068,2024-W04,1
DR0068,2024-W05,3
DR0068,2024-W06,2
DR0068,2024-W07,1
DR0068,2024-W08,1
DR0068,2024-W09,2
DR0068,2024-W10,1
DR0068,2024-W11,1
DR0068,2024-W12,1
DR0068,2024-W13,3
DR0068,2024-W14,2
DR0068,2024-W15,3
DR0068,2024-W16,2
DR0068,2024-W17,3
DR0068,2024-W18,4
DR0068,2024-W20,2
DR0068,2024-W22,2
DR0068,2024-W23,1
DR0068,2024-W25,3
DR0068,2024-W26,5
DR0068,2024-W28,3
DR0068,2024-W30,2
DR0068,2024-W31,2
DR0068,2024-W32,3
DR0068,2024-W33,1
DR0068,2024-W34,3
DR0068,2024-W35,1
DR0068,2024-W37,3
DR0068,2024-W38,1
DR0068,2024-W42,1
DR0068,2024-W44,1
DR0068,2024-W45,1
DR0068,2024-W46,3
DR0068,2024-W48,2
DR0068,2024-W49,1
DR0068,2024-W50,2
DR0068,2024-W51,2
DR0068,2024-W52,1
DR0068,2025-W01,2
DR0068,2025-W02,3
DR0068,2025-W03,2
DR0068,2025-W04,1
DR0068,2025-W05,3
DR0068,2025-W07,1
DR0068,2025-W09,2
DR0068,2025-W10,3
DR0068,2025-W11,1
DR0068,2025-W12,4
DR0068,2025-W13,2
DR0068,2025-W16,1
DR0068,2025-W17,1
DR0068,2025-W18,5
DR0068,2025-W19,3
DR0068,2025-W20,4
DR0068,2025-W21,2
DR0068,2025-W23,1
DR0068,2025-W24,2
DR0068,2025-W25,2
DR0068,2025-W26,1
DR0068,2025-W27,1
DR0068,2025-W29,2
DR0068,2025-W30,1
DR0068,2025-W31,2
DR0068,2025-W32,2
DR0068,2025-W35,1
DR0068,2025-W38,6
DR0068,2025-W39,3
DR0068,2025-W40,1
DR0068,2025-W41,2
DR0068,2025-W42,3
DR0068,2025-W43,1
DR0068,2025-W44,1
DR0068,2025-W45,2
DR0068,2025-W46,2
DR0068,2025-W47,1
DR0068,2025-W50,2
DR0068,2025-W52,3
DR0068,2026-W00,1
DR0068,2026-W01,2
DR0068,2026-W02,3
DR0068,2026-W03,1
DR0068,2026-W05,1
DR0068,2026-W06,4
DR0068,2026-W07,2
DR0068,2026-W08,2
DR0068,2026-W10,2
DR0068,2026-W11,2
DR0068,2026-W12,1
DR0068,2026-W13,2
DR0068,2026-W14,4
DR0068,2026-W15,1
DR0068,2026-W16,2
DR0068,2026-W17,2
DR0068,2026-W18,5
DR0068,2026-W19,1
DR0068,2026-W20,1
DR0068,2026-W21,3
DR0068,2026-W22,1
DR0068,2026-W23,1
DR0068,2026-W24,2
DR0068,2026-W25,4
DR0068,2026-W28,2
DR0068,2026-W31,5
DR0068,2026-W32,2
DR0068,2026-W33,2
DR0068,2026-W34,5
DR0068,2026-W35,2
DR0068,2026-W37,3
DR0068,2026-W38,2
DR0069,2024-W03,1
DR0069,2024-W05,1
DR0069,2024-W09,2
DR0069,2024-W12,1
DR0069,2024-W13,1
DR0069,2024-W14,1
DR0069,2024-W15,1
DR0069,2024-W17,3
DR0069,2024-W20,3
DR0069,2024-W21,1
DR0069,2024-W22,1
DR0069,2024-W24,1
DR0069,2024-W25,1
DR0069,2024-W28,1
DR0069,2024-W29,1
DR0069,2024-W31,1
DR0069,2024-W32,1
DR0069,2024-W35,1
DR0069,2024-W36,1
DR0069,2024-W37,2
DR0069,2024-W38,1
DR0069,2024-W39,1
DR0069,2024-W40,2
DR0069,2024-W43,1
DR0069,2024-W47,1
DR0069,2024-W51,1
DR0069,2025-W01,2
DR0069,2025-W02,1
DR0069,2025-W04,2
DR0069,2025-W07,2
DR0069,2025-W08,1
DR0069,2025-W09,1
DR0069,2025-W10,1
DR0069,2025-W15,2
DR0069,2025-W19,1
DR0069,2025-W22,2
DR0069,2025-W23,1
DR0069,2025-W24,2
DR0069,2025-W27,1
DR0069,2025-W29,1
DR0069,2025-W31,1
DR0069,2025-W32,2
DR0069,2025-W35,3
DR0069,2025-W39,1
DR0069,2025-W40,1
DR0069,2025-W43,3
DR0069,2025-W47,1
DR0069,2025-W48,1
DR0069,2025-W50,1
DR0069,2025-W51,1
DR0069,2026-W04,1
DR0069,2026-W08,1
DR0069,2026-W09,1
DR0069,2026-W11,1
DR0069,2026-W25,1
DR0069,2026-W28,2
DR0069,2026-W30,1
DR0069,2026-W32,1
DR0069,2026-W33,1
DR0069,2026-W35,1
DR0070,2024-W01,1
DR0070,2024-W02,3
DR0070,2024-W03,5
DR0070,2024-W04,1
DR0070,2024-W07,3
DR0070,2024-W08,1
DR0070,2024-W09,4
DR0070,2024-W10,3
DR0070,2024-W11,2
DR0070,2024-W12,1
DR0070,2024-W13,3
DR0070,2024-W14,1
DR0070,2024-W15,1
DR0070,2024-W16,1
DR0070,2024-W17,3
DR0070,2024-W18,2
DR0070,2024-W19,2
DR0070,2024-W21,1
DR0070,2024-W22,2
DR0070,2024-W23,1
DR0070,2024-W24,2
DR0070,2024-W25,2
DR0070,2024-W26,1
DR0070,2024-W27,1
DR0070,2024-W28,1
DR0070,2024-W29,3
DR0070,2024-W31,3
DR0070,2024-W32,3
DR0070,2024-W33,1
DR0070,2024-W34,2
DR0070,2024-W35,6
DR0070,2024-W36,4
DR0070,2024-W37,2
DR0070,2024-W38,2
DR0070,2024-W39,2
DR0070,2024-W41,1
DR0070,2024-W42,4
DR0070,2024-W43,1
DR0070,2024-W45,1
DR0070,2024-W46,1
DR0070,2024-W47,2
DR0070,2024-W48,1
DR0070,2024-W49,4
DR0070,2024-W50,4
DR0070,2024-W51,2
DR0070,2024-W52,2
DR0070,2024-W53,2
DR0070,2025-W01,4
DR0070,2025-W02,2
DR0070,2025-W03,4
DR0070,2025-W04,1
DR0070,2025-W05,4
DR0070,2025-W06,3
DR0070,2025-W07,5
DR0070,2025-W08,3
DR0070,2025-W09,1
DR0070,2025-W10,2
DR0070,2025-W11,3
DR0070,2025-W12,2
DR0070,2025-W13,1
DR0070,2025-W14,2
DR0070,2025-W15,3
DR0070,2025-W16,4
DR0070,2025-W17,5
DR0070,2025-W18,2
DR0070,2025-W20,1
DR0070,2025-W23,3
DR0070,2025-W24,6
DR0070,2025-W25,2
DR0070,2025-W26,2
DR0070,2025-W27,1
DR0070,2025-W29,3
DR0070,2025-W30,2
DR0070,2025-W31,2
DR0070,2025-W33,1
DR0070,2025-W34,1
DR0070,2025-W36,2
DR0070,2025-W37,1
DR0070,2025-W38,2
DR0070,2025-W39,2
DR0070,2025-W40,2
DR0070,2025-W41,2
DR0070,2025-W43,2
DR0070,2025-W44,2
DR0070,2025-W46,4
DR0070,2025-W47,1
DR0070,2025-W48,3
DR0070,2025-W49,1
DR0070,2025-W51,2
DR0070,2025-W52,2
DR0070,2026-W00,1
DR0070,2026-W01,5
DR0070,2026-W03,2
DR0070,2026-W04,2
DR0070,2026-W05,5
DR0070,2026-W06,3
DR0070,2026-W07,3
DR0070,2026-W08,2
DR0070,2026-W10,1
DR0070,2026-W11,3
DR0070,2026-W12,4
DR0070,2026-W13,1
DR0070,2026-W14,2
DR0070,2026-W15,2
DR0070,2026-W16,1
DR0070,2026-W18,2
DR0070,2026-W19,2
DR0070,2026-W21,1
DR0070,2026-W22,1
DR0070,2026-W23,1
DR0070,2026-W24,1
DR0070,2026-W26,1
DR0070,2026-W27,3
DR0070,2026-W28,4
DR0070,2026-W29,3
DR0070,2026-W30,1
DR0070,2026-W31,2
DR0070,2026-W32,4
DR0070,2026-W34,1
DR0070,2026-W36,1
DR0070,2026-W37,4
DR0070,2026-W38,2
DR0071,2024-W01,3
DR0071,2024-W02,1
DR0071,2024-W04,1
DR0071,2024-W05,1
DR0071,2024-W08,2
DR0071,2024-W11,2
DR0071,2024-W12,2
DR0071,2024-W13,1
DR0071,2024-W14,1
DR0071,2024-W15,2
DR0071,2024-W16,2
DR0071,2024-W19,1
DR0071,2024-W20,2
DR0071,2024-W23,1
DR0071,2024-W24,1
DR0071,2024-W25,1
DR0071,2024-W27,2
DR0071,2024-W28,1
DR0071,2024-W29,1
DR0071,2024-W30,1
DR0071,2024-W31,1
DR0071,2024-W35,1
DR0071,2024-W37,3
DR0071,2024-W39,2
DR0071,2024-W40,2
DR0071,2024-W43,1
DR0071,2024-W45,3
DR0071,2024-W46,7
DR0071,2024-W47,1
DR0071,2024-W49,2
DR0071,2024-W51,2
DR0071,2024-W52,3
DR0071,2024-W53,1
DR0071,2025-W00,1
DR0071,2025-W01,1
DR0071,2025-W02,2
DR0071,2025-W07,4
DR0071,2025-W08,1
DR0071,2025-W11,1
DR0071,2025-W12,1
DR0071,2025-W13,1
DR0071,2025-W14,2
DR0071,2025-W15,1
DR0071,2025-W17,5
DR0071,2025-W19,2
DR0071,2025-W22,1
DR0071,2025-W24,2
DR0071,2025-W26,2
DR0071,2025-W27,1
DR0071,2025-W29,2
DR0071,2025-W31,2
DR0071,2025-W32,2
DR0071,2025-W33,1
DR0071,2025-W34,1
DR0071,2025-W35,1
DR0071,2025-W37,1
DR0071,2025-W38,1
DR0071,2025-W39,2
DR0071,2025-W40,1
DR0071,2025-W41,1
DR0071,2025-W42,1
DR0071,2025-W43,1
DR0071,2025-W44,1
DR0071,2025-W46,1
DR0071,2025-W47,1
DR0071,2025-W48,2
DR0071,2025-W49,1
DR0071,2025-W50,1
DR0071,2025-W51,1
DR0071,2026-W00,2
DR0071,2026-W01,1
DR0071,2026-W03,1
DR0071,2026-W04,3
DR0071,2026-W05,1
DR0071,2026-W06,1
DR0071,2026-W09,2
DR0071,2026-W10,1
DR0071,2026-W12,2
DR0071,2026-W15,1
DR0071,2026-W16,3
DR0071,2026-W17,2
DR0071,2026-W18,1
DR0071,2026-W19,1
DR0071,2026-W20,2
DR0071,2026-W22,2
DR0071,2026-W23,1
DR0071,2026-W24,3
DR0071,2026-W29,1
DR0071,2026-W32,1
DR0071,2026-W33,1
DR0071,2026-W34,2
DR0071,2026-W37,2
DR0071,2026-W38,2
DR0071,2027-W47,1
DR0072,2024-W01,1
DR0072,2024-W03,1
DR0072,2024-W07,1
DR0072,2024-W12,1
DR0072,2024-W14,1
DR0072,2024-W17,1
DR0072,2024-W31,1
DR0072,2024-W43,1
DR0072,2025-W05,1
DR0072,2025-W08,1
DR0072,2025-W13,1
DR0072,2025-W18,1
DR0072,2025-W28,1
DR0072,2025-W29,1
DR0072,2025-W31,1
DR0072,2025-W39,1
DR0072,2026-W07,2
DR0072,2026-W12,1
DR0072,2026-W24,1
DR0072,2026-W32,1
DR0073,2024-W04,1
DR0073,2024-W05,1
DR0073,2024-W08,1
DR0073,2024-W10,1
DR0073,2024-W16,1
DR0073,2024-W17,1
DR0073,2024-W20,2
DR0073,2024-W22,1
DR0073,2024-W39,1
DR0073,2024-W40,1
DR0073,2024-W42,1
DR0073,2024-W52,1
DR0073,2025-W01,1
DR0073,2025-W07,1
DR0073,2025-W08,1
DR0073,2025-W09,1
DR0073,2025-W13,1
DR0073,2025-W16,1
DR0073,2025-W21,1
DR0073,2025-W25,1
DR0073,2025-W27,2
DR0073,2025-W35,1
DR0073,2025-W36,1
DR0073,2025-W41,1
DR0073,2025-W49,1
DR0073,2025-W51,1
DR0073,2026-W00,2
DR0073,2026-W06,1
DR0073,2026-W07,1
DR0073,2026-W22,1
DR0073,2026-W23,1
DR0073,2026-W24,1
DR0073,2026-W28,2
DR0073,2026-W33,1
DR0073,2026-W34,1
DR0073,2026-W38,1
DR0074,2024-W01,1
DR0074,2024-W03,2
DR0074,2024-W07,1
DR0074,2024-W09,2
DR0074,2024-W12,2
DR0074,2024-W13,1
DR0074,2024-W14,1
DR0074,2024-W18,1
DR0074,2024-W19,1
DR0074,2024-W21,1
DR0074,2024-W24,3
DR0074,2024-W26,1
DR0074,2024-W28,1
DR0074,2024-W32,2
DR0074,2024-W33,2
DR0074,2024-W39,1
DR0074,2024-W40,1
DR0074,2024-W44,1
DR0074,2024-W47,2
DR0074,2024-W50,1
DR0074,2024-W52,2
DR0074,2025-W01,1
DR0074,2025-W04,1
DR0074,2025-W05,1
DR0074,2025-W06,2
DR0074,2025-W07,1
DR0074,2025-W08,2
DR0074,2025-W19,1
DR0074,2025-W21,1
DR0074,2025-W23,1
DR0074,2025-W24,2
DR0074,2025-W27,1
DR0074,2025-W30,1
DR0074,2025-W36,1
DR0074,2025-W42,1
DR0074,2025-W44,2
DR0074,2025-W45,2
DR0074,2025-W46,1
DR0074,2025-W50,2
DR0074,2025-W52,1
DR0074,2026-W02,2
DR0074,2026-W03,1
DR0074,2026-W08,1
DR0074,2026-W09,2
DR0074,2026-W10,1
DR0074,2026-W11,1
DR0074,2026-W13,1
DR0074,2026-W16,2
DR0074,2026-W18,1
DR0074,2026-W19,1
DR0074,2026-W22,1
DR0074,2026-W24,1
DR0074,2026-W25,1
DR0074,2026-W26,1
DR0074,2026-W29,1
DR0074,2026-W34,1
DR0074,2026-W36,2
DR0074,2026-W37,1
DR0074,2026-W39,2
DR0075,2024-W01,1
DR0075,2024-W02,1
DR0075,2024-W03,1
DR0075,2024-W04,1
DR0075,2024-W06,1
DR0075,2024-W07,1
DR0075,2024-W10,1
DR0075,2024-W14,1
DR0075,2024-W24,1
DR0075,2024-W26,1
DR0075,2024-W28,2
DR0075,2024-W29,1
DR0075,2024-W30,1
DR0075,2024-W31,1
DR0075,2024-W38,2
DR0075,2024-W43,1
DR0075,2024-W47,1
DR0075,2024-W49,1
DR0075,2024-W52,1
DR0075,2025-W02,2
DR0075,2025-W05,1
DR0075,2025-W06,1
DR0075,2025-W08,1
DR0075,2025-W12,1
DR0075,2025-W18,1
DR0075,2025-W20,1
DR0075,2025-W21,1
DR0075,2025-W24,1
DR0075,2025-W27,1
DR0075,2025-W30,1
DR0075,2025-W37,1
DR0075,2025-W43,1
DR0075,2025-W47,1
DR0075,2025-W49,1
DR0075,2026-W02,4
DR0075,2026-W05,1
DR0075,2026-W06,1
DR0075,2026-W08,1
DR0075,2026-W10,1
DR0075,2026-W12,2
DR0075,2026-W13,1
DR0075,2026-W15,1
DR0075,2026-W17,1
DR0075,2026-W20,1
DR0075,2026-W23,1
DR0075,2026-W24,1
DR0075,2026-W25,1
DR0075,2026-W26,1
DR0075,2026-W27,1
DR0075,2026-W28,1
DR0075,2026-W35,1
DR0075,2026-W36,1
DR0075,2026-W37,1
DR0076,2024-W01,4
DR0076,2024-W02,2
DR0076,2024-W03,6
DR0076,2024-W04,1
DR0076,2024-W05,1
DR0076,2024-W06,2
DR0076,2024-W07,4
DR0076,2024-W08,4
DR0076,2024-W09,5
DR0076,2024-W10,4
DR0076,2024-W11,4
DR0076,2024-W12,4
DR0076,2024-W13,4
DR0076,2024-W14,3
DR0076,2024-W15,3
DR0076,2024-W16,3
DR0076,2024-W17,4
DR0076,2024-W18,2
DR0076,2024-W19,3
DR0076,2024-W20,2
DR0076,2024-W21,2
DR0076,2024-W22,3
DR0076,2024-W23,5
DR0076,2024-W24,4
DR0076,2024-W25,6
DR0076,2024-W26,4
DR0076,2024-W27,5
DR0076,2024-W28,2
DR0076,2024-W29,3
DR0076,2024-W30,2
DR0076,2024-W31,3
DR0076,2024-W32,6
DR0076,2024-W33,4
DR0076,2024-W34,1
DR0076,2024-W36,3
DR0076,2024-W37,2
DR0076,2024-W38,2
DR0076,2024-W39,1
DR0076,2024-W40,1
DR0076,2024-W41,2
DR0076,2024-W42,2
DR0076,2024-W43,3
DR0076,2024-W44,4
DR0076,2024-W45,5
DR0076,2024-W46,1
DR0076,2024-W47,4
DR0076,2024-W48,5
DR0076,2024-W49,5
DR0076,2024-W50,1
DR0076,2024-W51,3
DR0076,2024-W52,1
DR0076,2025-W00,3
DR0076,2025-W01,6
DR0076,2025-W02,7
DR0076,2025-W03,6
DR0076,2025-W04,4
DR0076,2025-W05,7
DR0076,2025-W06,5
DR0076,2025-W07,2
DR0076,2025-W08,2
DR0076,2025-W09,1
DR0076,2025-W10,2
DR0076,2025-W11,1
DR0076,2025-W13,2
DR0076,2025-W14,2
DR0076,2025-W15,6
DR0076,2025-W16,5
DR0076,2025-W17,1
DR0076,2025-W18,2
DR0076,2025-W19,3
DR0076,2025-W20,9
DR0076,2025-W21,3
DR0076,2025-W22,7
DR0076,2025-W23,2
DR0076,2025-W24,5
DR0076,2025-W25,3
DR0076,2025-W26,3
DR0076,2025-W27,3
DR0076,2025-W28,3
DR0076,2025-W29,3
DR0076,2025-W30,3
DR0076,2025-W31,2
DR0076,2025-W32,2
DR0076,2025-W33,3
DR0076,2025-W34,1
DR0076,2025-W35,4
DR0076,2025-W36,3
DR0076,2025-W37,1
DR0076,2025-W38,3
DR0076,2025-W39,1
DR0076,2025-W40,1
DR0076,2025-W41,4
DR0076,2025-W42,2
DR0076,2025-W43,7
DR0076,2025-W44,1
DR0076,2025-W45,2
DR0076,2025-W46,4
DR0076,2025-W47,5
DR0076,2025-W48,3
DR0076,2025-W49,2
DR0076,2025-W50,3
DR0076,2025-W51,1
DR0076,2025-W52,2
DR0076,2026-W00,2
DR0076,2026-W01,3
DR0076,2026-W02,4
DR0076,2026-W03,3
DR0076,2026-W04,1
DR0076,2026-W05,4
DR0076,2026-W06,2
DR0076,2026-W07,5
DR0076,2026-W08,3
DR0076,2026-W09,3
DR0076,2026-W10,1
DR0076,2026-W11,6
DR0076,2026-W12,7
DR0076,2026-W13,4
DR0076,2026-W14,3
DR0076,2026-W15,4
DR0076,2026-W16,2
DR0076,2026-W17,2
DR0076,2026-W18,5
DR0076,2026-W19,4
DR0076,2026-W20,6
DR0076,2026-W21,2
DR0076,2026-W22,2
DR0076,2026-W23,2
DR0076,2026-W24,5
DR0076,2026-W25,4
DR0076,2026-W27,2
DR0076,2026-W28,1
DR0076,2026-W30,2
DR0076,2026-W31,4
DR0076,2026-W32,2
DR0076,2026-W33,1
DR0076,2026-W34,1
DR0076,2026-W35,1
DR0076,2026-W36,2
DR0076,2026-W37,7
DR0076,2026-W38,2
DR0076,2026-W39,2
DR0077,2024-W01,1
DR0077,2024-W02,2
DR0077,2024-W03,1
DR0077,2024-W04,2
DR0077,2024-W05,2
DR0077,2024-W06,1
DR0077,2024-W07,1
DR0077,2024-W09,1
DR0077,2024-W13,1
DR0077,2024-W14,2
DR0077,2024-W16,3
DR0077,2024-W19,2
DR0077,2024-W20,3
DR0077,2024-W21,1
DR0077,2024-W27,1
DR0077,2024-W31,2
DR0077,2024-W32,4
DR0077,2024-W33,1
DR0077,2024-W34,1
DR0077,2024-W35,3
DR0077,2024-W37,3
DR0077,2024-W39,1
DR0077,2024-W40,1
DR0077,2024-W42,1
DR0077,2024-W44,1
DR0077,2024-W45,1
DR0077,2024-W46,1
DR0077,2024-W47,2
DR0077,2024-W48,1
DR0077,2024-W49,2
DR0077,2024-W50,1
DR0077,2024-W51,2
DR0077,2024-W52,1
DR0077,2025-W00,1
DR0077,2025-W01,2
DR0077,2025-W06,1
DR0077,2025-W09,3
DR0077,2025-W10,1
DR0077,2025-W13,1
DR0077,2025-W14,1
DR0077,2025-W16,2
DR0077,2025-W17,1
DR0077,2025-W20,2
DR0077,2025-W25,1
DR0077,2025-W27,3
DR0077,2025-W28,1
DR0077,2025-W32,1
DR0077,2025-W34,1
DR0077,2025-W35,1
DR0077,2025-W36,1
DR0077,2025-W37,1
DR0077,2025-W38,1
DR0077,2025-W39,1
DR0077,2025-W41,3
DR0077,2025-W44,1
DR0077,2025-W46,2
DR0077,2025-W48,2
DR0077,2025-W49,1
DR0077,2025-W51,1
DR0077,2026-W00,2
DR0077,2026-W01,3
DR0077,2026-W02,1
DR0077,2026-W04,1
DR0077,2026-W05,1
DR0077,2026-W07,2
DR0077,2026-W08,1
DR0077,2026-W09,1
DR0077,2026-W11,2
DR0077,2026-W12,3
DR0077,2026-W13,2
DR0077,2026-W17,2
DR0077,2026-W18,1
DR0077,2026-W19,2
DR0077,2026-W20,1
DR0077,2026-W21,2
DR0077,2026-W22,2
DR0077,2026-W27,2
DR0077,2026-W30,1
DR0077,2026-W31,1
DR0077,2026-W34,1
DR0077,2026-W38,2
DR0078,2024-W01,1
DR0078,2024-W03,3
DR0078,2024-W04,1
DR0078,2024-W06,2
DR0078,2024-W07,2
DR0078,2024-W09,2
DR0078,2024-W10,1
DR0078,2024-W11,1
DR0078,2024-W12,2
DR0078,2024-W13,2
DR0078,2024-W14,2
DR0078,2024-W16,1
DR0078,2024-W18,2
DR0078,2024-W20,2
DR0078,2024-W21,1
DR0078,2024-W22,3
DR0078,2024-W23,2
DR0078,2024-W26,2
DR0078,2024-W27,4
DR0078,2024-W28,2
DR0078,2024-W30,1
DR0078,2024-W32,4
DR0078,2024-W33,2
DR0078,2024-W34,1
DR0078,2024-W36,2
DR0078,2024-W37,1
DR0078,2024-W38,1
DR0078,2024-W39,3
DR0078,2024-W40,1
DR0078,2024-W41,2
DR0078,2024-W42,1
DR0078,2024-W43,1
DR0078,2024-W44,1
DR0078,2024-W45,2
DR0078,2024-W47,2
DR0078,2024-W50,1
DR0078,2024-W52,1
DR0078,2025-W00,1
DR0078,2025-W01,4
DR0078,2025-W02,3
DR0078,2025-W03,1
DR0078,2025-W04,1
DR0078,2025-W05,1
DR0078,2025-W08,1
DR0078,2025-W09,1
DR0078,2025-W10,1
DR0078,2025-W11,1
DR0078,2025-W12,3
DR0078,2025-W13,1
DR0078,2025-W16,1
DR0078,2025-W17,3
DR0078,2025-W18,1
DR0078,2025-W19,3
DR0078,2025-W21,1
DR0078,2025-W22,1
DR0078,2025-W23,1
DR0078,2025-W27,1
DR0078,2025-W28,2
DR0078,2025-W30,1
DR0078,2025-W31,2
DR0078,2025-W32,2
DR0078,2025-W33,1
DR0078,2025-W35,1
DR0078,2025-W36,1
DR0078,2025-W37,1
DR0078,2025-W38,3
DR0078,2025-W39,2
DR0078,2025-W40,2
DR0078,2025-W41,2
DR0078,2025-W42,1
DR0078,2025-W43,1
DR0078,2025-W44,2
DR0078,2025-W45,1
DR0078,2025-W46,1
DR0078,2025-W47,2
DR0078,2025-W49,1
DR0078,2025-W50,1
DR0078,2025-W51,1
DR0078,2025-W52,2
DR0078,2026-W00,1
DR0078,2026-W01,2
DR0078,2026-W02,2
DR0078,2026-W04,3
DR0078,2026-W06,3
DR0078,2026-W07,1
DR0078,2026-W08,1
DR0078,2026-W09,3
DR0078,2026-W10,1
DR0078,2026-W11,1
DR0078,2026-W12,4
DR0078,2026-W13,4
DR0078,2026-W14,2
DR0078,2026-W15,1
DR0078,2026-W16,2
DR0078,2026-W18,1
DR0078,2026-W19,1
DR0078,2026-W20,4
DR0078,2026-W22,1
DR0078,2026-W23,1
DR0078,2026-W25,2
DR0078,2026-W27,2
DR0078,2026-W30,3
DR0078,2026-W31,3
DR0078,2026-W32,3
DR0078,2026-W34,1
DR0078,2026-W35,1
DR0078,2026-W37,3
DR0078,2026-W38,1
DR0078,2026-W39,1
DR0079,2024-W01,5
DR0079,2024-W03,3
DR0079,2024-W05,2
DR0079,2024-W07,2
DR0079,2024-W08,2
DR0079,2024-W09,3
DR0079,2024-W10,3
DR0079,2024-W11,1
DR0079,2024-W12,1
DR0079,2024-W14,1
DR0079,2024-W16,1
DR0079,2024-W17,3
DR0079,2024-W18,1
DR0079,2024-W19,1
DR0079,2024-W21,2
DR0079,2024-W22,6
DR0079,2024-W24,1
DR0079,2024-W25,1
DR0079,2024-W26,2
DR0079,2024-W29,1
DR0079,2024-W30,1
DR0079,2024-W33,1
DR0079,2024-W34,2
DR0079,2024-W35,2
DR0079,2024-W36,2
DR0079,2024-W37,2
DR0079,2024-W38,3
DR0079,2024-W40,3
DR0079,2024-W41,1
DR0079,2024-W42,1
DR0079,2024-W45,1
DR0079,2024-W46,1
DR0079,2024-W47,1
DR0079,2024-W49,2
DR0079,2024-W50,5
DR0079,2024-W52,3
DR0079,2024-W53,1
DR0079,2025-W00,1
DR0079,2025-W01,1
DR0079,2025-W02,1
DR0079,2025-W03,2
DR0079,2025-W04,6
DR0079,2025-W05,5
DR0079,2025-W06,3
DR0079,2025-W07,2
DR0079,2025-W08,3
DR0079,2025-W09,3
DR0079,2025-W10,1
DR0079,2025-W11,1
DR0079,2025-W12,1
DR0079,2025-W13,1
DR0079,2025-W14,1
DR0079,2025-W15,3
DR0079,2025-W16,1
DR0079,2025-W17,1
DR0079,2025-W18,2
DR0079,2025-W19,2
DR0079,2025-W20,1
DR0079,2025-W21,3
DR0079,2025-W22,1
DR0079,2025-W23,3
DR0079,2025-W24,1
DR0079,2025-W25,3
DR0079,2025-W26,2
DR0079,2025-W29,4
DR0079,2025-W30,1
DR0079,2025-W31,3
DR0079,2025-W32,1
DR0079,2025-W33,2
DR0079,2025-W34,2
DR0079,2025-W35,2
DR0079,2025-W36,1
DR0079,2025-W37,2
DR0079,2025-W38,1
DR0079,2025-W41,2
DR0079,2025-W42,1
DR0079,2025-W43,2
DR0079,2025-W44,1
DR0079,2025-W45,1
DR0079,2025-W46,5
DR0079,2025-W47,1
DR0079,2025-W48,2
DR0079,2025-W49,2
DR0079,2025-W50,5
DR0079,2025-W51,1
DR0079,2026-W00,2
DR0079,2026-W01,2
DR0079,2026-W02,1
DR0079,2026-W03,4
DR0079,2026-W04,1
DR0079,2026-W05,2
DR0079,2026-W06,2
DR0079,2026-W07,1
DR0079,2026-W09,1
DR0079,2026-W10,6
DR0079,2026-W11,1
DR0079,2026-W12,3
DR0079,2026-W13,1
DR0079,2026-W14,4
DR0079,2026-W15,2
DR0079,2026-W16,1
DR0079,2026-W19,1
DR0079,2026-W21,1
DR0079,2026-W22,1
DR0079,2026-W23,1
DR0079,2026-W24,3
DR0079,2026-W26,1
DR0079,2026-W27,3
DR0079,2026-W28,2
DR0079,2026-W29,1
DR0079,2026-W30,3
DR0079,2026-W31,4
DR0079,2026-W32,1
DR0079,2026-W33,4
DR0079,2026-W34,1
DR0079,2026-W35,1
DR0079,2026-W36,1
DR0079,2026-W38,2
DR0079,2026-W39,1
DR0080,2024-W01,1
DR0080,2024-W02,1
DR0080,2024-W05,2
DR0080,2024-W07,2
DR0080,2024-W08,1
DR0080,2024-W11,1
DR0080,2024-W14,1
DR0080,2024-W18,1
DR0080,2024-W19,1
DR0080,2024-W21,1
DR0080,2024-W23,1
DR0080,2024-W26,1
DR0080,2024-W27,2
DR0080,2024-W28,2
DR0080,2024-W29,1
DR0080,2024-W32,1
DR0080,2024-W36,1
DR0080,2024-W37,1
DR0080,2024-W39,1
DR0080,2024-W41,1
DR0080,2024-W42,1
DR0080,2024-W44,1
DR0080,2024-W46,1
DR0080,2024-W48,1
DR0080,2024-W50,1
DR0080,2024-W51,1
DR0080,2025-W00,1
DR0080,2025-W02,1
DR0080,2025-W05,1
DR0080,2025-W06,1
DR0080,2025-W07,2
DR0080,2025-W08,2
DR0080,2025-W11,1
DR0080,2025-W14,1
DR0080,2025-W15,1
DR0080,2025-W24,4
DR0080,2025-W25,1
DR0080,2025-W26,1
DR0080,2025-W27,2
DR0080,2025-W28,1
DR0080,2025-W30,1
DR0080,2025-W31,1
DR0080,2025-W33,1
DR0080,2025-W34,1
DR0080,2025-W40,1
DR0080,2025-W42,1
DR0080,2025-W44,1
DR0080,2025-W51,1
DR0080,2026-W02,1
DR0080,2026-W05,2
DR0080,2026-W07,2
DR0080,2026-W08,1
DR0080,2026-W09,2
DR0080,2026-W12,1
DR0080,2026-W16,3
DR0080,2026-W17,2
DR0080,2026-W19,2
DR0080,2026-W20,1
DR0080,2026-W21,1
DR0080,2026-W27,1
DR0080,2026-W29,2
DR0080,2026-W32,1
DR0080,2026-W34,2
DR0081,2024-W01,5
DR0081,2024-W02,8
DR0081,2024-W03,7
DR0081,2024-W04,2
DR0081,2024-W05,5
DR0081,2024-W06,5
DR0081,2024-W07,6
DR0081,2024-W08,8
DR0081,2024-W09,4
DR0081,2024-W10,3
DR0081,2024-W11,4
DR0081,2024-W12,3
DR0081,2024-W13,8
DR0081,2024-W14,6
DR0081,2024-W15,7
DR0081,2024-W16,3
DR0081,2024-W17,6
DR0081,2024-W18,2
DR0081,2024-W19,6
DR0081,2024-W20,5
DR0081,2024-W21,7
DR0081,2024-W22,9
DR0081,2024-W23,6
DR0081,2024-W24,4
DR0081,2024-W25,6
DR0081,2024-W26,4
DR0081,2024-W27,3
DR0081,2024-W28,3
DR0081,2024-W29,5
DR0081,2024-W30,2
DR0081,2024-W31,6
DR0081,2024-W32,6
DR0081,2024-W33,5
DR0081,2024-W34,7
DR0081,2024-W35,3
DR0081,2024-W36,5
DR0081,2024-W37,5
DR0081,2024-W38,6
DR0081,2024-W39,3
DR0081,2024-W40,5
DR0081,2024-W41,3
DR0081,2024-W42,5
DR0081,2024-W43,5
DR0081,2024-W44,6
DR0081,2024-W45,14
DR0081,2024-W46,6
DR0081,2024-W47,4
DR0081,2024-W48,8
DR0081,2024-W49,3
DR0081,2024-W50,3
DR0081,2024-W51,8
DR0081,2024-W52,4
DR0081,2024-W53,2
DR0081,2025-W00,4
DR0081,2025-W01,7
DR0081,2025-W02,7
DR0081,2025-W03,9
DR0081,2025-W04,7
DR0081,2025-W05,6
DR0081,2025-W06,6
DR0081,2025-W07,4
DR0081,2025-W08,5
DR0081,2025-W09,5
DR0081,2025-W10,5
DR0081,2025-W11,3
DR0081,2025-W12,6
DR0081,2025-W13,4
DR0081,2025-W14,5
DR0081,2025-W15,3
DR0081,2025-W16,7
DR0081,2025-W17,8
DR0081,2025-W18,7
DR0081,2025-W19,4
DR0081,2025-W20,8
DR0081,2025-W21,4
DR0081,2025-W22,6
DR0081,2025-W23,6
DR0081,2025-W24,9
DR0081,2025-W25,3
DR0081,2025-W26,5
DR0081,2025-W27,6
DR0081,2025-W28,3
DR0081,2025-W29,4
DR0081,2025-W30,5
DR0081,2025-W31,3
DR0081,2025-W32,2
DR0081,2025-W33,5
DR0081,2025-W34,3
DR0081,2025-W35,6
DR0081,2025-W36,2
DR0081,2025-W37,7
DR0081,2025-W38,6
DR0081,2025-W39,10
DR0081,2025-W40,2
DR0081,2025-W41,4
DR0081,2025-W42,4
DR0081,2025-W43,8
DR0081,2025-W44,7
DR0081,2025-W45,6
DR0081,2025-W46,5
DR0081,2025-W47,6
DR0081,2025-W48,7
DR0081,2025-W49,8
DR0081,2025-W50,7
DR0081,2025-W51,5
DR0081,2025-W52,2
DR0081,2026-W00,3
DR0081,2026-W01,6
DR0081,2026-W02,9
DR0081,2026-W03,1
DR0081,2026-W04,7
DR0081,2026-W05,2
DR0081,2026-W06,4
DR0081,2026-W07,5
DR0081,2026-W08,7
DR0081,2026-W09,9
DR0081,2026-W10,4
DR0081,2026-W11,2
DR0081,2026-W12,7
DR0081,2026-W13,9
DR0081,2026-W14,5
DR0081,2026-W15,5
DR0081,2026-W16,5
DR0081,2026-W17,7
DR0081,2026-W18,9
DR0081,2026-W19,6
DR0081,2026-W20,6
DR0081,2026-W22,2
DR0081,2026-W23,6
DR0081,2026-W24,10
DR0081,2026-W25,5
DR0081,2026-W26,5
DR0081,2026-W27,5
DR0081,2026-W28,5
DR0081,2026-W29,5
DR0081,2026-W30,5
DR0081,2026-W31,2
DR0081,2026-W32,4
DR0081,2026-W33,5
DR0081,2026-W34,4
DR0081,2026-W35,1
DR0081,2026-W36,5
DR0081,2026-W37,6
DR0081,2026-W38,6
DR0081,2026-W39,2
DR0082,2024-W01,2
DR0082,2024-W03,3
DR0082,2024-W04,2
DR0082,2024-W05,4
DR0082,2024-W06,3
DR0082,2024-W07,3
DR0082,2024-W08,2
DR0082,2024-W09,3
DR0082,2024-W11,2
DR0082,2024-W12,1
DR0082,2024-W14,3
DR0082,2024-W15,2
DR0082,2024-W16,3
DR0082,2024-W17,4
DR0082,2024-W18,1
DR0082,2024-W19,2
DR0082,2024-W20,4
DR0082,2024-W21,1
DR0082,2024-W22,1
DR0082,2024-W23,4
DR0082,2024-W24,2
DR0082,2024-W25,2
DR0082,2024-W26,3
DR0082,2024-W29,4
DR0082,2024-W30,2
DR0082,2024-W31,2
DR0082,2024-W32,1
DR0082,2024-W33,2
DR0082,2024-W35,2
DR0082,2024-W36,2
DR0082,2024-W37,2
DR0082,2024-W38,1
DR0082,2024-W39,2
DR0082,2024-W40,2
DR0082,2024-W42,2
DR0082,2024-W43,2
DR0082,2024-W44,1
DR0082,2024-W46,2
DR0082,2024-W47,5
DR0082,2024-W48,2
DR0082,2024-W49,2
DR0082,2024-W50,4
DR0082,2024-W51,1
DR0082,2024-W52,1
DR0082,2024-W53,2
DR0082,2025-W01,4
DR0082,2025-W02,2
DR0082,2025-W03,5
DR0082,2025-W04,3
DR0082,2025-W05,1
DR0082,2025-W06,4
DR0082,2025-W07,2
DR0082,2025-W08,3
DR0082,2025-W09,1
DR0082,2025-W10,4
DR0082,2025-W11,1
DR0082,2025-W13,3
DR0082,2025-W16,2
DR0082,2025-W18,2
DR0082,2025-W20,1
DR0082,2025-W21,1
DR0082,2025-W22,1
DR0082,2025-W23,2
DR0082,2025-W24,1
DR0082,2025-W25,3
DR0082,2025-W26,3
DR0082,2025-W27,1
DR0082,2025-W28,3
DR0082,2025-W29,1
DR0082,2025-W30,1
DR0082,2025-W31,2
DR0082,2025-W32,3
DR0082,2025-W33,1
DR0082,2025-W34,5
DR0082,2025-W35,1
DR0082,2025-W36,4
DR0082,2025-W37,2
DR0082,2025-W38,1
DR0082,2025-W39,3
DR0082,2025-W41,3
DR0082,2025-W42,2
DR0082,2025-W43,4
DR0082,2025-W45,6
DR0082,2025-W46,2
DR0082,2025-W47,4
DR0082,2025-W48,2
DR0082,2025-W49,2
DR0082,2025-W50,4
DR0082,2025-W51,3
DR0082,2025-W52,1
DR0082,2026-W01,2
DR0082,2026-W02,7
DR0082,2026-W03,4
DR0082,2026-W05,1
DR0082,2026-W06,1
DR0082,2026-W07,1
DR0082,2026-W08,1
DR0082,2026-W09,1
DR0082,2026-W10,5
DR0082,2026-W12,2
DR0082,2026-W13,5
DR0082,2026-W14,3
DR0082,2026-W15,1
DR0082,2026-W16,5
DR0082,2026-W18,3
DR0082,2026-W19,2
DR0082,2026-W22,2
DR0082,2026-W23,1
DR0082,2026-W24,2
DR0082,2026-W25,1
DR0082,2026-W26,3
DR0082,2026-W27,3
DR0082,2026-W28,2
DR0082,2026-W29,3
DR0082,2026-W30,1
DR0082,2026-W31,1
DR0082,2026-W32,1
DR0082,2026-W33,5
DR0082,2026-W35,1
DR0082,2026-W36,3
DR0082,2026-W37,4
DR0082,2026-W38,1
DR0083,2024-W01,1
DR0083,2024-W03,1
DR0083,2024-W05,3
DR0083,2024-W06,3
DR0083,2024-W07,2
DR0083,2024-W08,1
DR0083,2024-W09,2
DR0083,2024-W10,1
DR0083,2024-W11,1
DR0083,2024-W12,2
DR0083,2024-W13,2
DR0083,2024-W14,3
DR0083,2024-W15,3
DR0083,2024-W16,3
DR0083,2024-W17,1
DR0083,2024-W18,3
DR0083,2024-W20,1
DR0083,2024-W21,1
DR0083,2024-W24,4
DR0083,2024-W25,3
DR0083,2024-W26,1
DR0083,2024-W28,3
DR0083,2024-W29,1
DR0083,2024-W32,5
DR0083,2024-W33,2
DR0083,2024-W34,1
DR0083,2024-W35,3
DR0083,2024-W36,3
DR0083,2024-W37,2
DR0083,2024-W38,3
DR0083,2024-W39,1
DR0083,2024-W40,4
DR0083,2024-W41,2
DR0083,2024-W42,1
DR0083,2024-W43,2
DR0083,2024-W45,2
DR0083,2024-W46,2
DR0083,2024-W47,2
DR0083,2024-W48,1
DR0083,2024-W49,2
DR0083,2024-W50,1
DR0083,2024-W51,1
DR0083,2024-W52,3
DR0083,2025-W00,2
DR0083,2025-W01,1
DR0083,2025-W02,4
DR0083,2025-W03,2
DR0083,2025-W04,2
DR0083,2025-W05,1
DR0083,2025-W06,5
DR0083,2025-W07,2
DR0083,2025-W08,1
DR0083,2025-W09,1
DR0083,2025-W10,1
DR0083,2025-W11,2
DR0083,2025-W13,2
DR0083,2025-W14,2
DR0083,2025-W15,1
DR0083,2025-W17,2
DR0083,2025-W18,1
DR0083,2025-W19,2
DR0083,2025-W22,1
DR0083,2025-W23,3
DR0083,2025-W24,1
DR0083,2025-W25,1
DR0083,2025-W26,1
DR0083,2025-W27,1
DR0083,2025-W28,2
DR0083,2025-W30,4
DR0083,2025-W31,2
DR0083,2025-W32,3
DR0083,2025-W33,3
DR0083,2025-W34,1
DR0083,2025-W35,2
DR0083,2025-W36,1
DR0083,2025-W37,2
DR0083,2025-W38,1
DR0083,2025-W39,1
DR0083,2025-W41,1
DR0083,2025-W43,1
DR0083,2025-W44,3
DR0083,2025-W45,2
DR0083,2025-W46,4
DR0083,2025-W47,3
DR0083,2025-W48,1
DR0083,2025-W49,1
DR0083,2025-W50,3
DR0083,2026-W00,3
DR0083,2026-W01,2
DR0083,2026-W02,2
DR0083,2026-W03,2
DR0083,2026-W04,1
DR0083,2026-W05,3
DR0083,2026-W06,1
DR0083,2026-W07,4
DR0083,2026-W08,3
DR0083,2026-W09,1
DR0083,2026-W10,1
DR0083,2026-W11,2
DR0083,2026-W12,2
DR0083,2026-W14,1
DR0083,2026-W15,2
DR0083,2026-W16,1
DR0083,2026-W17,2
DR0083,2026-W18,4
DR0083,2026-W22,1
DR0083,2026-W23,2
DR0083,2026-W25,2
DR0083,2026-W26,6
DR0083,2026-W27,2
DR0083,2026-W28,3
DR0083,2026-W29,1
DR0083,2026-W30,6
DR0083,2026-W31,1
DR0083,2026-W32,1
DR0083,2026-W33,1
DR0083,2026-W34,2
DR0083,2026-W36,3
DR0083,2026-W37,2
DR0084,2024-W02,2
DR0084,2024-W03,2
DR0084,2024-W04,2
DR0084,2024-W05,2
DR0084,2024-W06,1
DR0084,2024-W07,2
DR0084,2024-W08,1
DR0084,2024-W09,2
DR0084,2024-W10,3
DR0084,2024-W11,2
DR0084,2024-W12,1
DR0084,2024-W13,4
DR0084,2024-W14,2
DR0084,2024-W15,4
DR0084,2024-W16,1
DR0084,2024-W18,4
DR0084,2024-W19,2
DR0084,2024-W21,2
DR0084,2024-W22,1
DR0084,2024-W23,3
DR0084,2024-W25,3
DR0084,2024-W27,3
DR0084,2024-W28,2
DR0084,2024-W29,1
DR0084,2024-W30,2
DR0084,2024-W31,1
DR0084,2024-W32,5
DR0084,2024-W33,1
DR0084,2024-W34,2
DR0084,2024-W35,2
DR0084,2024-W37,3
DR0084,2024-W38,3
DR0084,2024-W39,2
DR0084,2024-W40,1
DR0084,2024-W41,3
DR0084,2024-W42,2
DR0084,2024-W43,3
DR0084,2024-W44,2
DR0084,2024-W45,3
DR0084,2024-W46,1
DR0084,2024-W47,3
DR0084,2024-W48,1
DR0084,2024-W49,2
DR0084,2024-W51,2
DR0084,2024-W52,2
DR0084,2025-W00,1
DR0084,2025-W01,2
DR0084,2025-W02,4
DR0084,2025-W03,1
DR0084,2025-W04,5
DR0084,2025-W05,1
DR0084,2025-W06,3
DR0084,2025-W08,2
DR0084,2025-W09,2
DR0084,2025-W10,2
DR0084,2025-W11,3
DR0084,2025-W13,3
DR0084,2025-W14,1
DR0084,2025-W15,1
DR0084,2025-W16,2
DR0084,2025-W17,5
DR0084,2025-W19,2
DR0084,2025-W20,3
DR0084,2025-W21,1
DR0084,2025-W22,3
DR0084,2025-W23,1
DR0084,2025-W24,1
DR0084,2025-W25,1
DR0084,2025-W26,1
DR0084,2025-W27,2
DR0084,2025-W28,2
DR0084,2025-W29,3
DR0084,2025-W30,2
DR0084,2025-W31,1
DR0084,2025-W34,2
DR0084,2025-W35,6
DR0084,2025-W36,4
DR0084,2025-W37,3
DR0084,2025-W38,5
DR0084,2025-W39,3
DR0084,2025-W40,1
DR0084,2025-W43,4
DR0084,2025-W44,1
DR0084,2025-W45,3
DR0084,2025-W46,1
DR0084,2025-W47,2
DR0084,2025-W48,5
DR0084,2025-W49,3
DR0084,2025-W50,5
DR0084,2025-W51,2
DR0084,2025-W52,1
DR0084,2026-W00,1
DR0084,2026-W01,3
DR0084,2026-W02,1
DR0084,2026-W03,2
DR0084,2026-W04,5
DR0084,2026-W05,3
DR0084,2026-W06,1
DR0084,2026-W07,4
DR0084,2026-W08,1
DR0084,2026-W09,3
DR0084,2026-W10,1
DR0084,2026-W11,4
DR0084,2026-W12,1
DR0084,2026-W13,3
DR0084,2026-W14,1
DR0084,2026-W15,3
DR0084,2026-W17,1
DR0084,2026-W18,4
DR0084,2026-W19,2
DR0084,2026-W20,3
DR0084,2026-W21,3
DR0084,2026-W23,3
DR0084,2026-W24,1
DR0084,2026-W25,4
DR0084,2026-W26,3
DR0084,2026-W27,1
DR0084,2026-W30,3
DR0084,2026-W31,3
DR0084,2026-W32,1
DR0084,2026-W33,1
DR0084,2026-W34,2
DR0084,2026-W36,3
DR0084,2026-W37,2
DR0084,2026-W38,3
DR0084,2026-W39,1
DR0084,2027-W51,1
DR0085,2024-W03,1
DR0085,2024-W04,1
DR0085,2024-W05,4
DR0085,2024-W07,3
DR0085,2024-W08,2
DR0085,2024-W09,4
DR0085,2024-W10,6
DR0085,2024-W11,1
DR0085,2024-W12,2
DR0085,2024-W13,2
DR0085,2024-W14,2
DR0085,2024-W16,2
DR0085,2024-W17,2
DR0085,2024-W19,1
DR0085,2024-W20,4
DR0085,2024-W22,2
DR0085,2024-W24,2
DR0085,2024-W25,1
DR0085,2024-W27,2
DR0085,2024-W28,1
DR0085,2024-W29,2
DR0085,2024-W30,5
DR0085,2024-W31,2
DR0085,2024-W32,4
DR0085,2024-W33,2
DR0085,2024-W34,1
DR0085,2024-W35,5
DR0085,2024-W37,1
DR0085,2024-W38,1
DR0085,2024-W39,2
DR0085,2024-W40,1
DR0085,2024-W41,1
DR0085,2024-W42,1
DR0085,2024-W43,2
DR0085,2024-W44,3
DR0085,2024-W46,1
DR0085,2024-W47,4
DR0085,2024-W48,3
DR0085,2024-W49,4
DR0085,2024-W50,3
DR0085,2024-W51,1
DR0085,2024-W52,2
DR0085,2025-W02,2
DR0085,2025-W04,1
DR0085,2025-W05,1
DR0085,2025-W06,4
DR0085,2025-W07,2
DR0085,2025-W08,1
DR0085,2025-W09,2
DR0085,2025-W10,1
DR0085,2025-W11,2
DR0085,2025-W12,4
DR0085,2025-W13,2
DR0085,2025-W15,2
DR0085,2025-W16,1
DR0085,2025-W17,2
DR0085,2025-W18,1
DR0085,2025-W19,1
DR0085,2025-W22,4
DR0085,2025-W23,3
DR0085,2025-W24,1
DR0085,2025-W25,1
DR0085,2025-W26,4
DR0085,2025-W28,1
DR0085,2025-W29,4
DR0085,2025-W31,2
DR0085,2025-W32,1
DR0085,2025-W33,1
DR0085,2025-W34,1
DR0085,2025-W36,2
DR0085,2025-W37,3
DR0085,2025-W39,1
DR0085,2025-W40,3
DR0085,2025-W41,1
DR0085,2025-W42,1
DR0085,2025-W43,4
DR0085,2025-W44,1
DR0085,2025-W45,2
DR0085,2025-W47,4
DR0085,2025-W49,1
DR0085,2025-W51,1
DR0085,2025-W52,1
DR0085,2026-W01,4
DR0085,2026-W03,1
DR0085,2026-W04,2
DR0085,2026-W05,3
DR0085,2026-W06,1
DR0085,2026-W07,4
DR0085,2026-W08,1
DR0085,2026-W10,2
DR0085,2026-W11,1
DR0085,2026-W12,1
DR0085,2026-W14,1
DR0085,2026-W15,2
DR0085,2026-W16,1
DR0085,2026-W19,1
DR0085,2026-W20,3
DR0085,2026-W21,1
DR0085,2026-W22,1
DR0085,2026-W23,2
DR0085,2026-W25,1
DR0085,2026-W26,1
DR0085,2026-W27,1
DR0085,2026-W29,1
DR0085,2026-W30,2
DR0085,2026-W31,2
DR0085,2026-W32,3
DR0085,2026-W33,3
DR0085,2026-W34,2
DR0085,2026-W35,1
DR0085,2026-W36,3
DR0085,2026-W37,2
DR0085,2026-W38,1
DR0085,2026-W39,1
DR0086,2024-W01,2
DR0086,2024-W02,2
DR0086,2024-W03,1
DR0086,2024-W04,2
DR0086,2024-W05,1
DR0086,2024-W07,2
DR0086,2024-W08,1
DR0086,2024-W09,2
DR0086,2024-W11,1
DR0086,2024-W12,2
DR0086,2024-W13,1
DR0086,2024-W14,2
DR0086,2024-W15,1
DR0086,2024-W18,4
DR0086,2024-W20,1
DR0086,2024-W23,1
DR0086,2024-W26,1
DR0086,2024-W28,1
DR0086,2024-W30,1
DR0086,2024-W31,1
DR0086,2024-W32,1
DR0086,2024-W35,1
DR0086,2024-W36,2
DR0086,2024-W38,1
DR0086,2024-W41,1
DR0086,2024-W43,1
DR0086,2024-W44,1
DR0086,2024-W45,1
DR0086,2024-W46,1
DR0086,2024-W47,1
DR0086,2024-W48,2
DR0086,2024-W50,1
DR0086,2024-W51,3
DR0086,2025-W03,1
DR0086,2025-W04,2
DR0086,2025-W06,3
DR0086,2025-W07,4
DR0086,2025-W09,1
DR0086,2025-W10,2
DR0086,2025-W11,1
DR0086,2025-W13,2
DR0086,2025-W16,1
DR0086,2025-W19,1
DR0086,2025-W22,1
DR0086,2025-W24,2
DR0086,2025-W25,1
DR0086,2025-W29,1
DR0086,2025-W31,1
DR0086,2025-W32,2
DR0086,2025-W33,1
DR0086,2025-W34,1
DR0086,2025-W35,2
DR0086,2025-W36,1
DR0086,2025-W37,1
DR0086,2025-W38,1
DR0086,2025-W41,3
DR0086,2025-W42,1
DR0086,2025-W43,3
DR0086,2025-W46,2
DR0086,2025-W47,1
DR0086,2025-W48,3
DR0086,2025-W50,1
DR0086,2026-W00,1
DR0086,2026-W01,1
DR0086,2026-W02,1
DR0086,2026-W03,1
DR0086,2026-W04,1
DR0086,2026-W06,2
DR0086,2026-W08,2
DR0086,2026-W09,3
DR0086,2026-W10,1
DR0086,2026-W13,1
DR0086,2026-W14,2
DR0086,2026-W15,2
DR0086,2026-W16,1
DR0086,2026-W17,1
DR0086,2026-W19,1
DR0086,2026-W20,1
DR0086,2026-W21,1
DR0086,2026-W22,2
DR0086,2026-W23,2
DR0086,2026-W24,5
DR0086,2026-W25,1
DR0086,2026-W26,2
DR0086,2026-W28,1
DR0086,2026-W30,1
DR0086,2026-W31,3
DR0086,2026-W32,1
DR0086,2026-W35,1
DR0086,2026-W37,2
DR0086,2026-W39,1
DR0087,2024-W11,1
DR0087,2024-W13,1
DR0087,2024-W18,1
DR0087,2025-W03,1
DR0087,2025-W15,2
DR0087,2025-W20,1
DR0087,2025-W24,1
DR0087,2025-W27,1
DR0087,2025-W35,2
DR0087,2025-W44,1
DR0087,2025-W45,1
DR0087,2026-W00,1
DR0087,2026-W01,1
DR0087,2026-W08,1
DR0087,2026-W09,1
DR0087,2026-W18,1
DR0087,2026-W25,1
DR0087,2026-W27,1
DR0087,2026-W35,1
DR0088,2024-W01,1
DR0088,2024-W03,1
DR0088,2024-W04,3
DR0088,2024-W05,3
DR0088,2024-W06,3
DR0088,2024-W07,1
DR0088,2024-W08,2
DR0088,2024-W09,2
DR0088,2024-W10,3
DR0088,2024-W12,4
DR0088,2024-W13,1
DR0088,2024-W14,4
DR0088,2024-W16,1
DR0088,2024-W18,1
DR0088,2024-W19,1
DR0088,2024-W20,2
DR0088,2024-W22,6
DR0088,2024-W25,3
DR0088,2024-W26,2
DR0088,2024-W27,2
DR0088,2024-W28,1
DR0088,2024-W29,2
DR0088,2024-W31,3
DR0088,2024-W32,2
DR0088,2024-W33,2
DR0088,2024-W34,1
DR0088,2024-W36,1
DR0088,2024-W37,2
DR0088,2024-W38,2
DR0088,2024-W39,4
DR0088,2024-W40,2
DR0088,2024-W42,2
DR0088,2024-W43,3
DR0088,2024-W44,1
DR0088,2024-W46,2
DR0088,2024-W47,1
DR0088,2024-W48,2
DR0088,2024-W49,2
DR0088,2024-W50,2
DR0088,2024-W51,1
DR0088,2025-W00,1
DR0088,2025-W01,2
DR0088,2025-W02,3
DR0088,2025-W03,4
DR0088,2025-W04,1
DR0088,2025-W05,3
DR0088,2025-W06,2
DR0088,2025-W07,3
DR0088,2025-W08,1
DR0088,2025-W09,4
DR0088,2025-W10,1
DR0088,2025-W11,4
DR0088,2025-W12,2
DR0088,2025-W13,3
DR0088,2025-W14,2
DR0088,2025-W17,2
DR0088,2025-W18,1
DR0088,2025-W20,2
DR0088,2025-W21,2
DR0088,2025-W22,1
DR0088,2025-W23,1
DR0088,2025-W25,2
DR0088,2025-W26,1
DR0088,2025-W27,4
DR0088,2025-W29,3
DR0088,2025-W30,4
DR0088,2025-W31,3
DR0088,2025-W33,3
DR0088,2025-W35,1
DR0088,2025-W36,3
DR0088,2025-W37,1
DR0088,2025-W39,1
DR0088,2025-W40,1
DR0088,2025-W43,3
DR0088,2025-W44,2
DR0088,2025-W45,3
DR0088,2025-W48,4
DR0088,2025-W49,4
DR0088,2025-W51,2
DR0088,2025-W52,1
DR0088,2026-W01,2
DR0088,2026-W02,4
DR0088,2026-W03,1
DR0088,2026-W04,2
DR0088,2026-W05,2
DR0088,2026-W06,1
DR0088,2026-W07,2
DR0088,2026-W08,2
DR0088,2026-W10,3
DR0088,2026-W11,1
DR0088,2026-W12,1
DR0088,2026-W13,1
DR0088,2026-W14,3
DR0088,2026-W15,1
DR0088,2026-W16,3
DR0088,2026-W17,2
DR0088,2026-W19,2
DR0088,2026-W20,2
DR0088,2026-W22,1
DR0088,2026-W23,3
DR0088,2026-W24,5
DR0088,2026-W25,3
DR0088,2026-W26,1
DR0088,2026-W27,2
DR0088,2026-W29,2
DR0088,2026-W30,3
DR0088,2026-W31,1
DR0088,2026-W32,1
DR0088,2026-W33,1
DR0088,2026-W34,2
DR0088,2026-W35,1
DR0088,2026-W36,2
DR0088,2026-W37,2
DR0088,2026-W38,2
DR0088,2026-W39,2
DR0089,2024-W01,3
DR0089,2024-W02,3
DR0089,2024-W03,4
DR0089,2024-W04,2
DR0089,2024-W05,3
DR0089,2024-W06,3
DR0089,2024-W07,1
DR0089,2024-W08,5
DR0089,2024-W09,3
DR0089,2024-W11,6
DR0089,2024-W12,1
DR0089,2024-W13,4
DR0089,2024-W14,3
DR0089,2024-W15,2
DR0089,2024-W16,1
DR0089,2024-W17,2
DR0089,2024-W18,1
DR0089,2024-W19,2
DR0089,2024-W20,1
DR0089,2024-W21,3
DR0089,2024-W22,2
DR0089,2024-W23,2
DR0089,2024-W24,1
DR0089,2024-W25,5
DR0089,2024-W26,5
DR0089,2024-W27,3
DR0089,2024-W29,1
DR0089,2024-W30,1
DR0089,2024-W32,1
DR0089,2024-W33,2
DR0089,2024-W34,3
DR0089,2024-W35,1
DR0089,2024-W36,3
DR0089,2024-W37,3
DR0089,2024-W38,3
DR0089,2024-W39,1
DR0089,2024-W40,2
DR0089,2024-W41,3
DR0089,2024-W42,3
DR0089,2024-W43,2
DR0089,2024-W44,5
DR0089,2024-W45,5
DR0089,2024-W46,5
DR0089,2024-W47,4
DR0089,2024-W48,3
DR0089,2024-W49,5
DR0089,2024-W50,2
DR0089,2024-W51,3
DR0089,2024-W52,1
DR0089,2025-W01,1
DR0089,2025-W02,4
DR0089,2025-W03,3
DR0089,2025-W04,3
DR0089,2025-W05,4
DR0089,2025-W06,2
DR0089,2025-W07,2
DR0089,2025-W08,2
DR0089,2025-W09,4
DR0089,2025-W10,5
DR0089,2025-W11,2
DR0089,2025-W12,2
DR0089,2025-W13,1
DR0089,2025-W14,3
DR0089,2025-W15,1
DR0089,2025-W18,3
DR0089,2025-W19,4
DR0089,2025-W20,6
DR0089,2025-W21,2
DR0089,2025-W22,2
DR0089,2025-W24,1
DR0089,2025-W25,1
DR0089,2025-W26,1
DR0089,2025-W27,2
DR0089,2025-W28,2
DR0089,2025-W29,1
DR0089,2025-W30,1
DR0089,2025-W31,1
DR0089,2025-W32,1
DR0089,2025-W33,3
DR0089,2025-W34,1
DR0089,2025-W35,2
DR0089,2025-W36,2
DR0089,2025-W37,3
DR0089,2025-W38,3
DR0089,2025-W39,3
DR0089,2025-W40,3
DR0089,2025-W41,1
DR0089,2025-W42,1
DR0089,2025-W43,2
DR0089,2025-W44,2
DR0089,2025-W45,2
DR0089,2025-W46,5
DR0089,2025-W47,3
DR0089,2025-W51,1
DR0089,2026-W00,2
DR0089,2026-W01,3
DR0089,2026-W02,4
DR0089,2026-W03,1
DR0089,2026-W04,2
DR0089,2026-W05,1
DR0089,2026-W06,4
DR0089,2026-W07,1
DR0089,2026-W08,2
DR0089,2026-W09,3
DR0089,2026-W10,1
DR0089,2026-W11,4
DR0089,2026-W12,2
DR0089,2026-W13,4
DR0089,2026-W14,2
DR0089,2026-W15,3
DR0089,2026-W17,2
DR0089,2026-W18,1
DR0089,2026-W19,1
DR0089,2026-W20,1
DR0089,2026-W21,4
DR0089,2026-W22,2
DR0089,2026-W23,5
DR0089,2026-W24,3
DR0089,2026-W25,2
DR0089,2026-W26,4
DR0089,2026-W27,4
DR0089,2026-W28,1
DR0089,2026-W29,2
DR0089,2026-W30,4
DR0089,2026-W31,1
DR0089,2026-W32,4
DR0089,2026-W33,1
DR0089,2026-W34,4
DR0089,2026-W35,2
DR0089,2026-W36,4
DR0089,2026-W37,4
DR0089,2026-W38,3
DR0090,2024-W01,2
DR0090,2024-W02,1
DR0090,2024-W03,2
DR0090,2024-W04,3
DR0090,2024-W05,3
DR0090,2024-W06,2
DR0090,2024-W08,2
DR0090,2024-W10,2
DR0090,2024-W11,5
DR0090,2024-W12,1
DR0090,2024-W13,2
DR0090,2024-W14,2
DR0090,2024-W15,1
DR0090,2024-W16,1
DR0090,2024-W17,2
DR0090,2024-W19,1
DR0090,2024-W21,3
DR0090,2024-W23,4
DR0090,2024-W24,1
DR0090,2024-W25,1
DR0090,2024-W26,1
DR0090,2024-W27,2
DR0090,2024-W28,2
DR0090,2024-W29,1
DR0090,2024-W30,3
DR0090,2024-W31,2
DR0090,2024-W32,2
DR0090,2024-W33,1
DR0090,2024-W34,1
DR0090,2024-W35,1
DR0090,2024-W36,3
DR0090,2024-W38,1
DR0090,2024-W39,3
DR0090,2024-W40,4
DR0090,2024-W41,1
DR0090,2024-W43,2
DR0090,2024-W44,2
DR0090,2024-W45,2
DR0090,2024-W47,3
DR0090,2024-W48,3
DR0090,2024-W49,7
DR0090,2024-W50,1
DR0090,2024-W51,2
DR0090,2024-W52,2
DR0090,2025-W00,2
DR0090,2025-W01,1
DR0090,2025-W02,1
DR0090,2025-W04,2
DR0090,2025-W05,6
DR0090,2025-W06,1
DR0090,2025-W07,4
DR0090,2025-W08,2
DR0090,2025-W09,1
DR0090,2025-W10,2
DR0090,2025-W11,3
DR0090,2025-W12,2
DR0090,2025-W14,1
DR0090,2025-W15,1
DR0090,2025-W17,2
DR0090,2025-W18,1
DR0090,2025-W19,3
DR0090,2025-W21,1
DR0090,2025-W22,2
DR0090,2025-W23,1
DR0090,2025-W24,2
DR0090,2025-W25,1
DR0090,2025-W26,3
DR0090,2025-W27,3
DR0090,2025-W28,1
DR0090,2025-W29,3
DR0090,2025-W31,1
DR0090,2025-W32,4
DR0090,2025-W34,3
DR0090,2025-W35,1
DR0090,2025-W36,2
DR0090,2025-W38,2
DR0090,2025-W39,1
DR0090,2025-W40,3
DR0090,2025-W41,2
DR0090,2025-W42,2
DR0090,2025-W43,3
DR0090,2025-W44,2
DR0090,2025-W45,2
DR0090,2025-W46,1
DR0090,2025-W47,2
DR0090,2025-W48,2
DR0090,2025-W49,3
DR0090,2025-W50,3
DR0090,2025-W51,7
DR0090,2026-W00,3
DR0090,2026-W01,4
DR0090,2026-W02,3
DR0090,2026-W04,3
DR0090,2026-W05,4
DR0090,2026-W06,4
DR0090,2026-W07,3
DR0090,2026-W08,5
DR0090,2026-W09,2
DR0090,2026-W10,2
DR0090,2026-W11,2
DR0090,2026-W12,2
DR0090,2026-W13,2
DR0090,2026-W14,2
DR0090,2026-W16,1
DR0090,2026-W17,1
DR0090,2026-W18,1
DR0090,2026-W19,2
DR0090,2026-W20,2
DR0090,2026-W21,4
DR0090,2026-W22,2
DR0090,2026-W23,4
DR0090,2026-W26,2
DR0090,2026-W28,1
DR0090,2026-W29,1
DR0090,2026-W30,1
DR0090,2026-W31,2
DR0090,2026-W32,3
DR0090,2026-W34,1
DR0090,2026-W35,4
DR0090,2026-W37,1
DR0090,2026-W38,3
DR0090,2026-W39,2
DR0091,2024-W08,1
DR0091,2024-W13,1
DR0091,2024-W15,1
DR0091,2024-W25,1
DR0091,2024-W48,1
DR0091,2024-W52,1
DR0091,2025-W00,2
DR0091,2025-W01,1
DR0091,2025-W02,1
DR0091,2025-W05,1
DR0091,2025-W11,1
DR0091,2025-W13,1
DR0091,2025-W14,1
DR0091,2025-W15,1
DR0091,2025-W23,1
DR0091,2025-W28,1
DR0091,2025-W29,1
DR0091,2025-W44,2
DR0091,2025-W46,1
DR0091,2025-W49,1
DR0091,2026-W03,2
DR0091,2026-W04,1
DR0091,2026-W10,1
DR0091,2026-W17,2
DR0091,2026-W24,1
DR0091,2026-W27,1
DR0091,2026-W28,1
DR0091,2026-W33,1
DR0091,2026-W34,1
DR0091,2026-W37,2
DR0092,2024-W03,1
DR0092,2024-W08,1
DR0092,2024-W11,1
DR0092,2024-W17,1
DR0092,2024-W18,2
DR0092,2024-W27,1
DR0092,2024-W28,1
DR0092,2024-W31,1
DR0092,2024-W33,1
DR0092,2024-W40,1
DR0092,2024-W47,1
DR0092,2025-W00,2
DR0092,2025-W03,1
DR0092,2025-W07,1
DR0092,2025-W11,1
DR0092,2025-W13,1
DR0092,2025-W14,1
DR0092,2025-W16,1
DR0092,2025-W20,1
DR0092,2025-W21,1
DR0092,2025-W24,1
DR0092,2025-W26,1
DR0092,2025-W34,1
DR0092,2025-W39,1
DR0092,2025-W41,1
DR0092,2025-W50,1
DR0092,2025-W52,1
DR0092,2026-W01,2
DR0092,2026-W02,1
DR0092,2026-W04,1
DR0092,2026-W05,1
DR0092,2026-W09,1
DR0092,2026-W14,2
DR0092,2026-W15,1
DR0092,2026-W28,2
DR0092,2026-W31,1
DR0092,2026-W39,1
DR0093,2024-W01,3
DR0093,2024-W02,1
DR0093,2024-W03,2
DR0093,2024-W04,6
DR0093,2024-W05,7
DR0093,2024-W06,1
DR0093,2024-W07,1
DR0093,2024-W08,4
DR0093,2024-W09,4
DR0093,2024-W10,2
DR0093,2024-W11,3
DR0093,2024-W13,4
DR0093,2024-W14,3
DR0093,2024-W15,1
DR0093,2024-W16,2
DR0093,2024-W17,5
DR0093,2024-W18,5
DR0093,2024-W19,3
DR0093,2024-W20,6
DR0093,2024-W21,5
DR0093,2024-W22,2
DR0093,2024-W23,3
DR0093,2024-W24,6
DR0093,2024-W25,1
DR0093,2024-W26,3
DR0093,2024-W27,1
DR0093,2024-W28,2
DR0093,2024-W29,4
DR0093,2024-W30,3
DR0093,2024-W31,9
DR0093,2024-W32,3
DR0093,2024-W34,1
DR0093,2024-W35,2
DR0093,2024-W36,2
DR0093,2024-W37,5
DR0093,2024-W38,6
DR0093,2024-W39,2
DR0093,2024-W40,1
DR0093,2024-W41,1
DR0093,2024-W42,2
DR0093,2024-W44,4
DR0093,2024-W45,2
DR0093,2024-W46,2
DR0093,2024-W47,1
DR0093,2024-W48,1
DR0093,2024-W49,2
DR0093,2024-W50,6
DR0093,2024-W51,2
DR0093,2024-W52,3
DR0093,2024-W53,2
DR0093,2025-W00,1
DR0093,2025-W01,2
DR0093,2025-W02,6
DR0093,2025-W03,1
DR0093,2025-W06,1
DR0093,2025-W07,1
DR0093,2025-W08,1
DR0093,2025-W09,4
DR0093,2025-W10,3
DR0093,2025-W11,1
DR0093,2025-W12,1
DR0093,2025-W13,5
DR0093,2025-W14,2
DR0093,2025-W15,1
DR0093,2025-W16,2
DR0093,2025-W18,4
DR0093,2025-W19,1
DR0093,2025-W20,2
DR0093,2025-W21,3
DR0093,2025-W22,4
DR0093,2025-W23,5
DR0093,2025-W24,4
DR0093,2025-W25,2
DR0093,2025-W26,6
DR0093,2025-W27,1
DR0093,2025-W28,1
DR0093,2025-W29,5
DR0093,2025-W30,5
DR0093,2025-W31,4
DR0093,2025-W32,4
DR0093,2025-W33,3
DR0093,2025-W34,2
DR0093,2025-W35,3
DR0093,2025-W36,4
DR0093,2025-W37,2
DR0093,2025-W38,3
DR0093,2025-W39,1
DR0093,2025-W40,6
DR0093,2025-W41,2
DR0093,2025-W42,2
DR0093,2025-W43,4
DR0093,2025-W44,2
DR0093,2025-W45,4
DR0093,2025-W46,3
DR0093,2025-W47,1
DR0093,2025-W48,3
DR0093,2025-W49,2
DR0093,2025-W50,3
DR0093,2025-W51,3
DR0093,2025-W52,4
DR0093,2026-W00,1
DR0093,2026-W01,3
DR0093,2026-W02,3
DR0093,2026-W03,4
DR0093,2026-W04,6
DR0093,2026-W05,3
DR0093,2026-W06,1
DR0093,2026-W07,3
DR0093,2026-W08,1
DR0093,2026-W09,2
DR0093,2026-W10,1
DR0093,2026-W11,7
DR0093,2026-W13,3
DR0093,2026-W14,4
DR0093,2026-W15,2
DR0093,2026-W16,3
DR0093,2026-W17,2
DR0093,2026-W18,2
DR0093,2026-W19,1
DR0093,2026-W20,1
DR0093,2026-W22,4
DR0093,2026-W23,6
DR0093,2026-W24,3
DR0093,2026-W25,1
DR0093,2026-W26,6
DR0093,2026-W27,6
DR0093,2026-W28,3
DR0093,2026-W29,4
DR0093,2026-W31,3
DR0093,2026-W33,2
DR0093,2026-W34,4
DR0093,2026-W35,2
DR0093,2026-W36,2
DR0093,2026-W37,3
DR0093,2026-W38,2
DR0094,2024-W07,1
DR0094,2024-W19,1
DR0094,2024-W24,1
DR0094,2024-W34,1
DR0094,2024-W38,1
DR0094,2024-W41,1
DR0094,2024-W43,1
DR0094,2024-W47,1
DR0094,2024-W48,1
DR0094,2024-W52,1
DR0094,2024-W53,1
DR0094,2025-W01,1
DR0094,2025-W11,1
DR0094,2025-W20,1
DR0094,2025-W27,1
DR0094,2025-W29,1
DR0094,2025-W31,2
DR0094,2025-W33,1
DR0094,2025-W34,1
DR0094,2025-W35,1
DR0094,2025-W36,1
DR0094,2025-W41,1
DR0094,2025-W42,3
DR0094,2025-W43,1
DR0094,2025-W45,1
DR0094,2025-W46,1
DR0094,2025-W51,1
DR0094,2026-W01,1
DR0094,2026-W03,1
DR0094,2026-W04,1
DR0094,2026-W07,1
DR0094,2026-W10,1
DR0094,2026-W17,1
DR0094,2026-W24,1
DR0094,2026-W30,1
DR0094,2026-W32,2
DR0095,2024-W02,1
DR0095,2024-W05,1
DR0095,2024-W06,1
DR0095,2024-W09,1
DR0095,2024-W13,1
DR0095,2024-W17,1
DR0095,2024-W18,1
DR0095,2024-W19,1
DR0095,2024-W33,1
DR0095,2024-W36,3
DR0095,2024-W41,2
DR0095,2024-W44,1
DR0095,2024-W46,1
DR0095,2024-W49,1
DR0095,2024-W52,1
DR0095,2025-W11,1
DR0095,2025-W17,1
DR0095,2025-W19,2
DR0095,2025-W22,1
DR0095,2025-W25,1
DR0095,2025-W26,1
DR0095,2025-W29,1
DR0095,2025-W32,1
DR0095,2025-W35,2
DR0095,2025-W37,1
DR0095,2025-W38,1
DR0095,2025-W39,1
DR0095,2025-W44,2
DR0095,2026-W00,1
DR0095,2026-W07,1
DR0095,2026-W11,1
DR0095,2026-W16,1
DR0095,2026-W18,2
DR0095,2026-W20,1
DR0095,2026-W23,1
DR0095,2026-W25,1
DR0095,2026-W30,1
DR0095,2026-W34,1
DR0095,2026-W37,2
DR0095,2026-W39,1
DR0096,2024-W01,1
DR0096,2024-W04,1
DR0096,2024-W07,1
DR0096,2024-W11,1
DR0096,2024-W14,1
DR0096,2024-W16,1
DR0096,2024-W17,1
DR0096,2024-W18,1
DR0096,2024-W19,1
DR0096,2024-W21,1
DR0096,2024-W22,1
DR0096,2024-W24,1
DR0096,2024-W27,1
DR0096,2024-W28,1
DR0096,2024-W33,1
DR0096,2024-W34,1
DR0096,2024-W40,1
DR0096,2024-W41,1
DR0096,2024-W42,3
DR0096,2024-W43,1
DR0096,2024-W44,1
DR0096,2024-W46,1
DR0096,2024-W49,2
DR0096,2024-W50,1
DR0096,2024-W52,2
DR0096,2025-W02,1
DR0096,2025-W03,1
DR0096,2025-W05,2
DR0096,2025-W06,1
DR0096,2025-W10,2
DR0096,2025-W12,2
DR0096,2025-W15,1
DR0096,2025-W16,1
DR0096,2025-W18,1
DR0096,2025-W19,1
DR0096,2025-W23,2
DR0096,2025-W24,1
DR0096,2025-W25,1
DR0096,2025-W26,2
DR0096,2025-W30,1
DR0096,2025-W32,1
DR0096,2025-W35,1
DR0096,2025-W36,1
DR0096,2025-W37,1
DR0096,2025-W41,1
DR0096,2025-W47,1
DR0096,2025-W48,1
DR0096,2025-W49,1
DR0096,2026-W01,1
DR0096,2026-W02,1
DR0096,2026-W04,1
DR0096,2026-W08,1
DR0096,2026-W10,1
DR0096,2026-W13,2
DR0096,2026-W14,2
DR0096,2026-W15,1
DR0096,2026-W21,2
DR0096,2026-W22,1
DR0096,2026-W23,1
DR0096,2026-W24,1
DR0096,2026-W25,1
DR0096,2026-W26,1
DR0096,2026-W33,1
DR0096,2026-W34,1
DR0096,2026-W36,2
DR0096,2026-W38,1
DR0097,2024-W08,1
DR0097,2024-W10,2
DR0097,2024-W13,1
DR0097,2024-W16,1
DR0097,2024-W17,1
DR0097,2024-W20,1
DR0097,2024-W23,1
DR0097,2024-W29,1
DR0097,2024-W30,1
DR0097,2024-W31,1
DR0097,2024-W34,1
DR0097,2024-W42,2
DR0097,2024-W44,1
DR0097,2025-W03,1
DR0097,2025-W10,1
DR0097,2025-W13,1
DR0097,2025-W16,1
DR0097,2025-W21,2
DR0097,2025-W22,1
DR0097,2025-W24,1
DR0097,2025-W26,1
DR0097,2025-W32,1
DR0097,2025-W33,1
DR0097,2025-W35,1
DR0097,2025-W38,1
DR0097,2025-W39,1
DR0097,2025-W40,1
DR0097,2025-W41,2
DR0097,2025-W45,1
DR0097,2025-W48,1
DR0097,2026-W01,1
DR0097,2026-W13,1
DR0097,2026-W15,1
DR0097,2026-W17,2
DR0097,2026-W21,1
DR0097,2026-W27,1
DR0097,2026-W31,1
DR0097,2026-W32,1
DR0097,2026-W33,2
DR0098,2024-W01,2
DR0098,2024-W02,1
DR0098,2024-W03,1
DR0098,2024-W05,2
DR0098,2024-W08,1
DR0098,2024-W09,2
DR0098,2024-W10,2
DR0098,2024-W17,1
DR0098,2024-W18,1
DR0098,2024-W19,1
DR0098,2024-W20,1
DR0098,2024-W22,1
DR0098,2024-W25,2
DR0098,2024-W26,1
DR0098,2024-W27,1
DR0098,2024-W30,2
DR0098,2024-W33,1
DR0098,2024-W34,1
DR0098,2024-W35,1
DR0098,2024-W38,1
DR0098,2024-W41,1
DR0098,2024-W42,1
DR0098,2024-W45,1
DR0098,2024-W47,1
DR0098,2024-W50,1
DR0098,2024-W52,3
DR0098,2025-W00,1
DR0098,2025-W01,1
DR0098,2025-W03,2
DR0098,2025-W05,1
DR0098,2025-W06,1
DR0098,2025-W12,1
DR0098,2025-W13,1
DR0098,2025-W15,1
DR0098,2025-W16,2
DR0098,2025-W19,1
DR0098,2025-W23,2
DR0098,2025-W24,1
DR0098,2025-W30,1
DR0098,2025-W33,1
DR0098,2025-W35,1
DR0098,2025-W36,1
DR0098,2025-W38,2
DR0098,2025-W46,4
DR0098,2025-W48,1
DR0098,2025-W49,1
DR0098,2026-W00,1
DR0098,2026-W01,4
DR0098,2026-W02,1
DR0098,2026-W03,1
DR0098,2026-W07,1
DR0098,2026-W10,1
DR0098,2026-W11,2
DR0098,2026-W12,3
DR0098,2026-W13,1
DR0098,2026-W14,2
DR0098,2026-W15,2
DR0098,2026-W16,2
DR0098,2026-W20,1
DR0098,2026-W24,1
DR0098,2026-W26,2
DR0098,2026-W31,1
DR0098,2026-W32,1
DR0098,2026-W33,1
DR0098,2026-W36,2
DR0099,2024-W03,2
DR0099,2024-W05,1
DR0099,2024-W06,1
DR0099,2024-W10,1
DR0099,2024-W11,1
DR0099,2024-W13,1
DR0099,2024-W19,1
DR0099,2024-W23,2
DR0099,2024-W26,1
DR0099,2024-W27,1
DR0099,2024-W31,1
DR0099,2024-W34,2
DR0099,2024-W35,1
DR0099,2024-W36,2
DR0099,2024-W38,1
DR0099,2024-W42,1
DR0099,2024-W45,2
DR0099,2024-W46,1
DR0099,2024-W48,1
DR0099,2024-W49,2
DR0099,2024-W51,1
DR0099,2024-W52,1
DR0099,2024-W53,1
DR0099,2025-W01,1
DR0099,2025-W02,1
DR0099,2025-W03,1
DR0099,2025-W06,1
DR0099,2025-W07,1
DR0099,2025-W11,2
DR0099,2025-W13,1
DR0099,2025-W15,1
DR0099,2025-W16,1
DR0099,2025-W17,1
DR0099,2025-W18,2
DR0099,2025-W19,3
DR0099,2025-W20,1
DR0099,2025-W23,1
DR0099,2025-W24,2
DR0099,2025-W30,3
DR0099,2025-W31,1
DR0099,2025-W32,1
DR0099,2025-W35,1
DR0099,2025-W37,3
DR0099,2025-W42,1
DR0099,2025-W44,1
DR0099,2025-W48,1
DR0099,2025-W49,1
DR0099,2026-W01,1
DR0099,2026-W02,1
DR0099,2026-W05,2
DR0099,2026-W08,1
DR0099,2026-W10,1
DR0099,2026-W13,2
DR0099,2026-W14,3
DR0099,2026-W18,1
DR0099,2026-W19,1
DR0099,2026-W22,1
DR0099,2026-W25,1
DR0099,2026-W26,1
DR0099,2026-W27,2
DR0099,2026-W31,1
DR0099,2026-W38,1
DR0100,2024-W02,1
DR0100,2024-W25,1
DR0100,2024-W28,1
DR0100,2024-W35,1
DR0100,2024-W48,1
DR0100,2025-W03,1
DR0100,2025-W06,1
DR0100,2025-W07,1
DR0100,2025-W14,1
DR0100,2025-W17,1
DR0100,2025-W19,2
DR0100,2025-W21,1
DR0100,2025-W22,3
DR0100,2025-W26,1
DR0100,2025-W27,1
DR0100,2025-W30,1
DR0100,2025-W33,1
DR0100,2025-W38,1
DR0100,2025-W39,1
DR0100,2025-W41,1
DR0100,2025-W49,1
DR0100,2025-W50,1
DR0100,2025-W51,1
DR0100,2026-W06,3
DR0100,2026-W12,2
DR0100,2026-W23,1
DR0100,2026-W24,1
DR0100,2026-W29,2
DR0100,2026-W32,1
DR0100,2026-W33,1
DR0101,2024-W01,1
DR0101,2024-W02,2
DR0101,2024-W03,2
DR0101,2024-W08,1
DR0101,2024-W10,1
DR0101,2024-W13,1
DR0101,2024-W17,1
DR0101,2024-W20,1
DR0101,2024-W21,1
DR0101,2024-W24,1
DR0101,2024-W28,2
DR0101,2024-W30,1
DR0101,2024-W31,1
DR0101,2024-W34,1
DR0101,2024-W38,2
DR0101,2024-W39,1
DR0101,2024-W40,2
DR0101,2024-W41,1
DR0101,2024-W44,1
DR0101,2024-W45,1
DR0101,2024-W47,1
DR0101,2024-W51,2
DR0101,2024-W53,1
DR0101,2025-W01,1
DR0101,2025-W02,1
DR0101,2025-W04,1
DR0101,2025-W09,1
DR0101,2025-W17,1
DR0101,2025-W18,1
DR0101,2025-W23,1
DR0101,2025-W26,1
DR0101,2025-W27,1
DR0101,2025-W28,1
DR0101,2025-W29,3
DR0101,2025-W30,1
DR0101,2025-W31,1
DR0101,2025-W33,2
DR0101,2025-W37,1
DR0101,2025-W41,1
DR0101,2025-W42,1
DR0101,2025-W45,3
DR0101,2025-W52,2
DR0101,2026-W00,1
DR0101,2026-W01,1
DR0101,2026-W03,2
DR0101,2026-W05,2
DR0101,2026-W07,1
DR0101,2026-W08,1
DR0101,2026-W11,1
DR0101,2026-W14,1
DR0101,2026-W15,1
DR0101,2026-W16,1
DR0101,2026-W20,1
DR0101,2026-W22,1
DR0101,2026-W26,1
DR0101,2026-W28,1
DR0101,2026-W30,3
DR0101,2026-W31,1
DR0101,2026-W33,2
DR0101,2026-W34,1
DR0101,2026-W38,1
DR0102,2024-W01,1
DR0102,2024-W02,2
DR0102,2024-W04,4
DR0102,2024-W05,1
DR0102,2024-W07,4
DR0102,2024-W09,4
DR0102,2024-W10,2
DR0102,2024-W11,1
DR0102,2024-W14,1
DR0102,2024-W15,1
DR0102,2024-W16,4
DR0102,2024-W19,2
DR0102,2024-W20,5
DR0102,2024-W21,3
DR0102,2024-W22,1
DR0102,2024-W23,4
DR0102,2024-W24,2
DR0102,2024-W25,1
DR0102,2024-W26,2
DR0102,2024-W27,1
DR0102,2024-W28,1
DR0102,2024-W29,2
DR0102,2024-W30,1
DR0102,2024-W31,2
DR0102,2024-W32,4
DR0102,2024-W33,1
DR0102,2024-W36,2
DR0102,2024-W37,2
DR0102,2024-W38,4
DR0102,2024-W39,3
DR0102,2024-W40,1
DR0102,2024-W42,4
DR0102,2024-W44,1
DR0102,2024-W45,2
DR0102,2024-W46,4
DR0102,2024-W47,1
DR0102,2024-W48,1
DR0102,2024-W49,1
DR0102,2024-W50,1
DR0102,2024-W51,2
DR0102,2024-W52,2
DR0102,2025-W00,3
DR0102,2025-W01,2
DR0102,2025-W02,1
DR0102,2025-W03,1
DR0102,2025-W05,4
DR0102,2025-W06,2
DR0102,2025-W08,1
DR0102,2025-W09,1
DR0102,2025-W10,1
DR0102,2025-W11,1
DR0102,2025-W13,2
DR0102,2025-W14,3
DR0102,2025-W15,1
DR0102,2025-W16,1
DR0102,2025-W17,1
DR0102,2025-W18,2
DR0102,2025-W19,1
DR0102,2025-W20,5
DR0102,2025-W22,1
DR0102,2025-W23,1
DR0102,2025-W24,1
DR0102,2025-W25,2
DR0102,2025-W26,2
DR0102,2025-W27,3
DR0102,2025-W28,5
DR0102,2025-W30,3
DR0102,2025-W31,3
DR0102,2025-W32,1
DR0102,2025-W34,1
DR0102,2025-W35,1
DR0102,2025-W37,2
DR0102,2025-W38,1
DR0102,2025-W39,1
DR0102,2025-W40,4
DR0102,2025-W42,2
DR0102,2025-W44,1
DR0102,2025-W45,1
DR0102,2025-W46,3
DR0102,2025-W47,3
DR0102,2025-W48,2
DR0102,2025-W50,2
DR0102,2025-W51,2
DR0102,2025-W52,1
DR0102,2026-W00,1
DR0102,2026-W01,2
DR0102,2026-W02,4
DR0102,2026-W03,2
DR0102,2026-W04,4
DR0102,2026-W05,2
DR0102,2026-W06,3
DR0102,2026-W07,1
DR0102,2026-W08,1
DR0102,2026-W09,1
DR0102,2026-W10,2
DR0102,2026-W12,5
DR0102,2026-W13,2
DR0102,2026-W14,2
DR0102,2026-W16,3
DR0102,2026-W17,1
DR0102,2026-W18,2
DR0102,2026-W19,1
DR0102,2026-W20,4
DR0102,2026-W21,1
DR0102,2026-W22,2
DR0102,2026-W23,2
DR0102,2026-W24,3
DR0102,2026-W25,3
DR0102,2026-W26,2
DR0102,2026-W29,2
DR0102,2026-W32,2
DR0102,2026-W33,1
DR0102,2026-W34,3
DR0102,2026-W35,3
DR0102,2026-W37,3
DR0102,2026-W38,1
DR0102,2026-W39,1
DR0103,2024-W01,2
DR0103,2024-W02,3
DR0103,2024-W03,3
DR0103,2024-W04,5
DR0103,2024-W05,5
DR0103,2024-W06,2
DR0103,2024-W07,2
DR0103,2024-W08,5
DR0103,2024-W09,1
DR0103,2024-W10,3
DR0103,2024-W11,4
DR0103,2024-W12,4
DR0103,2024-W13,3
DR0103,2024-W15,3
DR0103,2024-W16,2
DR0103,2024-W17,4
DR0103,2024-W18,1
DR0103,2024-W19,3
DR0103,2024-W20,1
DR0103,2024-W21,1
DR0103,2024-W22,3
DR0103,2024-W23,1
DR0103,2024-W24,3
DR0103,2024-W25,3
DR0103,2024-W26,5
DR0103,2024-W28,3
DR0103,2024-W29,2
DR0103,2024-W30,1
DR0103,2024-W31,1
DR0103,2024-W32,2
DR0103,2024-W33,1
DR0103,2024-W34,7
DR0103,2024-W35,6
DR0103,2024-W36,1
DR0103,2024-W38,5
DR0103,2024-W39,1
DR0103,2024-W40,3
DR0103,2024-W41,3
DR0103,2024-W42,2
DR0103,2024-W43,3
DR0103,2024-W44,3
DR0103,2024-W45,6
DR0103,2024-W46,4
DR0103,2024-W47,5
DR0103,2024-W48,3
DR0103,2024-W49,3
DR0103,2024-W50,3
DR0103,2024-W51,5
DR0103,2024-W52,5
DR0103,2024-W53,1
DR0103,2025-W00,2
DR0103,2025-W02,1
DR0103,2025-W03,2
DR0103,2025-W04,5
DR0103,2025-W05,3
DR0103,2025-W06,2
DR0103,2025-W07,6
DR0103,2025-W08,4
DR0103,2025-W09,4
DR0103,2025-W10,4
DR0103,2025-W11,2
DR0103,2025-W12,3
DR0103,2025-W13,3
DR0103,2025-W14,1
DR0103,2025-W15,3
DR0103,2025-W17,2
DR0103,2025-W18,1
DR0103,2025-W22,3
DR0103,2025-W23,4
DR0103,2025-W24,3
DR0103,2025-W25,1
DR0103,2025-W26,2
DR0103,2025-W27,6
DR0103,2025-W28,1
DR0103,2025-W29,3
DR0103,2025-W30,1
DR0103,2025-W32,1
DR0103,2025-W33,2
DR0103,2025-W35,1
DR0103,2025-W36,2
DR0103,2025-W37,4
DR0103,2025-W38,3
DR0103,2025-W39,2
DR0103,2025-W40,3
DR0103,2025-W42,3
DR0103,2025-W43,3
DR0103,2025-W44,1
DR0103,2025-W45,1
DR0103,2025-W46,4
DR0103,2025-W48,2
DR0103,2025-W49,3
DR0103,2025-W50,2
DR0103,2025-W51,2
DR0103,2025-W52,1
DR0103,2026-W00,1
DR0103,2026-W01,4
DR0103,2026-W02,5
DR0103,2026-W03,4
DR0103,2026-W04,1
DR0103,2026-W05,3
DR0103,2026-W06,4
DR0103,2026-W07,3
DR0103,2026-W08,4
DR0103,2026-W09,3
DR0103,2026-W10,3
DR0103,2026-W11,2
DR0103,2026-W12,3
DR0103,2026-W13,2
DR0103,2026-W14,4
DR0103,2026-W15,1
DR0103,2026-W16,1
DR0103,2026-W17,5
DR0103,2026-W18,2
DR0103,2026-W19,3
DR0103,2026-W20,2
DR0103,2026-W21,1
DR0103,2026-W22,6
DR0103,2026-W23,2
DR0103,2026-W24,4
DR0103,2026-W25,2
DR0103,2026-W26,2
DR0103,2026-W27,4
DR0103,2026-W28,5
DR0103,2026-W29,2
DR0103,2026-W30,3
DR0103,2026-W31,7
DR0103,2026-W32,2
DR0103,2026-W33,4
DR0103,2026-W34,4
DR0103,2026-W35,3
DR0103,2026-W36,3
DR0103,2026-W37,3
DR0103,2026-W38,3
DR0103,2026-W39,2
DR0104,2024-W01,3
DR0104,2024-W02,3
DR0104,2024-W03,1
DR0104,2024-W06,1
DR0104,2024-W07,2
DR0104,2024-W08,2
DR0104,2024-W09,1
DR0104,2024-W11,1
DR0104,2024-W13,2
DR0104,2024-W15,1
DR0104,2024-W18,2
DR0104,2024-W20,1
DR0104,2024-W22,2
DR0104,2024-W23,1
DR0104,2024-W25,1
DR0104,2024-W26,3
DR0104,2024-W27,1
DR0104,2024-W29,1
DR0104,2024-W31,1
DR0104,2024-W32,1
DR0104,2024-W33,1
DR0104,2024-W35,3
DR0104,2024-W36,2
DR0104,2024-W39,1
DR0104,2024-W40,1
DR0104,2024-W41,1
DR0104,2024-W42,4
DR0104,2024-W44,2
DR0104,2024-W45,3
DR0104,2024-W46,2
DR0104,2024-W47,5
DR0104,2024-W48,2
DR0104,2024-W49,2
DR0104,2024-W50,1
DR0104,2024-W51,3
DR0104,2024-W52,2
DR0104,2025-W00,1
DR0104,2025-W01,2
DR0104,2025-W02,1
DR0104,2025-W03,1
DR0104,2025-W04,3
DR0104,2025-W05,1
DR0104,2025-W06,1
DR0104,2025-W07,3
DR0104,2025-W08,1
DR0104,2025-W11,1
DR0104,2025-W12,2
DR0104,2025-W13,1
DR0104,2025-W14,1
DR0104,2025-W16,1
DR0104,2025-W18,3
DR0104,2025-W19,1
DR0104,2025-W20,2
DR0104,2025-W21,2
DR0104,2025-W22,3
DR0104,2025-W26,2
DR0104,2025-W27,1
DR0104,2025-W29,1
DR0104,2025-W31,1
DR0104,2025-W32,1
DR0104,2025-W34,1
DR0104,2025-W36,1
DR0104,2025-W37,2
DR0104,2025-W38,1
DR0104,2025-W39,1
DR0104,2025-W40,1
DR0104,2025-W41,1
DR0104,2025-W42,1
DR0104,2025-W43,2
DR0104,2025-W44,2
DR0104,2025-W46,2
DR0104,2025-W47,2
DR0104,2025-W48,2
DR0104,2025-W49,5
DR0104,2025-W52,1
DR0104,2026-W02,2
DR0104,2026-W03,1
DR0104,2026-W05,1
DR0104,2026-W07,2
DR0104,2026-W08,1
DR0104,2026-W09,1
DR0104,2026-W10,4
DR0104,2026-W12,3
DR0104,2026-W13,1
DR0104,2026-W15,1
DR0104,2026-W16,1
DR0104,2026-W19,3
DR0104,2026-W20,2
DR0104,2026-W21,1
DR0104,2026-W22,3
DR0104,2026-W23,1
DR0104,2026-W26,1
DR0104,2026-W27,4
DR0104,2026-W28,2
DR0104,2026-W30,3
DR0104,2026-W31,1
DR0104,2026-W32,1
DR0104,2026-W33,3
DR0104,2026-W34,2
DR0104,2026-W35,2
DR0104,2026-W36,1
DR0104,2026-W39,1
DR0105,2024-W02,1
DR0105,2024-W03,2
DR0105,2024-W04,1
DR0105,2024-W06,2
DR0105,2024-W07,1
DR0105,2024-W08,2
DR0105,2024-W10,2
DR0105,2024-W13,1
DR0105,2024-W17,1
DR0105,2024-W29,1
DR0105,2024-W32,1
DR0105,2024-W33,1
DR0105,2024-W36,1
DR0105,2024-W38,1
DR0105,2024-W40,2
DR0105,2024-W41,2
DR0105,2024-W46,1
DR0105,2024-W48,2
DR0105,2024-W49,1
DR0105,2024-W50,2
DR0105,2025-W00,1
DR0105,2025-W03,2
DR0105,2025-W05,3
DR0105,2025-W07,2
DR0105,2025-W12,2
DR0105,2025-W14,1
DR0105,2025-W19,2
DR0105,2025-W21,1
DR0105,2025-W23,1
DR0105,2025-W25,1
DR0105,2025-W26,1
DR0105,2025-W29,1
DR0105,2025-W32,2
DR0105,2025-W33,1
DR0105,2025-W34,2
DR0105,2025-W36,1
DR0105,2025-W37,1
DR0105,2025-W38,1
DR0105,2025-W42,1
DR0105,2025-W43,1
DR0105,2025-W44,2
DR0105,2025-W46,1
DR0105,2025-W47,2
DR0105,2025-W50,1
DR0105,2025-W51,1
DR0105,2025-W52,2
DR0105,2026-W00,1
DR0105,2026-W01,1
DR0105,2026-W03,1
DR0105,2026-W07,1
DR0105,2026-W08,1
DR0105,2026-W09,4
DR0105,2026-W11,1
DR0105,2026-W12,1
DR0105,2026-W13,1
DR0105,2026-W15,2
DR0105,2026-W18,2
DR0105,2026-W23,2
DR0105,2026-W26,1
DR0105,2026-W28,2
DR0105,2026-W30,2
DR0105,2026-W33,2
DR0105,2026-W34,1
DR0105,2026-W37,1
DR0105,2026-W38,2
DR0106,2024-W02,1
DR0106,2024-W03,2
DR0106,2024-W07,2
DR0106,2024-W27,2
DR0106,2024-W31,1
DR0106,2024-W32,1
DR0106,2024-W43,2
DR0106,2024-W45,1
DR0106,2024-W46,1
DR0106,2025-W02,1
DR0106,2025-W03,1
DR0106,2025-W05,2
DR0106,2025-W07,1
DR0106,2025-W10,1
DR0106,2025-W15,2
DR0106,2025-W22,1
DR0106,2025-W24,1
DR0106,2025-W29,1
DR0106,2025-W31,1
DR0106,2025-W34,1
DR0106,2025-W36,1
DR0106,2025-W39,1
DR0106,2025-W40,1
DR0106,2025-W41,1
DR0106,2025-W42,1
DR0106,2025-W45,1
DR0106,2025-W46,1
DR0106,2025-W48,1
DR0106,2025-W49,1
DR0106,2025-W51,2
DR0106,2026-W02,1
DR0106,2026-W06,1
DR0106,2026-W09,1
DR0106,2026-W12,1
DR0106,2026-W15,1
DR0106,2026-W20,3
DR0106,2026-W25,2
DR0106,2026-W28,1
DR0106,2026-W30,1
DR0106,2026-W34,1
DR0107,2024-W01,5
DR0107,2024-W02,1
DR0107,2024-W04,1
DR0107,2024-W05,4
DR0107,2024-W07,2
DR0107,2024-W08,2
DR0107,2024-W10,3
DR0107,2024-W11,1
DR0107,2024-W12,2
DR0107,2024-W13,5
DR0107,2024-W14,2
DR0107,2024-W15,4
DR0107,2024-W16,5
DR0107,2024-W17,1
DR0107,2024-W19,1
DR0107,2024-W20,2
DR0107,2024-W21,2
DR0107,2024-W22,2
DR0107,2024-W23,4
DR0107,2024-W25,1
DR0107,2024-W26,1
DR0107,2024-W28,2
DR0107,2024-W29,2
DR0107,2024-W30,3
DR0107,2024-W31,3
DR0107,2024-W32,1
DR0107,2024-W34,3
DR0107,2024-W35,1
DR0107,2024-W36,4
DR0107,2024-W37,2
DR0107,2024-W38,2
DR0107,2024-W39,1
DR0107,2024-W41,3
DR0107,2024-W42,1
DR0107,2024-W44,2
DR0107,2024-W45,1
DR0107,2024-W46,1
DR0107,2024-W47,1
DR0107,2024-W49,2
DR0107,2024-W50,1
DR0107,2024-W51,4
DR0107,2024-W52,1
DR0107,2025-W00,3
DR0107,2025-W01,1
DR0107,2025-W02,2
DR0107,2025-W03,4
DR0107,2025-W05,1
DR0107,2025-W06,2
DR0107,2025-W07,5
DR0107,2025-W09,3
DR0107,2025-W12,4
DR0107,2025-W13,2
DR0107,2025-W14,3
DR0107,2025-W16,2
DR0107,2025-W17,1
DR0107,2025-W18,2
DR0107,2025-W19,3
DR0107,2025-W20,1
DR0107,2025-W21,2
DR0107,2025-W22,1
DR0107,2025-W23,1
DR0107,2025-W24,1
DR0107,2025-W26,2
DR0107,2025-W27,4
DR0107,2025-W28,3
DR0107,2025-W31,2
DR0107,2025-W32,1
DR0107,2025-W33,1
DR0107,2025-W34,3
DR0107,2025-W35,1
DR0107,2025-W36,4
DR0107,2025-W37,1
DR0107,2025-W39,1
DR0107,2025-W42,1
DR0107,2025-W43,1
DR0107,2025-W44,4
DR0107,2025-W45,2
DR0107,2025-W46,2
DR0107,2025-W47,2
DR0107,2025-W48,1
DR0107,2025-W49,4
DR0107,2025-W50,4
DR0107,2025-W51,3
DR0107,2026-W00,1
DR0107,2026-W02,1
DR0107,2026-W03,2
DR0107,2026-W04,2
DR0107,2026-W05,1
DR0107,2026-W06,4
DR0107,2026-W07,3
DR0107,2026-W09,5
DR0107,2026-W10,3
DR0107,2026-W11,1
DR0107,2026-W12,2
DR0107,2026-W13,4
DR0107,2026-W14,6
DR0107,2026-W15,1
DR0107,2026-W17,2
DR0107,2026-W19,2
DR0107,2026-W20,1
DR0107,2026-W21,1
DR0107,2026-W22,2
DR0107,2026-W23,3
DR0107,2026-W24,3
DR0107,2026-W25,2
DR0107,2026-W26,3
DR0107,2026-W27,1
DR0107,2026-W29,1
DR0107,2026-W30,2
DR0107,2026-W31,3
DR0107,2026-W33,1
DR0107,2026-W34,1
DR0107,2026-W35,2
DR0107,2026-W36,2
DR0107,2026-W37,3
DR0107,2026-W39,2
DR0108,2024-W01,4
DR0108,2024-W02,1
DR0108,2024-W04,1
DR0108,2024-W05,2
DR0108,2024-W06,1
DR0108,2024-W07,2
DR0108,2024-W08,3
DR0108,2024-W09,2
DR0108,2024-W10,2
DR0108,2024-W11,1
DR0108,2024-W12,2
DR0108,2024-W13,2
DR0108,2024-W14,2
DR0108,2024-W16,3
DR0108,2024-W17,1
DR0108,2024-W18,1
DR0108,2024-W19,1
DR0108,2024-W20,4
DR0108,2024-W21,1
DR0108,2024-W22,1
DR0108,2024-W28,2
DR0108,2024-W29,2
DR0108,2024-W30,1
DR0108,2024-W33,3
DR0108,2024-W34,2
DR0108,2024-W35,2
DR0108,2024-W36,2
DR0108,2024-W39,2
DR0108,2024-W42,3
DR0108,2024-W45,2
DR0108,2024-W46,2
DR0108,2024-W47,1
DR0108,2024-W48,1
DR0108,2024-W49,2
DR0108,2024-W51,1
DR0108,2024-W52,2
DR0108,2025-W00,2
DR0108,2025-W01,1
DR0108,2025-W02,1
DR0108,2025-W04,1
DR0108,2025-W05,1
DR0108,2025-W06,2
DR0108,2025-W07,1
DR0108,2025-W08,1
DR0108,2025-W09,2
DR0108,2025-W11,1
DR0108,2025-W13,1
DR0108,2025-W14,1
DR0108,2025-W16,1
DR0108,2025-W19,1
DR0108,2025-W20,3
DR0108,2025-W21,2
DR0108,2025-W22,1
DR0108,2025-W23,1
DR0108,2025-W24,1
DR0108,2025-W26,1
DR0108,2025-W27,3
DR0108,2025-W28,1
DR0108,2025-W29,1
DR0108,2025-W30,2
DR0108,2025-W31,1
DR0108,2025-W32,4
DR0108,2025-W33,1
DR0108,2025-W35,1
DR0108,2025-W39,1
DR0108,2025-W40,2
DR0108,2025-W41,1
DR0108,2025-W42,2
DR0108,2025-W44,1
DR0108,2025-W46,2
DR0108,2025-W48,2
DR0108,2025-W49,2
DR0108,2025-W50,3
DR0108,2026-W01,1
DR0108,2026-W02,1
DR0108,2026-W03,1
DR0108,2026-W07,1
DR0108,2026-W08,2
DR0108,2026-W09,1
DR0108,2026-W11,2
DR0108,2026-W12,1
DR0108,2026-W13,1
DR0108,2026-W16,1
DR0108,2026-W20,2
DR0108,2026-W21,2
DR0108,2026-W22,2
DR0108,2026-W23,1
DR0108,2026-W24,1
DR0108,2026-W25,1
DR0108,2026-W26,1
DR0108,2026-W27,1
DR0108,2026-W29,1
DR0108,2026-W32,2
DR0108,2026-W33,2
DR0108,2026-W35,1
DR0108,2026-W37,2
DR0108,2026-W38,1
DR0108,2026-W39,1
DR0109,2024-W02,1
DR0109,2024-W03,1
DR0109,2024-W04,2
DR0109,2024-W06,2
DR0109,2024-W07,2
DR0109,2024-W08,2
DR0109,2024-W09,1
DR0109,2024-W11,2
DR0109,2024-W14,2
DR0109,2024-W15,1
DR0109,2024-W16,1
DR0109,2024-W19,1
DR0109,2024-W21,1
DR0109,2024-W28,1
DR0109,2024-W30,1
DR0109,2024-W32,1
DR0109,2024-W35,1
DR0109,2024-W36,1
DR0109,2024-W37,1
DR0109,2024-W38,1
DR0109,2024-W39,1
DR0109,2024-W40,2
DR0109,2024-W43,1
DR0109,2024-W46,1
DR0109,2024-W47,3
DR0109,2024-W48,1
DR0109,2024-W49,1
DR0109,2024-W51,2
DR0109,2024-W52,2
DR0109,2025-W00,2
DR0109,2025-W02,1
DR0109,2025-W03,2
DR0109,2025-W04,2
DR0109,2025-W05,3
DR0109,2025-W06,3
DR0109,2025-W09,1
DR0109,2025-W11,1
DR0109,2025-W13,1
DR0109,2025-W14,1
DR0109,2025-W15,1
DR0109,2025-W16,1
DR0109,2025-W17,1
DR0109,2025-W19,1
DR0109,2025-W22,3
DR0109,2025-W23,1
DR0109,2025-W29,1
DR0109,2025-W31,1
DR0109,2025-W35,3
DR0109,2025-W36,1
DR0109,2025-W37,1
DR0109,2025-W38,1
DR0109,2025-W39,1
DR0109,2025-W41,2
DR0109,2025-W42,1
DR0109,2025-W43,1
DR0109,2025-W44,1
DR0109,2025-W45,3
DR0109,2025-W49,1
DR0109,2025-W51,2
DR0109,2025-W52,1
DR0109,2026-W00,1
DR0109,2026-W01,1
DR0109,2026-W02,1
DR0109,2026-W03,1
DR0109,2026-W04,2
DR0109,2026-W05,1
DR0109,2026-W07,3
DR0109,2026-W08,1
DR0109,2026-W09,1
DR0109,2026-W10,2
DR0109,2026-W12,1
DR0109,2026-W14,1
DR0109,2026-W15,1
DR0109,2026-W16,1
DR0109,2026-W19,2
DR0109,2026-W20,1
DR0109,2026-W21,1
DR0109,2026-W23,1
DR0109,2026-W29,1
DR0109,2026-W33,1
DR0109,2026-W34,1
DR0109,2026-W35,1
DR0109,2026-W37,2
DR0109,2026-W38,3
DR0110,2024-W01,5
DR0110,2024-W02,1
DR0110,2024-W03,1
DR0110,2024-W04,2
DR0110,2024-W05,1
DR0110,2024-W06,4
DR0110,2024-W07,2
DR0110,2024-W08,2
DR0110,2024-W10,1
DR0110,2024-W11,3
DR0110,2024-W12,1
DR0110,2024-W14,1
DR0110,2024-W15,2
DR0110,2024-W17,1
DR0110,2024-W19,2
DR0110,2024-W20,1
DR0110,2024-W21,2
DR0110,2024-W22,1
DR0110,2024-W24,1
DR0110,2024-W25,2
DR0110,2024-W26,2
DR0110,2024-W27,1
DR0110,2024-W34,1
DR0110,2024-W39,2
DR0110,2024-W44,1
DR0110,2024-W48,3
DR0110,2024-W49,1
DR0110,2024-W50,1
DR0110,2024-W52,3
DR0110,2024-W53,2
DR0110,2025-W04,3
DR0110,2025-W05,1
DR0110,2025-W08,1
DR0110,2025-W10,3
DR0110,2025-W11,1
DR0110,2025-W12,2
DR0110,2025-W15,1
DR0110,2025-W16,1
DR0110,2025-W19,1
DR0110,2025-W20,1
DR0110,2025-W22,1
DR0110,2025-W23,1
DR0110,2025-W26,1
DR0110,2025-W29,2
DR0110,2025-W32,1
DR0110,2025-W35,1
DR0110,2025-W37,1
DR0110,2025-W40,1
DR0110,2025-W42,3
DR0110,2025-W44,1
DR0110,2025-W45,2
DR0110,2025-W48,1
DR0110,2025-W49,1
DR0110,2025-W50,1
DR0110,2025-W51,1
DR0110,2026-W01,1
DR0110,2026-W03,1
DR0110,2026-W07,2
DR0110,2026-W08,1
DR0110,2026-W09,2
DR0110,2026-W10,1
DR0110,2026-W11,1
DR0110,2026-W14,4
DR0110,2026-W16,1
DR0110,2026-W17,1
DR0110,2026-W20,2
DR0110,2026-W21,1
DR0110,2026-W23,1
DR0110,2026-W24,2
DR0110,2026-W28,1
DR0110,2026-W29,1
DR0110,2026-W31,1
DR0110,2026-W32,1
DR0110,2026-W33,1
DR0110,2026-W36,1
DR0110,2026-W37,1
DR0111,2024-W01,3
DR0111,2024-W02,1
DR0111,2024-W03,1
DR0111,2024-W04,1
DR0111,2024-W06,1
DR0111,2024-W07,1
DR0111,2024-W08,1
DR0111,2024-W09,1
DR0111,2024-W10,1
DR0111,2024-W12,4
DR0111,2024-W13,1
DR0111,2024-W14,3
DR0111,2024-W16,2
DR0111,2024-W17,2
DR0111,2024-W18,1
DR0111,2024-W19,1
DR0111,2024-W20,1
DR0111,2024-W21,2
DR0111,2024-W22,3
DR0111,2024-W25,1
DR0111,2024-W27,1
DR0111,2024-W28,1
DR0111,2024-W29,3
DR0111,2024-W30,2
DR0111,2024-W31,2
DR0111,2024-W32,3
DR0111,2024-W33,1
DR0111,2024-W34,3
DR0111,2024-W36,1
DR0111,2024-W37,2
DR0111,2024-W38,2
DR0111,2024-W39,1
DR0111,2024-W43,1
DR0111,2024-W46,1
DR0111,2024-W47,1
DR0111,2024-W48,2
DR0111,2024-W50,2
DR0111,2024-W51,3
DR0111,2024-W52,1
DR0111,2024-W53,1
DR0111,2025-W00,2
DR0111,2025-W01,1
DR0111,2025-W02,1
DR0111,2025-W03,2
DR0111,2025-W05,2
DR0111,2025-W06,3
DR0111,2025-W07,3
DR0111,2025-W08,1
DR0111,2025-W09,1
DR0111,2025-W12,1
DR0111,2025-W13,5
DR0111,2025-W14,1
DR0111,2025-W16,2
DR0111,2025-W17,1
DR0111,2025-W18,1
DR0111,2025-W19,1
DR0111,2025-W21,2
DR0111,2025-W22,1
DR0111,2025-W23,1
DR0111,2025-W24,1
DR0111,2025-W25,1
DR0111,2025-W27,2
DR0111,2025-W28,1
DR0111,2025-W29,3
DR0111,2025-W31,2
DR0111,2025-W32,2
DR0111,2025-W33,2
DR0111,2025-W34,1
DR0111,2025-W35,2
DR0111,2025-W36,1
DR0111,2025-W37,4
DR0111,2025-W38,1
DR0111,2025-W39,3
DR0111,2025-W45,1
DR0111,2025-W46,1
DR0111,2025-W47,3
DR0111,2025-W49,3
DR0111,2025-W50,3
DR0111,2025-W51,1
DR0111,2026-W01,2
DR0111,2026-W02,1
DR0111,2026-W03,1
DR0111,2026-W04,2
DR0111,2026-W05,2
DR0111,2026-W09,1
DR0111,2026-W11,1
DR0111,2026-W12,2
DR0111,2026-W13,1
DR0111,2026-W14,1
DR0111,2026-W15,3
DR0111,2026-W16,1
DR0111,2026-W18,1
DR0111,2026-W19,1
DR0111,2026-W20,1
DR0111,2026-W21,1
DR0111,2026-W22,3
DR0111,2026-W24,1
DR0111,2026-W25,2
DR0111,2026-W26,3
DR0111,2026-W28,2
DR0111,2026-W30,1
DR0111,2026-W34,2
DR0111,2026-W35,2
DR0111,2026-W36,2
DR0111,2026-W37,2
DR0111,2026-W39,2
DR0112,2024-W01,8
DR0112,2024-W02,5
DR0112,2024-W03,4
DR0112,2024-W04,9
DR0112,2024-W05,7
DR0112,2024-W06,4
DR0112,2024-W07,5
DR0112,2024-W08,3
DR0112,2024-W09,9
DR0112,2024-W10,6
DR0112,2024-W11,4
DR0112,2024-W12,5
DR0112,2024-W13,6
DR0112,2024-W14,5
DR0112,2024-W15,8
DR0112,2024-W16,7
DR0112,2024-W17,2
DR0112,2024-W18,2
DR0112,2024-W19,1
DR0112,2024-W20,3
DR0112,2024-W21,4
DR0112,2024-W22,7
DR0112,2024-W23,3
DR0112,2024-W24,6
DR0112,2024-W25,3
DR0112,2024-W26,5
DR0112,2024-W27,6
DR0112,2024-W28,7
DR0112,2024-W29,2
DR0112,2024-W30,12
DR0112,2024-W31,5
DR0112,2024-W32,5
DR0112,2024-W33,3
DR0112,2024-W34,5
DR0112,2024-W35,4
DR0112,2024-W36,9
DR0112,2024-W37,8
DR0112,2024-W38,4
DR0112,2024-W39,4
DR0112,2024-W40,5
DR0112,2024-W41,11
DR0112,2024-W42,6
DR0112,2024-W43,4
DR0112,2024-W44,4
DR0112,2024-W45,4
DR0112,2024-W46,7
DR0112,2024-W47,3
DR0112,2024-W48,6
DR0112,2024-W49,7
DR0112,2024-W50,4
DR0112,2024-W51,3
DR0112,2024-W52,6
DR0112,2024-W53,2
DR0112,2025-W00,3
DR0112,2025-W01,9
DR0112,2025-W02,4
DR0112,2025-W03,7
DR0112,2025-W04,8
DR0112,2025-W05,4
DR0112,2025-W06,2
DR0112,2025-W07,5
DR0112,2025-W08,6
DR0112,2025-W09,5
DR0112,2025-W10,5
DR0112,2025-W11,3
DR0112,2025-W12,4
DR0112,2025-W13,3
DR0112,2025-W14,7
DR0112,2025-W15,5
DR0112,2025-W16,3
DR0112,2025-W17,6
DR0112,2025-W18,6
DR0112,2025-W19,6
DR0112,2025-W20,2
DR0112,2025-W21,7
DR0112,2025-W22,2
DR0112,2025-W23,7
DR0112,2025-W24,5
DR0112,2025-W25,3
DR0112,2025-W26,5
DR0112,2025-W27,1
DR0112,2025-W28,9
DR0112,2025-W29,5
DR0112,2025-W30,4
DR0112,2025-W31,4
DR0112,2025-W32,5
DR0112,2025-W33,7
DR0112,2025-W34,5
DR0112,2025-W35,4
DR0112,2025-W36,2
DR0112,2025-W37,7
DR0112,2025-W38,8
DR0112,2025-W39,5
DR0112,2025-W40,8
DR0112,2025-W41,4
DR0112,2025-W42,11
DR0112,2025-W43,4
DR0112,2025-W44,9
DR0112,2025-W45,6
DR0112,2025-W46,7
DR0112,2025-W47,5
DR0112,2025-W48,4
DR0112,2025-W49,1
DR0112,2025-W50,6
DR0112,2025-W51,4
DR0112,2025-W52,2
DR0112,2026-W00,2
DR0112,2026-W01,5
DR0112,2026-W02,7
DR0112,2026-W03,6
DR0112,2026-W04,3
DR0112,2026-W05,7
DR0112,2026-W07,7
DR0112,2026-W08,2
DR0112,2026-W09,6
DR0112,2026-W10,4
DR0112,2026-W11,6
DR0112,2026-W12,5
DR0112,2026-W13,4
DR0112,2026-W14,2
DR0112,2026-W15,7
DR0112,2026-W16,6
DR0112,2026-W17,5
DR0112,2026-W18,3
DR0112,2026-W19,2
DR0112,2026-W20,7
DR0112,2026-W21,4
DR0112,2026-W22,6
DR0112,2026-W23,9
DR0112,2026-W24,3
DR0112,2026-W25,6
DR0112,2026-W26,6
DR0112,2026-W27,4
DR0112,2026-W28,5
DR0112,2026-W29,8
DR0112,2026-W30,4
DR0112,2026-W31,3
DR0112,2026-W32,4
DR0112,2026-W33,4
DR0112,2026-W34,7
DR0112,2026-W35,7
DR0112,2026-W36,5
DR0112,2026-W37,7
DR0112,2026-W38,5
DR0112,2026-W39,1
DR0113,2024-W01,2
DR0113,2024-W02,1
DR0113,2024-W04,1
DR0113,2024-W05,1
DR0113,2024-W09,1
DR0113,2024-W10,1
DR0113,2024-W11,1
DR0113,2024-W12,1
DR0113,2024-W14,2
DR0113,2024-W15,2
DR0113,2024-W16,1
DR0113,2024-W19,1
DR0113,2024-W20,1
DR0113,2024-W22,1
DR0113,2024-W24,2
DR0113,2024-W26,1
DR0113,2024-W27,3
DR0113,2024-W29,1
DR0113,2024-W31,1
DR0113,2024-W33,3
DR0113,2024-W35,1
DR0113,2024-W37,2
DR0113,2024-W38,1
DR0113,2024-W40,1
DR0113,2024-W41,1
DR0113,2024-W42,1
DR0113,2024-W47,1
DR0113,2024-W48,4
DR0113,2024-W49,1
DR0113,2024-W50,1
DR0113,2024-W52,2
DR0113,2024-W53,1
DR0113,2025-W01,1
DR0113,2025-W04,1
DR0113,2025-W06,1
DR0113,2025-W09,1
DR0113,2025-W10,1
DR0113,2025-W12,2
DR0113,2025-W17,1
DR0113,2025-W18,1
DR0113,2025-W19,2
DR0113,2025-W20,1
DR0113,2025-W26,1
DR0113,2025-W27,1
DR0113,2025-W32,1
DR0113,2025-W35,1
DR0113,2025-W36,1
DR0113,2025-W37,2
DR0113,2025-W38,3
DR0113,2025-W39,1
DR0113,2025-W40,1
DR0113,2025-W41,2
DR0113,2025-W42,1
DR0113,2025-W44,2
DR0113,2025-W48,1
DR0113,2025-W49,3
DR0113,2025-W50,1
DR0113,2026-W04,1
DR0113,2026-W06,1
DR0113,2026-W07,1
DR0113,2026-W09,2
DR0113,2026-W12,1
DR0113,2026-W13,1
DR0113,2026-W14,1
DR0113,2026-W16,1
DR0113,2026-W18,2
DR0113,2026-W19,3
DR0113,2026-W23,2
DR0113,2026-W26,1
DR0113,2026-W32,2
DR0113,2026-W33,1
DR0113,2026-W34,2
DR0113,2026-W36,1
DR0113,2026-W37,1
DR0113,2026-W39,1
DR0114,2024-W01,3
DR0114,2024-W02,3
DR0114,2024-W03,3
DR0114,2024-W04,1
DR0114,2024-W06,1
DR0114,2024-W07,1
DR0114,2024-W08,2
DR0114,2024-W09,3
DR0114,2024-W14,1
DR0114,2024-W16,1
DR0114,2024-W18,1
DR0114,2024-W19,2
DR0114,2024-W20,1
DR0114,2024-W22,3
DR0114,2024-W24,1
DR0114,2024-W25,1
DR0114,2024-W26,1
DR0114,2024-W27,1
DR0114,2024-W29,2
DR0114,2024-W30,1
DR0114,2024-W34,1
DR0114,2024-W35,3
DR0114,2024-W36,1
DR0114,2024-W37,3
DR0114,2024-W38,2
DR0114,2024-W39,3
DR0114,2024-W40,1
DR0114,2024-W41,3
DR0114,2024-W42,1
DR0114,2024-W44,1
DR0114,2024-W45,1
DR0114,2024-W46,1
DR0114,2024-W47,1
DR0114,2024-W52,1
DR0114,2024-W53,1
DR0114,2025-W01,1
DR0114,2025-W02,1
DR0114,2025-W03,1
DR0114,2025-W05,1
DR0114,2025-W07,1
DR0114,2025-W08,1
DR0114,2025-W09,1
DR0114,2025-W12,2
DR0114,2025-W13,3
DR0114,2025-W15,2
DR0114,2025-W18,1
DR0114,2025-W19,1
DR0114,2025-W21,2
DR0114,2025-W23,2
DR0114,2025-W24,1
DR0114,2025-W25,2
DR0114,2025-W28,2
DR0114,2025-W29,1
DR0114,2025-W30,1
DR0114,2025-W32,1
DR0114,2025-W33,1
DR0114,2025-W34,1
DR0114,2025-W36,1
DR0114,2025-W37,1
DR0114,2025-W40,1
DR0114,2025-W41,1
DR0114,2025-W42,2
DR0114,2025-W46,2
DR0114,2025-W47,2
DR0114,2025-W49,1
DR0114,2025-W50,1
DR0114,2025-W51,4
DR0114,2025-W52,2
DR0114,2026-W00,3
DR0114,2026-W01,1
DR0114,2026-W02,1
DR0114,2026-W03,1
DR0114,2026-W05,2
DR0114,2026-W07,2
DR0114,2026-W08,1
DR0114,2026-W11,3
DR0114,2026-W13,1
DR0114,2026-W14,1
DR0114,2026-W15,1
DR0114,2026-W16,1
DR0114,2026-W18,1
DR0114,2026-W19,2
DR0114,2026-W20,1
DR0114,2026-W21,1
DR0114,2026-W23,1
DR0114,2026-W24,1
DR0114,2026-W25,2
DR0114,2026-W28,1
DR0114,2026-W29,1
DR0114,2026-W33,2
DR0114,2026-W35,1
DR0114,2026-W36,1
DR0114,2026-W37,1
DR0114,2026-W39,1
DR0115,2024-W01,2
DR0115,2024-W02,2
DR0115,2024-W03,1
DR0115,2024-W04,4
DR0115,2024-W05,1
DR0115,2024-W06,3
DR0115,2024-W08,2
DR0115,2024-W09,1
DR0115,2024-W10,2
DR0115,2024-W11,1
DR0115,2024-W12,2
DR0115,2024-W13,2
DR0115,2024-W14,1
DR0115,2024-W15,1
DR0115,2024-W16,1
DR0115,2024-W17,1
DR0115,2024-W18,1
DR0115,2024-W20,1
DR0115,2024-W21,1
DR0115,2024-W22,2
DR0115,2024-W24,2
DR0115,2024-W25,1
DR0115,2024-W26,1
DR0115,2024-W27,2
DR0115,2024-W28,1
DR0115,2024-W29,2
DR0115,2024-W30,2
DR0115,2024-W32,2
DR0115,2024-W33,1
DR0115,2024-W35,2
DR0115,2024-W36,1
DR0115,2024-W37,3
DR0115,2024-W38,2
DR0115,2024-W39,1
DR0115,2024-W40,1
DR0115,2024-W41,1
DR0115,2024-W42,1
DR0115,2024-W43,1
DR0115,2024-W45,2
DR0115,2024-W46,3
DR0115,2024-W47,3
DR0115,2024-W48,2
DR0115,2024-W49,3
DR0115,2024-W50,1
DR0115,2024-W51,4
DR0115,2024-W52,2
DR0115,2025-W00,1
DR0115,2025-W01,1
DR0115,2025-W02,4
DR0115,2025-W03,1
DR0115,2025-W04,1
DR0115,2025-W05,2
DR0115,2025-W06,2
DR0115,2025-W07,2
DR0115,2025-W08,3
DR0115,2025-W09,1
DR0115,2025-W10,2
DR0115,2025-W11,4
DR0115,2025-W13,3
DR0115,2025-W14,2
DR0115,2025-W16,1
DR0115,2025-W17,2
DR0115,2025-W19,2
DR0115,2025-W21,1
DR0115,2025-W22,1
DR0115,2025-W23,1
DR0115,2025-W24,4
DR0115,2025-W25,1
DR0115,2025-W27,2
DR0115,2025-W29,1
DR0115,2025-W30,1
DR0115,2025-W31,2
DR0115,2025-W32,2
DR0115,2025-W33,1
DR0115,2025-W36,1
DR0115,2025-W37,3
DR0115,2025-W39,2
DR0115,2025-W40,2
DR0115,2025-W41,3
DR0115,2025-W42,1
DR0115,2025-W43,1
DR0115,2025-W46,3
DR0115,2025-W47,1
DR0115,2025-W48,1
DR0115,2025-W49,2
DR0115,2025-W50,1
DR0115,2025-W51,3
DR0115,2025-W52,2
DR0115,2026-W00,2
DR0115,2026-W01,1
DR0115,2026-W02,4
DR0115,2026-W03,1
DR0115,2026-W04,1
DR0115,2026-W06,2
DR0115,2026-W07,2
DR0115,2026-W08,2
DR0115,2026-W09,2
DR0115,2026-W10,1
DR0115,2026-W12,2
DR0115,2026-W13,2
DR0115,2026-W14,3
DR0115,2026-W15,1
DR0115,2026-W17,1
DR0115,2026-W18,1
DR0115,2026-W19,3
DR0115,2026-W20,1
DR0115,2026-W21,2
DR0115,2026-W23,1
DR0115,2026-W24,1
DR0115,2026-W27,1
DR0115,2026-W29,2
DR0115,2026-W30,1
DR0115,2026-W31,3
DR0115,2026-W32,2
DR0115,2026-W36,1
DR0115,2026-W37,1
DR0116,2024-W01,1
DR0116,2024-W02,1
DR0116,2024-W03,2
DR0116,2024-W06,2
DR0116,2024-W07,1
DR0116,2024-W08,1
DR0116,2024-W09,2
DR0116,2024-W11,1
DR0116,2024-W13,1
DR0116,2024-W17,2
DR0116,2024-W19,1
DR0116,2024-W22,2
DR0116,2024-W23,1
DR0116,2024-W27,1
DR0116,2024-W29,1
DR0116,2024-W35,1
DR0116,2024-W38,1
DR0116,2024-W39,1
DR0116,2024-W45,1
DR0116,2025-W00,1
DR0116,2025-W02,1
DR0116,2025-W04,2
DR0116,2025-W05,1
DR0116,2025-W07,1
DR0116,2025-W12,2
DR0116,2025-W13,2
DR0116,2025-W16,1
DR0116,2025-W17,1
DR0116,2025-W19,1
DR0116,2025-W21,1
DR0116,2025-W24,1
DR0116,2025-W25,1
DR0116,2025-W26,1
DR0116,2025-W27,3
DR0116,2025-W30,1
DR0116,2025-W34,3
DR0116,2025-W36,1
DR0116,2025-W44,1
DR0116,2025-W45,1
DR0116,2025-W49,3
DR0116,2025-W50,3
DR0116,2025-W51,1
DR0116,2026-W01,2
DR0116,2026-W03,1
DR0116,2026-W04,2
DR0116,2026-W05,1
DR0116,2026-W06,3
DR0116,2026-W07,1
DR0116,2026-W08,1
DR0116,2026-W10,2
DR0116,2026-W12,1
DR0116,2026-W13,2
DR0116,2026-W14,1
DR0116,2026-W17,1
DR0116,2026-W21,1
DR0116,2026-W25,1
DR0116,2026-W26,2
DR0116,2026-W27,1
DR0116,2026-W28,1
DR0116,2026-W29,1
DR0116,2026-W30,1
DR0116,2026-W34,1
DR0116,2026-W35,1
DR0116,2026-W36,1
DR0117,2024-W02,2
DR0117,2024-W05,2
DR0117,2024-W06,1
DR0117,2024-W07,2
DR0117,2024-W09,3
DR0117,2024-W10,1
DR0117,2024-W12,1
DR0117,2024-W13,1
DR0117,2024-W18,1
DR0117,2024-W19,1
DR0117,2024-W23,2
DR0117,2024-W29,1
DR0117,2024-W30,1
DR0117,2024-W31,1
DR0117,2024-W35,2
DR0117,2024-W40,1
DR0117,2024-W44,1
DR0117,2024-W46,1
DR0117,2024-W49,2
DR0117,2024-W50,2
DR0117,2024-W51,1
DR0117,2025-W02,1
DR0117,2025-W03,1
DR0117,2025-W06,1
DR0117,2025-W07,1
DR0117,2025-W10,1
DR0117,2025-W11,1
DR0117,2025-W12,1
DR0117,2025-W14,1
DR0117,2025-W17,2
DR0117,2025-W19,1
DR0117,2025-W21,1
DR0117,2025-W23,1
DR0117,2025-W24,1
DR0117,2025-W26,1
DR0117,2025-W29,1
DR0117,2025-W31,3
DR0117,2025-W32,2
DR0117,2025-W35,1
DR0117,2025-W39,1
DR0117,2025-W40,1
DR0117,2025-W47,2
DR0117,2025-W50,2
DR0117,2025-W51,1
DR0117,2026-W00,1
DR0117,2026-W01,1
DR0117,2026-W02,3
DR0117,2026-W03,2
DR0117,2026-W04,1
DR0117,2026-W08,1
DR0117,2026-W09,1
DR0117,2026-W10,2
DR0117,2026-W11,2
DR0117,2026-W12,4
DR0117,2026-W13,1
DR0117,2026-W15,1
DR0117,2026-W17,2
DR0117,2026-W19,1
DR0117,2026-W20,1
DR0117,2026-W21,3
DR0117,2026-W23,1
DR0117,2026-W25,1
DR0117,2026-W26,1
DR0117,2026-W27,1
DR0117,2026-W28,1
DR0117,2026-W29,1
DR0117,2026-W30,1
DR0117,2026-W32,1
DR0117,2026-W35,2
DR0117,2026-W36,1
DR0117,2026-W38,1
DR0117,2026-W39,1
DR0118,2024-W03,1
DR0118,2024-W04,2
DR0118,2024-W05,2
DR0118,2024-W06,1
DR0118,2024-W07,1
DR0118,2024-W09,2
DR0118,2024-W11,3
DR0118,2024-W12,2
DR0118,2024-W13,1
DR0118,2024-W14,1
DR0118,2024-W15,1
DR0118,2024-W16,2
DR0118,2024-W17,1
DR0118,2024-W18,2
DR0118,2024-W21,2
DR0118,2024-W22,1
DR0118,2024-W23,1
DR0118,2024-W29,1
DR0118,2024-W30,1
DR0118,2024-W31,1
DR0118,2024-W32,1
DR0118,2024-W35,3
DR0118,2024-W36,2
DR0118,2024-W40,1
DR0118,2024-W45,1
DR0118,2024-W46,1
DR0118,2024-W48,2
DR0118,2024-W50,1
DR0118,2024-W51,1
DR0118,2025-W02,2
DR0118,2025-W03,1
DR0118,2025-W04,1
DR0118,2025-W06,1
DR0118,2025-W09,1
DR0118,2025-W10,2
DR0118,2025-W11,2
DR0118,2025-W14,1
DR0118,2025-W16,1
DR0118,2025-W18,1
DR0118,2025-W19,1
DR0118,2025-W21,2
DR0118,2025-W22,1
DR0118,2025-W24,2
DR0118,2025-W29,2
DR0118,2025-W31,1
DR0118,2025-W33,2
DR0118,2025-W35,1
DR0118,2025-W36,1
DR0118,2025-W38,2
DR0118,2025-W39,2
DR0118,2025-W40,1
DR0118,2025-W41,1
DR0118,2025-W43,1
DR0118,2025-W45,1
DR0118,2025-W46,2
DR0118,2025-W47,1
DR0118,2025-W51,1
DR0118,2026-W00,1
DR0118,2026-W01,1
DR0118,2026-W07,1
DR0118,2026-W08,2
DR0118,2026-W09,2
DR0118,2026-W10,3
DR0118,2026-W11,1
DR0118,2026-W13,1
DR0118,2026-W14,2
DR0118,2026-W21,1
DR0118,2026-W23,3
DR0118,2026-W24,1
DR0118,2026-W25,1
DR0118,2026-W27,1
DR0118,2026-W28,1
DR0118,2026-W38,2
DR0119,2024-W06,1
DR0119,2024-W10,1
DR0119,2024-W11,1
DR0119,2024-W24,1
DR0119,2024-W36,1
DR0119,2025-W08,1
DR0119,2025-W09,1
DR0119,2025-W13,2
DR0119,2025-W24,2
DR0119,2025-W25,1
DR0119,2025-W31,1
DR0119,2025-W48,1
DR0119,2025-W49,1
DR0119,2025-W51,1
DR0119,2026-W02,1
DR0119,2026-W07,1
DR0119,2026-W13,1
DR0119,2026-W17,1
DR0119,2026-W22,1
DR0119,2026-W27,1
DR0119,2026-W29,1
DR0120,2024-W01,2
DR0120,2024-W08,2
DR0120,2024-W11,1
DR0120,2024-W12,1
DR0120,2024-W13,1
DR0120,2024-W15,1
DR0120,2024-W22,1
DR0120,2024-W23,1
DR0120,2024-W25,1
DR0120,2024-W30,1
DR0120,2024-W32,1
DR0120,2024-W40,2
DR0120,2024-W42,1
DR0120,2024-W43,1
DR0120,2024-W44,1
DR0120,2024-W45,1
DR0120,2024-W46,1
DR0120,2024-W49,2
DR0120,2024-W50,1
DR0120,2025-W01,1
DR0120,2025-W04,1
DR0120,2025-W07,1
DR0120,2025-W10,1
DR0120,2025-W13,1
DR0120,2025-W16,1
DR0120,2025-W19,1
DR0120,2025-W25,1
DR0120,2025-W33,1
DR0120,2025-W38,1
DR0120,2025-W40,1
DR0120,2025-W41,1
DR0120,2025-W43,1
DR0120,2025-W45,1
DR0120,2025-W48,1
DR0120,2025-W49,1
DR0120,2026-W01,1
DR0120,2026-W03,1
DR0120,2026-W04,1
DR0120,2026-W08,2
DR0120,2026-W17,1
DR0120,2026-W18,1
DR0120,2026-W19,1
DR0120,2026-W21,1
DR0120,2026-W26,1
DR0120,2026-W27,2
DR0120,2026-W28,1
DR0120,2026-W32,1
DR0120,2026-W33,2
DR0120,2026-W34,1
DR0120,2026-W38,1
DR0121,2024-W03,1
DR0121,2024-W04,1
DR0121,2024-W09,1
DR0121,2024-W12,1
DR0121,2024-W13,1
DR0121,2024-W14,2
DR0121,2024-W15,1
DR0121,2024-W18,1
DR0121,2024-W21,1
DR0121,2024-W26,1
DR0121,2024-W27,1
DR0121,2024-W35,1
DR0121,2024-W36,1
DR0121,2024-W40,2
DR0121,2024-W41,2
DR0121,2024-W42,1
DR0121,2024-W43,1
DR0121,2024-W44,1
DR0121,2025-W00,1
DR0121,2025-W02,1
DR0121,2025-W06,1
DR0121,2025-W07,1
DR0121,2025-W08,1
DR0121,2025-W09,1
DR0121,2025-W16,1
DR0121,2025-W18,1
DR0121,2025-W20,1
DR0121,2025-W21,1
DR0121,2025-W23,1
DR0121,2025-W24,1
DR0121,2025-W26,2
DR0121,2025-W29,1
DR0121,2025-W33,1
DR0121,2025-W35,1
DR0121,2025-W36,1
DR0121,2025-W37,1
DR0121,2025-W40,1
DR0121,2025-W41,1
DR0121,2025-W48,1
DR0121,2025-W49,1
DR0121,2025-W51,1
DR0121,2026-W07,2
DR0121,2026-W12,1
DR0121,2026-W13,1
DR0121,2026-W17,1
DR0121,2026-W18,2
DR0121,2026-W21,2
DR0121,2026-W22,1
DR0121,2026-W26,1
DR0121,2026-W28,1
DR0121,2026-W29,1
DR0121,2026-W33,1
DR0121,2026-W37,1
DR0122,2024-W01,1
DR0122,2024-W04,1
DR0122,2024-W05,1
DR0122,2024-W06,1
DR0122,2024-W08,1
DR0122,2024-W09,1
DR0122,2024-W10,2
DR0122,2024-W11,1
DR0122,2024-W18,1
DR0122,2024-W19,1
DR0122,2024-W24,1
DR0122,2024-W25,2
DR0122,2024-W26,1
DR0122,2024-W27,1
DR0122,2024-W29,1
DR0122,2024-W30,1
DR0122,2024-W33,1
DR0122,2024-W40,2
DR0122,2024-W43,1
DR0122,2024-W44,1
DR0122,2024-W46,1
DR0122,2024-W49,2
DR0122,2024-W52,1
DR0122,2024-W53,1
DR0122,2025-W00,2
DR0122,2025-W02,2
DR0122,2025-W04,1
DR0122,2025-W05,1
DR0122,2025-W07,1
DR0122,2025-W08,2
DR0122,2025-W09,1
DR0122,2025-W11,1
DR0122,2025-W12,1
DR0122,2025-W14,1
DR0122,2025-W15,1
DR0122,2025-W17,1
DR0122,2025-W20,1
DR0122,2025-W21,1
DR0122,2025-W22,1
DR0122,2025-W26,1
DR0122,2025-W27,2
DR0122,2025-W30,1
DR0122,2025-W31,1
DR0122,2025-W32,2
DR0122,2025-W35,2
DR0122,2025-W37,1
DR0122,2025-W38,1
DR0122,2025-W39,1
DR0122,2025-W42,1
DR0122,2025-W43,1
DR0122,2025-W45,1
DR0122,2025-W47,1
DR0122,2025-W48,1
DR0122,2025-W49,1
DR0122,2025-W51,1
DR0122,2026-W00,1
DR0122,2026-W01,1
DR0122,2026-W02,1
DR0122,2026-W03,1
DR0122,2026-W05,2
DR0122,2026-W11,1
DR0122,2026-W15,1
DR0122,2026-W17,2
DR0122,2026-W18,1
DR0122,2026-W20,1
DR0122,2026-W22,2
DR0122,2026-W25,2
DR0122,2026-W27,1
DR0122,2026-W33,1
DR0122,2026-W36,1
DR0122,2026-W38,1
DR0123,2024-W01,3
DR0123,2024-W02,2
DR0123,2024-W03,2
DR0123,2024-W05,2
DR0123,2024-W08,1
DR0123,2024-W12,1
DR0123,2024-W14,1
DR0123,2024-W15,1
DR0123,2024-W17,2
DR0123,2024-W18,3
DR0123,2024-W21,1
DR0123,2024-W22,2
DR0123,2024-W23,1
DR0123,2024-W25,1
DR0123,2024-W27,1
DR0123,2024-W32,2
DR0123,2024-W33,1
DR0123,2024-W34,1
DR0123,2024-W35,1
DR0123,2024-W36,1
DR0123,2024-W39,2
DR0123,2024-W41,1
DR0123,2024-W42,1
DR0123,2024-W43,1
DR0123,2024-W44,1
DR0123,2024-W47,2
DR0123,2024-W48,2
DR0123,2024-W49,1
DR0123,2024-W50,1
DR0123,2025-W00,1
DR0123,2025-W02,2
DR0123,2025-W03,2
DR0123,2025-W04,1
DR0123,2025-W05,2
DR0123,2025-W06,1
DR0123,2025-W07,2
DR0123,2025-W09,1
DR0123,2025-W11,1
DR0123,2025-W15,1
DR0123,2025-W16,2
DR0123,2025-W17,1
DR0123,2025-W18,1
DR0123,2025-W21,1
DR0123,2025-W22,2
DR0123,2025-W24,1
DR0123,2025-W25,1
DR0123,2025-W27,3
DR0123,2025-W28,1
DR0123,2025-W30,1
DR0123,2025-W31,2
DR0123,2025-W32,1
DR0123,2025-W33,1
DR0123,2025-W34,1
DR0123,2025-W37,1
DR0123,2025-W38,3
DR0123,2025-W39,1
DR0123,2025-W40,3
DR0123,2025-W44,1
DR0123,2025-W46,1
DR0123,2025-W47,1
DR0123,2026-W00,2
DR0123,2026-W01,1
DR0123,2026-W03,1
DR0123,2026-W05,1
DR0123,2026-W08,1
DR0123,2026-W09,2
DR0123,2026-W12,1
DR0123,2026-W14,1
DR0123,2026-W17,1
DR0123,2026-W18,1
DR0123,2026-W19,1
DR0123,2026-W29,1
DR0123,2026-W30,2
DR0123,2026-W31,1
DR0123,2026-W33,2
DR0123,2026-W36,1
DR0124,2024-W01,1
DR0124,2024-W04,1
DR0124,2024-W07,1
DR0124,2024-W08,1
DR0124,2024-W10,1
DR0124,2024-W11,1
DR0124,2024-W13,2
DR0124,2024-W20,1
DR0124,2024-W31,1
DR0124,2024-W40,1
DR0124,2024-W41,2
DR0124,2024-W47,1
DR0124,2025-W10,1
DR0124,2025-W12,2
DR0124,2025-W14,2
DR0124,2025-W18,1
DR0124,2025-W19,1
DR0124,2025-W20,1
DR0124,2025-W25,1
DR0124,2025-W32,1
DR0124,2025-W33,1
DR0124,2025-W40,1
DR0124,2025-W44,1
DR0124,2026-W09,1
DR0124,2026-W25,1
DR0124,2026-W26,2
DR0124,2026-W29,1
DR0124,2026-W33,1
DR0124,2026-W37,1
DR0125,2024-W01,1
DR0125,2024-W03,1
DR0125,2024-W04,1
DR0125,2024-W05,1
DR0125,2024-W06,1
DR0125,2024-W09,1
DR0125,2024-W12,1
DR0125,2024-W14,1
DR0125,2024-W15,2
DR0125,2024-W16,2
DR0125,2024-W19,1
DR0125,2024-W21,1
DR0125,2024-W22,2
DR0125,2024-W23,1
DR0125,2024-W25,1
DR0125,2024-W29,1
DR0125,2024-W32,1
DR0125,2024-W33,1
DR0125,2024-W34,2
DR0125,2024-W35,2
DR0125,2024-W36,2
DR0125,2024-W37,1
DR0125,2024-W39,2
DR0125,2024-W41,1
DR0125,2024-W42,1
DR0125,2024-W43,1
DR0125,2024-W45,1
DR0125,2024-W48,1
DR0125,2024-W50,1
DR0125,2024-W51,2
DR0125,2024-W52,1
DR0125,2025-W00,1
DR0125,2025-W01,1
DR0125,2025-W02,3
DR0125,2025-W03,2
DR0125,2025-W07,1
DR0125,2025-W08,3
DR0125,2025-W09,3
DR0125,2025-W10,1
DR0125,2025-W12,1
DR0125,2025-W13,1
DR0125,2025-W14,1
DR0125,2025-W15,2
DR0125,2025-W16,4
DR0125,2025-W17,2
DR0125,2025-W19,1
DR0125,2025-W20,1
DR0125,2025-W21,1
DR0125,2025-W23,2
DR0125,2025-W24,1
DR0125,2025-W26,4
DR0125,2025-W27,1
DR0125,2025-W29,1
DR0125,2025-W30,1
DR0125,2025-W32,1
DR0125,2025-W34,3
DR0125,2025-W35,2
DR0125,2025-W36,1
DR0125,2025-W37,1
DR0125,2025-W39,1
DR0125,2025-W41,3
DR0125,2025-W42,3
DR0125,2025-W44,1
DR0125,2025-W45,1
DR0125,2025-W46,1
DR0125,2025-W49,2
DR0125,2025-W50,1
DR0125,2025-W52,1
DR0125,2026-W01,2
DR0125,2026-W02,1
DR0125,2026-W03,1
DR0125,2026-W04,1
DR0125,2026-W06,2
DR0125,2026-W11,2
DR0125,2026-W19,1
DR0125,2026-W22,2
DR0125,2026-W24,1
DR0125,2026-W25,1
DR0125,2026-W27,1
DR0125,2026-W29,1
DR0125,2026-W30,1
DR0125,2026-W33,1
DR0125,2026-W35,1
DR0125,2026-W37,2
DR0125,2026-W38,2
DR0126,2024-W01,2
DR0126,2024-W02,1
DR0126,2024-W05,3
DR0126,2024-W06,1
DR0126,2024-W07,3
DR0126,2024-W08,4
DR0126,2024-W09,1
DR0126,2024-W10,1
DR0126,2024-W11,1
DR0126,2024-W12,1
DR0126,2024-W13,4
DR0126,2024-W14,2
DR0126,2024-W15,1
DR0126,2024-W16,1
DR0126,2024-W17,5
DR0126,2024-W18,1
DR0126,2024-W19,3
DR0126,2024-W20,2
DR0126,2024-W21,1
DR0126,2024-W22,3
DR0126,2024-W26,3
DR0126,2024-W28,1
DR0126,2024-W31,4
DR0126,2024-W33,1
DR0126,2024-W35,1
DR0126,2024-W36,4
DR0126,2024-W37,2
DR0126,2024-W38,1
DR0126,2024-W39,1
DR0126,2024-W40,1
DR0126,2024-W41,1
DR0126,2024-W42,3
DR0126,2024-W43,1
DR0126,2024-W44,2
DR0126,2024-W45,3
DR0126,2024-W47,1
DR0126,2024-W49,4
DR0126,2024-W50,4
DR0126,2024-W51,2
DR0126,2024-W52,2
DR0126,2025-W02,3
DR0126,2025-W03,1
DR0126,2025-W04,4
DR0126,2025-W06,1
DR0126,2025-W07,2
DR0126,2025-W08,1
DR0126,2025-W09,5
DR0126,2025-W10,1
DR0126,2025-W11,2
DR0126,2025-W12,3
DR0126,2025-W13,4
DR0126,2025-W14,2
DR0126,2025-W15,3
DR0126,2025-W17,2
DR0126,2025-W18,3
DR0126,2025-W19,3
DR0126,2025-W20,4
DR0126,2025-W21,1
DR0126,2025-W22,1
DR0126,2025-W23,3
DR0126,2025-W24,2
DR0126,2025-W25,1
DR0126,2025-W26,2
DR0126,2025-W28,1
DR0126,2025-W29,2
DR0126,2025-W30,1
DR0126,2025-W32,1
DR0126,2025-W33,4
DR0126,2025-W34,1
DR0126,2025-W35,5
DR0126,2025-W36,2
DR0126,2025-W37,1
DR0126,2025-W38,2
DR0126,2025-W39,1
DR0126,2025-W40,2
DR0126,2025-W41,1
DR0126,2025-W42,3
DR0126,2025-W43,1
DR0126,2025-W48,4
DR0126,2025-W51,2
DR0126,2026-W02,6
DR0126,2026-W03,2
DR0126,2026-W04,1
DR0126,2026-W05,2
DR0126,2026-W06,2
DR0126,2026-W07,3
DR0126,2026-W08,3
DR0126,2026-W11,7
DR0126,2026-W14,2
DR0126,2026-W16,1
DR0126,2026-W17,1
DR0126,2026-W18,1
DR0126,2026-W19,4
DR0126,2026-W20,2
DR0126,2026-W21,2
DR0126,2026-W22,2
DR0126,2026-W23,3
DR0126,2026-W24,2
DR0126,2026-W26,1
DR0126,2026-W27,3
DR0126,2026-W28,1
DR0126,2026-W29,3
DR0126,2026-W30,2
DR0126,2026-W31,1
DR0126,2026-W32,6
DR0126,2026-W33,4
DR0126,2026-W34,1
DR0126,2026-W35,1
DR0126,2026-W36,2
DR0126,2026-W37,2
DR0126,2026-W38,1
DR0126,2026-W39,1
DR0127,2024-W01,1
DR0127,2024-W02,1
DR0127,2024-W03,1
DR0127,2024-W06,1
DR0127,2024-W07,2
DR0127,2024-W08,2
DR0127,2024-W11,1
DR0127,2024-W17,1
DR0127,2024-W21,1
DR0127,2024-W26,2
DR0127,2024-W31,1
DR0127,2024-W32,2
DR0127,2024-W34,1
DR0127,2024-W36,1
DR0127,2024-W38,1
DR0127,2024-W39,2
DR0127,2024-W40,1
DR0127,2024-W43,2
DR0127,2024-W45,1
DR0127,2024-W47,1
DR0127,2024-W52,1
DR0127,2025-W00,1
DR0127,2025-W03,2
DR0127,2025-W06,1
DR0127,2025-W07,1
DR0127,2025-W08,1
DR0127,2025-W18,1
DR0127,2025-W19,1
DR0127,2025-W21,1
DR0127,2025-W23,1
DR0127,2025-W24,1
DR0127,2025-W26,1
DR0127,2025-W31,1
DR0127,2025-W32,1
DR0127,2025-W34,1
DR0127,2025-W36,2
DR0127,2025-W37,1
DR0127,2025-W39,1
DR0127,2025-W45,1
DR0127,2026-W00,1
DR0127,2026-W06,1
DR0127,2026-W07,1
DR0127,2026-W12,1
DR0127,2026-W20,1
DR0127,2026-W24,1
DR0127,2026-W26,1
DR0127,2026-W28,1
DR0127,2026-W30,1
DR0127,2026-W32,1
DR0127,2026-W37,1
DR0127,2026-W38,2
DR0128,2024-W03,2
DR0128,2024-W04,1
DR0128,2024-W06,1
DR0128,2024-W07,1
DR0128,2024-W08,1
DR0128,2024-W09,2
DR0128,2024-W11,1
DR0128,2024-W12,2
DR0128,2024-W13,1
DR0128,2024-W14,1
DR0128,2024-W15,1
DR0128,2024-W16,1
DR0128,2024-W18,1
DR0128,2024-W19,1
DR0128,2024-W22,1
DR0128,2024-W27,1
DR0128,2024-W28,1
DR0128,2024-W29,1
DR0128,2024-W31,1
DR0128,2024-W32,2
DR0128,2024-W33,1
DR0128,2024-W34,1
DR0128,2024-W35,2
DR0128,2024-W37,1
DR0128,2024-W39,2
DR0128,2024-W40,2
DR0128,2024-W42,1
DR0128,2024-W46,2
DR0128,2024-W48,2
DR0128,2024-W49,2
DR0128,2024-W50,3
DR0128,2024-W51,2
DR0128,2024-W52,2
DR0128,2025-W00,2
DR0128,2025-W01,1
DR0128,2025-W05,1
DR0128,2025-W06,2
DR0128,2025-W08,3
DR0128,2025-W09,1
DR0128,2025-W10,1
DR0128,2025-W12,3
DR0128,2025-W14,3
DR0128,2025-W15,2
DR0128,2025-W16,2
DR0128,2025-W17,1
DR0128,2025-W20,1
DR0128,2025-W22,4
DR0128,2025-W23,1
DR0128,2025-W25,1
DR0128,2025-W27,3
DR0128,2025-W30,3
DR0128,2025-W32,1
DR0128,2025-W34,1
DR0128,2025-W35,2
DR0128,2025-W36,1
DR0128,2025-W37,1
DR0128,2025-W40,1
DR0128,2025-W44,4
DR0128,2025-W46,1
DR0128,2025-W48,3
DR0128,2025-W50,1
DR0128,2025-W51,1
DR0128,2026-W01,1
DR0128,2026-W02,1
DR0128,2026-W03,1
DR0128,2026-W04,3
DR0128,2026-W06,1
DR0128,2026-W07,1
DR0128,2026-W08,2
DR0128,2026-W09,3
DR0128,2026-W10,1
DR0128,2026-W12,1
DR0128,2026-W14,2
DR0128,2026-W15,1
DR0128,2026-W17,1
DR0128,2026-W18,4
DR0128,2026-W21,3
DR0128,2026-W22,1
DR0128,2026-W23,1
DR0128,2026-W25,2
DR0128,2026-W27,3
DR0128,2026-W31,1
DR0128,2026-W34,1
DR0128,2026-W35,1
DR0128,2026-W39,1
DR0129,2024-W01,1
DR0129,2024-W02,1
DR0129,2024-W04,1
DR0129,2024-W07,1
DR0129,2024-W09,1
DR0129,2024-W13,1
DR0129,2024-W19,1
DR0129,2024-W20,1
DR0129,2024-W26,1
DR0129,2024-W28,1
DR0129,2024-W34,1
DR0129,2024-W35,1
DR0129,2024-W36,2
DR0129,2024-W43,2
DR0129,2024-W45,2
DR0129,2024-W48,1
DR0129,2024-W51,1
DR0129,2024-W52,1
DR0129,2024-W53,1
DR0129,2025-W00,1
DR0129,2025-W03,1
DR0129,2025-W05,1
DR0129,2025-W06,1
DR0129,2025-W07,1
DR0129,2025-W08,1
DR0129,2025-W10,2
DR0129,2025-W17,1
DR0129,2025-W28,1
DR0129,2025-W29,2
DR0129,2025-W32,1
DR0129,2025-W36,2
DR0129,2025-W37,1
DR0129,2025-W42,1
DR0129,2025-W45,1
DR0129,2025-W48,1
DR0129,2026-W00,1
DR0129,2026-W02,1
DR0129,2026-W05,1
DR0129,2026-W11,2
DR0129,2026-W12,1
DR0129,2026-W13,2
DR0129,2026-W14,1
DR0129,2026-W16,1
DR0129,2026-W18,1
DR0129,2026-W23,2
DR0129,2026-W25,1
DR0129,2026-W26,2
DR0129,2026-W29,1
DR0129,2026-W30,1
DR0129,2026-W31,1
DR0129,2026-W32,1
DR0129,2026-W33,2
DR0129,2026-W36,1
DR0129,2026-W37,1
DR0130,2024-W01,1
DR0130,2024-W02,1
DR0130,2024-W04,1
DR0130,2024-W10,2
DR0130,2024-W11,1
DR0130,2024-W12,1
DR0130,2024-W17,1
DR0130,2024-W23,1
DR0130,2024-W24,1
DR0130,2024-W25,1
DR0130,2024-W27,1
DR0130,2024-W30,1
DR0130,2024-W33,1
DR0130,2024-W36,1
DR0130,2024-W37,1
DR0130,2024-W40,1
DR0130,2024-W46,1
DR0130,2024-W52,1
DR0130,2025-W04,2
DR0130,2025-W05,1
DR0130,2025-W08,1
DR0130,2025-W09,1
DR0130,2025-W10,1
DR0130,2025-W12,1
DR0130,2025-W14,1
DR0130,2025-W16,2
DR0130,2025-W20,1
DR0130,2025-W28,1
DR0130,2025-W29,1
DR0130,2025-W32,1
DR0130,2025-W33,1
DR0130,2025-W34,1
DR0130,2025-W39,1
DR0130,2025-W41,1
DR0130,2025-W45,1
DR0130,2025-W49,1
DR0130,2025-W52,1
DR0130,2026-W00,1
DR0130,2026-W01,1
DR0130,2026-W03,1
DR0130,2026-W05,1
DR0130,2026-W06,2
DR0130,2026-W07,1
DR0130,2026-W11,1
DR0130,2026-W13,2
DR0130,2026-W18,1
DR0130,2026-W22,1
DR0130,2026-W24,2
DR0130,2026-W28,1
DR0130,2026-W33,1
DR0130,2026-W35,2
DR0130,2026-W37,1
DR0131,2024-W01,3
DR0131,2024-W02,5
DR0131,2024-W03,6
DR0131,2024-W04,2
DR0131,2024-W05,5
DR0131,2024-W06,4
DR0131,2024-W07,6
DR0131,2024-W08,3
DR0131,2024-W09,4
DR0131,2024-W10,3
DR0131,2024-W11,5
DR0131,2024-W12,3
DR0131,2024-W13,8
DR0131,2024-W14,2
DR0131,2024-W15,3
DR0131,2024-W16,2
DR0131,2024-W17,2
DR0131,2024-W18,3
DR0131,2024-W19,6
DR0131,2024-W20,2
DR0131,2024-W21,5
DR0131,2024-W22,3
DR0131,2024-W23,4
DR0131,2024-W24,2
DR0131,2024-W25,3
DR0131,2024-W26,3
DR0131,2024-W27,5
DR0131,2024-W28,4
DR0131,2024-W29,3
DR0131,2024-W30,3
DR0131,2024-W31,4
DR0131,2024-W32,4
DR0131,2024-W33,1
DR0131,2024-W34,10
DR0131,2024-W35,4
DR0131,2024-W36,4
DR0131,2024-W37,6
DR0131,2024-W38,5
DR0131,2024-W39,6
DR0131,2024-W40,1
DR0131,2024-W41,1
DR0131,2024-W42,4
DR0131,2024-W43,3
DR0131,2024-W44,3
DR0131,2024-W45,7
DR0131,2024-W46,4
DR0131,2024-W47,5
DR0131,2024-W48,5
DR0131,2024-W49,4
DR0131,2024-W50,2
DR0131,2024-W51,1
DR0131,2024-W52,4
DR0131,2024-W53,2
DR0131,2025-W00,2
DR0131,2025-W01,6
DR0131,2025-W02,6
DR0131,2025-W03,2
DR0131,2025-W04,6
DR0131,2025-W05,6
DR0131,2025-W06,4
DR0131,2025-W07,4
DR0131,2025-W08,3
DR0131,2025-W09,6
DR0131,2025-W10,3
DR0131,2025-W11,5
DR0131,2025-W12,3
DR0131,2025-W13,5
DR0131,2025-W14,6
DR0131,2025-W15,3
DR0131,2025-W16,4
DR0131,2025-W17,6
DR0131,2025-W19,3
DR0131,2025-W20,6
DR0131,2025-W21,2
DR0131,2025-W22,2
DR0131,2025-W23,2
DR0131,2025-W24,3
DR0131,2025-W25,6
DR0131,2025-W26,5
DR0131,2025-W28,3
DR0131,2025-W29,4
DR0131,2025-W30,3
DR0131,2025-W32,2
DR0131,2025-W33,3
DR0131,2025-W34,6
DR0131,2025-W35,4
DR0131,2025-W36,2
DR0131,2025-W37,2
DR0131,2025-W38,7
DR0131,2025-W39,3
DR0131,2025-W40,3
DR0131,2025-W41,3
DR0131,2025-W42,4
DR0131,2025-W43,4
DR0131,2025-W44,6
DR0131,2025-W45,2
DR0131,2025-W46,6
DR0131,2025-W47,3
DR0131,2025-W48,7
DR0131,2025-W49,7
DR0131,2025-W50,3
DR0131,2025-W51,5
DR0131,2025-W52,4
DR0131,2026-W00,5
DR0131,2026-W01,5
DR0131,2026-W02,2
DR0131,2026-W03,2
DR0131,2026-W05,3
DR0131,2026-W06,3
DR0131,2026-W07,2
DR0131,2026-W08,7
DR0131,2026-W09,6
DR0131,2026-W10,6
DR0131,2026-W11,3
DR0131,2026-W12,4
DR0131,2026-W13,6
DR0131,2026-W14,5
DR0131,2026-W15,3
DR0131,2026-W16,4
DR0131,2026-W17,5
DR0131,2026-W18,6
DR0131,2026-W19,6
DR0131,2026-W20,6
DR0131,2026-W21,2
DR0131,2026-W22,4
DR0131,2026-W23,7
DR0131,2026-W24,3
DR0131,2026-W25,3
DR0131,2026-W26,2
DR0131,2026-W27,5
DR0131,2026-W28,9
DR0131,2026-W29,4
DR0131,2026-W30,3
DR0131,2026-W31,4
DR0131,2026-W32,4
DR0131,2026-W33,3
DR0131,2026-W34,2
DR0131,2026-W35,5
DR0131,2026-W36,8
DR0131,2026-W37,4
DR0131,2026-W38,5
DR0132,2024-W01,1
DR0132,2024-W02,3
DR0132,2024-W03,1
DR0132,2024-W05,1
DR0132,2024-W06,1
DR0132,2024-W08,1
DR0132,2024-W09,1
DR0132,2024-W14,1
DR0132,2024-W16,2
DR0132,2024-W18,2
DR0132,2024-W21,1
DR0132,2024-W25,2
DR0132,2024-W31,4
DR0132,2024-W32,1
DR0132,2024-W34,1
DR0132,2024-W37,2
DR0132,2024-W39,1
DR0132,2024-W40,2
DR0132,2024-W41,2
DR0132,2024-W43,1
DR0132,2024-W44,1
DR0132,2024-W45,1
DR0132,2024-W51,1
DR0132,2025-W01,1
DR0132,2025-W02,1
DR0132,2025-W04,4
DR0132,2025-W07,1
DR0132,2025-W10,1
DR0132,2025-W16,1
DR0132,2025-W18,1
DR0132,2025-W19,3
DR0132,2025-W20,1
DR0132,2025-W21,1
DR0132,2025-W22,2
DR0132,2025-W24,2
DR0132,2025-W25,1
DR0132,2025-W27,1
DR0132,2025-W28,2
DR0132,2025-W32,1
DR0132,2025-W33,2
DR0132,2025-W36,1
DR0132,2025-W37,1
DR0132,2025-W40,1
DR0132,2025-W43,2
DR0132,2025-W45,1
DR0132,2025-W48,1
DR0132,2025-W49,1
DR0132,2025-W51,1
DR0132,2026-W00,1
DR0132,2026-W03,3
DR0132,2026-W07,3
DR0132,2026-W08,1
DR0132,2026-W09,1
DR0132,2026-W12,2
DR0132,2026-W13,1
DR0132,2026-W14,2
DR0132,2026-W17,1
DR0132,2026-W19,1
DR0132,2026-W22,3
DR0132,2026-W24,1
DR0132,2026-W31,1
DR0132,2026-W32,2
DR0132,2026-W34,1
DR0132,2026-W37,1
DR0132,2026-W38,3
DR0132,2026-W39,1
DR0133,2024-W01,3
DR0133,2024-W02,2
DR0133,2024-W04,3
DR0133,2024-W05,1
DR0133,2024-W07,2
DR0133,2024-W08,1
DR0133,2024-W10,3
DR0133,2024-W13,3
DR0133,2024-W16,2
DR0133,2024-W17,1
DR0133,2024-W19,1
DR0133,2024-W20,2
DR0133,2024-W24,1
DR0133,2024-W26,1
DR0133,2024-W27,1
DR0133,2024-W29,2
DR0133,2024-W30,3
DR0133,2024-W32,1
DR0133,2024-W39,2
DR0133,2024-W41,2
DR0133,2024-W43,2
DR0133,2024-W47,1
DR0133,2024-W48,2
DR0133,2024-W49,4
DR0133,2024-W50,4
DR0133,2024-W52,1
DR0133,2025-W00,1
DR0133,2025-W01,2
DR0133,2025-W02,1
DR0133,2025-W03,2
DR0133,2025-W04,2
DR0133,2025-W05,1
DR0133,2025-W06,1
DR0133,2025-W07,1
DR0133,2025-W11,1
DR0133,2025-W13,1
DR0133,2025-W14,1
DR0133,2025-W15,1
DR0133,2025-W16,1
DR0133,2025-W21,1
DR0133,2025-W25,2
DR0133,2025-W27,2
DR0133,2025-W28,2
DR0133,2025-W29,3
DR0133,2025-W30,1
DR0133,2025-W33,2
DR0133,2025-W34,1
DR0133,2025-W35,1
DR0133,2025-W36,2
DR0133,2025-W38,2
DR0133,2025-W40,3
DR0133,2025-W42,3
DR0133,2025-W43,2
DR0133,2025-W45,2
DR0133,2025-W46,1
DR0133,2025-W47,1
DR0133,2025-W48,1
DR0133,2025-W49,1
DR0133,2025-W50,1
DR0133,2025-W52,1
DR0133,2026-W00,2
DR0133,2026-W01,1
DR0133,2026-W03,1
DR0133,2026-W04,1
DR0133,2026-W06,1
DR0133,2026-W08,1
DR0133,2026-W09,2
DR0133,2026-W10,1
DR0133,2026-W11,1
DR0133,2026-W13,2
DR0133,2026-W14,1
DR0133,2026-W15,2
DR0133,2026-W18,2
DR0133,2026-W20,1
DR0133,2026-W22,2
DR0133,2026-W24,3
DR0133,2026-W25,1
DR0133,2026-W31,2
DR0133,2026-W32,1
DR0133,2026-W33,2
DR0133,2026-W34,1
DR0133,2026-W36,1
DR0133,2026-W38,1
DR0134,2024-W03,1
DR0134,2024-W11,1
DR0134,2024-W13,1
DR0134,2024-W14,1
DR0134,2024-W20,1
DR0134,2024-W21,1
DR0134,2024-W28,1
DR0134,2024-W29,1
DR0134,2024-W38,1
DR0134,2024-W46,2
DR0134,2024-W47,1
DR0134,2024-W52,2
DR0134,2025-W03,1
DR0134,2025-W10,1
DR0134,2025-W12,1
DR0134,2025-W14,1
DR0134,2025-W15,1
DR0134,2025-W18,2
DR0134,2025-W20,1
DR0134,2025-W22,2
DR0134,2025-W25,1
DR0134,2025-W32,1
DR0134,2025-W36,1
DR0134,2025-W43,1
DR0134,2025-W45,1
DR0134,2025-W46,1
DR0134,2026-W02,1
DR0134,2026-W05,1
DR0134,2026-W10,1
DR0134,2026-W12,2
DR0134,2026-W13,1
DR0134,2026-W14,1
DR0134,2026-W18,1
DR0134,2026-W20,1
DR0134,2026-W21,1
DR0134,2026-W22,1
DR0134,2026-W24,2
DR0134,2026-W35,1
DR0134,2026-W36,1
DR0135,2024-W01,2
DR0135,2024-W02,2
DR0135,2024-W03,1
DR0135,2024-W04,2
DR0135,2024-W07,1
DR0135,2024-W08,1
DR0135,2024-W09,4
DR0135,2024-W12,2
DR0135,2024-W13,1
DR0135,2024-W14,2
DR0135,2024-W16,2
DR0135,2024-W18,3
DR0135,2024-W20,2
DR0135,2024-W22,1
DR0135,2024-W25,1
DR0135,2024-W26,1
DR0135,2024-W27,2
DR0135,2024-W28,2
DR0135,2024-W29,1
DR0135,2024-W32,1
DR0135,2024-W33,5
DR0135,2024-W34,1
DR0135,2024-W36,1
DR0135,2024-W37,2
DR0135,2024-W38,1
DR0135,2024-W39,1
DR0135,2024-W41,2
DR0135,2024-W43,3
DR0135,2024-W44,1
DR0135,2024-W45,2
DR0135,2024-W46,2
DR0135,2024-W47,3
DR0135,2024-W48,2
DR0135,2024-W51,4
DR0135,2025-W01,3
DR0135,2025-W02,1
DR0135,2025-W03,2
DR0135,2025-W04,1
DR0135,2025-W05,2
DR0135,2025-W06,3
DR0135,2025-W07,1
DR0135,2025-W08,1
DR0135,2025-W09,2
DR0135,2025-W10,2
DR0135,2025-W11,1
DR0135,2025-W12,1
DR0135,2025-W14,1
DR0135,2025-W16,1
DR0135,2025-W17,3
DR0135,2025-W18,1
DR0135,2025-W20,3
DR0135,2025-W22,3
DR0135,2025-W24,1
DR0135,2025-W28,2
DR0135,2025-W30,1
DR0135,2025-W31,2
DR0135,2025-W32,1
DR0135,2025-W34,2
DR0135,2025-W36,1
DR0135,2025-W37,2
DR0135,2025-W41,1
DR0135,2025-W44,2
DR0135,2025-W46,1
DR0135,2025-W51,1
DR0135,2025-W52,1
DR0135,2026-W00,2
DR0135,2026-W01,2
DR0135,2026-W02,1
DR0135,2026-W03,1
DR0135,2026-W06,1
DR0135,2026-W07,1
DR0135,2026-W10,3
DR0135,2026-W11,1
DR0135,2026-W13,2
DR0135,2026-W14,1
DR0135,2026-W15,1
DR0135,2026-W19,1
DR0135,2026-W22,3
DR0135,2026-W25,1
DR0135,2026-W29,1
DR0135,2026-W30,2
DR0135,2026-W31,1
DR0135,2026-W33,2
DR0135,2026-W35,1
DR0135,2026-W36,1
DR0136,2024-W01,2
DR0136,2024-W04,2
DR0136,2024-W05,2
DR0136,2024-W06,1
DR0136,2024-W07,1
DR0136,2024-W08,1
DR0136,2024-W10,1
DR0136,2024-W12,1
DR0136,2024-W13,1
DR0136,2024-W16,1
DR0136,2024-W17,1
DR0136,2024-W19,3
DR0136,2024-W20,1
DR0136,2024-W21,2
DR0136,2024-W22,2
DR0136,2024-W24,1
DR0136,2024-W33,2
DR0136,2024-W34,1
DR0136,2024-W35,2
DR0136,2024-W38,2
DR0136,2024-W40,1
DR0136,2024-W41,2
DR0136,2024-W42,2
DR0136,2024-W43,1
DR0136,2024-W44,3
DR0136,2024-W45,3
DR0136,2024-W46,2
DR0136,2024-W49,2
DR0136,2024-W52,1
DR0136,2025-W01,2
DR0136,2025-W02,3
DR0136,2025-W03,1
DR0136,2025-W07,2
DR0136,2025-W10,2
DR0136,2025-W12,2
DR0136,2025-W13,1
DR0136,2025-W14,1
DR0136,2025-W15,3
DR0136,2025-W17,1
DR0136,2025-W23,1
DR0136,2025-W24,1
DR0136,2025-W25,1
DR0136,2025-W26,1
DR0136,2025-W28,1
DR0136,2025-W29,2
DR0136,2025-W33,1
DR0136,2025-W34,2
DR0136,2025-W35,2
DR0136,2025-W36,2
DR0136,2025-W37,2
DR0136,2025-W39,2
DR0136,2025-W40,1
DR0136,2025-W43,1
DR0136,2025-W45,2
DR0136,2025-W46,1
DR0136,2025-W50,1
DR0136,2025-W51,3
DR0136,2026-W00,1
DR0136,2026-W01,3
DR0136,2026-W04,1
DR0136,2026-W05,1
DR0136,2026-W06,1
DR0136,2026-W07,1
DR0136,2026-W08,3
DR0136,2026-W09,2
DR0136,2026-W10,2
DR0136,2026-W13,1
DR0136,2026-W18,2
DR0136,2026-W19,1
DR0136,2026-W24,1
DR0136,2026-W25,3
DR0136,2026-W29,2
DR0136,2026-W38,2
DR0137,2024-W01,3
DR0137,2024-W02,2
DR0137,2024-W04,1
DR0137,2024-W05,5
DR0137,2024-W06,2
DR0137,2024-W08,1
DR0137,2024-W09,4
DR0137,2024-W10,3
DR0137,2024-W12,1
DR0137,2024-W13,1
DR0137,2024-W14,1
DR0137,2024-W15,1
DR0137,2024-W17,2
DR0137,2024-W18,1
DR0137,2024-W19,1
DR0137,2024-W20,2
DR0137,2024-W22,2
DR0137,2024-W23,3
DR0137,2024-W24,3
DR0137,2024-W25,3
DR0137,2024-W26,2
DR0137,2024-W27,2
DR0137,2024-W28,1
DR0137,2024-W31,1
DR0137,2024-W32,1
DR0137,2024-W33,2
DR0137,2024-W34,2
DR0137,2024-W35,2
DR0137,2024-W36,1
DR0137,2024-W37,2
DR0137,2024-W39,3
DR0137,2024-W40,1
DR0137,2024-W41,1
DR0137,2024-W42,1
DR0137,2024-W43,2
DR0137,2024-W44,2
DR0137,2024-W45,1
DR0137,2024-W47,2
DR0137,2024-W49,1
DR0137,2024-W51,1
DR0137,2024-W52,1
DR0137,2025-W01,3
DR0137,2025-W02,2
DR0137,2025-W03,2
DR0137,2025-W05,2
DR0137,2025-W06,5
DR0137,2025-W07,1
DR0137,2025-W08,2
DR0137,2025-W09,2
DR0137,2025-W10,1
DR0137,2025-W11,1
DR0137,2025-W12,2
DR0137,2025-W13,1
DR0137,2025-W14,2
DR0137,2025-W15,2
DR0137,2025-W16,2
DR0137,2025-W17,1
DR0137,2025-W18,1
DR0137,2025-W21,3
DR0137,2025-W23,2
DR0137,2025-W24,1
DR0137,2025-W25,1
DR0137,2025-W27,1
DR0137,2025-W29,3
DR0137,2025-W30,1
DR0137,2025-W32,2
DR0137,2025-W34,1
DR0137,2025-W35,3
DR0137,2025-W36,1
DR0137,2025-W38,1
DR0137,2025-W40,2
DR0137,2025-W42,2
DR0137,2025-W43,1
DR0137,2025-W44,2
DR0137,2025-W45,2
DR0137,2025-W46,2
DR0137,2025-W47,1
DR0137,2025-W48,2
DR0137,2025-W50,4
DR0137,2025-W51,2
DR0137,2026-W01,1
DR0137,2026-W03,2
DR0137,2026-W04,1
DR0137,2026-W06,1
DR0137,2026-W07,3
DR0137,2026-W09,1
DR0137,2026-W10,3
DR0137,2026-W11,1
DR0137,2026-W13,3
DR0137,2026-W17,3
DR0137,2026-W18,4
DR0137,2026-W19,1
DR0137,2026-W20,1
DR0137,2026-W21,2
DR0137,2026-W22,2
DR0137,2026-W23,3
DR0137,2026-W25,1
DR0137,2026-W26,1
DR0137,2026-W27,1
DR0137,2026-W28,1
DR0137,2026-W31,3
DR0137,2026-W32,2
DR0137,2026-W33,1
DR0137,2026-W34,1
DR0137,2026-W35,3
DR0137,2026-W36,1
DR0137,2026-W37,1
DR0137,2026-W38,1
DR0138,2024-W04,1
DR0138,2024-W11,1
DR0138,2024-W13,1
DR0138,2024-W16,1
DR0138,2024-W17,1
DR0138,2024-W21,1
DR0138,2024-W27,1
DR0138,2024-W32,1
DR0138,2024-W33,1
DR0138,2024-W42,1
DR0138,2024-W49,1
DR0138,2025-W11,1
DR0138,2025-W20,1
DR0138,2025-W26,1
DR0138,2025-W40,1
DR0138,2025-W43,1
DR0138,2026-W09,1
DR0138,2026-W10,1
DR0138,2026-W17,1
DR0138,2026-W23,1
DR0139,2024-W01,4
DR0139,2024-W02,4
DR0139,2024-W03,1
DR0139,2024-W04,1
DR0139,2024-W05,1
DR0139,2024-W06,2
DR0139,2024-W07,2
DR0139,2024-W08,1
DR0139,2024-W09,2
DR0139,2024-W10,1
DR0139,2024-W11,2
DR0139,2024-W12,1
DR0139,2024-W13,3
DR0139,2024-W14,2
DR0139,2024-W15,2
DR0139,2024-W16,3
DR0139,2024-W17,1
DR0139,2024-W18,2
DR0139,2024-W19,3
DR0139,2024-W21,2
DR0139,2024-W22,2
DR0139,2024-W23,1
DR0139,2024-W24,1
DR0139,2024-W25,1
DR0139,2024-W26,3
DR0139,2024-W27,2
DR0139,2024-W28,4
DR0139,2024-W29,4
DR0139,2024-W30,1
DR0139,2024-W31,2
DR0139,2024-W32,3
DR0139,2024-W33,2
DR0139,2024-W36,1
DR0139,2024-W37,1
DR0139,2024-W38,2
DR0139,2024-W40,1
DR0139,2024-W41,4
DR0139,2024-W42,1
DR0139,2024-W43,3
DR0139,2024-W44,3
DR0139,2024-W45,4
DR0139,2024-W46,3
DR0139,2024-W47,1
DR0139,2024-W48,2
DR0139,2024-W49,2
DR0139,2024-W50,2
DR0139,2024-W52,2
DR0139,2024-W53,1
DR0139,2025-W00,3
DR0139,2025-W01,5
DR0139,2025-W03,2
DR0139,2025-W04,3
DR0139,2025-W05,3
DR0139,2025-W07,3
DR0139,2025-W08,5
DR0139,2025-W09,1
DR0139,2025-W10,2
DR0139,2025-W11,1
DR0139,2025-W12,1
DR0139,2025-W13,1
DR0139,2025-W14,2
DR0139,2025-W15,1
DR0139,2025-W16,2
DR0139,2025-W17,2
DR0139,2025-W18,3
DR0139,2025-W19,2
DR0139,2025-W20,2
DR0139,2025-W21,1
DR0139,2025-W22,3
DR0139,2025-W23,1
DR0139,2025-W24,2
DR0139,2025-W25,2
DR0139,2025-W28,1
DR0139,2025-W30,3
DR0139,2025-W31,1
DR0139,2025-W32,2
DR0139,2025-W33,5
DR0139,2025-W34,1
DR0139,2025-W35,1
DR0139,2025-W36,4
DR0139,2025-W37,1
DR0139,2025-W38,2
DR0139,2025-W39,2
DR0139,2025-W40,2
DR0139,2025-W41,2
DR0139,2025-W42,1
DR0139,2025-W43,2
DR0139,2025-W44,3
DR0139,2025-W45,4
DR0139,2025-W46,3
DR0139,2025-W47,3
DR0139,2025-W48,1
DR0139,2025-W49,3
DR0139,2025-W50,2
DR0139,2025-W51,3
DR0139,2026-W00,2
DR0139,2026-W03,1
DR0139,2026-W04,1
DR0139,2026-W05,3
DR0139,2026-W06,4
DR0139,2026-W07,1
DR0139,2026-W08,3
DR0139,2026-W09,4
DR0139,2026-W10,2
DR0139,2026-W11,4
DR0139,2026-W12,1
DR0139,2026-W13,4
DR0139,2026-W14,5
DR0139,2026-W16,3
DR0139,2026-W17,2
DR0139,2026-W18,3
DR0139,2026-W19,1
DR0139,2026-W20,2
DR0139,2026-W22,2
DR0139,2026-W23,1
DR0139,2026-W24,1
DR0139,2026-W25,2
DR0139,2026-W26,1
DR0139,2026-W27,2
DR0139,2026-W29,2
DR0139,2026-W30,1
DR0139,2026-W31,2
DR0139,2026-W32,2
DR0139,2026-W33,2
DR0139,2026-W34,5
DR0139,2026-W36,1
DR0139,2026-W37,4
DR0140,2024-W01,1
DR0140,2024-W02,1
DR0140,2024-W03,4
DR0140,2024-W04,1
DR0140,2024-W05,1
DR0140,2024-W06,1
DR0140,2024-W07,1
DR0140,2024-W08,1
DR0140,2024-W10,1
DR0140,2024-W11,1
DR0140,2024-W12,2
DR0140,2024-W13,1
DR0140,2024-W14,2
DR0140,2024-W15,1
DR0140,2024-W16,1
DR0140,2024-W17,2
DR0140,2024-W18,2
DR0140,2024-W19,2
DR0140,2024-W21,1
DR0140,2024-W23,1
DR0140,2024-W25,1
DR0140,2024-W26,3
DR0140,2024-W27,2
DR0140,2024-W28,2
DR0140,2024-W29,1
DR0140,2024-W31,1
DR0140,2024-W33,2
DR0140,2024-W34,2
DR0140,2024-W37,2
DR0140,2024-W38,2
DR0140,2024-W39,2
DR0140,2024-W40,3
DR0140,2024-W41,2
DR0140,2024-W44,1
DR0140,2024-W45,1
DR0140,2024-W46,1
DR0140,2024-W47,1
DR0140,2024-W49,1
DR0140,2024-W50,1
DR0140,2024-W51,1
DR0140,2024-W52,1
DR0140,2024-W53,2
DR0140,2025-W01,5
DR0140,2025-W02,2
DR0140,2025-W05,2
DR0140,2025-W08,2
DR0140,2025-W10,1
DR0140,2025-W11,1
DR0140,2025-W12,3
DR0140,2025-W13,1
DR0140,2025-W14,1
DR0140,2025-W15,2
DR0140,2025-W18,1
DR0140,2025-W20,1
DR0140,2025-W21,3
DR0140,2025-W22,1
DR0140,2025-W23,3
DR0140,2025-W24,2
DR0140,2025-W25,3
DR0140,2025-W26,1
DR0140,2025-W27,1
DR0140,2025-W28,1
DR0140,2025-W29,4
DR0140,2025-W31,2
DR0140,2025-W33,1
DR0140,2025-W35,1
DR0140,2025-W37,1
DR0140,2025-W38,2
DR0140,2025-W40,1
DR0140,2025-W41,3
DR0140,2025-W43,1
DR0140,2025-W44,1
DR0140,2025-W45,2
DR0140,2025-W46,1
DR0140,2025-W47,4
DR0140,2025-W48,1
DR0140,2025-W49,2
DR0140,2025-W51,4
DR0140,2026-W00,1
DR0140,2026-W04,2
DR0140,2026-W05,1
DR0140,2026-W09,1
DR0140,2026-W10,1
DR0140,2026-W11,2
DR0140,2026-W12,2
DR0140,2026-W14,2
DR0140,2026-W15,1
DR0140,2026-W16,1
DR0140,2026-W18,1
DR0140,2026-W19,1
DR0140,2026-W20,2
DR0140,2026-W21,2
DR0140,2026-W22,1
DR0140,2026-W23,2
DR0140,2026-W24,2
DR0140,2026-W25,1
DR0140,2026-W27,1
DR0140,2026-W30,2
DR0140,2026-W32,1
DR0140,2026-W33,1
DR0140,2026-W34,1
DR0140,2026-W36,1
DR0141,2024-W01,1
DR0141,2024-W04,2
DR0141,2024-W05,1
DR0141,2024-W07,1
DR0141,2024-W11,1
DR0141,2024-W12,2
DR0141,2024-W13,1
DR0141,2024-W14,2
DR0141,2024-W15,1
DR0141,2024-W16,1
DR0141,2024-W17,1
DR0141,2024-W18,1
DR0141,2024-W19,1
DR0141,2024-W20,1
DR0141,2024-W21,1
DR0141,2024-W22,1
DR0141,2024-W24,1
DR0141,2024-W25,2
DR0141,2024-W27,3
DR0141,2024-W29,1
DR0141,2024-W32,1
DR0141,2024-W33,2
DR0141,2024-W34,1
DR0141,2024-W36,2
DR0141,2024-W37,2
DR0141,2024-W39,1
DR0141,2024-W40,1
DR0141,2024-W44,3
DR0141,2024-W45,1
DR0141,2024-W47,1
DR0141,2024-W49,1
DR0141,2024-W52,1
DR0141,2025-W02,1
DR0141,2025-W04,1
DR0141,2025-W06,1
DR0141,2025-W13,1
DR0141,2025-W14,1
DR0141,2025-W16,1
DR0141,2025-W17,1
DR0141,2025-W18,1
DR0141,2025-W23,1
DR0141,2025-W24,1
DR0141,2025-W27,2
DR0141,2025-W28,1
DR0141,2025-W29,2
DR0141,2025-W32,1
DR0141,2025-W35,2
DR0141,2025-W36,1
DR0141,2025-W37,1
DR0141,2025-W40,3
DR0141,2025-W41,1
DR0141,2025-W42,1
DR0141,2025-W47,2
DR0141,2025-W48,1
DR0141,2025-W49,2
DR0141,2025-W50,1
DR0141,2025-W51,2
DR0141,2026-W03,1
DR0141,2026-W04,2
DR0141,2026-W05,1
DR0141,2026-W06,1
DR0141,2026-W08,2
DR0141,2026-W09,1
DR0141,2026-W11,2
DR0141,2026-W12,2
DR0141,2026-W15,2
DR0141,2026-W17,2
DR0141,2026-W18,1
DR0141,2026-W19,1
DR0141,2026-W22,1
DR0141,2026-W24,1
DR0141,2026-W26,2
DR0141,2026-W28,1
DR0141,2026-W30,1
DR0141,2026-W31,2
DR0141,2026-W32,1
DR0141,2026-W34,2
DR0141,2026-W35,1
DR0141,2026-W36,1
DR0141,2026-W37,1
DR0141,2026-W38,2
DR0142,2024-W03,1
DR0142,2024-W06,1
DR0142,2024-W07,1
DR0142,2024-W08,1
DR0142,2024-W12,2
DR0142,2024-W14,1
DR0142,2024-W16,1
DR0142,2024-W19,1
DR0142,2024-W32,1
DR0142,2024-W35,1
DR0142,2024-W38,1
DR0142,2024-W41,1
DR0142,2024-W45,1
DR0142,2024-W46,1
DR0142,2024-W47,1
DR0142,2024-W48,1
DR0142,2024-W50,2
DR0142,2024-W51,1
DR0142,2024-W52,1
DR0142,2025-W01,1
DR0142,2025-W06,2
DR0142,2025-W12,2
DR0142,2025-W14,1
DR0142,2025-W20,1
DR0142,2025-W24,1
DR0142,2025-W30,1
DR0142,2025-W34,2
DR0142,2025-W41,1
DR0142,2025-W42,1
DR0142,2025-W44,1
DR0142,2025-W48,1
DR0142,2025-W49,1
DR0142,2026-W01,1
DR0142,2026-W03,1
DR0142,2026-W07,1
DR0142,2026-W13,1
DR0142,2026-W22,1
DR0142,2026-W23,1
DR0142,2026-W30,1
DR0142,2026-W31,1
DR0142,2026-W33,1
DR0142,2026-W35,1
DR0143,2024-W01,1
DR0143,2024-W02,2
DR0143,2024-W03,1
DR0143,2024-W04,1
DR0143,2024-W05,2
DR0143,2024-W09,2
DR0143,2024-W11,1
DR0143,2024-W12,1
DR0143,2024-W13,2
DR0143,2024-W14,1
DR0143,2024-W17,1
DR0143,2024-W20,2
DR0143,2024-W21,2
DR0143,2024-W22,1
DR0143,2024-W24,3
DR0143,2024-W25,1
DR0143,2024-W26,1
DR0143,2024-W28,2
DR0143,2024-W36,3
DR0143,2024-W37,1
DR0143,2024-W38,1
DR0143,2024-W39,2
DR0143,2024-W40,1
DR0143,2024-W42,3
DR0143,2024-W43,1
DR0143,2024-W44,1
DR0143,2024-W45,1
DR0143,2024-W46,1
DR0143,2024-W47,3
DR0143,2024-W48,1
DR0143,2024-W49,2
DR0143,2024-W50,1
DR0143,2024-W51,1
DR0143,2024-W52,1
DR0143,2025-W01,2
DR0143,2025-W02,1
DR0143,2025-W03,1
DR0143,2025-W04,1
DR0143,2025-W07,1
DR0143,2025-W08,2
DR0143,2025-W09,1
DR0143,2025-W10,1
DR0143,2025-W11,1
DR0143,2025-W12,2
DR0143,2025-W14,1
DR0143,2025-W15,1
DR0143,2025-W18,2
DR0143,2025-W21,3
DR0143,2025-W23,2
DR0143,2025-W25,1
DR0143,2025-W27,1
DR0143,2025-W31,2
DR0143,2025-W34,2
DR0143,2025-W35,2
DR0143,2025-W36,1
DR0143,2025-W38,1
DR0143,2025-W40,2
DR0143,2025-W41,2
DR0143,2025-W43,2
DR0143,2025-W45,1
DR0143,2025-W48,2
DR0143,2025-W50,1
DR0143,2026-W04,2
DR0143,2026-W06,2
DR0143,2026-W08,1
DR0143,2026-W11,1
DR0143,2026-W13,2
DR0143,2026-W20,1
DR0143,2026-W21,1
DR0143,2026-W23,2
DR0143,2026-W25,1
DR0143,2026-W26,1
DR0143,2026-W27,2
DR0143,2026-W28,1
DR0143,2026-W33,1
DR0143,2026-W34,1
DR0143,2026-W36,2
DR0143,2026-W37,1
DR0144,2024-W01,6
DR0144,2024-W02,1
DR0144,2024-W03,2
DR0144,2024-W04,2
DR0144,2024-W05,3
DR0144,2024-W06,1
DR0144,2024-W07,1
DR0144,2024-W08,2
DR0144,2024-W10,1
DR0144,2024-W11,3
DR0144,2024-W14,2
DR0144,2024-W15,2
DR0144,2024-W16,1
DR0144,2024-W17,2
DR0144,2024-W18,1
DR0144,2024-W19,1
DR0144,2024-W20,5
DR0144,2024-W21,3
DR0144,2024-W22,2
DR0144,2024-W23,2
DR0144,2024-W25,1
DR0144,2024-W26,2
DR0144,2024-W27,1
DR0144,2024-W28,2
DR0144,2024-W29,4
DR0144,2024-W30,1
DR0144,2024-W33,4
DR0144,2024-W34,1
DR0144,2024-W36,1
DR0144,2024-W37,1
DR0144,2024-W38,1
DR0144,2024-W39,3
DR0144,2024-W41,3
DR0144,2024-W42,1
DR0144,2024-W43,3
DR0144,2024-W44,1
DR0144,2024-W45,1
DR0144,2024-W46,4
DR0144,2024-W47,3
DR0144,2024-W49,1
DR0144,2024-W50,3
DR0144,2024-W51,2
DR0144,2024-W52,1
DR0144,2025-W00,2
DR0144,2025-W01,3
DR0144,2025-W02,2
DR0144,2025-W04,4
DR0144,2025-W06,2
DR0144,2025-W07,1
DR0144,2025-W09,2
DR0144,2025-W10,3
DR0144,2025-W11,3
DR0144,2025-W12,2
DR0144,2025-W13,1
DR0144,2025-W14,2
DR0144,2025-W15,2
DR0144,2025-W17,2
DR0144,2025-W18,2
DR0144,2025-W19,2
DR0144,2025-W20,2
DR0144,2025-W24,2
DR0144,2025-W25,4
DR0144,2025-W26,3
DR0144,2025-W27,2
DR0144,2025-W28,1
DR0144,2025-W30,2
DR0144,2025-W31,1
DR0144,2025-W32,3
DR0144,2025-W33,3
DR0144,2025-W34,2
DR0144,2025-W35,2
DR0144,2025-W36,1
DR0144,2025-W38,1
DR0144,2025-W39,1
DR0144,2025-W40,3
DR0144,2025-W41,1
DR0144,2025-W43,2
DR0144,2025-W44,2
DR0144,2025-W45,4
DR0144,2025-W46,1
DR0144,2025-W47,1
DR0144,2025-W48,2
DR0144,2025-W49,1
DR0144,2025-W50,2
DR0144,2025-W51,2
DR0144,2026-W00,1
DR0144,2026-W01,1
DR0144,2026-W02,1
DR0144,2026-W03,2
DR0144,2026-W04,1
DR0144,2026-W05,1
DR0144,2026-W06,2
DR0144,2026-W07,1
DR0144,2026-W08,2
DR0144,2026-W09,2
DR0144,2026-W11,2
DR0144,2026-W12,1
DR0144,2026-W13,4
DR0144,2026-W16,1
DR0144,2026-W17,3
DR0144,2026-W18,1
DR0144,2026-W19,1
DR0144,2026-W20,1
DR0144,2026-W21,2
DR0144,2026-W22,2
DR0144,2026-W23,1
DR0144,2026-W24,3
DR0144,2026-W25,2
DR0144,2026-W26,1
DR0144,2026-W27,2
DR0144,2026-W28,2
DR0144,2026-W29,2
DR0144,2026-W30,1
DR0144,2026-W32,1
DR0144,2026-W33,3
DR0144,2026-W35,3
DR0144,2026-W36,2
DR0144,2026-W37,2
DR0144,2026-W39,1
DR0145,2024-W01,2
DR0145,2024-W03,1
DR0145,2024-W04,3
DR0145,2024-W05,1
DR0145,2024-W06,2
DR0145,2024-W07,1
DR0145,2024-W08,1
DR0145,2024-W09,2
DR0145,2024-W11,1
DR0145,2024-W12,1
DR0145,2024-W14,1
DR0145,2024-W15,1
DR0145,2024-W16,1
DR0145,2024-W18,1
DR0145,2024-W20,1
DR0145,2024-W21,2
DR0145,2024-W22,1
DR0145,2024-W23,2
DR0145,2024-W25,1
DR0145,2024-W26,1
DR0145,2024-W27,1
DR0145,2024-W29,1
DR0145,2024-W31,1
DR0145,2024-W35,2
DR0145,2024-W36,1
DR0145,2024-W39,1
DR0145,2024-W40,2
DR0145,2024-W43,1
DR0145,2024-W45,1
DR0145,2024-W46,2
DR0145,2024-W47,2
DR0145,2024-W48,1
DR0145,2024-W51,2
DR0145,2025-W00,2
DR0145,2025-W01,2
DR0145,2025-W02,2
DR0145,2025-W03,2
DR0145,2025-W06,1
DR0145,2025-W07,1
DR0145,2025-W08,1
DR0145,2025-W10,2
DR0145,2025-W11,3
DR0145,2025-W14,1
DR0145,2025-W15,2
DR0145,2025-W16,3
DR0145,2025-W17,2
DR0145,2025-W20,2
DR0145,2025-W21,1
DR0145,2025-W22,3
DR0145,2025-W23,2
DR0145,2025-W25,2
DR0145,2025-W26,1
DR0145,2025-W27,2
DR0145,2025-W28,2
DR0145,2025-W31,1
DR0145,2025-W33,2
DR0145,2025-W35,1
DR0145,2025-W36,2
DR0145,2025-W37,2
DR0145,2025-W38,3
DR0145,2025-W39,1
DR0145,2025-W40,1
DR0145,2025-W42,2
DR0145,2025-W43,1
DR0145,2025-W45,3
DR0145,2025-W46,4
DR0145,2025-W47,2
DR0145,2025-W50,1
DR0145,2025-W51,3
DR0145,2026-W00,1
DR0145,2026-W01,1
DR0145,2026-W02,2
DR0145,2026-W04,1
DR0145,2026-W05,1
DR0145,2026-W07,2
DR0145,2026-W09,1
DR0145,2026-W13,2
DR0145,2026-W14,2
DR0145,2026-W17,1
DR0145,2026-W18,1
DR0145,2026-W19,2
DR0145,2026-W20,1
DR0145,2026-W21,2
DR0145,2026-W22,1
DR0145,2026-W23,2
DR0145,2026-W29,2
DR0145,2026-W32,2
DR0145,2026-W33,2
DR0145,2026-W34,1
DR0145,2026-W35,2
DR0145,2026-W36,2
DR0145,2026-W37,1
DR0145,2026-W38,2
DR0146,2024-W16,1
DR0146,2024-W19,1
DR0146,2024-W20,1
DR0146,2024-W35,1
DR0146,2024-W47,1
DR0146,2025-W04,1
DR0146,2025-W09,1
DR0146,2025-W39,1
DR0146,2025-W41,1
DR0146,2025-W42,1
DR0146,2026-W05,2
DR0146,2026-W10,1
DR0146,2026-W22,1
DR0147,2024-W01,2
DR0147,2024-W02,1
DR0147,2024-W03,1
DR0147,2024-W04,3
DR0147,2024-W08,1
DR0147,2024-W09,2
DR0147,2024-W10,1
DR0147,2024-W11,1
DR0147,2024-W13,1
DR0147,2024-W14,1
DR0147,2024-W15,2
DR0147,2024-W16,2
DR0147,2024-W17,1
DR0147,2024-W18,2
DR0147,2024-W19,2
DR0147,2024-W20,1
DR0147,2024-W21,2
DR0147,2024-W23,1
DR0147,2024-W24,1
DR0147,2024-W29,1
DR0147,2024-W30,3
DR0147,2024-W31,1
DR0147,2024-W34,1
DR0147,2024-W37,1
DR0147,2024-W38,2
DR0147,2024-W40,2
DR0147,2024-W42,2
DR0147,2024-W43,1
DR0147,2024-W44,2
DR0147,2024-W45,1
DR0147,2024-W46,2
DR0147,2024-W47,1
DR0147,2024-W48,1
DR0147,2024-W49,1
DR0147,2024-W50,4
DR0147,2024-W52,2
DR0147,2025-W01,1
DR0147,2025-W02,1
DR0147,2025-W03,5
DR0147,2025-W04,2
DR0147,2025-W06,2
DR0147,2025-W07,2
DR0147,2025-W10,1
DR0147,2025-W13,3
DR0147,2025-W14,1
DR0147,2025-W15,2
DR0147,2025-W17,1
DR0147,2025-W19,1
DR0147,2025-W20,2
DR0147,2025-W21,1
DR0147,2025-W23,3
DR0147,2025-W24,1
DR0147,2025-W25,3
DR0147,2025-W26,2
DR0147,2025-W27,1
DR0147,2025-W28,4
DR0147,2025-W30,1
DR0147,2025-W32,2
DR0147,2025-W35,1
DR0147,2025-W37,1
DR0147,2025-W38,2
DR0147,2025-W44,1
DR0147,2025-W45,3
DR0147,2025-W46,2
DR0147,2025-W48,2
DR0147,2025-W49,1
DR0147,2025-W50,2
DR0147,2025-W51,2
DR0147,2026-W01,1
DR0147,2026-W02,2
DR0147,2026-W04,1
DR0147,2026-W06,4
DR0147,2026-W09,1
DR0147,2026-W10,2
DR0147,2026-W11,1
DR0147,2026-W12,1
DR0147,2026-W16,3
DR0147,2026-W17,2
DR0147,2026-W21,2
DR0147,2026-W22,2
DR0147,2026-W23,2
DR0147,2026-W24,1
DR0147,2026-W25,1
DR0147,2026-W26,1
DR0147,2026-W27,1
DR0147,2026-W28,1
DR0147,2026-W29,1
DR0147,2026-W32,3
DR0147,2026-W33,2
DR0147,2026-W37,2
DR0147,2026-W38,1
DR0148,2024-W02,1
DR0148,2024-W03,2
DR0148,2024-W04,1
DR0148,2024-W05,2
DR0148,2024-W06,3
DR0148,2024-W08,2
DR0148,2024-W09,2
DR0148,2024-W10,1
DR0148,2024-W11,2
DR0148,2024-W12,4
DR0148,2024-W13,3
DR0148,2024-W14,6
DR0148,2024-W15,1
DR0148,2024-W16,1
DR0148,2024-W17,1
DR0148,2024-W18,1
DR0148,2024-W19,3
DR0148,2024-W20,1
DR0148,2024-W21,1
DR0148,2024-W22,1
DR0148,2024-W23,2
DR0148,2024-W24,1
DR0148,2024-W25,2
DR0148,2024-W26,1
DR0148,2024-W28,2
DR0148,2024-W29,2
DR0148,2024-W30,2
DR0148,2024-W31,2
DR0148,2024-W32,2
DR0148,2024-W33,1
DR0148,2024-W34,1
DR0148,2024-W35,2
DR0148,2024-W36,2
DR0148,2024-W37,1
DR0148,2024-W38,1
DR0148,2024-W39,1
DR0148,2024-W40,2
DR0148,2024-W41,1
DR0148,2024-W42,3
DR0148,2024-W44,2
DR0148,2024-W45,1
DR0148,2024-W46,2
DR0148,2024-W47,2
DR0148,2024-W48,2
DR0148,2024-W49,1
DR0148,2024-W50,2
DR0148,2024-W51,3
DR0148,2024-W52,3
DR0148,2025-W00,3
DR0148,2025-W01,2
DR0148,2025-W03,3
DR0148,2025-W04,2
DR0148,2025-W05,3
DR0148,2025-W06,1
DR0148,2025-W07,2
DR0148,2025-W08,3
DR0148,2025-W09,2
DR0148,2025-W10,1
DR0148,2025-W12,1
DR0148,2025-W13,1
DR0148,2025-W14,2
DR0148,2025-W15,1
DR0148,2025-W16,1
DR0148,2025-W17,2
DR0148,2025-W18,1
DR0148,2025-W19,1
DR0148,2025-W20,1
DR0148,2025-W21,1
DR0148,2025-W22,1
DR0148,2025-W23,5
DR0148,2025-W25,3
DR0148,2025-W26,2
DR0148,2025-W27,1
DR0148,2025-W30,2
DR0148,2025-W31,2
DR0148,2025-W32,4
DR0148,2025-W33,3
DR0148,2025-W35,1
DR0148,2025-W36,2
DR0148,2025-W37,5
DR0148,2025-W38,3
DR0148,2025-W39,1
DR0148,2025-W40,2
DR0148,2025-W41,5
DR0148,2025-W44,5
DR0148,2025-W45,3
DR0148,2025-W46,1
DR0148,2025-W47,4
DR0148,2025-W48,1
DR0148,2025-W49,2
DR0148,2025-W51,2
DR0148,2026-W01,2
DR0148,2026-W02,1
DR0148,2026-W03,2
DR0148,2026-W04,1
DR0148,2026-W05,2
DR0148,2026-W06,4
DR0148,2026-W07,1
DR0148,2026-W08,5
DR0148,2026-W09,3
DR0148,2026-W11,1
DR0148,2026-W12,2
DR0148,2026-W13,8
DR0148,2026-W14,1
DR0148,2026-W15,3
DR0148,2026-W16,1
DR0148,2026-W17,2
DR0148,2026-W18,1
DR0148,2026-W19,2
DR0148,2026-W20,1
DR0148,2026-W21,1
DR0148,2026-W22,2
DR0148,2026-W24,1
DR0148,2026-W26,2
DR0148,2026-W27,2
DR0148,2026-W28,2
DR0148,2026-W29,2
DR0148,2026-W30,2
DR0148,2026-W31,3
DR0148,2026-W32,2
DR0148,2026-W33,3
DR0148,2026-W34,1
DR0148,2026-W35,2
DR0148,2026-W36,2
DR0148,2026-W37,2
DR0148,2026-W38,1
DR0148,2026-W39,1
DR0149,2024-W02,1
DR0149,2024-W06,1
DR0149,2024-W09,2
DR0149,2024-W11,3
DR0149,2024-W12,2
DR0149,2024-W14,1
DR0149,2024-W18,1
DR0149,2024-W26,1
DR0149,2024-W27,1
DR0149,2024-W28,2
DR0149,2024-W35,1
DR0149,2024-W36,1
DR0149,2024-W38,1
DR0149,2024-W42,1
DR0149,2024-W46,1
DR0149,2024-W48,1
DR0149,2024-W51,1
DR0149,2024-W52,1
DR0149,2025-W01,1
DR0149,2025-W02,2
DR0149,2025-W04,2
DR0149,2025-W07,1
DR0149,2025-W08,1
DR0149,2025-W09,1
DR0149,2025-W10,1
DR0149,2025-W11,1
DR0149,2025-W25,2
DR0149,2025-W43,1
DR0149,2025-W48,1
DR0149,2025-W49,2
DR0149,2025-W50,1
DR0149,2026-W01,1
DR0149,2026-W08,1
DR0149,2026-W09,1
DR0149,2026-W11,1
DR0149,2026-W16,2
DR0149,2026-W18,1
DR0149,2026-W20,1
DR0149,2026-W21,1
DR0149,2026-W22,1
DR0149,2026-W25,2
DR0149,2026-W27,2
DR0149,2026-W32,1
DR0150,2024-W04,1
DR0150,2024-W07,1
DR0150,2024-W12,1
DR0150,2024-W14,1
DR0150,2024-W15,1
DR0150,2024-W17,1
DR0150,2024-W20,1
DR0150,2024-W21,1
DR0150,2024-W28,1
DR0150,2024-W29,1
DR0150,2024-W31,2
DR0150,2024-W34,2
DR0150,2024-W36,1
DR0150,2024-W41,2
DR0150,2024-W45,1
DR0150,2024-W46,1
DR0150,2024-W47,1
DR0150,2024-W50,1
DR0150,2024-W52,1
DR0150,2025-W01,1
DR0150,2025-W05,1
DR0150,2025-W06,2
DR0150,2025-W09,1
DR0150,2025-W12,1
DR0150,2025-W14,1
DR0150,2025-W16,1
DR0150,2025-W19,1
DR0150,2025-W21,1
DR0150,2025-W22,1
DR0150,2025-W27,1
DR0150,2025-W33,1
DR0150,2025-W37,1
DR0150,2025-W38,1
DR0150,2025-W44,1
DR0150,2025-W46,2
DR0150,2025-W48,1
DR0150,2025-W51,2
DR0150,2026-W01,1
DR0150,2026-W05,1
DR0150,2026-W07,1
DR0150,2026-W08,1
DR0150,2026-W09,1
DR0150,2026-W16,1
DR0150,2026-W17,1
DR0150,2026-W18,1
DR0150,2026-W22,1
DR0150,2026-W23,1
DR0150,2026-W29,1
DR0150,2026-W34,1
DR0150,2026-W35,1
DR0150,2026-W36,1
DR0150,2026-W37,2
DR0150,2026-W43,1
DR0151,2024-W01,1
DR0151,2024-W02,3
DR0151,2024-W03,3
DR0151,2024-W06,1
DR0151,2024-W08,2
DR0151,2024-W11,1
DR0151,2024-W15,2
DR0151,2024-W16,1
DR0151,2024-W18,1
DR0151,2024-W19,1
DR0151,2024-W20,1
DR0151,2024-W21,1
DR0151,2024-W22,1
DR0151,2024-W23,3
DR0151,2024-W26,1
DR0151,2024-W28,1
DR0151,2024-W29,1
DR0151,2024-W30,1
DR0151,2024-W33,3
DR0151,2024-W36,1
DR0151,2024-W37,3
DR0151,2024-W38,1
DR0151,2024-W39,1
DR0151,2024-W40,1
DR0151,2024-W42,2
DR0151,2024-W43,1
DR0151,2025-W00,3
DR0151,2025-W01,2
DR0151,2025-W02,2
DR0151,2025-W03,2
DR0151,2025-W04,1
DR0151,2025-W08,2
DR0151,2025-W09,1
DR0151,2025-W11,1
DR0151,2025-W12,1
DR0151,2025-W13,1
DR0151,2025-W17,3
DR0151,2025-W20,2
DR0151,2025-W21,1
DR0151,2025-W23,1
DR0151,2025-W24,3
DR0151,2025-W27,1
DR0151,2025-W29,2
DR0151,2025-W33,2
DR0151,2025-W34,3
DR0151,2025-W35,1
DR0151,2025-W36,3
DR0151,2025-W37,1
DR0151,2025-W39,1
DR0151,2025-W44,1
DR0151,2025-W45,1
DR0151,2025-W46,1
DR0151,2025-W47,1
DR0151,2025-W48,2
DR0151,2025-W49,1
DR0151,2025-W51,2
DR0151,2026-W02,2
DR0151,2026-W03,2
DR0151,2026-W04,2
DR0151,2026-W05,1
DR0151,2026-W06,1
DR0151,2026-W07,1
DR0151,2026-W08,1
DR0151,2026-W10,2
DR0151,2026-W14,1
DR0151,2026-W15,1
DR0151,2026-W17,2
DR0151,2026-W20,1
DR0151,2026-W23,1
DR0151,2026-W25,1
DR0151,2026-W26,1
DR0151,2026-W28,1
DR0151,2026-W29,2
DR0151,2026-W30,2
DR0151,2026-W31,1
DR0151,2026-W32,1
DR0151,2026-W33,2
DR0151,2026-W35,3
DR0151,2026-W38,1
DR0152,2024-W01,2
DR0152,2024-W02,3
DR0152,2024-W09,4
DR0152,2024-W12,3
DR0152,2024-W13,2
DR0152,2024-W14,2
DR0152,2024-W15,2
DR0152,2024-W17,3
DR0152,2024-W18,1
DR0152,2024-W19,1
DR0152,2024-W20,2
DR0152,2024-W22,1
DR0152,2024-W24,2
DR0152,2024-W25,1
DR0152,2024-W28,1
DR0152,2024-W29,1
DR0152,2024-W30,1
DR0152,2024-W32,2
DR0152,2024-W33,1
DR0152,2024-W34,2
DR0152,2024-W35,1
DR0152,2024-W38,1
DR0152,2024-W41,1
DR0152,2024-W42,2
DR0152,2024-W44,1
DR0152,2024-W46,1
DR0152,2024-W47,1
DR0152,2024-W48,3
DR0152,2024-W49,2
DR0152,2024-W50,1
DR0152,2024-W52,2
DR0152,2025-W01,3
DR0152,2025-W03,2
DR0152,2025-W04,1
DR0152,2025-W06,1
DR0152,2025-W08,2
DR0152,2025-W10,2
DR0152,2025-W11,1
DR0152,2025-W12,3
DR0152,2025-W15,1
DR0152,2025-W17,3
DR0152,2025-W18,1
DR0152,2025-W19,1
DR0152,2025-W20,2
DR0152,2025-W21,3
DR0152,2025-W22,1
DR0152,2025-W24,2
DR0152,2025-W25,2
DR0152,2025-W27,1
DR0152,2025-W29,3
DR0152,2025-W31,1
DR0152,2025-W32,3
DR0152,2025-W38,3
DR0152,2025-W40,1
DR0152,2025-W41,1
DR0152,2025-W44,1
DR0152,2025-W46,1
DR0152,2025-W47,1
DR0152,2025-W48,3
DR0152,2025-W49,2
DR0152,2025-W50,1
DR0152,2025-W51,1
DR0152,2026-W01,1
DR0152,2026-W02,2
DR0152,2026-W03,4
DR0152,2026-W04,1
DR0152,2026-W05,2
DR0152,2026-W06,2
DR0152,2026-W07,3
DR0152,2026-W11,2
DR0152,2026-W12,1
DR0152,2026-W14,3
DR0152,2026-W17,2
DR0152,2026-W19,1
DR0152,2026-W20,1
DR0152,2026-W22,1
DR0152,2026-W23,2
DR0152,2026-W25,2
DR0152,2026-W27,1
DR0152,2026-W29,1
DR0152,2026-W30,3
DR0152,2026-W32,1
DR0152,2026-W33,1
DR0152,2026-W36,2
DR0152,2026-W37,2
DR0152,2026-W39,1
DR0153,2024-W01,2
DR0153,2024-W04,1
DR0153,2024-W05,2
DR0153,2024-W06,1
DR0153,2024-W08,2
DR0153,2024-W10,1
DR0153,2024-W11,2
DR0153,2024-W13,2
DR0153,2024-W16,1
DR0153,2024-W17,1
DR0153,2024-W18,2
DR0153,2024-W19,1
DR0153,2024-W20,1
DR0153,2024-W21,3
DR0153,2024-W24,1
DR0153,2024-W25,1
DR0153,2024-W26,1
DR0153,2024-W27,2
DR0153,2024-W28,2
DR0153,2024-W29,1
DR0153,2024-W30,2
DR0153,2024-W31,2
DR0153,2024-W32,1
DR0153,2024-W33,2
DR0153,2024-W36,1
DR0153,2024-W37,2
DR0153,2024-W38,2
DR0153,2024-W41,2
DR0153,2024-W42,1
DR0153,2024-W43,1
DR0153,2024-W44,3
DR0153,2024-W45,1
DR0153,2024-W48,2
DR0153,2024-W49,2
DR0153,2024-W50,1
DR0153,2024-W51,1
DR0153,2024-W52,2
DR0153,2025-W00,3
DR0153,2025-W01,1
DR0153,2025-W02,2
DR0153,2025-W03,1
DR0153,2025-W05,1
DR0153,2025-W06,1
DR0153,2025-W07,1
DR0153,2025-W08,1
DR0153,2025-W10,1
DR0153,2025-W12,1
DR0153,2025-W13,1
DR0153,2025-W16,1
DR0153,2025-W17,1
DR0153,2025-W18,2
DR0153,2025-W19,2
DR0153,2025-W20,3
DR0153,2025-W22,1
DR0153,2025-W23,1
DR0153,2025-W25,1
DR0153,2025-W26,2
DR0153,2025-W27,2
DR0153,2025-W28,1
DR0153,2025-W29,1
DR0153,2025-W30,1
DR0153,2025-W31,3
DR0153,2025-W33,1
DR0153,2025-W34,2
DR0153,2025-W35,1
DR0153,2025-W36,3
DR0153,2025-W38,1
DR0153,2025-W39,1
DR0153,2025-W40,1
DR0153,2025-W41,2
DR0153,2025-W42,3
DR0153,2025-W43,2
DR0153,2025-W44,1
DR0153,2025-W46,3
DR0153,2025-W47,1
DR0153,2025-W49,1
DR0153,2025-W51,3
DR0153,2025-W52,2
DR0153,2026-W01,3
DR0153,2026-W03,1
DR0153,2026-W04,2
DR0153,2026-W05,2
DR0153,2026-W06,4
DR0153,2026-W09,2
DR0153,2026-W10,2
DR0153,2026-W11,1
DR0153,2026-W12,2
DR0153,2026-W14,4
DR0153,2026-W15,1
DR0153,2026-W16,2
DR0153,2026-W19,1
DR0153,2026-W20,1
DR0153,2026-W21,2
DR0153,2026-W22,1
DR0153,2026-W24,3
DR0153,2026-W25,2
DR0153,2026-W26,4
DR0153,2026-W27,1
DR0153,2026-W28,2
DR0153,2026-W29,3
DR0153,2026-W30,2
DR0153,2026-W32,4
DR0153,2026-W33,1
DR0153,2026-W34,1
DR0153,2026-W36,1
DR0153,2026-W39,1
DR0154,2024-W04,1
DR0154,2024-W05,1
DR0154,2024-W07,1
DR0154,2024-W09,1
DR0154,2024-W19,1
DR0154,2024-W20,1
DR0154,2024-W26,2
DR0154,2024-W27,1
DR0154,2024-W32,1
DR0154,2024-W33,1
DR0154,2024-W34,1
DR0154,2024-W36,2
DR0154,2024-W37,3
DR0154,2024-W41,1
DR0154,2024-W45,1
DR0154,2024-W46,1
DR0154,2024-W49,1
DR0154,2024-W50,1
DR0154,2025-W00,1
DR0154,2025-W01,1
DR0154,2025-W03,1
DR0154,2025-W06,1
DR0154,2025-W08,1
DR0154,2025-W09,1
DR0154,2025-W14,1
DR0154,2025-W19,2
DR0154,2025-W25,1
DR0154,2025-W30,1
DR0154,2025-W31,1
DR0154,2025-W33,1
DR0154,2025-W34,1
DR0154,2025-W37,1
DR0154,2025-W38,1
DR0154,2025-W39,1
DR0154,2025-W40,1
DR0154,2025-W42,1
DR0154,2025-W43,1
DR0154,2025-W44,1
DR0154,2025-W49,1
DR0154,2025-W50,2
DR0154,2025-W51,2
DR0154,2026-W01,1
DR0154,2026-W03,2
DR0154,2026-W06,1
DR0154,2026-W08,2
DR0154,2026-W09,1
DR0154,2026-W16,1
DR0154,2026-W18,1
DR0154,2026-W19,1
DR0154,2026-W20,2
DR0154,2026-W22,1
DR0154,2026-W27,1
DR0154,2026-W30,2
DR0154,2026-W31,1
DR0154,2026-W39,1
DR0155,2024-W01,1
DR0155,2024-W06,2
DR0155,2024-W07,1
DR0155,2024-W09,1
DR0155,2024-W10,1
DR0155,2024-W11,1
DR0155,2024-W22,1
DR0155,2024-W23,1
DR0155,2024-W25,1
DR0155,2024-W26,1
DR0155,2024-W37,1
DR0155,2024-W39,2
DR0155,2024-W47,1
DR0155,2024-W51,1
DR0155,2024-W52,1
DR0155,2025-W01,1
DR0155,2025-W02,1
DR0155,2025-W03,1
DR0155,2025-W04,2
DR0155,2025-W05,1
DR0155,2025-W07,2
DR0155,2025-W10,1
DR0155,2025-W12,1
DR0155,2025-W14,1
DR0155,2025-W20,1
DR0155,2025-W23,1
DR0155,2025-W28,1
DR0155,2025-W29,1
DR0155,2025-W30,1
DR0155,2025-W33,1
DR0155,2025-W36,1
DR0155,2025-W38,1
DR0155,2025-W41,1
DR0155,2025-W47,1
DR0155,2026-W06,2
DR0155,2026-W15,2
DR0155,2026-W19,1
DR0155,2026-W20,1
DR0155,2026-W21,2
DR0155,2026-W23,1
DR0155,2026-W24,1
DR0155,2026-W25,1
DR0155,2026-W27,1
DR0155,2026-W34,2
DR0155,2026-W38,1
DR0155,2026-W39,2
DR0156,2024-W01,4
DR0156,2024-W03,1
DR0156,2024-W04,2
DR0156,2024-W05,3
DR0156,2024-W06,2
DR0156,2024-W07,3
DR0156,2024-W08,2
DR0156,2024-W09,1
DR0156,2024-W10,1
DR0156,2024-W11,2
DR0156,2024-W13,2
DR0156,2024-W14,2
DR0156,2024-W15,1
DR0156,2024-W16,2
DR0156,2024-W17,1
DR0156,2024-W18,1
DR0156,2024-W19,1
DR0156,2024-W20,2
DR0156,2024-W21,1
DR0156,2024-W23,1
DR0156,2024-W25,1
DR0156,2024-W28,1
DR0156,2024-W29,1
DR0156,2024-W30,2
DR0156,2024-W33,2
DR0156,2024-W34,1
DR0156,2024-W35,4
DR0156,2024-W36,1
DR0156,2024-W38,1
DR0156,2024-W41,2
DR0156,2024-W42,1
DR0156,2024-W43,2
DR0156,2024-W45,2
DR0156,2024-W46,3
DR0156,2024-W47,3
DR0156,2024-W49,3
DR0156,2024-W50,3
DR0156,2024-W51,3
DR0156,2024-W52,3
DR0156,2025-W00,1
DR0156,2025-W01,3
DR0156,2025-W04,1
DR0156,2025-W05,1
DR0156,2025-W07,2
DR0156,2025-W08,2
DR0156,2025-W10,2
DR0156,2025-W12,2
DR0156,2025-W13,1
DR0156,2025-W14,1
DR0156,2025-W15,1
DR0156,2025-W16,3
DR0156,2025-W19,3
DR0156,2025-W20,1
DR0156,2025-W21,1
DR0156,2025-W22,2
DR0156,2025-W23,1
DR0156,2025-W25,1
DR0156,2025-W26,1
DR0156,2025-W29,1
DR0156,2025-W30,2
DR0156,2025-W31,2
DR0156,2025-W32,1
DR0156,2025-W33,3
DR0156,2025-W34,1
DR0156,2025-W35,1
DR0156,2025-W37,3
DR0156,2025-W38,1
DR0156,2025-W41,1
DR0156,2025-W42,2
DR0156,2025-W44,2
DR0156,2025-W46,2
DR0156,2025-W47,3
DR0156,2025-W48,1
DR0156,2025-W49,1
DR0156,2025-W50,2
DR0156,2025-W51,1
DR0156,2026-W02,2
DR0156,2026-W03,2
DR0156,2026-W04,2
DR0156,2026-W05,2
DR0156,2026-W06,1
DR0156,2026-W07,1
DR0156,2026-W08,2
DR0156,2026-W09,1
DR0156,2026-W10,2
DR0156,2026-W11,3
DR0156,2026-W12,1
DR0156,2026-W13,4
DR0156,2026-W14,3
DR0156,2026-W16,2
DR0156,2026-W20,1
DR0156,2026-W22,2
DR0156,2026-W24,1
DR0156,2026-W25,1
DR0156,2026-W26,1
DR0156,2026-W27,1
DR0156,2026-W28,2
DR0156,2026-W30,2
DR0156,2026-W31,2
DR0156,2026-W32,1
DR0156,2026-W35,2
DR0156,2026-W36,1
DR0156,2026-W37,2
DR0156,2026-W38,3
DR0156,2026-W39,2
DR0157,2024-W07,3
DR0157,2024-W08,2
DR0157,2024-W10,1
DR0157,2024-W12,2
DR0157,2024-W13,1
DR0157,2024-W18,1
DR0157,2024-W19,1
DR0157,2024-W20,1
DR0157,2024-W21,2
DR0157,2024-W22,1
DR0157,2024-W23,1
DR0157,2024-W24,2
DR0157,2024-W31,1
DR0157,2024-W34,3
DR0157,2024-W35,1
DR0157,2024-W37,2
DR0157,2024-W40,1
DR0157,2024-W42,2
DR0157,2024-W44,1
DR0157,2024-W46,1
DR0157,2024-W49,1
DR0157,2024-W50,1
DR0157,2024-W51,1
DR0157,2024-W52,1
DR0157,2024-W53,1
DR0157,2025-W01,2
DR0157,2025-W03,1
DR0157,2025-W04,1
DR0157,2025-W05,1
DR0157,2025-W09,2
DR0157,2025-W10,1
DR0157,2025-W14,2
DR0157,2025-W15,3
DR0157,2025-W18,2
DR0157,2025-W19,1
DR0157,2025-W21,2
DR0157,2025-W22,4
DR0157,2025-W26,1
DR0157,2025-W27,1
DR0157,2025-W28,1
DR0157,2025-W29,1
DR0157,2025-W30,1
DR0157,2025-W32,2
DR0157,2025-W33,1
DR0157,2025-W34,2
DR0157,2025-W35,1
DR0157,2025-W38,1
DR0157,2025-W41,1
DR0157,2025-W42,2
DR0157,2025-W44,1
DR0157,2025-W50,1
DR0157,2026-W01,2
DR0157,2026-W02,2
DR0157,2026-W03,1
DR0157,2026-W05,2
DR0157,2026-W09,1
DR0157,2026-W11,2
DR0157,2026-W12,2
DR0157,2026-W13,1
DR0157,2026-W14,2
DR0157,2026-W16,1
DR0157,2026-W17,1
DR0157,2026-W19,1
DR0157,2026-W20,1
DR0157,2026-W21,1
DR0157,2026-W22,1
DR0157,2026-W23,1
DR0157,2026-W24,1
DR0157,2026-W25,1
DR0157,2026-W27,1
DR0157,2026-W32,2
DR0157,2026-W33,1
DR0157,2026-W34,1
DR0157,2026-W35,1
DR0158,2024-W01,2
DR0158,2024-W02,1
DR0158,2024-W04,1
DR0158,2024-W05,3
DR0158,2024-W07,3
DR0158,2024-W08,2
DR0158,2024-W09,2
DR0158,2024-W10,3
DR0158,2024-W11,4
DR0158,2024-W14,1
DR0158,2024-W15,1
DR0158,2024-W16,1
DR0158,2024-W17,1
DR0158,2024-W19,1
DR0158,2024-W21,2
DR0158,2024-W22,1
DR0158,2024-W23,6
DR0158,2024-W24,2
DR0158,2024-W25,1
DR0158,2024-W26,2
DR0158,2024-W27,2
DR0158,2024-W28,4
DR0158,2024-W29,1
DR0158,2024-W30,3
DR0158,2024-W32,1
DR0158,2024-W34,2
DR0158,2024-W35,2
DR0158,2024-W36,1
DR0158,2024-W38,1
DR0158,2024-W39,2
DR0158,2024-W40,1
DR0158,2024-W41,2
DR0158,2024-W43,1
DR0158,2024-W44,2
DR0158,2024-W45,3
DR0158,2024-W46,1
DR0158,2024-W47,2
DR0158,2024-W49,2
DR0158,2024-W50,4
DR0158,2024-W51,2
DR0158,2024-W52,2
DR0158,2025-W00,1
DR0158,2025-W01,1
DR0158,2025-W02,1
DR0158,2025-W03,1
DR0158,2025-W04,4
DR0158,2025-W05,2
DR0158,2025-W06,1
DR0158,2025-W07,2
DR0158,2025-W08,1
DR0158,2025-W12,2
DR0158,2025-W14,2
DR0158,2025-W16,2
DR0158,2025-W17,3
DR0158,2025-W18,3
DR0158,2025-W19,1
DR0158,2025-W20,1
DR0158,2025-W22,1
DR0158,2025-W23,2
DR0158,2025-W24,3
DR0158,2025-W27,1
DR0158,2025-W31,1
DR0158,2025-W32,2
DR0158,2025-W34,3
DR0158,2025-W35,1
DR0158,2025-W37,1
DR0158,2025-W38,1
DR0158,2025-W39,3
DR0158,2025-W41,1
DR0158,2025-W42,2
DR0158,2025-W43,2
DR0158,2025-W44,1
DR0158,2025-W45,1
DR0158,2025-W47,3
DR0158,2025-W49,3
DR0158,2025-W51,1
DR0158,2025-W52,2
DR0158,2026-W01,1
DR0158,2026-W02,2
DR0158,2026-W03,2
DR0158,2026-W05,1
DR0158,2026-W06,2
DR0158,2026-W09,2
DR0158,2026-W10,1
DR0158,2026-W11,2
DR0158,2026-W12,2
DR0158,2026-W13,1
DR0158,2026-W14,1
DR0158,2026-W15,2
DR0158,2026-W17,2
DR0158,2026-W19,4
DR0158,2026-W22,3
DR0158,2026-W23,3
DR0158,2026-W26,1
DR0158,2026-W27,1
DR0158,2026-W28,2
DR0158,2026-W29,2
DR0158,2026-W30,1
DR0158,2026-W31,2
DR0158,2026-W32,1
DR0158,2026-W35,2
DR0158,2026-W36,1
DR0158,2026-W37,1
DR0158,2026-W38,1
DR0158,2026-W39,1
DR0159,2024-W03,1
DR0159,2024-W04,2
DR0159,2024-W05,2
DR0159,2024-W06,1
DR0159,2024-W07,2
DR0159,2024-W08,1
DR0159,2024-W09,1
DR0159,2024-W10,1
DR0159,2024-W11,2
DR0159,2024-W13,2
DR0159,2024-W14,2
DR0159,2024-W15,1
DR0159,2024-W17,1
DR0159,2024-W18,1
DR0159,2024-W19,3
DR0159,2024-W21,1
DR0159,2024-W22,3
DR0159,2024-W24,4
DR0159,2024-W25,1
DR0159,2024-W26,1
DR0159,2024-W27,1
DR0159,2024-W30,3
DR0159,2024-W32,2
DR0159,2024-W33,1
DR0159,2024-W34,3
DR0159,2024-W36,1
DR0159,2024-W37,2
DR0159,2024-W38,1
DR0159,2024-W39,1
DR0159,2024-W41,2
DR0159,2024-W42,1
DR0159,2024-W43,2
DR0159,2024-W44,2
DR0159,2024-W45,1
DR0159,2024-W46,2
DR0159,2024-W47,2
DR0159,2024-W48,4
DR0159,2024-W49,2
DR0159,2024-W50,1
DR0159,2024-W51,2
DR0159,2024-W52,1
DR0159,2025-W00,2
DR0159,2025-W01,1
DR0159,2025-W02,3
DR0159,2025-W03,3
DR0159,2025-W05,4
DR0159,2025-W07,2
DR0159,2025-W08,4
DR0159,2025-W09,2
DR0159,2025-W10,3
DR0159,2025-W12,3
DR0159,2025-W13,1
DR0159,2025-W14,1
DR0159,2025-W15,1
DR0159,2025-W16,1
DR0159,2025-W17,3
DR0159,2025-W18,1
DR0159,2025-W20,3
DR0159,2025-W21,2
DR0159,2025-W22,2
DR0159,2025-W24,3
DR0159,2025-W26,2
DR0159,2025-W28,4
DR0159,2025-W29,2
DR0159,2025-W30,2
DR0159,2025-W32,1
DR0159,2025-W33,3
DR0159,2025-W34,1
DR0159,2025-W35,3
DR0159,2025-W37,1
DR0159,2025-W38,1
DR0159,2025-W39,1
DR0159,2025-W40,1
DR0159,2025-W41,6
DR0159,2025-W43,1
DR0159,2025-W44,4
DR0159,2025-W45,3
DR0159,2025-W46,3
DR0159,2025-W47,2
DR0159,2025-W48,1
DR0159,2025-W49,3
DR0159,2025-W50,3
DR0159,2025-W51,3
DR0159,2026-W01,3
DR0159,2026-W03,3
DR0159,2026-W04,1
DR0159,2026-W05,3
DR0159,2026-W07,1
DR0159,2026-W08,2
DR0159,2026-W09,2
DR0159,2026-W10,2
DR0159,2026-W11,1
DR0159,2026-W12,2
DR0159,2026-W13,3
DR0159,2026-W14,2
DR0159,2026-W15,2
DR0159,2026-W16,1
DR0159,2026-W17,2
DR0159,2026-W18,2
DR0159,2026-W20,2
DR0159,2026-W21,2
DR0159,2026-W23,1
DR0159,2026-W24,2
DR0159,2026-W26,1
DR0159,2026-W27,1
DR0159,2026-W28,1
DR0159,2026-W29,2
DR0159,2026-W31,1
DR0159,2026-W33,3
DR0159,2026-W37,3
DR0159,2026-W38,4
DR0160,2024-W01,1
DR0160,2024-W02,1
DR0160,2024-W03,2
DR0160,2024-W04,7
DR0160,2024-W05,5
DR0160,2024-W06,4
DR0160,2024-W07,4
DR0160,2024-W08,4
DR0160,2024-W09,4
DR0160,2024-W10,5
DR0160,2024-W11,4
DR0160,2024-W12,1
DR0160,2024-W13,1
DR0160,2024-W14,1
DR0160,2024-W15,4
DR0160,2024-W16,2
DR0160,2024-W17,4
DR0160,2024-W18,5
DR0160,2024-W19,4
DR0160,2024-W20,6
DR0160,2024-W21,2
DR0160,2024-W22,1
DR0160,2024-W23,1
DR0160,2024-W24,2
DR0160,2024-W25,1
DR0160,2024-W26,3
DR0160,2024-W27,2
DR0160,2024-W28,1
DR0160,2024-W29,1
DR0160,2024-W30,1
DR0160,2024-W31,3
DR0160,2024-W33,1
DR0160,2024-W34,2
DR0160,2024-W35,1
DR0160,2024-W37,1
DR0160,2024-W38,1
DR0160,2024-W39,2
DR0160,2024-W40,3
DR0160,2024-W41,2
DR0160,2024-W42,2
DR0160,2024-W43,4
DR0160,2024-W44,1
DR0160,2024-W45,3
DR0160,2024-W46,4
DR0160,2024-W47,1
DR0160,2024-W48,2
DR0160,2024-W49,3
DR0160,2024-W50,2
DR0160,2024-W52,2
DR0160,2024-W53,1
DR0160,2025-W00,1
DR0160,2025-W01,3
DR0160,2025-W02,1
DR0160,2025-W03,3
DR0160,2025-W04,2
DR0160,2025-W05,3
DR0160,2025-W06,3
DR0160,2025-W07,1
DR0160,2025-W08,2
DR0160,2025-W09,3
DR0160,2025-W11,2
DR0160,2025-W12,4
DR0160,2025-W13,1
DR0160,2025-W14,2
DR0160,2025-W15,2
DR0160,2025-W16,2
DR0160,2025-W17,3
DR0160,2025-W18,2
DR0160,2025-W19,2
DR0160,2025-W20,3
DR0160,2025-W22,2
DR0160,2025-W23,1
DR0160,2025-W24,1
DR0160,2025-W26,3
DR0160,2025-W28,2
DR0160,2025-W29,4
DR0160,2025-W30,1
DR0160,2025-W31,2
DR0160,2025-W32,3
DR0160,2025-W33,2
DR0160,2025-W34,1
DR0160,2025-W35,7
DR0160,2025-W36,1
DR0160,2025-W38,6
DR0160,2025-W39,2
DR0160,2025-W40,1
DR0160,2025-W41,1
DR0160,2025-W42,1
DR0160,2025-W44,2
DR0160,2025-W45,3
DR0160,2025-W46,3
DR0160,2025-W47,1
DR0160,2025-W49,3
DR0160,2025-W50,2
DR0160,2025-W51,2
DR0160,2026-W00,1
DR0160,2026-W01,2
DR0160,2026-W02,2
DR0160,2026-W03,3
DR0160,2026-W04,5
DR0160,2026-W05,5
DR0160,2026-W06,1
DR0160,2026-W07,2
DR0160,2026-W08,3
DR0160,2026-W09,4
DR0160,2026-W10,3
DR0160,2026-W11,4
DR0160,2026-W12,2
DR0160,2026-W13,1
DR0160,2026-W14,2
DR0160,2026-W15,1
DR0160,2026-W16,3
DR0160,2026-W17,4
DR0160,2026-W19,1
DR0160,2026-W20,2
DR0160,2026-W21,1
DR0160,2026-W22,2
DR0160,2026-W23,5
DR0160,2026-W24,1
DR0160,2026-W25,2
DR0160,2026-W26,4
DR0160,2026-W27,2
DR0160,2026-W28,2
DR0160,2026-W29,3
DR0160,2026-W30,1
DR0160,2026-W31,3
DR0160,2026-W32,2
DR0160,2026-W33,2
DR0160,2026-W34,5
DR0160,2026-W35,5
DR0160,2026-W36,3
DR0160,2026-W37,1
DR0160,2026-W38,2
DR0160,2026-W39,2
DR0161,2024-W01,2
DR0161,2024-W03,3
DR0161,2024-W04,2
DR0161,2024-W05,2
DR0161,2024-W06,4
DR0161,2024-W07,1
DR0161,2024-W08,4
DR0161,2024-W09,2
DR0161,2024-W10,2
DR0161,2024-W12,5
DR0161,2024-W13,3
DR0161,2024-W14,1
DR0161,2024-W15,2
DR0161,2024-W18,1
DR0161,2024-W19,2
DR0161,2024-W20,1
DR0161,2024-W21,1
DR0161,2024-W22,2
DR0161,2024-W24,2
DR0161,2024-W25,2
DR0161,2024-W26,2
DR0161,2024-W27,2
DR0161,2024-W30,3
DR0161,2024-W31,1
DR0161,2024-W32,2
DR0161,2024-W33,3
DR0161,2024-W35,2
DR0161,2024-W36,2
DR0161,2024-W38,1
DR0161,2024-W39,2
DR0161,2024-W40,3
DR0161,2024-W42,3
DR0161,2024-W43,2
DR0161,2024-W44,1
DR0161,2024-W45,1
DR0161,2024-W46,3
DR0161,2024-W47,1
DR0161,2024-W48,1
DR0161,2024-W49,3
DR0161,2024-W50,3
DR0161,2024-W51,1
DR0161,2024-W52,3
DR0161,2024-W53,1
DR0161,2025-W01,1
DR0161,2025-W02,1
DR0161,2025-W03,2
DR0161,2025-W04,1
DR0161,2025-W05,3
DR0161,2025-W07,2
DR0161,2025-W08,3
DR0161,2025-W09,1
DR0161,2025-W10,2
DR0161,2025-W11,1
DR0161,2025-W12,1
DR0161,2025-W14,3
DR0161,2025-W17,2
DR0161,2025-W18,1
DR0161,2025-W19,2
DR0161,2025-W20,3
DR0161,2025-W23,1
DR0161,2025-W26,1
DR0161,2025-W27,2
DR0161,2025-W28,1
DR0161,2025-W29,1
DR0161,2025-W30,1
DR0161,2025-W31,3
DR0161,2025-W32,6
DR0161,2025-W33,2
DR0161,2025-W34,4
DR0161,2025-W38,1
DR0161,2025-W39,3
DR0161,2025-W40,3
DR0161,2025-W41,1
DR0161,2025-W42,3
DR0161,2025-W43,2
DR0161,2025-W44,4
DR0161,2025-W46,6
DR0161,2025-W47,1
DR0161,2025-W48,2
DR0161,2025-W49,4
DR0161,2025-W50,1
DR0161,2026-W00,1
DR0161,2026-W01,3
DR0161,2026-W02,1
DR0161,2026-W03,1
DR0161,2026-W04,3
DR0161,2026-W05,1
DR0161,2026-W07,2
DR0161,2026-W08,2
DR0161,2026-W09,2
DR0161,2026-W10,2
DR0161,2026-W11,2
DR0161,2026-W12,2
DR0161,2026-W13,1
DR0161,2026-W14,2
DR0161,2026-W16,4
DR0161,2026-W17,1
DR0161,2026-W18,2
DR0161,2026-W19,2
DR0161,2026-W20,1
DR0161,2026-W21,2
DR0161,2026-W22,2
DR0161,2026-W23,3
DR0161,2026-W24,1
DR0161,2026-W25,2
DR0161,2026-W26,1
DR0161,2026-W27,5
DR0161,2026-W28,3
DR0161,2026-W29,3
DR0161,2026-W31,2
DR0161,2026-W32,2
DR0161,2026-W34,2
DR0161,2026-W35,2
DR0161,2026-W36,4
DR0161,2026-W37,2
DR0161,2026-W38,1
DR0161,2026-W39,4
DR0162,2024-W01,3
DR0162,2024-W02,1
DR0162,2024-W03,5
DR0162,2024-W05,2
DR0162,2024-W06,2
DR0162,2024-W08,1
DR0162,2024-W09,3
DR0162,2024-W10,4
DR0162,2024-W11,1
DR0162,2024-W12,1
DR0162,2024-W14,1
DR0162,2024-W15,2
DR0162,2024-W16,3
DR0162,2024-W17,2
DR0162,2024-W18,3
DR0162,2024-W19,4
DR0162,2024-W20,5
DR0162,2024-W21,2
DR0162,2024-W23,2
DR0162,2024-W24,2
DR0162,2024-W25,5
DR0162,2024-W26,2
DR0162,2024-W27,2
DR0162,2024-W28,1
DR0162,2024-W29,1
DR0162,2024-W30,3
DR0162,2024-W32,2
DR0162,2024-W33,4
DR0162,2024-W34,3
DR0162,2024-W35,2
DR0162,2024-W36,4
DR0162,2024-W37,2
DR0162,2024-W38,1
DR0162,2024-W42,2
DR0162,2024-W43,3
DR0162,2024-W44,5
DR0162,2024-W45,2
DR0162,2024-W46,1
DR0162,2024-W47,1
DR0162,2024-W48,1
DR0162,2024-W49,3
DR0162,2024-W50,1
DR0162,2024-W51,2
DR0162,2024-W52,1
DR0162,2024-W53,1
DR0162,2025-W00,5
DR0162,2025-W01,1
DR0162,2025-W02,2
DR0162,2025-W03,2
DR0162,2025-W04,2
DR0162,2025-W06,1
DR0162,2025-W07,3
DR0162,2025-W08,2
DR0162,2025-W09,6
DR0162,2025-W10,1
DR0162,2025-W11,1
DR0162,2025-W12,3
DR0162,2025-W13,1
DR0162,2025-W14,4
DR0162,2025-W15,5
DR0162,2025-W16,3
DR0162,2025-W18,1
DR0162,2025-W19,1
DR0162,2025-W21,3
DR0162,2025-W22,1
DR0162,2025-W23,1
DR0162,2025-W24,3
DR0162,2025-W25,3
DR0162,2025-W26,1
DR0162,2025-W27,5
DR0162,2025-W28,4
DR0162,2025-W29,4
DR0162,2025-W30,3
DR0162,2025-W31,2
DR0162,2025-W33,4
DR0162,2025-W34,3
DR0162,2025-W35,2
DR0162,2025-W36,4
DR0162,2025-W37,1
DR0162,2025-W38,4
DR0162,2025-W40,1
DR0162,2025-W41,2
DR0162,2025-W42,4
DR0162,2025-W43,2
DR0162,2025-W44,2
DR0162,2025-W45,3
DR0162,2025-W46,2
DR0162,2025-W47,1
DR0162,2025-W48,1
DR0162,2025-W49,2
DR0162,2025-W50,6
DR0162,2025-W51,2
DR0162,2025-W52,1
DR0162,2026-W01,4
DR0162,2026-W02,4
DR0162,2026-W03,4
DR0162,2026-W04,3
DR0162,2026-W05,2
DR0162,2026-W06,2
DR0162,2026-W07,4
DR0162,2026-W08,1
DR0162,2026-W09,2
DR0162,2026-W10,4
DR0162,2026-W12,2
DR0162,2026-W14,1
DR0162,2026-W15,1
DR0162,2026-W16,1
DR0162,2026-W17,5
DR0162,2026-W18,6
DR0162,2026-W20,2
DR0162,2026-W21,3
DR0162,2026-W22,1
DR0162,2026-W23,2
DR0162,2026-W24,2
DR0162,2026-W25,2
DR0162,2026-W26,1
DR0162,2026-W27,1
DR0162,2026-W28,3
DR0162,2026-W29,2
DR0162,2026-W31,3
DR0162,2026-W32,4
DR0162,2026-W33,1
DR0162,2026-W34,1
DR0162,2026-W35,4
DR0162,2026-W36,1
DR0162,2026-W37,2
DR0162,2026-W38,2
DR0162,2026-W39,1
DR0163,2024-W01,4
DR0163,2024-W02,2
DR0163,2024-W03,2
DR0163,2024-W04,1
DR0163,2024-W05,2
DR0163,2024-W06,1
DR0163,2024-W07,1
DR0163,2024-W08,2
DR0163,2024-W09,3
DR0163,2024-W10,2
DR0163,2024-W11,2
DR0163,2024-W12,1
DR0163,2024-W13,1
DR0163,2024-W14,1
DR0163,2024-W15,2
DR0163,2024-W16,4
DR0163,2024-W18,1
DR0163,2024-W19,4
DR0163,2024-W20,3
DR0163,2024-W21,3
DR0163,2024-W22,1
DR0163,2024-W23,3
DR0163,2024-W24,1
DR0163,2024-W25,1
DR0163,2024-W26,1
DR0163,2024-W27,3
DR0163,2024-W28,3
DR0163,2024-W29,1
DR0163,2024-W30,2
DR0163,2024-W31,2
DR0163,2024-W32,3
DR0163,2024-W33,3
DR0163,2024-W34,1
DR0163,2024-W35,1
DR0163,2024-W36,1
DR0163,2024-W38,2
DR0163,2024-W39,5
DR0163,2024-W40,1
DR0163,2024-W41,1
DR0163,2024-W42,4
DR0163,2024-W43,2
DR0163,2024-W44,1
DR0163,2024-W45,3
DR0163,2024-W46,2
DR0163,2024-W47,2
DR0163,2024-W48,1
DR0163,2024-W49,1
DR0163,2024-W50,3
DR0163,2024-W51,4
DR0163,2025-W00,1
DR0163,2025-W01,1
DR0163,2025-W02,1
DR0163,2025-W03,5
DR0163,2025-W04,3
DR0163,2025-W05,2
DR0163,2025-W07,2
DR0163,2025-W08,3
DR0163,2025-W09,3
DR0163,2025-W10,2
DR0163,2025-W12,2
DR0163,2025-W13,1
DR0163,2025-W14,2
DR0163,2025-W15,4
DR0163,2025-W16,2
DR0163,2025-W17,2
DR0163,2025-W18,1
DR0163,2025-W19,2
DR0163,2025-W20,2
DR0163,2025-W21,1
DR0163,2025-W22,2
DR0163,2025-W23,1
DR0163,2025-W26,1
DR0163,2025-W28,1
DR0163,2025-W29,2
DR0163,2025-W30,2
DR0163,2025-W33,3
DR0163,2025-W35,2
DR0163,2025-W36,3
DR0163,2025-W37,1
DR0163,2025-W38,2
DR0163,2025-W39,2
DR0163,2025-W40,3
DR0163,2025-W41,2
DR0163,2025-W42,2
DR0163,2025-W43,2
DR0163,2025-W44,2
DR0163,2025-W45,4
DR0163,2025-W47,3
DR0163,2025-W48,4
DR0163,2025-W49,3
DR0163,2025-W50,1
DR0163,2025-W52,1
DR0163,2026-W00,1
DR0163,2026-W01,6
DR0163,2026-W02,4
DR0163,2026-W03,1
DR0163,2026-W07,4
DR0163,2026-W08,2
DR0163,2026-W10,2
DR0163,2026-W12,3
DR0163,2026-W13,2
DR0163,2026-W14,1
DR0163,2026-W15,1
DR0163,2026-W16,3
DR0163,2026-W17,3
DR0163,2026-W18,1
DR0163,2026-W19,1
DR0163,2026-W20,1
DR0163,2026-W21,2
DR0163,2026-W22,4
DR0163,2026-W23,2
DR0163,2026-W24,4
DR0163,2026-W26,3
DR0163,2026-W28,2
DR0163,2026-W30,1
DR0163,2026-W31,3
DR0163,2026-W32,2
DR0163,2026-W33,4
DR0163,2026-W34,2
DR0163,2026-W35,1
DR0163,2026-W36,3
DR0163,2026-W37,1
DR0163,2026-W39,2
DR0164,2024-W01,1
DR0164,2024-W03,1
DR0164,2024-W04,1
DR0164,2024-W05,1
DR0164,2024-W06,1
DR0164,2024-W08,1
DR0164,2024-W11,2
DR0164,2024-W14,1
DR0164,2024-W15,2
DR0164,2024-W16,1
DR0164,2024-W20,1
DR0164,2024-W24,2
DR0164,2024-W25,1
DR0164,2024-W31,1
DR0164,2024-W32,1
DR0164,2024-W33,1
DR0164,2024-W36,2
DR0164,2024-W37,1
DR0164,2024-W38,2
DR0164,2024-W40,1
DR0164,2024-W44,1
DR0164,2024-W47,3
DR0164,2025-W01,2
DR0164,2025-W02,1
DR0164,2025-W06,1
DR0164,2025-W09,1
DR0164,2025-W12,2
DR0164,2025-W16,2
DR0164,2025-W19,2
DR0164,2025-W21,1
DR0164,2025-W22,1
DR0164,2025-W36,2
DR0164,2025-W37,3
DR0164,2025-W39,2
DR0164,2025-W40,1
DR0164,2025-W42,1
DR0164,2025-W46,2
DR0164,2025-W47,1
DR0164,2025-W48,1
DR0164,2025-W49,1
DR0164,2025-W50,1
DR0164,2025-W51,1
DR0164,2026-W00,2
DR0164,2026-W01,1
DR0164,2026-W03,1
DR0164,2026-W04,2
DR0164,2026-W05,2
DR0164,2026-W07,1
DR0164,2026-W09,3
DR0164,2026-W11,1
DR0164,2026-W13,1
DR0164,2026-W20,1
DR0164,2026-W22,1
DR0164,2026-W23,1
DR0164,2026-W25,1
DR0164,2026-W27,1
DR0164,2026-W28,1
DR0164,2026-W29,1
DR0164,2026-W31,1
DR0164,2026-W33,2
DR0164,2026-W34,1
DR0165,2024-W03,1
DR0165,2024-W06,1
DR0165,2024-W10,1
DR0165,2024-W12,1
DR0165,2024-W15,2
DR0165,2024-W31,2
DR0165,2024-W33,1
DR0165,2024-W34,1
DR0165,2024-W47,2
DR0165,2024-W52,1
DR0165,2025-W07,1
DR0165,2025-W18,1
DR0165,2025-W22,1
DR0165,2025-W25,1
DR0165,2025-W40,1
DR0165,2025-W41,1
DR0165,2025-W42,1
DR0165,2025-W49,1
DR0165,2025-W50,1
DR0165,2026-W08,1
DR0165,2026-W10,1
DR0165,2026-W15,1
DR0165,2026-W20,1
DR0165,2026-W24,1
DR0165,2026-W27,1
DR0165,2026-W32,1
DR0166,2024-W02,1
DR0166,2024-W03,1
DR0166,2024-W04,1
DR0166,2024-W05,1
DR0166,2024-W06,1
DR0166,2024-W07,1
DR0166,2024-W08,2
DR0166,2024-W09,1
DR0166,2024-W11,1
DR0166,2024-W12,2
DR0166,2024-W15,2
DR0166,2024-W16,1
DR0166,2024-W17,1
DR0166,2024-W19,2
DR0166,2024-W20,1
DR0166,2024-W21,1
DR0166,2024-W22,3
DR0166,2024-W23,2
DR0166,2024-W24,1
DR0166,2024-W27,2
DR0166,2024-W28,1
DR0166,2024-W29,1
DR0166,2024-W31,1
DR0166,2024-W34,1
DR0166,2024-W35,2
DR0166,2024-W37,1
DR0166,2024-W41,1
DR0166,2024-W43,1
DR0166,2024-W44,1
DR0166,2024-W45,1
DR0166,2024-W46,5
DR0166,2024-W47,2
DR0166,2024-W48,1
DR0166,2024-W52,1
DR0166,2025-W00,1
DR0166,2025-W01,1
DR0166,2025-W02,2
DR0166,2025-W03,1
DR0166,2025-W04,1
DR0166,2025-W06,1
DR0166,2025-W07,2
DR0166,2025-W08,2
DR0166,2025-W09,1
DR0166,2025-W10,2
DR0166,2025-W16,2
DR0166,2025-W17,1
DR0166,2025-W18,1
DR0166,2025-W20,1
DR0166,2025-W21,2
DR0166,2025-W23,3
DR0166,2025-W24,1
DR0166,2025-W25,1
DR0166,2025-W26,1
DR0166,2025-W27,1
DR0166,2025-W28,2
DR0166,2025-W31,1
DR0166,2025-W33,2
DR0166,2025-W36,1
DR0166,2025-W40,1
DR0166,2025-W42,1
DR0166,2025-W43,1
DR0166,2025-W45,1
DR0166,2025-W46,3
DR0166,2025-W47,1
DR0166,2025-W48,1
DR0166,2025-W50,2
DR0166,2025-W51,1
DR0166,2026-W01,1
DR0166,2026-W02,1
DR0166,2026-W03,3
DR0166,2026-W04,3
DR0166,2026-W05,1
DR0166,2026-W07,3
DR0166,2026-W09,1
DR0166,2026-W11,1
DR0166,2026-W12,1
DR0166,2026-W13,1
DR0166,2026-W16,1
DR0166,2026-W17,1
DR0166,2026-W20,2
DR0166,2026-W21,1
DR0166,2026-W25,1
DR0166,2026-W26,1
DR0166,2026-W27,1
DR0166,2026-W28,1
DR0166,2026-W30,3
DR0166,2026-W32,1
DR0166,2026-W34,1
DR0166,2026-W38,1
DR0167,2024-W02,2
DR0167,2024-W03,1
DR0167,2024-W07,1
DR0167,2024-W09,1
DR0167,2024-W17,2
DR0167,2024-W20,1
DR0167,2024-W24,1
DR0167,2024-W30,2
DR0167,2024-W34,1
DR0167,2024-W35,1
DR0167,2024-W37,2
DR0167,2024-W39,1
DR0167,2024-W41,1
DR0167,2024-W45,1
DR0167,2024-W46,1
DR0167,2024-W49,1
DR0167,2024-W50,2
DR0167,2024-W51,1
DR0167,2024-W52,1
DR0167,2025-W01,3
DR0167,2025-W03,1
DR0167,2025-W06,3
DR0167,2025-W10,1
DR0167,2025-W11,1
DR0167,2025-W12,1
DR0167,2025-W15,1
DR0167,2025-W22,1
DR0167,2025-W23,1
DR0167,2025-W26,2
DR0167,2025-W29,1
DR0167,2025-W30,1
DR0167,2025-W32,1
DR0167,2025-W39,1
DR0167,2025-W45,1
DR0167,2025-W46,2
DR0167,2025-W49,1
DR0167,2025-W50,2
DR0167,2025-W51,3
DR0167,2026-W02,1
DR0167,2026-W05,2
DR0167,2026-W06,1
DR0167,2026-W07,1
DR0167,2026-W08,1
DR0167,2026-W09,1
DR0167,2026-W12,1
DR0167,2026-W18,1
DR0167,2026-W26,1
DR0167,2026-W31,1
DR0167,2026-W32,1
DR0167,2026-W36,1
DR0167,2026-W37,2
DR0168,2024-W03,2
DR0168,2024-W04,1
DR0168,2024-W05,1
DR0168,2024-W09,4
DR0168,2024-W11,1
DR0168,2024-W12,2
DR0168,2024-W14,1
DR0168,2024-W16,1
DR0168,2024-W17,1
DR0168,2024-W18,3
DR0168,2024-W23,1
DR0168,2024-W25,2
DR0168,2024-W27,1
DR0168,2024-W28,3
DR0168,2024-W29,1
DR0168,2024-W30,1
DR0168,2024-W31,1
DR0168,2024-W32,1
DR0168,2024-W33,1
DR0168,2024-W35,1
DR0168,2024-W38,1
DR0168,2024-W39,3
DR0168,2024-W41,1
DR0168,2024-W46,2
DR0168,2024-W49,1
DR0168,2024-W50,2
DR0168,2024-W53,2
DR0168,2025-W01,2
DR0168,2025-W04,1
DR0168,2025-W05,1
DR0168,2025-W07,1
DR0168,2025-W11,1
DR0168,2025-W14,1
DR0168,2025-W16,2
DR0168,2025-W18,2
DR0168,2025-W19,1
DR0168,2025-W22,1
DR0168,2025-W26,1
DR0168,2025-W27,2
DR0168,2025-W35,1
DR0168,2025-W36,1
DR0168,2025-W39,1
DR0168,2025-W40,1
DR0168,2025-W41,1
DR0168,2025-W45,3
DR0168,2025-W46,1
DR0168,2025-W49,1
DR0168,2025-W50,1
DR0168,2026-W02,1
DR0168,2026-W04,3
DR0168,2026-W05,1
DR0168,2026-W08,2
DR0168,2026-W09,1
DR0168,2026-W10,1
DR0168,2026-W12,1
DR0168,2026-W13,1
DR0168,2026-W16,2
DR0168,2026-W18,1
DR0168,2026-W20,1
DR0168,2026-W22,1
DR0168,2026-W23,2
DR0168,2026-W24,1
DR0168,2026-W25,1
DR0168,2026-W26,1
DR0168,2026-W27,2
DR0168,2026-W29,1
DR0168,2026-W30,2
DR0168,2026-W32,1
DR0168,2026-W34,1
DR0168,2026-W37,2
DR0169,2024-W01,1
DR0169,2024-W02,1
DR0169,2024-W11,1
DR0169,2024-W13,2
DR0169,2024-W14,1
DR0169,2024-W16,1
DR0169,2024-W24,1
DR0169,2024-W25,1
DR0169,2024-W29,3
DR0169,2024-W31,1
DR0169,2024-W33,1
DR0169,2024-W34,1
DR0169,2024-W37,2
DR0169,2024-W39,1
DR0169,2024-W42,1
DR0169,2024-W46,2
DR0169,2024-W48,1
DR0169,2024-W49,1
DR0169,2024-W50,1
DR0169,2024-W51,1
DR0169,2025-W00,1
DR0169,2025-W03,1
DR0169,2025-W04,1
DR0169,2025-W05,1
DR0169,2025-W13,1
DR0169,2025-W17,1
DR0169,2025-W21,1
DR0169,2025-W23,1
DR0169,2025-W24,1
DR0169,2025-W28,1
DR0169,2025-W34,1
DR0169,2025-W36,2
DR0169,2025-W37,1
DR0169,2025-W40,1
DR0169,2025-W41,2
DR0169,2025-W42,1
DR0169,2025-W47,1
DR0169,2025-W49,1
DR0169,2025-W50,1
DR0169,2026-W03,2
DR0169,2026-W05,1
DR0169,2026-W07,1
DR0169,2026-W08,1
DR0169,2026-W15,1
DR0169,2026-W23,1
DR0169,2026-W26,2
DR0169,2026-W31,3
DR0169,2026-W35,2
DR0170,2024-W01,2
DR0170,2024-W02,2
DR0170,2024-W03,2
DR0170,2024-W04,1
DR0170,2024-W05,1
DR0170,2024-W07,2
DR0170,2024-W08,5
DR0170,2024-W09,3
DR0170,2024-W11,3
DR0170,2024-W12,4
DR0170,2024-W13,2
DR0170,2024-W14,2
DR0170,2024-W15,1
DR0170,2024-W16,2
DR0170,2024-W17,3
DR0170,2024-W18,2
DR0170,2024-W19,1
DR0170,2024-W20,1
DR0170,2024-W21,1
DR0170,2024-W22,1
DR0170,2024-W23,3
DR0170,2024-W24,1
DR0170,2024-W25,3
DR0170,2024-W27,1
DR0170,2024-W29,1
DR0170,2024-W30,2
DR0170,2024-W31,2
DR0170,2024-W32,1
DR0170,2024-W35,1
DR0170,2024-W36,2
DR0170,2024-W37,2
DR0170,2024-W40,3
DR0170,2024-W41,2
DR0170,2024-W42,2
DR0170,2024-W43,2
DR0170,2024-W44,2
DR0170,2024-W45,1
DR0170,2024-W46,2
DR0170,2024-W47,2
DR0170,2024-W48,3
DR0170,2024-W49,4
DR0170,2024-W50,2
DR0170,2024-W52,1
DR0170,2025-W00,1
DR0170,2025-W02,3
DR0170,2025-W03,2
DR0170,2025-W04,1
DR0170,2025-W05,2
DR0170,2025-W06,1
DR0170,2025-W07,1
DR0170,2025-W09,2
DR0170,2025-W10,2
DR0170,2025-W11,5
DR0170,2025-W12,3
DR0170,2025-W13,1
DR0170,2025-W15,2
DR0170,2025-W18,2
DR0170,2025-W19,2
DR0170,2025-W20,2
DR0170,2025-W23,1
DR0170,2025-W24,2
DR0170,2025-W25,2
DR0170,2025-W26,3
DR0170,2025-W27,2
DR0170,2025-W28,4
DR0170,2025-W29,1
DR0170,2025-W30,1
DR0170,2025-W31,3
DR0170,2025-W32,1
DR0170,2025-W33,5
DR0170,2025-W34,1
DR0170,2025-W35,2
DR0170,2025-W36,2
DR0170,2025-W37,4
DR0170,2025-W38,6
DR0170,2025-W40,2
DR0170,2025-W41,1
DR0170,2025-W42,1
DR0170,2025-W43,2
DR0170,2025-W44,4
DR0170,2025-W45,1
DR0170,2025-W46,1
DR0170,2025-W47,1
DR0170,2025-W48,2
DR0170,2025-W49,3
DR0170,2025-W50,7
DR0170,2025-W51,1
DR0170,2026-W00,4
DR0170,2026-W01,3
DR0170,2026-W02,3
DR0170,2026-W04,1
DR0170,2026-W05,1
DR0170,2026-W06,2
DR0170,2026-W07,1
DR0170,2026-W09,3
DR0170,2026-W10,1
DR0170,2026-W11,6
DR0170,2026-W12,1
DR0170,2026-W13,2
DR0170,2026-W14,1
DR0170,2026-W15,2
DR0170,2026-W17,1
DR0170,2026-W19,1
DR0170,2026-W20,1
DR0170,2026-W21,2
DR0170,2026-W25,1
DR0170,2026-W26,2
DR0170,2026-W27,3
DR0170,2026-W28,4
DR0170,2026-W29,3
DR0170,2026-W30,1
DR0170,2026-W31,3
DR0170,2026-W32,2
DR0170,2026-W33,3
DR0170,2026-W34,1
DR0170,2026-W36,2
DR0170,2026-W37,1
DR0170,2026-W38,3
DR0170,2026-W39,1
DR0171,2024-W03,1
DR0171,2024-W04,1
DR0171,2024-W06,1
DR0171,2024-W07,2
DR0171,2024-W09,1
DR0171,2024-W10,4
DR0171,2024-W14,1
DR0171,2024-W16,1
DR0171,2024-W20,1
DR0171,2024-W21,2
DR0171,2024-W23,1
DR0171,2024-W24,1
DR0171,2024-W25,1
DR0171,2024-W28,1
DR0171,2024-W29,1
DR0171,2024-W31,1
DR0171,2024-W33,1
DR0171,2024-W35,1
DR0171,2024-W36,1
DR0171,2024-W40,1
DR0171,2024-W41,1
DR0171,2024-W44,1
DR0171,2024-W47,2
DR0171,2024-W48,1
DR0171,2024-W50,1
DR0171,2024-W51,3
DR0171,2024-W52,1
DR0171,2025-W01,1
DR0171,2025-W02,1
DR0171,2025-W03,2
DR0171,2025-W04,1
DR0171,2025-W06,1
DR0171,2025-W11,1
DR0171,2025-W13,1
DR0171,2025-W15,1
DR0171,2025-W18,1
DR0171,2025-W19,1
DR0171,2025-W20,1
DR0171,2025-W24,1
DR0171,2025-W26,1
DR0171,2025-W29,1
DR0171,2025-W31,2
DR0171,2025-W32,3
DR0171,2025-W33,1
DR0171,2025-W35,1
DR0171,2025-W36,1
DR0171,2025-W37,1
DR0171,2025-W39,1
DR0171,2025-W45,1
DR0171,2025-W47,1
DR0171,2025-W48,1
DR0171,2025-W49,1
DR0171,2025-W51,1
DR0171,2026-W02,1
DR0171,2026-W03,1
DR0171,2026-W05,2
DR0171,2026-W06,2
DR0171,2026-W08,1
DR0171,2026-W09,1
DR0171,2026-W11,2
DR0171,2026-W13,1
DR0171,2026-W17,3
DR0171,2026-W18,1
DR0171,2026-W19,2
DR0171,2026-W24,1
DR0171,2026-W25,1
DR0171,2026-W27,2
DR0171,2026-W28,1
DR0171,2026-W29,1
DR0171,2026-W31,2
DR0171,2026-W32,2
DR0171,2026-W33,1
DR0171,2026-W36,1
DR0172,2024-W02,1
DR0172,2024-W05,1
DR0172,2024-W06,1
DR0172,2024-W08,2
DR0172,2024-W09,2
DR0172,2024-W16,2
DR0172,2024-W17,1
DR0172,2024-W18,1
DR0172,2024-W19,2
DR0172,2024-W21,2
DR0172,2024-W25,1
DR0172,2024-W27,1
DR0172,2024-W28,1
DR0172,2024-W30,1
DR0172,2024-W31,1
DR0172,2024-W33,1
DR0172,2024-W36,1
DR0172,2024-W38,1
DR0172,2024-W41,1
DR0172,2024-W45,2
DR0172,2024-W47,1
DR0172,2024-W49,1
DR0172,2024-W50,2
DR0172,2024-W51,1
DR0172,2024-W52,2
DR0172,2025-W02,1
DR0172,2025-W04,2
DR0172,2025-W12,1
DR0172,2025-W13,1
DR0172,2025-W16,1
DR0172,2025-W20,1
DR0172,2025-W24,1
DR0172,2025-W31,1
DR0172,2025-W37,1
DR0172,2025-W42,1
DR0172,2025-W50,2
DR0172,2026-W01,1
DR0172,2026-W04,1
DR0172,2026-W07,1
DR0172,2026-W11,1
DR0172,2026-W13,1
DR0172,2026-W14,1
DR0172,2026-W21,1
DR0172,2026-W23,1
DR0172,2026-W24,1
DR0172,2026-W26,1
DR0172,2026-W31,1
DR0172,2026-W33,2
DR0173,2024-W01,2
DR0173,2024-W02,3
DR0173,2024-W03,5
DR0173,2024-W04,4
DR0173,2024-W05,4
DR0173,2024-W06,3
DR0173,2024-W08,2
DR0173,2024-W09,5
DR0173,2024-W10,2
DR0173,2024-W11,1
DR0173,2024-W12,3
DR0173,2024-W13,2
DR0173,2024-W14,4
DR0173,2024-W15,2
DR0173,2024-W16,9
DR0173,2024-W17,5
DR0173,2024-W18,4
DR0173,2024-W19,1
DR0173,2024-W20,5
DR0173,2024-W21,1
DR0173,2024-W22,5
DR0173,2024-W23,4
DR0173,2024-W24,7
DR0173,2024-W25,4
DR0173,2024-W27,4
DR0173,2024-W28,4
DR0173,2024-W29,1
DR0173,2024-W30,4
DR0173,2024-W31,6
DR0173,2024-W32,5
DR0173,2024-W33,1
DR0173,2024-W34,3
DR0173,2024-W35,2
DR0173,2024-W36,3
DR0173,2024-W37,2
DR0173,2024-W38,1
DR0173,2024-W39,2
DR0173,2024-W40,3
DR0173,2024-W42,6
DR0173,2024-W43,1
DR0173,2024-W44,4
DR0173,2024-W45,6
DR0173,2024-W46,6
DR0173,2024-W47,5
DR0173,2024-W48,2
DR0173,2024-W49,3
DR0173,2024-W50,3
DR0173,2024-W51,3
DR0173,2024-W52,2
DR0173,2024-W53,1
DR0173,2025-W00,2
DR0173,2025-W01,1
DR0173,2025-W02,3
DR0173,2025-W03,2
DR0173,2025-W05,2
DR0173,2025-W06,2
DR0173,2025-W07,2
DR0173,2025-W08,6
DR0173,2025-W09,3
DR0173,2025-W10,3
DR0173,2025-W11,3
DR0173,2025-W12,3
DR0173,2025-W13,3
DR0173,2025-W14,6
DR0173,2025-W15,5
DR0173,2025-W16,2
DR0173,2025-W17,2
DR0173,2025-W18,2
DR0173,2025-W20,1
DR0173,2025-W21,2
DR0173,2025-W22,3
DR0173,2025-W23,2
DR0173,2025-W24,5
DR0173,2025-W25,1
DR0173,2025-W26,3
DR0173,2025-W27,5
DR0173,2025-W28,5
DR0173,2025-W30,1
DR0173,2025-W31,3
DR0173,2025-W32,5
DR0173,2025-W33,4
DR0173,2025-W34,3
DR0173,2025-W35,3
DR0173,2025-W37,2
DR0173,2025-W38,5
DR0173,2025-W39,2
DR0173,2025-W40,2
DR0173,2025-W41,5
DR0173,2025-W42,1
DR0173,2025-W43,2
DR0173,2025-W44,3
DR0173,2025-W45,6
DR0173,2025-W46,3
DR0173,2025-W47,3
DR0173,2025-W48,4
DR0173,2025-W49,6
DR0173,2025-W50,5
DR0173,2025-W51,3
DR0173,2026-W00,2
DR0173,2026-W01,4
DR0173,2026-W02,3
DR0173,2026-W03,5
DR0173,2026-W04,4
DR0173,2026-W05,1
DR0173,2026-W06,3
DR0173,2026-W07,3
DR0173,2026-W08,4
DR0173,2026-W09,1
DR0173,2026-W10,4
DR0173,2026-W11,3
DR0173,2026-W12,2
DR0173,2026-W13,2
DR0173,2026-W14,3
DR0173,2026-W15,4
DR0173,2026-W16,4
DR0173,2026-W17,2
DR0173,2026-W18,2
DR0173,2026-W19,1
DR0173,2026-W20,7
DR0173,2026-W21,1
DR0173,2026-W22,4
DR0173,2026-W23,6
DR0173,2026-W24,2
DR0173,2026-W25,6
DR0173,2026-W26,1
DR0173,2026-W27,1
DR0173,2026-W28,1
DR0173,2026-W29,2
DR0173,2026-W30,2
DR0173,2026-W31,5
DR0173,2026-W32,1
DR0173,2026-W33,5
DR0173,2026-W34,4
DR0173,2026-W35,2
DR0173,2026-W36,3
DR0173,2026-W37,2
DR0173,2026-W38,2
DR0173,2026-W39,1
DR0174,2024-W01,1
DR0174,2024-W04,2
DR0174,2024-W05,1
DR0174,2024-W07,1
DR0174,2024-W09,2
DR0174,2024-W10,2
DR0174,2024-W13,1
DR0174,2024-W23,1
DR0174,2024-W27,1
DR0174,2024-W28,1
DR0174,2024-W30,1
DR0174,2024-W32,1
DR0174,2024-W36,1
DR0174,2024-W37,2
DR0174,2024-W41,1
DR0174,2024-W43,1
DR0174,2024-W44,1
DR0174,2025-W02,1
DR0174,2025-W16,1
DR0174,2025-W23,3
DR0174,2025-W25,1
DR0174,2025-W31,1
DR0174,2025-W35,1
DR0174,2025-W42,1
DR0174,2026-W07,1
DR0174,2026-W08,1
DR0174,2026-W10,1
DR0174,2026-W16,2
DR0174,2026-W21,1
DR0174,2026-W22,1
DR0174,2026-W25,1
DR0174,2026-W26,2
DR0174,2026-W30,1
DR0174,2026-W33,1
DR0174,2026-W34,1
DR0174,2026-W35,1
DR0175,2024-W01,1
DR0175,2024-W02,2
DR0175,2024-W03,1
DR0175,2024-W05,1
DR0175,2024-W06,1
DR0175,2024-W08,2
DR0175,2024-W09,1
DR0175,2024-W12,1
DR0175,2024-W13,6
DR0175,2024-W16,2
DR0175,2024-W17,1
DR0175,2024-W19,3
DR0175,2024-W20,3
DR0175,2024-W22,2
DR0175,2024-W23,2
DR0175,2024-W24,4
DR0175,2024-W25,4
DR0175,2024-W27,2
DR0175,2024-W28,3
DR0175,2024-W29,1
DR0175,2024-W30,1
DR0175,2024-W31,2
DR0175,2024-W32,2
DR0175,2024-W33,3
DR0175,2024-W34,2
DR0175,2024-W37,1
DR0175,2024-W38,1
DR0175,2024-W39,3
DR0175,2024-W41,4
DR0175,2024-W42,2
DR0175,2024-W43,1
DR0175,2024-W47,2
DR0175,2024-W48,1
DR0175,2024-W49,1
DR0175,2024-W50,3
DR0175,2024-W51,1
DR0175,2024-W52,1
DR0175,2025-W00,1
DR0175,2025-W02,1
DR0175,2025-W04,2
DR0175,2025-W05,2
DR0175,2025-W06,1
DR0175,2025-W07,1
DR0175,2025-W08,3
DR0175,2025-W09,3
DR0175,2025-W10,2
DR0175,2025-W12,2
DR0175,2025-W13,2
DR0175,2025-W15,1
DR0175,2025-W16,2
DR0175,2025-W17,2
DR0175,2025-W18,1
DR0175,2025-W19,1
DR0175,2025-W20,1
DR0175,2025-W21,1
DR0175,2025-W22,2
DR0175,2025-W23,3
DR0175,2025-W24,1
DR0175,2025-W26,1
DR0175,2025-W27,3
DR0175,2025-W28,1
DR0175,2025-W29,2
DR0175,2025-W30,2
DR0175,2025-W31,1
DR0175,2025-W32,3
DR0175,2025-W33,2
DR0175,2025-W38,1
DR0175,2025-W39,1
DR0175,2025-W40,1
DR0175,2025-W41,1
DR0175,2025-W42,2
DR0175,2025-W44,2
DR0175,2025-W45,1
DR0175,2025-W46,3
DR0175,2025-W47,2
DR0175,2025-W48,2
DR0175,2025-W49,1
DR0175,2025-W50,1
DR0175,2025-W51,1
DR0175,2026-W00,2
DR0175,2026-W01,2
DR0175,2026-W02,1
DR0175,2026-W03,1
DR0175,2026-W05,1
DR0175,2026-W06,3
DR0175,2026-W07,1
DR0175,2026-W08,3
DR0175,2026-W10,2
DR0175,2026-W12,1
DR0175,2026-W13,1
DR0175,2026-W14,2
DR0175,2026-W15,2
DR0175,2026-W16,1
DR0175,2026-W17,3
DR0175,2026-W18,4
DR0175,2026-W19,1
DR0175,2026-W20,1
DR0175,2026-W22,2
DR0175,2026-W23,2
DR0175,2026-W24,2
DR0175,2026-W25,1
DR0175,2026-W26,1
DR0175,2026-W27,2
DR0175,2026-W30,1
DR0175,2026-W32,2
DR0175,2026-W33,2
DR0175,2026-W34,4
DR0175,2026-W37,3
DR0175,2026-W38,3
DR0176,2024-W01,2
DR0176,2024-W02,3
DR0176,2024-W03,1
DR0176,2024-W04,5
DR0176,2024-W05,2
DR0176,2024-W06,4
DR0176,2024-W07,4
DR0176,2024-W08,2
DR0176,2024-W09,1
DR0176,2024-W10,2
DR0176,2024-W11,3
DR0176,2024-W12,1
DR0176,2024-W14,1
DR0176,2024-W15,1
DR0176,2024-W16,1
DR0176,2024-W17,1
DR0176,2024-W18,3
DR0176,2024-W20,2
DR0176,2024-W21,2
DR0176,2024-W22,2
DR0176,2024-W24,1
DR0176,2024-W27,2
DR0176,2024-W29,1
DR0176,2024-W31,1
DR0176,2024-W32,1
DR0176,2024-W33,1
DR0176,2024-W34,6
DR0176,2024-W36,1
DR0176,2024-W37,1
DR0176,2024-W38,2
DR0176,2024-W39,2
DR0176,2024-W40,3
DR0176,2024-W41,2
DR0176,2024-W42,1
DR0176,2024-W43,2
DR0176,2024-W44,2
DR0176,2024-W45,3
DR0176,2024-W46,1
DR0176,2024-W47,1
DR0176,2024-W48,1
DR0176,2024-W49,1
DR0176,2024-W51,2
DR0176,2024-W52,2
DR0176,2024-W53,1
DR0176,2025-W00,4
DR0176,2025-W01,4
DR0176,2025-W03,3
DR0176,2025-W05,1
DR0176,2025-W06,2
DR0176,2025-W07,1
DR0176,2025-W08,2
DR0176,2025-W09,3
DR0176,2025-W11,2
DR0176,2025-W12,2
DR0176,2025-W14,1
DR0176,2025-W16,1
DR0176,2025-W17,2
DR0176,2025-W18,1
DR0176,2025-W21,2
DR0176,2025-W22,1
DR0176,2025-W24,1
DR0176,2025-W25,1
DR0176,2025-W26,3
DR0176,2025-W28,1
DR0176,2025-W30,1
DR0176,2025-W32,2
DR0176,2025-W33,1
DR0176,2025-W34,3
DR0176,2025-W35,2
DR0176,2025-W36,4
DR0176,2025-W37,2
DR0176,2025-W38,2
DR0176,2025-W39,2
DR0176,2025-W40,2
DR0176,2025-W41,2
DR0176,2025-W42,1
DR0176,2025-W44,2
DR0176,2025-W45,2
DR0176,2025-W48,2
DR0176,2025-W50,1
DR0176,2025-W51,3
DR0176,2025-W52,1
DR0176,2026-W01,1
DR0176,2026-W04,1
DR0176,2026-W05,3
DR0176,2026-W06,1
DR0176,2026-W07,2
DR0176,2026-W08,2
DR0176,2026-W11,1
DR0176,2026-W12,1
DR0176,2026-W14,1
DR0176,2026-W15,3
DR0176,2026-W16,2
DR0176,2026-W18,5
DR0176,2026-W19,1
DR0176,2026-W20,1
DR0176,2026-W21,2
DR0176,2026-W22,1
DR0176,2026-W23,1
DR0176,2026-W24,1
DR0176,2026-W25,1
DR0176,2026-W26,4
DR0176,2026-W27,1
DR0176,2026-W28,2
DR0176,2026-W29,2
DR0176,2026-W30,1
DR0176,2026-W31,3
DR0176,2026-W35,1
DR0176,2026-W36,1
DR0176,2026-W37,2
DR0176,2026-W38,1
DR0176,2026-W39,1
DR0177,2024-W01,2
DR0177,2024-W02,1
DR0177,2024-W03,3
DR0177,2024-W05,2
DR0177,2024-W06,3
DR0177,2024-W08,3
DR0177,2024-W10,3
DR0177,2024-W12,1
DR0177,2024-W13,1
DR0177,2024-W16,5
DR0177,2024-W17,3
DR0177,2024-W18,3
DR0177,2024-W19,2
DR0177,2024-W20,1
DR0177,2024-W22,3
DR0177,2024-W23,2
DR0177,2024-W24,1
DR0177,2024-W25,2
DR0177,2024-W27,1
DR0177,2024-W28,2
DR0177,2024-W29,1
DR0177,2024-W30,1
DR0177,2024-W32,2
DR0177,2024-W33,1
DR0177,2024-W34,3
DR0177,2024-W35,6
DR0177,2024-W36,1
DR0177,2024-W37,1
DR0177,2024-W38,2
DR0177,2024-W39,2
DR0177,2024-W40,1
DR0177,2024-W41,1
DR0177,2024-W42,3
DR0177,2024-W43,1
DR0177,2024-W44,1
DR0177,2024-W45,3
DR0177,2024-W46,1
DR0177,2024-W47,2
DR0177,2024-W48,1
DR0177,2024-W49,2
DR0177,2024-W50,3
DR0177,2024-W51,2
DR0177,2025-W00,1
DR0177,2025-W01,2
DR0177,2025-W02,5
DR0177,2025-W03,5
DR0177,2025-W04,2
DR0177,2025-W06,4
DR0177,2025-W07,2
DR0177,2025-W08,4
DR0177,2025-W09,2
DR0177,2025-W10,2
DR0177,2025-W11,3
DR0177,2025-W12,2
DR0177,2025-W13,1
DR0177,2025-W16,3
DR0177,2025-W17,4
DR0177,2025-W18,1
DR0177,2025-W21,2
DR0177,2025-W22,2
DR0177,2025-W24,1
DR0177,2025-W25,1
DR0177,2025-W26,1
DR0177,2025-W28,2
DR0177,2025-W29,1
DR0177,2025-W30,1
DR0177,2025-W31,1
DR0177,2025-W32,4
DR0177,2025-W34,1
DR0177,2025-W35,4
DR0177,2025-W36,1
DR0177,2025-W37,3
DR0177,2025-W38,2
DR0177,2025-W39,2
DR0177,2025-W40,1
DR0177,2025-W41,2
DR0177,2025-W42,4
DR0177,2025-W44,2
DR0177,2025-W45,2
DR0177,2025-W46,3
DR0177,2025-W48,4
DR0177,2025-W49,4
DR0177,2025-W50,1
DR0177,2025-W51,2
DR0177,2025-W52,1
DR0177,2026-W00,1
DR0177,2026-W02,3
DR0177,2026-W03,1
DR0177,2026-W04,3
DR0177,2026-W05,1
DR0177,2026-W06,4
DR0177,2026-W07,2
DR0177,2026-W08,5
DR0177,2026-W09,2
DR0177,2026-W10,2
DR0177,2026-W11,1
DR0177,2026-W13,2
DR0177,2026-W14,1
DR0177,2026-W17,2
DR0177,2026-W18,5
DR0177,2026-W19,4
DR0177,2026-W20,3
DR0177,2026-W22,2
DR0177,2026-W23,2
DR0177,2026-W24,1
DR0177,2026-W29,2
DR0177,2026-W31,2
DR0177,2026-W32,3
DR0177,2026-W33,1
DR0177,2026-W34,1
DR0177,2026-W35,2
DR0177,2026-W36,2
DR0177,2026-W37,1
DR0177,2026-W38,2
DR0177,2026-W39,1
DR0178,2024-W01,1
DR0178,2024-W02,3
DR0178,2024-W06,4
DR0178,2024-W07,2
DR0178,2024-W08,4
DR0178,2024-W09,2
DR0178,2024-W10,2
DR0178,2024-W11,1
DR0178,2024-W12,4
DR0178,2024-W13,2
DR0178,2024-W14,1
DR0178,2024-W17,2
DR0178,2024-W18,1
DR0178,2024-W19,1
DR0178,2024-W20,1
DR0178,2024-W21,3
DR0178,2024-W22,2
DR0178,2024-W24,1
DR0178,2024-W25,2
DR0178,2024-W27,2
DR0178,2024-W28,2
DR0178,2024-W29,1
DR0178,2024-W30,2
DR0178,2024-W31,1
DR0178,2024-W35,1
DR0178,2024-W36,2
DR0178,2024-W37,1
DR0178,2024-W38,3
DR0178,2024-W39,1
DR0178,2024-W40,1
DR0178,2024-W42,1
DR0178,2024-W43,2
DR0178,2024-W46,2
DR0178,2024-W47,4
DR0178,2024-W48,1
DR0178,2024-W49,2
DR0178,2024-W52,2
DR0178,2025-W00,2
DR0178,2025-W01,1
DR0178,2025-W02,2
DR0178,2025-W03,1
DR0178,2025-W04,2
DR0178,2025-W06,2
DR0178,2025-W07,2
DR0178,2025-W08,2
DR0178,2025-W09,3
DR0178,2025-W11,1
DR0178,2025-W12,2
DR0178,2025-W15,2
DR0178,2025-W17,4
DR0178,2025-W18,1
DR0178,2025-W19,1
DR0178,2025-W20,1
DR0178,2025-W21,3
DR0178,2025-W22,1
DR0178,2025-W23,1
DR0178,2025-W25,1
DR0178,2025-W29,2
DR0178,2025-W30,1
DR0178,2025-W31,2
DR0178,2025-W32,1
DR0178,2025-W33,1
DR0178,2025-W35,4
DR0178,2025-W37,2
DR0178,2025-W41,1
DR0178,2025-W42,1
DR0178,2025-W44,1
DR0178,2025-W45,3
DR0178,2025-W46,3
DR0178,2025-W48,2
DR0178,2025-W49,1
DR0178,2025-W50,1
DR0178,2025-W51,1
DR0178,2025-W52,1
DR0178,2026-W00,1
DR0178,2026-W01,3
DR0178,2026-W02,2
DR0178,2026-W04,4
DR0178,2026-W05,1
DR0178,2026-W06,2
DR0178,2026-W07,2
DR0178,2026-W09,2
DR0178,2026-W10,2
DR0178,2026-W11,2
DR0178,2026-W13,1
DR0178,2026-W14,3
DR0178,2026-W15,3
DR0178,2026-W16,1
DR0178,2026-W18,1
DR0178,2026-W20,1
DR0178,2026-W21,1
DR0178,2026-W23,1
DR0178,2026-W24,1
DR0178,2026-W27,1
DR0178,2026-W28,3
DR0178,2026-W29,5
DR0178,2026-W30,1
DR0178,2026-W32,1
DR0178,2026-W33,2
DR0178,2026-W35,3
DR0178,2026-W36,1
DR0178,2026-W39,1
DR0178,2027-W16,1
DR0179,2024-W02,1
DR0179,2024-W03,1
DR0179,2024-W04,1
DR0179,2024-W05,2
DR0179,2024-W08,1
DR0179,2024-W09,1
DR0179,2024-W11,1
DR0179,2024-W12,1
DR0179,2024-W16,1
DR0179,2024-W17,1
DR0179,2024-W18,1
DR0179,2024-W21,2
DR0179,2024-W22,3
DR0179,2024-W25,1
DR0179,2024-W29,2
DR0179,2024-W32,2
DR0179,2024-W35,2
DR0179,2024-W36,1
DR0179,2024-W38,1
DR0179,2024-W39,2
DR0179,2024-W40,1
DR0179,2024-W43,2
DR0179,2024-W44,1
DR0179,2024-W49,2
DR0179,2025-W00,1
DR0179,2025-W02,1
DR0179,2025-W03,1
DR0179,2025-W05,1
DR0179,2025-W06,2
DR0179,2025-W08,1
DR0179,2025-W10,2
DR0179,2025-W11,1
DR0179,2025-W12,2
DR0179,2025-W13,2
DR0179,2025-W17,1
DR0179,2025-W18,1
DR0179,2025-W19,1
DR0179,2025-W22,3
DR0179,2025-W23,1
DR0179,2025-W24,1
DR0179,2025-W25,1
DR0179,2025-W26,2
DR0179,2025-W27,1
DR0179,2025-W29,1
DR0179,2025-W31,1
DR0179,2025-W32,1
DR0179,2025-W35,1
DR0179,2025-W37,1
DR0179,2025-W38,1
DR0179,2025-W46,1
DR0179,2025-W47,2
DR0179,2025-W50,1
DR0179,2026-W01,1
DR0179,2026-W03,1
DR0179,2026-W04,1
DR0179,2026-W08,1
DR0179,2026-W11,1
DR0179,2026-W14,1
DR0179,2026-W16,1
DR0179,2026-W18,1
DR0179,2026-W24,1
DR0179,2026-W28,2
DR0179,2026-W29,1
DR0179,2026-W30,2
DR0180,2024-W01,1
DR0180,2024-W02,1
DR0180,2024-W03,2
DR0180,2024-W04,3
DR0180,2024-W05,2
DR0180,2024-W07,2
DR0180,2024-W09,1
DR0180,2024-W11,2
DR0180,2024-W14,1
DR0180,2024-W15,1
DR0180,2024-W16,1
DR0180,2024-W17,2
DR0180,2024-W18,1
DR0180,2024-W19,1
DR0180,2024-W20,2
DR0180,2024-W21,2
DR0180,2024-W22,2
DR0180,2024-W23,1
DR0180,2024-W24,1
DR0180,2024-W25,2
DR0180,2024-W28,1
DR0180,2024-W29,1
DR0180,2024-W30,1
DR0180,2024-W33,1
DR0180,2024-W34,2
DR0180,2024-W35,1
DR0180,2024-W37,2
DR0180,2024-W39,1
DR0180,2024-W47,1
DR0180,2024-W49,2
DR0180,2024-W50,2
DR0180,2024-W51,2
DR0180,2024-W52,1
DR0180,2025-W00,1
DR0180,2025-W03,1
DR0180,2025-W06,2
DR0180,2025-W07,3
DR0180,2025-W08,2
DR0180,2025-W10,1
DR0180,2025-W12,2
DR0180,2025-W14,1
DR0180,2025-W17,2
DR0180,2025-W20,1
DR0180,2025-W21,1
DR0180,2025-W23,1
DR0180,2025-W25,4
DR0180,2025-W26,1
DR0180,2025-W27,1
DR0180,2025-W28,1
DR0180,2025-W30,1
DR0180,2025-W31,1
DR0180,2025-W32,1
DR0180,2025-W33,2
DR0180,2025-W34,1
DR0180,2025-W37,2
DR0180,2025-W38,1
DR0180,2025-W41,1
DR0180,2025-W42,1
DR0180,2025-W43,1
DR0180,2025-W44,1
DR0180,2025-W45,2
DR0180,2025-W48,1
DR0180,2025-W50,1
DR0180,2025-W51,2
DR0180,2026-W01,1
DR0180,2026-W03,2
DR0180,2026-W04,1
DR0180,2026-W05,1
DR0180,2026-W06,3
DR0180,2026-W07,3
DR0180,2026-W08,2
DR0180,2026-W10,2
DR0180,2026-W11,1
DR0180,2026-W12,2
DR0180,2026-W14,2
DR0180,2026-W16,1
DR0180,2026-W17,2
DR0180,2026-W18,1
DR0180,2026-W21,1
DR0180,2026-W22,1
DR0180,2026-W23,3
DR0180,2026-W24,2
DR0180,2026-W25,2
DR0180,2026-W26,1
DR0180,2026-W27,1
DR0180,2026-W30,2
DR0180,2026-W35,3
DR0180,2026-W36,1
DR0180,2026-W37,1
DR0180,2026-W38,1
DR0181,2024-W02,1
DR0181,2024-W03,1
DR0181,2024-W05,1
DR0181,2024-W06,1
DR0181,2024-W07,3
DR0181,2024-W08,2
DR0181,2024-W09,1
DR0181,2024-W11,3
DR0181,2024-W12,1
DR0181,2024-W14,2
DR0181,2024-W21,4
DR0181,2024-W23,1
DR0181,2024-W24,1
DR0181,2024-W28,1
DR0181,2024-W29,1
DR0181,2024-W30,2
DR0181,2024-W33,1
DR0181,2024-W34,2
DR0181,2024-W35,2
DR0181,2024-W42,1
DR0181,2024-W43,2
DR0181,2024-W45,1
DR0181,2024-W49,1
DR0181,2024-W50,1
DR0181,2024-W51,1
DR0181,2024-W52,1
DR0181,2024-W53,1
DR0181,2025-W02,1
DR0181,2025-W06,1
DR0181,2025-W07,2
DR0181,2025-W09,2
DR0181,2025-W10,1
DR0181,2025-W12,1
DR0181,2025-W13,1
DR0181,2025-W15,1
DR0181,2025-W16,1
DR0181,2025-W17,1
DR0181,2025-W18,1
DR0181,2025-W20,1
DR0181,2025-W21,1
DR0181,2025-W22,2
DR0181,2025-W23,1
DR0181,2025-W28,3
DR0181,2025-W29,1
DR0181,2025-W32,2
DR0181,2025-W34,2
DR0181,2025-W35,1
DR0181,2025-W36,1
DR0181,2025-W41,1
DR0181,2025-W42,1
DR0181,2025-W43,1
DR0181,2025-W46,1
DR0181,2025-W47,1
DR0181,2025-W49,1
DR0181,2025-W50,1
DR0181,2026-W00,1
DR0181,2026-W02,1
DR0181,2026-W04,2
DR0181,2026-W07,1
DR0181,2026-W10,2
DR0181,2026-W11,1
DR0181,2026-W12,1
DR0181,2026-W19,1
DR0181,2026-W20,1
DR0181,2026-W21,1
DR0181,2026-W22,1
DR0181,2026-W25,3
DR0181,2026-W27,1
DR0181,2026-W33,1
DR0181,2026-W35,1
DR0181,2026-W37,1
DR0182,2024-W04,2
DR0182,2024-W11,1
DR0182,2024-W12,1
DR0182,2024-W13,1
DR0182,2024-W14,2
DR0182,2024-W15,1
DR0182,2024-W17,1
DR0182,2024-W28,1
DR0182,2024-W37,1
DR0182,2024-W39,1
DR0182,2024-W40,1
DR0182,2024-W45,1
DR0182,2024-W49,1
DR0182,2024-W50,1
DR0182,2024-W51,1
DR0182,2025-W02,1
DR0182,2025-W06,1
DR0182,2025-W12,1
DR0182,2025-W16,1
DR0182,2025-W22,1
DR0182,2025-W23,2
DR0182,2025-W42,1
DR0182,2025-W44,1
DR0182,2025-W46,2
DR0182,2025-W48,1
DR0182,2025-W51,2
DR0182,2025-W52,2
DR0182,2026-W01,1
DR0182,2026-W07,1
DR0182,2026-W12,1
DR0182,2026-W14,2
DR0182,2026-W18,1
DR0182,2026-W19,1
DR0182,2026-W22,1
DR0182,2026-W31,1
DR0182,2026-W35,1
DR0183,2024-W01,2
DR0183,2024-W02,1
DR0183,2024-W03,4
DR0183,2024-W04,3
DR0183,2024-W06,1
DR0183,2024-W07,3
DR0183,2024-W08,1
DR0183,2024-W09,5
DR0183,2024-W10,2
DR0183,2024-W12,1
DR0183,2024-W14,1
DR0183,2024-W15,5
DR0183,2024-W16,1
DR0183,2024-W17,2
DR0183,2024-W18,7
DR0183,2024-W19,2
DR0183,2024-W21,2
DR0183,2024-W22,2
DR0183,2024-W23,2
DR0183,2024-W24,3
DR0183,2024-W26,2
DR0183,2024-W27,5
DR0183,2024-W28,6
DR0183,2024-W29,2
DR0183,2024-W30,2
DR0183,2024-W31,7
DR0183,2024-W32,2
DR0183,2024-W33,3
DR0183,2024-W34,2
DR0183,2024-W35,4
DR0183,2024-W36,5
DR0183,2024-W38,3
DR0183,2024-W39,3
DR0183,2024-W40,3
DR0183,2024-W41,1
DR0183,2024-W43,3
DR0183,2024-W44,2
DR0183,2024-W45,8
DR0183,2024-W46,1
DR0183,2024-W48,1
DR0183,2024-W49,1
DR0183,2024-W50,1
DR0183,2024-W51,2
DR0183,2024-W52,4
DR0183,2025-W00,1
DR0183,2025-W01,2
DR0183,2025-W02,1
DR0183,2025-W03,1
DR0183,2025-W05,8
DR0183,2025-W06,2
DR0183,2025-W07,1
DR0183,2025-W08,2
DR0183,2025-W09,3
DR0183,2025-W10,3
DR0183,2025-W11,7
DR0183,2025-W12,3
DR0183,2025-W13,2
DR0183,2025-W14,4
DR0183,2025-W15,2
DR0183,2025-W16,3
DR0183,2025-W17,2
DR0183,2025-W18,2
DR0183,2025-W19,3
DR0183,2025-W20,3
DR0183,2025-W21,6
DR0183,2025-W22,4
DR0183,2025-W23,3
DR0183,2025-W24,1
DR0183,2025-W25,1
DR0183,2025-W26,4
DR0183,2025-W27,2
DR0183,2025-W28,2
DR0183,2025-W29,3
DR0183,2025-W30,4
DR0183,2025-W31,3
DR0183,2025-W32,1
DR0183,2025-W33,4
DR0183,2025-W34,3
DR0183,2025-W36,2
DR0183,2025-W38,2
DR0183,2025-W39,4
DR0183,2025-W41,4
DR0183,2025-W42,3
DR0183,2025-W43,4
DR0183,2025-W44,3
DR0183,2025-W45,1
DR0183,2025-W46,5
DR0183,2025-W48,3
DR0183,2025-W49,2
DR0183,2025-W50,3
DR0183,2025-W51,1
DR0183,2025-W52,1
DR0183,2026-W00,2
DR0183,2026-W01,2
DR0183,2026-W02,1
DR0183,2026-W03,1
DR0183,2026-W04,2
DR0183,2026-W05,1
DR0183,2026-W06,6
DR0183,2026-W07,1
DR0183,2026-W08,3
DR0183,2026-W09,4
DR0183,2026-W10,1
DR0183,2026-W11,1
DR0183,2026-W13,3
DR0183,2026-W15,6
DR0183,2026-W16,5
DR0183,2026-W17,3
DR0183,2026-W18,4
DR0183,2026-W19,1
DR0183,2026-W20,1
DR0183,2026-W21,2
DR0183,2026-W23,6
DR0183,2026-W24,2
DR0183,2026-W25,2
DR0183,2026-W26,1
DR0183,2026-W27,2
DR0183,2026-W28,1
DR0183,2026-W29,2
DR0183,2026-W31,1
DR0183,2026-W32,5
DR0183,2026-W33,1
DR0183,2026-W34,3
DR0183,2026-W35,8
DR0183,2026-W36,1
DR0183,2026-W37,3
DR0183,2026-W38,4
DR0183,2026-W39,1
DR0184,2024-W01,2
DR0184,2024-W02,1
DR0184,2024-W03,4
DR0184,2024-W04,2
DR0184,2024-W05,2
DR0184,2024-W06,1
DR0184,2024-W07,1
DR0184,2024-W10,1
DR0184,2024-W12,1
DR0184,2024-W13,1
DR0184,2024-W14,1
DR0184,2024-W15,2
DR0184,2024-W16,1
DR0184,2024-W17,4
DR0184,2024-W23,2
DR0184,2024-W24,1
DR0184,2024-W25,1
DR0184,2024-W27,1
DR0184,2024-W30,1
DR0184,2024-W31,1
DR0184,2024-W32,1
DR0184,2024-W33,1
DR0184,2024-W34,1
DR0184,2024-W39,1
DR0184,2024-W40,1
DR0184,2024-W41,1
DR0184,2024-W42,1
DR0184,2024-W43,2
DR0184,2024-W44,1
DR0184,2024-W45,1
DR0184,2024-W46,2
DR0184,2024-W47,2
DR0184,2024-W49,1
DR0184,2024-W50,1
DR0184,2024-W52,2
DR0184,2024-W53,1
DR0184,2025-W00,1
DR0184,2025-W03,2
DR0184,2025-W06,2
DR0184,2025-W08,1
DR0184,2025-W09,1
DR0184,2025-W10,3
DR0184,2025-W11,3
DR0184,2025-W12,1
DR0184,2025-W13,2
DR0184,2025-W14,1
DR0184,2025-W15,2
DR0184,2025-W16,1
DR0184,2025-W18,1
DR0184,2025-W20,3
DR0184,2025-W24,1
DR0184,2025-W25,1
DR0184,2025-W27,2
DR0184,2025-W30,3
DR0184,2025-W31,1
DR0184,2025-W35,1
DR0184,2025-W36,1
DR0184,2025-W38,1
DR0184,2025-W39,2
DR0184,2025-W43,3
DR0184,2025-W45,2
DR0184,2025-W47,1
DR0184,2025-W48,1
DR0184,2025-W49,1
DR0184,2025-W51,2
DR0184,2026-W00,1
DR0184,2026-W02,4
DR0184,2026-W04,1
DR0184,2026-W05,1
DR0184,2026-W06,1
DR0184,2026-W08,3
DR0184,2026-W09,1
DR0184,2026-W10,2
DR0184,2026-W11,1
DR0184,2026-W14,2
DR0184,2026-W16,2
DR0184,2026-W17,2
DR0184,2026-W18,3
DR0184,2026-W19,1
DR0184,2026-W20,1
DR0184,2026-W21,1
DR0184,2026-W23,1
DR0184,2026-W24,1
DR0184,2026-W25,3
DR0184,2026-W28,1
DR0184,2026-W30,1
DR0184,2026-W31,1
DR0184,2026-W33,1
DR0184,2026-W34,1
DR0184,2026-W35,2
DR0184,2026-W36,1
DR0184,2026-W37,1
DR0184,2026-W38,1
DR0184,2026-W39,1
DR0185,2024-W03,2
DR0185,2024-W06,2
DR0185,2024-W07,3
DR0185,2024-W08,1
DR0185,2024-W09,2
DR0185,2024-W10,2
DR0185,2024-W11,2
DR0185,2024-W12,2
DR0185,2024-W14,2
DR0185,2024-W20,2
DR0185,2024-W21,4
DR0185,2024-W22,2
DR0185,2024-W26,1
DR0185,2024-W30,3
DR0185,2024-W31,2
DR0185,2024-W33,2
DR0185,2024-W35,1
DR0185,2024-W36,2
DR0185,2024-W37,1
DR0185,2024-W38,1
DR0185,2024-W42,1
DR0185,2024-W44,2
DR0185,2024-W48,1
DR0185,2024-W49,3
DR0185,2024-W50,1
DR0185,2024-W51,1
DR0185,2025-W02,1
DR0185,2025-W05,2
DR0185,2025-W06,1
DR0185,2025-W08,1
DR0185,2025-W09,1
DR0185,2025-W11,1
DR0185,2025-W12,1
DR0185,2025-W16,1
DR0185,2025-W17,3
DR0185,2025-W18,1
DR0185,2025-W19,1
DR0185,2025-W20,2
DR0185,2025-W23,3
DR0185,2025-W25,2
DR0185,2025-W26,2
DR0185,2025-W28,2
DR0185,2025-W29,1
DR0185,2025-W31,3
DR0185,2025-W33,3
DR0185,2025-W34,1
DR0185,2025-W35,1
DR0185,2025-W36,1
DR0185,2025-W37,1
DR0185,2025-W38,2
DR0185,2025-W39,1
DR0185,2025-W40,1
DR0185,2025-W42,1
DR0185,2025-W43,2
DR0185,2025-W46,3
DR0185,2025-W48,4
DR0185,2025-W49,1
DR0185,2025-W50,2
DR0185,2025-W51,4
DR0185,2026-W00,1
DR0185,2026-W01,2
DR0185,2026-W02,1
DR0185,2026-W03,2
DR0185,2026-W04,3
DR0185,2026-W06,1
DR0185,2026-W07,1
DR0185,2026-W09,2
DR0185,2026-W10,1
DR0185,2026-W11,1
DR0185,2026-W13,1
DR0185,2026-W15,3
DR0185,2026-W16,1
DR0185,2026-W17,1
DR0185,2026-W18,1
DR0185,2026-W19,1
DR0185,2026-W20,2
DR0185,2026-W21,1
DR0185,2026-W24,1
DR0185,2026-W25,1
DR0185,2026-W26,1
DR0185,2026-W27,1
DR0185,2026-W28,1
DR0185,2026-W32,2
DR0185,2026-W34,1
DR0185,2026-W35,1
DR0185,2026-W38,1
DR0186,2024-W01,3
DR0186,2024-W02,5
DR0186,2024-W03,8
DR0186,2024-W04,7
DR0186,2024-W05,4
DR0186,2024-W06,2
DR0186,2024-W07,3
DR0186,2024-W08,4
DR0186,2024-W09,5
DR0186,2024-W10,5
DR0186,2024-W11,3
DR0186,2024-W12,5
DR0186,2024-W13,2
DR0186,2024-W14,1
DR0186,2024-W15,6
DR0186,2024-W16,2
DR0186,2024-W17,1
DR0186,2024-W18,2
DR0186,2024-W19,2
DR0186,2024-W20,3
DR0186,2024-W21,2
DR0186,2024-W22,3
DR0186,2024-W24,2
DR0186,2024-W25,1
DR0186,2024-W26,3
DR0186,2024-W27,2
DR0186,2024-W28,1
DR0186,2024-W29,2
DR0186,2024-W30,2
DR0186,2024-W31,4
DR0186,2024-W32,5
DR0186,2024-W33,1
DR0186,2024-W34,1
DR0186,2024-W35,5
DR0186,2024-W36,3
DR0186,2024-W37,3
DR0186,2024-W38,2
DR0186,2024-W39,4
DR0186,2024-W40,2
DR0186,2024-W41,3
DR0186,2024-W42,1
DR0186,2024-W43,2
DR0186,2024-W44,3
DR0186,2024-W45,3
DR0186,2024-W46,2
DR0186,2024-W47,1
DR0186,2024-W48,2
DR0186,2024-W49,2
DR0186,2024-W50,3
DR0186,2024-W51,4
DR0186,2024-W52,1
DR0186,2024-W53,2
DR0186,2025-W00,1
DR0186,2025-W01,3
DR0186,2025-W02,6
DR0186,2025-W03,1
DR0186,2025-W04,2
DR0186,2025-W05,5
DR0186,2025-W06,3
DR0186,2025-W07,1
DR0186,2025-W08,2
DR0186,2025-W09,3
DR0186,2025-W10,4
DR0186,2025-W11,5
DR0186,2025-W12,4
DR0186,2025-W13,3
DR0186,2025-W14,5
DR0186,2025-W16,4
DR0186,2025-W17,1
DR0186,2025-W18,1
DR0186,2025-W19,2
DR0186,2025-W20,3
DR0186,2025-W21,3
DR0186,2025-W23,3
DR0186,2025-W24,4
DR0186,2025-W25,5
DR0186,2025-W26,5
DR0186,2025-W27,3
DR0186,2025-W28,1
DR0186,2025-W29,3
DR0186,2025-W30,3
DR0186,2025-W31,5
DR0186,2025-W32,3
DR0186,2025-W33,3
DR0186,2025-W34,4
DR0186,2025-W35,5
DR0186,2025-W36,1
DR0186,2025-W37,6
DR0186,2025-W38,5
DR0186,2025-W39,3
DR0186,2025-W40,4
DR0186,2025-W41,1
DR0186,2025-W42,2
DR0186,2025-W43,4
DR0186,2025-W44,2
DR0186,2025-W45,3
DR0186,2025-W46,2
DR0186,2025-W48,1
DR0186,2025-W49,5
DR0186,2025-W50,6
DR0186,2025-W51,3
DR0186,2025-W52,1
DR0186,2026-W00,1
DR0186,2026-W01,4
DR0186,2026-W02,6
DR0186,2026-W03,3
DR0186,2026-W04,5
DR0186,2026-W06,3
DR0186,2026-W07,5
DR0186,2026-W08,7
DR0186,2026-W09,1
DR0186,2026-W10,3
DR0186,2026-W11,3
DR0186,2026-W12,8
DR0186,2026-W13,4
DR0186,2026-W14,3
DR0186,2026-W15,4
DR0186,2026-W16,4
DR0186,2026-W17,3
DR0186,2026-W18,2
DR0186,2026-W19,3
DR0186,2026-W20,2
DR0186,2026-W21,4
DR0186,2026-W22,4
DR0186,2026-W23,1
DR0186,2026-W24,4
DR0186,2026-W25,2
DR0186,2026-W26,3
DR0186,2026-W27,1
DR0186,2026-W28,3
DR0186,2026-W29,8
DR0186,2026-W31,2
DR0186,2026-W32,1
DR0186,2026-W33,5
DR0186,2026-W34,3
DR0186,2026-W35,5
DR0186,2026-W36,2
DR0186,2026-W37,5
DR0186,2026-W38,1
DR0186,2026-W39,1
DR0187,2024-W01,2
DR0187,2024-W03,2
DR0187,2024-W04,1
DR0187,2024-W05,2
DR0187,2024-W06,1
DR0187,2024-W07,1
DR0187,2024-W08,3
DR0187,2024-W09,3
DR0187,2024-W11,1
DR0187,2024-W12,1
DR0187,2024-W13,1
DR0187,2024-W14,3
DR0187,2024-W16,1
DR0187,2024-W17,1
DR0187,2024-W18,2
DR0187,2024-W19,1
DR0187,2024-W20,1
DR0187,2024-W21,2
DR0187,2024-W22,2
DR0187,2024-W23,1
DR0187,2024-W25,2
DR0187,2024-W26,4
DR0187,2024-W27,1
DR0187,2024-W29,1
DR0187,2024-W30,2
DR0187,2024-W31,1
DR0187,2024-W33,1
DR0187,2024-W34,1
DR0187,2024-W35,2
DR0187,2024-W36,2
DR0187,2024-W37,2
DR0187,2024-W39,3
DR0187,2024-W40,1
DR0187,2024-W41,2
DR0187,2024-W42,2
DR0187,2024-W43,2
DR0187,2024-W45,3
DR0187,2024-W46,1
DR0187,2024-W47,2
DR0187,2024-W48,2
DR0187,2024-W49,2
DR0187,2024-W50,4
DR0187,2024-W53,1
DR0187,2025-W00,1
DR0187,2025-W01,3
DR0187,2025-W03,2
DR0187,2025-W04,1
DR0187,2025-W05,2
DR0187,2025-W06,1
DR0187,2025-W08,5
DR0187,2025-W09,2
DR0187,2025-W10,2
DR0187,2025-W11,2
DR0187,2025-W12,2
DR0187,2025-W13,3
DR0187,2025-W14,1
DR0187,2025-W15,2
DR0187,2025-W16,1
DR0187,2025-W18,1
DR0187,2025-W20,2
DR0187,2025-W21,5
DR0187,2025-W22,1
DR0187,2025-W24,2
DR0187,2025-W25,2
DR0187,2025-W26,2
DR0187,2025-W28,2
DR0187,2025-W29,1
DR0187,2025-W30,1
DR0187,2025-W31,4
DR0187,2025-W32,1
DR0187,2025-W34,1
DR0187,2025-W35,2
DR0187,2025-W36,1
DR0187,2025-W38,4
DR0187,2025-W39,2
DR0187,2025-W40,3
DR0187,2025-W41,1
DR0187,2025-W42,3
DR0187,2025-W43,1
DR0187,2025-W44,2
DR0187,2025-W45,2
DR0187,2025-W46,1
DR0187,2025-W47,2
DR0187,2025-W50,1
DR0187,2025-W51,1
DR0187,2026-W02,5
DR0187,2026-W03,1
DR0187,2026-W04,5
DR0187,2026-W05,2
DR0187,2026-W06,2
DR0187,2026-W07,2
DR0187,2026-W11,4
DR0187,2026-W12,6
DR0187,2026-W13,1
DR0187,2026-W14,1
DR0187,2026-W15,2
DR0187,2026-W17,3
DR0187,2026-W18,2
DR0187,2026-W19,2
DR0187,2026-W20,4
DR0187,2026-W21,2
DR0187,2026-W22,4
DR0187,2026-W23,1
DR0187,2026-W24,2
DR0187,2026-W25,1
DR0187,2026-W26,2
DR0187,2026-W27,1
DR0187,2026-W28,2
DR0187,2026-W30,1
DR0187,2026-W31,1
DR0187,2026-W32,4
DR0187,2026-W33,1
DR0187,2026-W34,4
DR0187,2026-W35,3
DR0187,2026-W37,1
DR0187,2026-W38,1
DR0187,2026-W39,1
DR0188,2024-W03,2
DR0188,2024-W04,1
DR0188,2024-W05,1
DR0188,2024-W06,1
DR0188,2024-W08,1
DR0188,2024-W10,1
DR0188,2024-W11,1
DR0188,2024-W14,1
DR0188,2024-W15,2
DR0188,2024-W18,2
DR0188,2024-W20,3
DR0188,2024-W25,1
DR0188,2024-W26,3
DR0188,2024-W31,1
DR0188,2024-W34,1
DR0188,2024-W36,1
DR0188,2024-W38,3
DR0188,2024-W41,1
DR0188,2024-W42,2
DR0188,2024-W43,1
DR0188,2024-W44,2
DR0188,2024-W45,1
DR0188,2024-W46,1
DR0188,2024-W49,3
DR0188,2024-W51,1
DR0188,2025-W00,4
DR0188,2025-W01,1
DR0188,2025-W02,1
DR0188,2025-W03,1
DR0188,2025-W06,1
DR0188,2025-W08,1
DR0188,2025-W09,3
DR0188,2025-W12,2
DR0188,2025-W20,1
DR0188,2025-W22,1
DR0188,2025-W23,1
DR0188,2025-W25,1
DR0188,2025-W26,1
DR0188,2025-W28,2
DR0188,2025-W33,1
DR0188,2025-W34,2
DR0188,2025-W35,1
DR0188,2025-W36,1
DR0188,2025-W38,1
DR0188,2025-W40,1
DR0188,2025-W41,1
DR0188,2025-W42,1
DR0188,2025-W43,1
DR0188,2025-W44,2
DR0188,2025-W45,1
DR0188,2025-W47,2
DR0188,2025-W52,1
DR0188,2026-W01,1
DR0188,2026-W02,1
DR0188,2026-W03,1
DR0188,2026-W06,2
DR0188,2026-W08,1
DR0188,2026-W09,2
DR0188,2026-W10,2
DR0188,2026-W12,3
DR0188,2026-W13,1
DR0188,2026-W15,1
DR0188,2026-W17,2
DR0188,2026-W20,1
DR0188,2026-W21,1
DR0188,2026-W22,1
DR0188,2026-W24,1
DR0188,2026-W25,1
DR0188,2026-W26,2
DR0188,2026-W27,3
DR0188,2026-W28,1
DR0188,2026-W29,1
DR0188,2026-W31,1
DR0188,2026-W33,1
DR0188,2026-W37,2
DR0188,2026-W38,1
DR0188,2026-W39,1
DR0189,2024-W01,3
DR0189,2024-W02,4
DR0189,2024-W03,3
DR0189,2024-W05,7
DR0189,2024-W06,4
DR0189,2024-W07,2
DR0189,2024-W08,2
DR0189,2024-W09,3
DR0189,2024-W10,2
DR0189,2024-W11,4
DR0189,2024-W12,3
DR0189,2024-W13,4
DR0189,2024-W14,8
DR0189,2024-W15,2
DR0189,2024-W16,6
DR0189,2024-W17,5
DR0189,2024-W18,2
DR0189,2024-W19,1
DR0189,2024-W20,4
DR0189,2024-W21,3
DR0189,2024-W23,7
DR0189,2024-W24,3
DR0189,2024-W25,1
DR0189,2024-W26,3
DR0189,2024-W27,1
DR0189,2024-W29,2
DR0189,2024-W30,3
DR0189,2024-W32,2
DR0189,2024-W33,3
DR0189,2024-W34,2
DR0189,2024-W35,1
DR0189,2024-W36,5
DR0189,2024-W37,1
DR0189,2024-W38,3
DR0189,2024-W39,1
DR0189,2024-W40,4
DR0189,2024-W41,1
DR0189,2024-W42,1
DR0189,2024-W43,3
DR0189,2024-W44,2
DR0189,2024-W45,1
DR0189,2024-W46,2
DR0189,2024-W47,1
DR0189,2024-W48,2
DR0189,2024-W51,2
DR0189,2024-W52,4
DR0189,2024-W53,2
DR0189,2025-W00,2
DR0189,2025-W01,4
DR0189,2025-W03,4
DR0189,2025-W04,3
DR0189,2025-W05,1
DR0189,2025-W06,1
DR0189,2025-W07,1
DR0189,2025-W08,1
DR0189,2025-W09,7
DR0189,2025-W10,3
DR0189,2025-W11,2
DR0189,2025-W12,4
DR0189,2025-W13,2
DR0189,2025-W14,2
DR0189,2025-W15,2
DR0189,2025-W16,2
DR0189,2025-W17,2
DR0189,2025-W18,4
DR0189,2025-W19,1
DR0189,2025-W20,3
DR0189,2025-W23,1
DR0189,2025-W24,5
DR0189,2025-W25,2
DR0189,2025-W27,3
DR0189,2025-W28,2
DR0189,2025-W29,1
DR0189,2025-W30,5
DR0189,2025-W31,1
DR0189,2025-W32,2
DR0189,2025-W33,2
DR0189,2025-W34,3
DR0189,2025-W35,3
DR0189,2025-W36,1
DR0189,2025-W37,2
DR0189,2025-W38,3
DR0189,2025-W39,3
DR0189,2025-W40,3
DR0189,2025-W41,1
DR0189,2025-W42,2
DR0189,2025-W43,3
DR0189,2025-W44,1
DR0189,2025-W45,4
DR0189,2025-W46,1
DR0189,2025-W47,2
DR0189,2025-W48,4
DR0189,2025-W49,3
DR0189,2025-W50,2
DR0189,2025-W51,2
DR0189,2026-W00,2
DR0189,2026-W01,4
DR0189,2026-W02,3
DR0189,2026-W03,5
DR0189,2026-W04,4
DR0189,2026-W05,1
DR0189,2026-W06,4
DR0189,2026-W07,2
DR0189,2026-W08,2
DR0189,2026-W09,5
DR0189,2026-W10,4
DR0189,2026-W11,5
DR0189,2026-W12,3
DR0189,2026-W13,3
DR0189,2026-W15,2
DR0189,2026-W16,1
DR0189,2026-W17,2
DR0189,2026-W18,3
DR0189,2026-W19,3
DR0189,2026-W20,2
DR0189,2026-W21,1
DR0189,2026-W22,2
DR0189,2026-W23,1
DR0189,2026-W24,6
DR0189,2026-W27,3
DR0189,2026-W28,1
DR0189,2026-W29,1
DR0189,2026-W30,1
DR0189,2026-W31,1
DR0189,2026-W32,2
DR0189,2026-W33,3
DR0189,2026-W34,1
DR0189,2026-W35,3
DR0189,2026-W36,2
DR0189,2026-W37,1
DR0189,2026-W38,1
DR0189,2026-W39,1
DR0190,2024-W01,1
DR0190,2024-W02,1
DR0190,2024-W05,2
DR0190,2024-W07,2
DR0190,2024-W08,1
DR0190,2024-W11,2
DR0190,2024-W14,2
DR0190,2024-W23,2
DR0190,2024-W26,1
DR0190,2024-W28,2
DR0190,2024-W30,1
DR0190,2024-W32,2
DR0190,2024-W34,1
DR0190,2024-W37,1
DR0190,2024-W41,1
DR0190,2024-W43,2
DR0190,2024-W46,2
DR0190,2024-W47,1
DR0190,2024-W49,1
DR0190,2025-W00,1
DR0190,2025-W01,1
DR0190,2025-W02,2
DR0190,2025-W03,1
DR0190,2025-W04,1
DR0190,2025-W05,2
DR0190,2025-W10,2
DR0190,2025-W11,1
DR0190,2025-W15,1
DR0190,2025-W17,1
DR0190,2025-W18,1
DR0190,2025-W20,1
DR0190,2025-W21,1
DR0190,2025-W23,1
DR0190,2025-W24,2
DR0190,2025-W26,1
DR0190,2025-W28,1
DR0190,2025-W29,1
DR0190,2025-W31,1
DR0190,2025-W36,1
DR0190,2025-W42,1
DR0190,2025-W44,1
DR0190,2025-W46,2
DR0190,2025-W47,1
DR0190,2025-W48,1
DR0190,2025-W49,1
DR0190,2025-W51,2
DR0190,2026-W00,1
DR0190,2026-W01,1
DR0190,2026-W03,2
DR0190,2026-W07,2
DR0190,2026-W10,1
DR0190,2026-W17,1
DR0190,2026-W18,1
DR0190,2026-W19,1
DR0190,2026-W22,1
DR0190,2026-W23,1
DR0190,2026-W26,1
DR0190,2026-W31,1
DR0190,2026-W32,1
DR0190,2026-W33,1
DR0190,2026-W35,1
DR0190,2026-W39,1
DR0191,2024-W01,2
DR0191,2024-W03,3
DR0191,2024-W05,2
DR0191,2024-W07,1
DR0191,2024-W10,1
DR0191,2024-W11,2
DR0191,2024-W12,2
DR0191,2024-W13,2
DR0191,2024-W14,2
DR0191,2024-W16,1
DR0191,2024-W18,1
DR0191,2024-W19,4
DR0191,2024-W20,1
DR0191,2024-W21,2
DR0191,2024-W22,9
DR0191,2024-W24,2
DR0191,2024-W25,1
DR0191,2024-W26,2
DR0191,2024-W27,2
DR0191,2024-W28,4
DR0191,2024-W29,2
DR0191,2024-W30,3
DR0191,2024-W31,3
DR0191,2024-W33,3
DR0191,2024-W34,3
DR0191,2024-W35,1
DR0191,2024-W36,3
DR0191,2024-W37,2
DR0191,2024-W38,1
DR0191,2024-W39,1
DR0191,2024-W40,2
DR0191,2024-W41,3
DR0191,2024-W42,1
DR0191,2024-W43,1
DR0191,2024-W45,4
DR0191,2024-W46,3
DR0191,2024-W47,3
DR0191,2024-W48,1
DR0191,2024-W49,2
DR0191,2024-W50,1
DR0191,2024-W51,1
DR0191,2024-W52,2
DR0191,2025-W00,1
DR0191,2025-W01,1
DR0191,2025-W02,2
DR0191,2025-W03,2
DR0191,2025-W04,1
DR0191,2025-W05,2
DR0191,2025-W06,2
DR0191,2025-W07,1
DR0191,2025-W08,1
DR0191,2025-W09,2
DR0191,2025-W10,3
DR0191,2025-W11,1
DR0191,2025-W12,1
DR0191,2025-W13,1
DR0191,2025-W14,4
DR0191,2025-W15,1
DR0191,2025-W16,2
DR0191,2025-W17,3
DR0191,2025-W18,1
DR0191,2025-W19,2
DR0191,2025-W20,3
DR0191,2025-W22,2
DR0191,2025-W23,2
DR0191,2025-W24,2
DR0191,2025-W25,3
DR0191,2025-W26,1
DR0191,2025-W27,5
DR0191,2025-W28,5
DR0191,2025-W29,1
DR0191,2025-W30,3
DR0191,2025-W31,2
DR0191,2025-W33,2
DR0191,2025-W34,1
DR0191,2025-W36,3
DR0191,2025-W37,2
DR0191,2025-W38,1
DR0191,2025-W39,1
DR0191,2025-W40,1
DR0191,2025-W41,1
DR0191,2025-W42,2
DR0191,2025-W43,2
DR0191,2025-W44,1
DR0191,2025-W45,1
DR0191,2025-W46,2
DR0191,2025-W47,2
DR0191,2025-W48,2
DR0191,2025-W50,3
DR0191,2025-W51,1
DR0191,2026-W00,1
DR0191,2026-W01,1
DR0191,2026-W02,2
DR0191,2026-W03,2
DR0191,2026-W04,2
DR0191,2026-W05,4
DR0191,2026-W06,1
DR0191,2026-W07,2
DR0191,2026-W08,3
DR0191,2026-W11,3
DR0191,2026-W12,3
DR0191,2026-W14,2
DR0191,2026-W15,5
DR0191,2026-W17,3
DR0191,2026-W18,3
DR0191,2026-W20,1
DR0191,2026-W21,2
DR0191,2026-W22,2
DR0191,2026-W23,2
DR0191,2026-W24,2
DR0191,2026-W25,1
DR0191,2026-W26,1
DR0191,2026-W27,1
DR0191,2026-W28,1
DR0191,2026-W29,1
DR0191,2026-W30,2
DR0191,2026-W31,3
DR0191,2026-W32,4
DR0191,2026-W33,2
DR0191,2026-W34,1
DR0191,2026-W35,2
DR0191,2026-W37,1
DR0191,2026-W39,1
DR0192,2024-W02,1
DR0192,2024-W04,1
DR0192,2024-W05,1
DR0192,2024-W07,1
DR0192,2024-W16,1
DR0192,2024-W23,2
DR0192,2024-W28,2
DR0192,2024-W29,1
DR0192,2024-W31,1
DR0192,2024-W32,1
DR0192,2024-W35,1
DR0192,2024-W41,1
DR0192,2024-W44,1
DR0192,2024-W48,1
DR0192,2024-W49,1
DR0192,2024-W50,1
DR0192,2024-W51,1
DR0192,2024-W52,2
DR0192,2025-W02,1
DR0192,2025-W11,1
DR0192,2025-W12,1
DR0192,2025-W13,1
DR0192,2025-W14,1
DR0192,2025-W16,1
DR0192,2025-W17,1
DR0192,2025-W19,1
DR0192,2025-W23,1
DR0192,2025-W24,1
DR0192,2025-W28,1
DR0192,2025-W30,2
DR0192,2025-W33,1
DR0192,2025-W36,1
DR0192,2025-W39,1
DR0192,2025-W41,1
DR0192,2025-W49,1
DR0192,2025-W52,1
DR0192,2026-W03,1
DR0192,2026-W04,1
DR0192,2026-W08,2
DR0192,2026-W10,1
DR0192,2026-W16,1
DR0192,2026-W20,1
DR0192,2026-W24,1
DR0192,2026-W25,1
DR0192,2026-W33,1
DR0192,2026-W38,1
DR0193,2024-W04,2
DR0193,2024-W06,1
DR0193,2024-W08,2
DR0193,2024-W11,2
DR0193,2024-W17,1
DR0193,2024-W19,1
DR0193,2024-W21,2
DR0193,2024-W22,1
DR0193,2024-W25,1
DR0193,2024-W27,1
DR0193,2024-W28,1
DR0193,2024-W31,1
DR0193,2024-W34,1
DR0193,2024-W36,1
DR0193,2024-W37,2
DR0193,2024-W42,1
DR0193,2024-W45,1
DR0193,2024-W49,1
DR0193,2025-W04,2
DR0193,2025-W08,1
DR0193,2025-W10,3
DR0193,2025-W11,1
DR0193,2025-W12,1
DR0193,2025-W16,2
DR0193,2025-W21,1
DR0193,2025-W22,2
DR0193,2025-W32,1
DR0193,2025-W37,1
DR0193,2025-W38,1
DR0193,2025-W46,2
DR0193,2025-W51,1
DR0193,2026-W01,1
DR0193,2026-W03,1
DR0193,2026-W04,1
DR0193,2026-W07,2
DR0193,2026-W09,2
DR0193,2026-W10,1
DR0193,2026-W12,2
DR0193,2026-W13,1
DR0193,2026-W27,1
DR0193,2026-W31,2
DR0193,2026-W33,1
DR0193,2026-W35,1
DR0194,2024-W01,1
DR0194,2024-W02,1
DR0194,2024-W03,2
DR0194,2024-W04,1
DR0194,2024-W05,1
DR0194,2024-W06,3
DR0194,2024-W07,2
DR0194,2024-W08,1
DR0194,2024-W12,2
DR0194,2024-W13,1
DR0194,2024-W15,1
DR0194,2024-W16,3
DR0194,2024-W17,1
DR0194,2024-W18,1
DR0194,2024-W20,1
DR0194,2024-W21,3
DR0194,2024-W24,1
DR0194,2024-W25,2
DR0194,2024-W26,1
DR0194,2024-W27,1
DR0194,2024-W28,1
DR0194,2024-W30,1
DR0194,2024-W31,1
DR0194,2024-W32,2
DR0194,2024-W34,1
DR0194,2024-W36,1
DR0194,2024-W37,2
DR0194,2024-W38,1
DR0194,2024-W39,2
DR0194,2024-W45,2
DR0194,2024-W46,1
DR0194,2024-W48,2
DR0194,2024-W49,2
DR0194,2024-W50,3
DR0194,2024-W52,2
DR0194,2025-W00,1
DR0194,2025-W02,1
DR0194,2025-W03,1
DR0194,2025-W04,3
DR0194,2025-W05,1
DR0194,2025-W07,1
DR0194,2025-W09,2
DR0194,2025-W11,1
DR0194,2025-W14,3
DR0194,2025-W17,1
DR0194,2025-W18,1
DR0194,2025-W19,1
DR0194,2025-W21,1
DR0194,2025-W22,1
DR0194,2025-W26,1
DR0194,2025-W27,1
DR0194,2025-W29,2
DR0194,2025-W30,1
DR0194,2025-W31,1
DR0194,2025-W32,1
DR0194,2025-W33,1
DR0194,2025-W35,2
DR0194,2025-W37,3
DR0194,2025-W38,1
DR0194,2025-W41,2
DR0194,2025-W42,1
DR0194,2025-W43,2
DR0194,2025-W44,1
DR0194,2025-W45,1
DR0194,2025-W46,1
DR0194,2025-W49,1
DR0194,2025-W50,1
DR0194,2025-W51,1
DR0194,2026-W00,1
DR0194,2026-W01,2
DR0194,2026-W02,1
DR0194,2026-W06,2
DR0194,2026-W09,2
DR0194,2026-W10,2
DR0194,2026-W11,2
DR0194,2026-W13,1
DR0194,2026-W14,2
DR0194,2026-W16,3
DR0194,2026-W18,2
DR0194,2026-W19,1
DR0194,2026-W20,1
DR0194,2026-W23,1
DR0194,2026-W24,2
DR0194,2026-W25,2
DR0194,2026-W27,2
DR0194,2026-W28,3
DR0194,2026-W29,1
DR0194,2026-W30,3
DR0194,2026-W31,1
DR0194,2026-W35,2
DR0194,2026-W37,1
DR0195,2024-W03,1
DR0195,2024-W05,1
DR0195,2024-W07,2
DR0195,2024-W08,1
DR0195,2024-W11,1
DR0195,2024-W12,2
DR0195,2024-W16,1
DR0195,2024-W17,1
DR0195,2024-W18,1
DR0195,2024-W20,1
DR0195,2024-W22,1
DR0195,2024-W28,1
DR0195,2024-W36,1
DR0195,2024-W38,2
DR0195,2024-W40,1
DR0195,2024-W42,1
DR0195,2024-W48,1
DR0195,2024-W50,1
DR0195,2024-W53,1
DR0195,2025-W02,2
DR0195,2025-W03,1
DR0195,2025-W04,1
DR0195,2025-W06,2
DR0195,2025-W13,1
DR0195,2025-W16,1
DR0195,2025-W18,1
DR0195,2025-W20,1
DR0195,2025-W22,2
DR0195,2025-W23,1
DR0195,2025-W24,1
DR0195,2025-W26,1
DR0195,2025-W32,2
DR0195,2025-W33,2
DR0195,2025-W34,1
DR0195,2025-W35,1
DR0195,2025-W36,1
DR0195,2025-W38,1
DR0195,2025-W40,1
DR0195,2025-W42,1
DR0195,2025-W48,2
DR0195,2025-W50,1
DR0195,2025-W51,2
DR0195,2025-W52,1
DR0195,2026-W00,1
DR0195,2026-W03,1
DR0195,2026-W05,3
DR0195,2026-W06,2
DR0195,2026-W08,1
DR0195,2026-W10,1
DR0195,2026-W11,1
DR0195,2026-W13,1
DR0195,2026-W15,1
DR0195,2026-W19,1
DR0195,2026-W20,1
DR0195,2026-W21,2
DR0195,2026-W22,1
DR0195,2026-W24,1
DR0195,2026-W26,1
DR0195,2026-W32,1
DR0195,2026-W38,1
DR0196,2024-W01,1
DR0196,2024-W03,1
DR0196,2024-W04,1
DR0196,2024-W05,3
DR0196,2024-W06,1
DR0196,2024-W08,1
DR0196,2024-W09,1
DR0196,2024-W10,1
DR0196,2024-W15,2
DR0196,2024-W16,1
DR0196,2024-W17,1
DR0196,2024-W18,1
DR0196,2024-W20,2
DR0196,2024-W21,1
DR0196,2024-W22,1
DR0196,2024-W23,1
DR0196,2024-W24,2
DR0196,2024-W26,1
DR0196,2024-W28,1
DR0196,2024-W29,1
DR0196,2024-W30,1
DR0196,2024-W31,1
DR0196,2024-W35,1
DR0196,2024-W36,2
DR0196,2024-W37,1
DR0196,2024-W38,2
DR0196,2024-W39,2
DR0196,2024-W40,1
DR0196,2024-W41,1
DR0196,2024-W42,1
DR0196,2024-W44,2
DR0196,2024-W45,1
DR0196,2024-W46,6
DR0196,2024-W47,1
DR0196,2024-W48,2
DR0196,2024-W49,1
DR0196,2024-W50,1
DR0196,2024-W52,2
DR0196,2024-W53,1
DR0196,2025-W00,2
DR0196,2025-W01,2
DR0196,2025-W03,1
DR0196,2025-W05,3
DR0196,2025-W07,4
DR0196,2025-W08,2
DR0196,2025-W09,2
DR0196,2025-W12,3
DR0196,2025-W13,1
DR0196,2025-W16,2
DR0196,2025-W19,2
DR0196,2025-W20,1
DR0196,2025-W22,2
DR0196,2025-W23,1
DR0196,2025-W24,1
DR0196,2025-W25,1
DR0196,2025-W27,3
DR0196,2025-W28,1
DR0196,2025-W29,1
DR0196,2025-W30,2
DR0196,2025-W31,1
DR0196,2025-W32,1
DR0196,2025-W33,1
DR0196,2025-W34,2
DR0196,2025-W35,1
DR0196,2025-W36,2
DR0196,2025-W37,3
DR0196,2025-W38,1
DR0196,2025-W39,1
DR0196,2025-W41,1
DR0196,2025-W42,1
DR0196,2025-W43,1
DR0196,2025-W45,1
DR0196,2025-W48,2
DR0196,2025-W50,2
DR0196,2026-W01,1
DR0196,2026-W03,1
DR0196,2026-W04,1
DR0196,2026-W06,1
DR0196,2026-W12,4
DR0196,2026-W13,1
DR0196,2026-W14,2
DR0196,2026-W15,1
DR0196,2026-W17,1
DR0196,2026-W18,1
DR0196,2026-W19,2
DR0196,2026-W20,1
DR0196,2026-W21,1
DR0196,2026-W22,1
DR0196,2026-W23,1
DR0196,2026-W24,1
DR0196,2026-W25,2
DR0196,2026-W27,2
DR0196,2026-W28,1
DR0196,2026-W30,1
DR0196,2026-W31,1
DR0196,2026-W32,2
DR0196,2026-W34,2
DR0196,2026-W35,3
DR0196,2026-W37,1
DR0196,2026-W38,2
DR0196,2026-W39,1
DR0197,2024-W01,1
DR0197,2024-W02,1
DR0197,2024-W03,1
DR0197,2024-W04,4
DR0197,2024-W06,1
DR0197,2024-W08,1
DR0197,2024-W09,1
DR0197,2024-W10,1
DR0197,2024-W11,1
DR0197,2024-W12,3
DR0197,2024-W13,3
DR0197,2024-W14,2
DR0197,2024-W15,1
DR0197,2024-W17,1
DR0197,2024-W19,1
DR0197,2024-W20,1
DR0197,2024-W21,2
DR0197,2024-W24,4
DR0197,2024-W26,1
DR0197,2024-W27,4
DR0197,2024-W28,2
DR0197,2024-W30,1
DR0197,2024-W31,2
DR0197,2024-W32,1
DR0197,2024-W33,2
DR0197,2024-W34,1
DR0197,2024-W35,1
DR0197,2024-W36,2
DR0197,2024-W37,1
DR0197,2024-W39,3
DR0197,2024-W40,1
DR0197,2024-W41,2
DR0197,2024-W42,1
DR0197,2024-W43,2
DR0197,2024-W44,1
DR0197,2024-W45,1
DR0197,2024-W46,3
DR0197,2024-W47,3
DR0197,2024-W48,1
DR0197,2024-W50,2
DR0197,2024-W51,1
DR0197,2024-W52,2
DR0197,2024-W53,1
DR0197,2025-W01,1
DR0197,2025-W02,2
DR0197,2025-W03,1
DR0197,2025-W04,4
DR0197,2025-W05,1
DR0197,2025-W06,3
DR0197,2025-W08,1
DR0197,2025-W09,1
DR0197,2025-W11,1
DR0197,2025-W12,4
DR0197,2025-W13,1
DR0197,2025-W14,4
DR0197,2025-W15,2
DR0197,2025-W17,1
DR0197,2025-W18,3
DR0197,2025-W19,1
DR0197,2025-W20,2
DR0197,2025-W21,3
DR0197,2025-W24,1
DR0197,2025-W25,1
DR0197,2025-W27,1
DR0197,2025-W28,1
DR0197,2025-W29,1
DR0197,2025-W31,1
DR0197,2025-W32,1
DR0197,2025-W33,1
DR0197,2025-W34,2
DR0197,2025-W35,2
DR0197,2025-W36,2
DR0197,2025-W37,1
DR0197,2025-W38,2
DR0197,2025-W39,1
DR0197,2025-W40,1
DR0197,2025-W41,4
DR0197,2025-W42,1
DR0197,2025-W43,1
DR0197,2025-W44,1
DR0197,2025-W48,2
DR0197,2025-W49,6
DR0197,2025-W50,1
DR0197,2025-W51,1
DR0197,2025-W52,1
DR0197,2026-W02,3
DR0197,2026-W04,1
DR0197,2026-W06,1
DR0197,2026-W07,3
DR0197,2026-W09,1
DR0197,2026-W10,1
DR0197,2026-W11,1
DR0197,2026-W12,1
DR0197,2026-W14,1
DR0197,2026-W15,1
DR0197,2026-W16,1
DR0197,2026-W17,4
DR0197,2026-W18,1
DR0197,2026-W19,1
DR0197,2026-W21,1
DR0197,2026-W22,1
DR0197,2026-W24,1
DR0197,2026-W25,2
DR0197,2026-W27,2
DR0197,2026-W28,1
DR0197,2026-W30,4
DR0197,2026-W32,3
DR0197,2026-W33,1
DR0197,2026-W34,1
DR0197,2026-W36,1
DR0197,2026-W39,1
DR0198,2024-W03,3
DR0198,2024-W04,1
DR0198,2024-W05,3
DR0198,2024-W06,1
DR0198,2024-W08,1
DR0198,2024-W09,2
DR0198,2024-W10,1
DR0198,2024-W13,1
DR0198,2024-W15,1
DR0198,2024-W16,1
DR0198,2024-W17,1
DR0198,2024-W20,1
DR0198,2024-W21,2
DR0198,2024-W22,5
DR0198,2024-W24,2
DR0198,2024-W25,1
DR0198,2024-W29,1
DR0198,2024-W30,1
DR0198,2024-W31,2
DR0198,2024-W33,1
DR0198,2024-W37,1
DR0198,2024-W40,1
DR0198,2024-W43,1
DR0198,2024-W44,2
DR0198,2024-W47,1
DR0198,2024-W48,1
DR0198,2024-W49,3
DR0198,2024-W53,3
DR0198,2025-W00,1
DR0198,2025-W04,1
DR0198,2025-W05,1
DR0198,2025-W06,1
DR0198,2025-W10,1
DR0198,2025-W12,1
DR0198,2025-W13,1
DR0198,2025-W15,1
DR0198,2025-W16,1
DR0198,2025-W17,1
DR0198,2025-W21,1
DR0198,2025-W24,3
DR0198,2025-W27,1
DR0198,2025-W28,4
DR0198,2025-W29,1
DR0198,2025-W31,2
DR0198,2025-W32,1
DR0198,2025-W33,1
DR0198,2025-W34,3
DR0198,2025-W35,1
DR0198,2025-W36,1
DR0198,2025-W37,2
DR0198,2025-W38,1
DR0198,2025-W39,2
DR0198,2025-W41,1
DR0198,2025-W46,1
DR0198,2025-W47,1
DR0198,2025-W48,1
DR0198,2025-W49,1
DR0198,2025-W50,2
DR0198,2026-W01,2
DR0198,2026-W02,1
DR0198,2026-W05,1
DR0198,2026-W07,4
DR0198,2026-W08,2
DR0198,2026-W09,1
DR0198,2026-W15,2
DR0198,2026-W16,2
DR0198,2026-W18,1
DR0198,2026-W21,2
DR0198,2026-W22,1
DR0198,2026-W24,1
DR0198,2026-W27,1
DR0198,2026-W29,1
DR0198,2026-W30,1
DR0198,2026-W32,1
DR0198,2026-W34,2
DR0198,2026-W35,2
DR0198,2026-W38,1
DR0199,2024-W01,4
DR0199,2024-W02,2
DR0199,2024-W03,1
DR0199,2024-W04,3
DR0199,2024-W07,2
DR0199,2024-W09,2
DR0199,2024-W10,1
DR0199,2024-W11,5
DR0199,2024-W12,4
DR0199,2024-W13,4
DR0199,2024-W14,1
DR0199,2024-W15,1
DR0199,2024-W16,3
DR0199,2024-W17,1
DR0199,2024-W18,2
DR0199,2024-W19,4
DR0199,2024-W20,4
DR0199,2024-W21,5
DR0199,2024-W22,4
DR0199,2024-W23,1
DR0199,2024-W24,1
DR0199,2024-W25,1
DR0199,2024-W26,3
DR0199,2024-W28,2
DR0199,2024-W29,1
DR0199,2024-W30,1
DR0199,2024-W32,2
DR0199,2024-W33,3
DR0199,2024-W34,2
DR0199,2024-W35,3
DR0199,2024-W37,1
DR0199,2024-W38,2
DR0199,2024-W40,2
DR0199,2024-W41,1
DR0199,2024-W42,5
DR0199,2024-W43,3
DR0199,2024-W44,2
DR0199,2024-W46,3
DR0199,2024-W47,3
DR0199,2024-W48,2
DR0199,2024-W49,2
DR0199,2024-W50,1
DR0199,2024-W51,4
DR0199,2024-W53,1
DR0199,2025-W00,3
DR0199,2025-W01,3
DR0199,2025-W03,2
DR0199,2025-W04,2
DR0199,2025-W05,2
DR0199,2025-W06,2
DR0199,2025-W08,8
DR0199,2025-W09,2
DR0199,2025-W10,1
DR0199,2025-W11,3
DR0199,2025-W13,3
DR0199,2025-W14,1
DR0199,2025-W15,3
DR0199,2025-W16,2
DR0199,2025-W17,2
DR0199,2025-W19,3
DR0199,2025-W20,4
DR0199,2025-W21,5
DR0199,2025-W22,2
DR0199,2025-W23,1
DR0199,2025-W24,1
DR0199,2025-W25,3
DR0199,2025-W26,1
DR0199,2025-W27,1
DR0199,2025-W28,1
DR0199,2025-W29,2
DR0199,2025-W31,2
DR0199,2025-W32,1
DR0199,2025-W33,3
DR0199,2025-W34,4
DR0199,2025-W35,1
DR0199,2025-W36,2
DR0199,2025-W37,4
DR0199,2025-W38,2
DR0199,2025-W39,4
DR0199,2025-W40,5
DR0199,2025-W41,2
DR0199,2025-W42,3
DR0199,2025-W43,3
DR0199,2025-W44,2
DR0199,2025-W45,3
DR0199,2025-W46,3
DR0199,2025-W47,3
DR0199,2025-W48,1
DR0199,2025-W49,1
DR0199,2025-W50,1
DR0199,2025-W51,2
DR0199,2026-W00,2
DR0199,2026-W01,2
DR0199,2026-W02,3
DR0199,2026-W03,5
DR0199,2026-W04,1
DR0199,2026-W05,1
DR0199,2026-W06,1
DR0199,2026-W07,6
DR0199,2026-W08,3
DR0199,2026-W09,3
DR0199,2026-W10,1
DR0199,2026-W11,1
DR0199,2026-W12,1
DR0199,2026-W13,2
DR0199,2026-W14,1
DR0199,2026-W15,3
DR0199,2026-W16,2
DR0199,2026-W17,2
DR0199,2026-W18,1
DR0199,2026-W19,1
DR0199,2026-W20,3
DR0199,2026-W21,3
DR0199,2026-W22,3
DR0199,2026-W23,1
DR0199,2026-W24,2
DR0199,2026-W25,5
DR0199,2026-W26,1
DR0199,2026-W27,1
DR0199,2026-W28,3
DR0199,2026-W29,4
DR0199,2026-W30,2
DR0199,2026-W31,4
DR0199,2026-W32,3
DR0199,2026-W34,4
DR0199,2026-W35,1
DR0199,2026-W36,1
DR0199,2026-W37,3
DR0199,2026-W38,3
DR0199,2026-W39,5
DR0200,2024-W03,2
DR0200,2024-W04,1
DR0200,2024-W07,2
DR0200,2024-W09,1
DR0200,2024-W10,1
DR0200,2024-W11,1
DR0200,2024-W12,1
DR0200,2024-W14,1
DR0200,2024-W15,3
DR0200,2024-W16,2
DR0200,2024-W17,1
DR0200,2024-W19,1
DR0200,2024-W20,1
DR0200,2024-W25,2
DR0200,2024-W27,1
DR0200,2024-W28,1
DR0200,2024-W29,1
DR0200,2024-W32,1
DR0200,2024-W34,2
DR0200,2024-W35,1
DR0200,2024-W40,2
DR0200,2024-W43,1
DR0200,2024-W45,1
DR0200,2024-W46,1
DR0200,2024-W47,2
DR0200,2024-W49,2
DR0200,2024-W50,1
DR0200,2024-W51,1
DR0200,2024-W52,2
DR0200,2025-W01,2
DR0200,2025-W03,1
DR0200,2025-W04,1
DR0200,2025-W05,1
DR0200,2025-W08,2
DR0200,2025-W09,1
DR0200,2025-W11,2
DR0200,2025-W12,1
DR0200,2025-W15,1
DR0200,2025-W16,1
DR0200,2025-W17,1
DR0200,2025-W18,1
DR0200,2025-W19,4
DR0200,2025-W20,1
DR0200,2025-W21,1
DR0200,2025-W26,1
DR0200,2025-W27,3
DR0200,2025-W28,1
DR0200,2025-W29,1
DR0200,2025-W30,1
DR0200,2025-W31,1
DR0200,2025-W34,1
DR0200,2025-W35,1
DR0200,2025-W38,3
DR0200,2025-W39,1
DR0200,2025-W40,2
DR0200,2025-W45,3
DR0200,2025-W47,1
DR0200,2025-W48,2
DR0200,2025-W49,1
DR0200,2025-W51,1
DR0200,2026-W00,2
DR0200,2026-W02,1
DR0200,2026-W03,1
DR0200,2026-W05,1
DR0200,2026-W06,1
DR0200,2026-W07,1
DR0200,2026-W10,1
DR0200,2026-W11,2
DR0200,2026-W14,1
DR0200,2026-W16,2
DR0200,2026-W17,1
DR0200,2026-W18,1
DR0200,2026-W19,1
DR0200,2026-W22,1
DR0200,2026-W27,1
DR0200,2026-W28,2
DR0200,2026-W31,1
DR0200,2026-W36,1
DR0200,2026-W38,1
DR0201,2024-W01,3
DR0201,2024-W02,3
DR0201,2024-W03,2
DR0201,2024-W04,1
DR0201,2024-W06,4
DR0201,2024-W07,1
DR0201,2024-W08,1
DR0201,2024-W09,1
DR0201,2024-W10,2
DR0201,2024-W11,4
DR0201,2024-W12,2
DR0201,2024-W13,2
DR0201,2024-W16,1
DR0201,2024-W18,1
DR0201,2024-W19,1
DR0201,2024-W20,1
DR0201,2024-W22,3
DR0201,2024-W23,2
DR0201,2024-W24,1
DR0201,2024-W25,2
DR0201,2024-W26,1
DR0201,2024-W27,1
DR0201,2024-W28,3
DR0201,2024-W29,5
DR0201,2024-W30,4
DR0201,2024-W32,4
DR0201,2024-W33,3
DR0201,2024-W34,3
DR0201,2024-W35,1
DR0201,2024-W36,3
DR0201,2024-W37,3
DR0201,2024-W38,1
DR0201,2024-W41,3
DR0201,2024-W42,1
DR0201,2024-W43,1
DR0201,2024-W44,1
DR0201,2024-W45,2
DR0201,2024-W46,2
DR0201,2024-W47,4
DR0201,2024-W48,2
DR0201,2024-W49,2
DR0201,2024-W51,1
DR0201,2024-W52,1
DR0201,2024-W53,1
DR0201,2025-W00,3
DR0201,2025-W02,5
DR0201,2025-W03,2
DR0201,2025-W04,1
DR0201,2025-W05,4
DR0201,2025-W06,1
DR0201,2025-W07,3
DR0201,2025-W10,1
DR0201,2025-W11,1
DR0201,2025-W12,1
DR0201,2025-W13,3
DR0201,2025-W14,3
DR0201,2025-W15,4
DR0201,2025-W16,2
DR0201,2025-W17,1
DR0201,2025-W19,2
DR0201,2025-W22,4
DR0201,2025-W23,2
DR0201,2025-W24,2
DR0201,2025-W25,1
DR0201,2025-W26,4
DR0201,2025-W27,1
DR0201,2025-W28,2
DR0201,2025-W29,3
DR0201,2025-W31,5
DR0201,2025-W33,2
DR0201,2025-W34,2
DR0201,2025-W35,1
DR0201,2025-W36,2
DR0201,2025-W38,5
DR0201,2025-W39,1
DR0201,2025-W40,1
DR0201,2025-W41,2
DR0201,2025-W42,3
DR0201,2025-W43,1
DR0201,2025-W47,4
DR0201,2025-W48,2
DR0201,2025-W49,2
DR0201,2025-W50,2
DR0201,2025-W51,1
DR0201,2026-W00,2
DR0201,2026-W01,1
DR0201,2026-W02,4
DR0201,2026-W03,2
DR0201,2026-W04,2
DR0201,2026-W05,1
DR0201,2026-W06,2
DR0201,2026-W07,1
DR0201,2026-W08,2
DR0201,2026-W09,3
DR0201,2026-W10,2
DR0201,2026-W11,3
DR0201,2026-W13,5
DR0201,2026-W14,1
DR0201,2026-W15,1
DR0201,2026-W16,1
DR0201,2026-W17,1
DR0201,2026-W18,1
DR0201,2026-W23,2
DR0201,2026-W24,1
DR0201,2026-W25,1
DR0201,2026-W26,1
DR0201,2026-W27,1
DR0201,2026-W29,2
DR0201,2026-W31,3
DR0201,2026-W32,1
DR0201,2026-W33,3
DR0201,2026-W34,3
DR0201,2026-W35,3
DR0201,2026-W36,1
DR0201,2026-W37,4
DR0201,2026-W38,2
DR0201,2026-W39,2
DR0202,2024-W01,3
DR0202,2024-W02,3
DR0202,2024-W03,3
DR0202,2024-W04,1
DR0202,2024-W05,2
DR0202,2024-W08,1
DR0202,2024-W09,1
DR0202,2024-W10,1
DR0202,2024-W11,4
DR0202,2024-W12,3
DR0202,2024-W13,1
DR0202,2024-W14,4
DR0202,2024-W15,5
DR0202,2024-W16,3
DR0202,2024-W17,2
DR0202,2024-W18,6
DR0202,2024-W19,3
DR0202,2024-W20,4
DR0202,2024-W21,1
DR0202,2024-W22,1
DR0202,2024-W23,4
DR0202,2024-W25,1
DR0202,2024-W26,1
DR0202,2024-W27,2
DR0202,2024-W29,3
DR0202,2024-W30,1
DR0202,2024-W32,2
DR0202,2024-W34,3
DR0202,2024-W35,3
DR0202,2024-W36,3
DR0202,2024-W37,2
DR0202,2024-W38,2
DR0202,2024-W39,1
DR0202,2024-W40,1
DR0202,2024-W41,1
DR0202,2024-W42,2
DR0202,2024-W43,1
DR0202,2024-W44,1
DR0202,2024-W45,1
DR0202,2024-W46,4
DR0202,2024-W48,1
DR0202,2024-W49,1
DR0202,2024-W50,1
DR0202,2024-W51,5
DR0202,2024-W52,4
DR0202,2025-W01,1
DR0202,2025-W02,2
DR0202,2025-W03,1
DR0202,2025-W04,1
DR0202,2025-W05,4
DR0202,2025-W06,2
DR0202,2025-W08,2
DR0202,2025-W10,1
DR0202,2025-W12,3
DR0202,2025-W13,1
DR0202,2025-W14,2
DR0202,2025-W16,2
DR0202,2025-W18,4
DR0202,2025-W19,2
DR0202,2025-W20,2
DR0202,2025-W21,3
DR0202,2025-W22,2
DR0202,2025-W23,1
DR0202,2025-W24,2
DR0202,2025-W26,3
DR0202,2025-W27,3
DR0202,2025-W28,1
DR0202,2025-W29,3
DR0202,2025-W30,1
DR0202,2025-W32,3
DR0202,2025-W33,2
DR0202,2025-W34,1
DR0202,2025-W35,1
DR0202,2025-W36,1
DR0202,2025-W37,2
DR0202,2025-W38,3
DR0202,2025-W39,1
DR0202,2025-W40,1
DR0202,2025-W42,1
DR0202,2025-W43,3
DR0202,2025-W45,3
DR0202,2025-W46,2
DR0202,2025-W47,1
DR0202,2025-W48,2
DR0202,2025-W50,1
DR0202,2025-W51,4
DR0202,2025-W52,1
DR0202,2026-W01,1
DR0202,2026-W02,3
DR0202,2026-W03,3
DR0202,2026-W04,2
DR0202,2026-W05,1
DR0202,2026-W06,2
DR0202,2026-W07,4
DR0202,2026-W08,3
DR0202,2026-W09,1
DR0202,2026-W10,3
DR0202,2026-W11,1
DR0202,2026-W12,1
DR0202,2026-W13,3
DR0202,2026-W14,2
DR0202,2026-W15,4
DR0202,2026-W16,1
DR0202,2026-W17,3
DR0202,2026-W18,3
DR0202,2026-W20,1
DR0202,2026-W21,1
DR0202,2026-W22,2
DR0202,2026-W23,2
DR0202,2026-W24,1
DR0202,2026-W25,1
DR0202,2026-W27,2
DR0202,2026-W28,1
DR0202,2026-W29,1
DR0202,2026-W30,3
DR0202,2026-W31,2
DR0202,2026-W32,3
DR0202,2026-W33,1
DR0202,2026-W35,2
DR0202,2026-W36,2
DR0202,2026-W37,3
DR0202,2026-W38,1
DR0203,2024-W01,1
DR0203,2024-W07,1
DR0203,2024-W11,1
DR0203,2024-W12,1
DR0203,2024-W14,1
DR0203,2024-W15,3
DR0203,2024-W17,2
DR0203,2024-W19,1
DR0203,2024-W20,2
DR0203,2024-W21,1
DR0203,2024-W27,1
DR0203,2024-W35,1
DR0203,2024-W45,1
DR0203,2024-W48,1
DR0203,2024-W50,1
DR0203,2024-W51,1
DR0203,2025-W00,1
DR0203,2025-W01,1
DR0203,2025-W03,1
DR0203,2025-W05,1
DR0203,2025-W07,1
DR0203,2025-W09,1
DR0203,2025-W16,1
DR0203,2025-W18,1
DR0203,2025-W24,1
DR0203,2025-W26,1
DR0203,2025-W38,1
DR0203,2025-W40,1
DR0203,2025-W42,1
DR0203,2025-W46,1
DR0203,2025-W47,2
DR0203,2025-W48,1
DR0203,2025-W50,1
DR0203,2026-W02,1
DR0203,2026-W10,1
DR0203,2026-W12,1
DR0203,2026-W13,1
DR0203,2026-W14,1
DR0203,2026-W16,1
DR0203,2026-W18,2
DR0203,2026-W25,1
DR0203,2026-W26,1
DR0203,2026-W27,1
DR0203,2026-W34,1
DR0203,2026-W35,1
DR0203,2026-W37,2
DR0204,2024-W02,2
DR0204,2024-W03,1
DR0204,2024-W06,2
DR0204,2024-W07,1
DR0204,2024-W09,1
DR0204,2024-W10,1
DR0204,2024-W12,1
DR0204,2024-W13,1
DR0204,2024-W14,1
DR0204,2024-W15,3
DR0204,2024-W16,2
DR0204,2024-W18,1
DR0204,2024-W19,2
DR0204,2024-W20,1
DR0204,2024-W22,1
DR0204,2024-W24,1
DR0204,2024-W26,1
DR0204,2024-W27,1
DR0204,2024-W29,2
DR0204,2024-W30,1
DR0204,2024-W31,2
DR0204,2024-W32,2
DR0204,2024-W33,1
DR0204,2024-W35,2
DR0204,2024-W39,3
DR0204,2024-W41,1
DR0204,2024-W43,1
DR0204,2024-W46,1
DR0204,2024-W49,1
DR0204,2024-W50,1
DR0204,2024-W52,2
DR0204,2025-W13,1
DR0204,2025-W15,1
DR0204,2025-W16,1
DR0204,2025-W17,1
DR0204,2025-W22,1
DR0204,2025-W24,2
DR0204,2025-W26,2
DR0204,2025-W32,1
DR0204,2025-W33,4
DR0204,2025-W34,3
DR0204,2025-W36,1
DR0204,2025-W37,1
DR0204,2025-W38,2
DR0204,2025-W42,1
DR0204,2025-W43,1
DR0204,2025-W44,1
DR0204,2025-W46,1
DR0204,2025-W48,1
DR0204,2025-W49,3
DR0204,2025-W50,2
DR0204,2025-W51,2
DR0204,2026-W04,1
DR0204,2026-W06,1
DR0204,2026-W07,2
DR0204,2026-W08,1
DR0204,2026-W11,1
DR0204,2026-W12,1
DR0204,2026-W13,1
DR0204,2026-W15,1
DR0204,2026-W16,1
DR0204,2026-W19,2
DR0204,2026-W21,1
DR0204,2026-W23,1
DR0204,2026-W25,1
DR0204,2026-W26,1
DR0204,2026-W27,1
DR0204,2026-W28,1
DR0204,2026-W29,1
DR0204,2026-W31,5
DR0204,2026-W34,2
DR0204,2026-W37,1
DR0204,2026-W39,1
DR0205,2024-W13,1
DR0205,2024-W14,1
DR0205,2024-W18,1
DR0205,2024-W20,1
DR0205,2024-W23,1
DR0205,2024-W24,1
DR0205,2024-W27,1
DR0205,2024-W42,1
DR0205,2024-W43,1
DR0205,2024-W45,1
DR0205,2025-W02,1
DR0205,2025-W08,1
DR0205,2025-W12,2
DR0205,2025-W18,1
DR0205,2025-W21,1
DR0205,2025-W23,1
DR0205,2025-W27,1
DR0205,2025-W40,1
DR0205,2025-W44,1
DR0205,2025-W49,1
DR0205,2025-W50,1
DR0205,2026-W04,1
DR0205,2026-W05,1
DR0205,2026-W26,1
DR0205,2026-W28,1
DR0205,2026-W31,1
DR0206,2024-W01,1
DR0206,2024-W02,3
DR0206,2024-W03,3
DR0206,2024-W05,5
DR0206,2024-W06,7
DR0206,2024-W07,3
DR0206,2024-W08,3
DR0206,2024-W10,4
DR0206,2024-W11,2
DR0206,2024-W13,6
DR0206,2024-W14,5
DR0206,2024-W15,2
DR0206,2024-W16,7
DR0206,2024-W17,2
DR0206,2024-W18,4
DR0206,2024-W19,2
DR0206,2024-W20,3
DR0206,2024-W21,7
DR0206,2024-W22,7
DR0206,2024-W23,5
DR0206,2024-W24,1
DR0206,2024-W25,2
DR0206,2024-W26,2
DR0206,2024-W27,3
DR0206,2024-W28,2
DR0206,2024-W29,4
DR0206,2024-W30,4
DR0206,2024-W32,7
DR0206,2024-W34,3
DR0206,2024-W35,4
DR0206,2024-W36,5
DR0206,2024-W38,4
DR0206,2024-W39,3
DR0206,2024-W40,2
DR0206,2024-W41,8
DR0206,2024-W42,3
DR0206,2024-W43,7
DR0206,2024-W44,2
DR0206,2024-W45,7
DR0206,2024-W46,1
DR0206,2024-W47,8
DR0206,2024-W48,5
DR0206,2024-W49,2
DR0206,2024-W50,6
DR0206,2024-W51,4
DR0206,2024-W52,5
DR0206,2025-W00,3
DR0206,2025-W01,1
DR0206,2025-W02,5
DR0206,2025-W03,8
DR0206,2025-W04,2
DR0206,2025-W05,7
DR0206,2025-W06,7
DR0206,2025-W07,5
DR0206,2025-W08,3
DR0206,2025-W09,5
DR0206,2025-W10,8
DR0206,2025-W11,3
DR0206,2025-W12,5
DR0206,2025-W13,2
DR0206,2025-W14,2
DR0206,2025-W15,3
DR0206,2025-W16,2
DR0206,2025-W17,2
DR0206,2025-W18,1
DR0206,2025-W19,6
DR0206,2025-W20,2
DR0206,2025-W21,3
DR0206,2025-W22,5
DR0206,2025-W23,2
DR0206,2025-W24,6
DR0206,2025-W25,4
DR0206,2025-W26,4
DR0206,2025-W27,5
DR0206,2025-W28,3
DR0206,2025-W29,5
DR0206,2025-W30,3
DR0206,2025-W31,3
DR0206,2025-W32,4
DR0206,2025-W33,3
DR0206,2025-W34,4
DR0206,2025-W35,2
DR0206,2025-W36,4
DR0206,2025-W37,9
DR0206,2025-W38,8
DR0206,2025-W39,2
DR0206,2025-W40,2
DR0206,2025-W41,3
DR0206,2025-W42,2
DR0206,2025-W43,2
DR0206,2025-W44,6
DR0206,2025-W45,5
DR0206,2025-W46,3
DR0206,2025-W47,6
DR0206,2025-W48,6
DR0206,2025-W49,3
DR0206,2025-W51,4
DR0206,2025-W52,4
DR0206,2026-W01,2
DR0206,2026-W02,5
DR0206,2026-W03,1
DR0206,2026-W04,3
DR0206,2026-W05,4
DR0206,2026-W06,2
DR0206,2026-W07,4
DR0206,2026-W08,2
DR0206,2026-W09,2
DR0206,2026-W10,7
DR0206,2026-W11,4
DR0206,2026-W12,1
DR0206,2026-W13,4
DR0206,2026-W14,3
DR0206,2026-W15,2
DR0206,2026-W16,4
DR0206,2026-W17,3
DR0206,2026-W18,5
DR0206,2026-W19,2
DR0206,2026-W20,2
DR0206,2026-W21,3
DR0206,2026-W22,1
DR0206,2026-W23,2
DR0206,2026-W24,5
DR0206,2026-W25,4
DR0206,2026-W26,7
DR0206,2026-W27,4
DR0206,2026-W28,3
DR0206,2026-W30,1
DR0206,2026-W31,4
DR0206,2026-W32,2
DR0206,2026-W33,1
DR0206,2026-W34,2
DR0206,2026-W35,2
DR0206,2026-W36,2
DR0206,2026-W37,1
DR0206,2026-W38,2
DR0207,2024-W01,1
DR0207,2024-W04,1
DR0207,2024-W05,1
DR0207,2024-W07,1
DR0207,2024-W15,1
DR0207,2024-W20,1
DR0207,2024-W22,1
DR0207,2024-W23,1
DR0207,2024-W24,1
DR0207,2024-W28,1
DR0207,2024-W32,1
DR0207,2024-W33,1
DR0207,2024-W36,1
DR0207,2024-W44,1
DR0207,2024-W47,1
DR0207,2024-W48,1
DR0207,2024-W49,1
DR0207,2025-W08,1
DR0207,2025-W13,1
DR0207,2025-W15,1
DR0207,2025-W36,1
DR0207,2025-W43,1
DR0207,2025-W44,1
DR0207,2025-W47,1
DR0207,2025-W49,2
DR0207,2025-W50,1
DR0207,2026-W04,2
DR0207,2026-W06,1
DR0207,2026-W08,1
DR0207,2026-W19,1
DR0207,2026-W25,1
DR0207,2026-W30,2
DR0207,2026-W31,1
DR0207,2026-W33,1
DR0207,2026-W37,1
DR0207,2026-W38,1
DR0207,2026-W39,1
DR0208,2024-W08,1
DR0208,2024-W19,1
DR0208,2024-W32,1
DR0208,2024-W37,1
DR0208,2024-W38,1
DR0208,2024-W50,1
DR0208,2025-W00,1
DR0208,2025-W03,1
DR0208,2025-W21,1
DR0208,2025-W43,1
DR0208,2025-W52,1
DR0208,2026-W05,1
DR0208,2026-W08,1
DR0208,2026-W34,1
DR0209,2024-W01,1
DR0209,2024-W02,6
DR0209,2024-W03,4
DR0209,2024-W04,2
DR0209,2024-W05,5
DR0209,2024-W06,8
DR0209,2024-W07,9
DR0209,2024-W08,4
DR0209,2024-W09,8
DR0209,2024-W10,5
DR0209,2024-W11,4
DR0209,2024-W12,7
DR0209,2024-W13,3
DR0209,2024-W14,3
DR0209,2024-W15,3
DR0209,2024-W16,5
DR0209,2024-W17,3
DR0209,2024-W18,8
DR0209,2024-W19,4
DR0209,2024-W20,5
DR0209,2024-W21,3
DR0209,2024-W22,6
DR0209,2024-W23,5
DR0209,2024-W24,5
DR0209,2024-W25,7
DR0209,2024-W26,5
DR0209,2024-W27,1
DR0209,2024-W28,4
DR0209,2024-W29,3
DR0209,2024-W30,3
DR0209,2024-W31,2
DR0209,2024-W32,7
DR0209,2024-W33,4
DR0209,2024-W34,6
DR0209,2024-W35,3
DR0209,2024-W36,8
DR0209,2024-W37,5
DR0209,2024-W38,4
DR0209,2024-W39,4
DR0209,2024-W40,3
DR0209,2024-W41,7
DR0209,2024-W42,8
DR0209,2024-W43,3
DR0209,2024-W44,4
DR0209,2024-W45,3
DR0209,2024-W46,3
DR0209,2024-W47,6
DR0209,2024-W48,5
DR0209,2024-W49,3
DR0209,2024-W50,5
DR0209,2024-W51,5
DR0209,2024-W52,4
DR0209,2024-W53,2
DR0209,2025-W00,5
DR0209,2025-W01,8
DR0209,2025-W02,6
DR0209,2025-W03,3
DR0209,2025-W04,3
DR0209,2025-W05,5
DR0209,2025-W06,6
DR0209,2025-W07,3
DR0209,2025-W08,3
DR0209,2025-W09,1
DR0209,2025-W10,3
DR0209,2025-W11,3
DR0209,2025-W12,4
DR0209,2025-W13,1
DR0209,2025-W14,2
DR0209,2025-W15,2
DR0209,2025-W16,3
DR0209,2025-W17,5
DR0209,2025-W18,10
DR0209,2025-W19,3
DR0209,2025-W20,5
DR0209,2025-W21,8
DR0209,2025-W22,4
DR0209,2025-W23,4
DR0209,2025-W24,4
DR0209,2025-W25,3
DR0209,2025-W26,7
DR0209,2025-W27,4
DR0209,2025-W28,1
DR0209,2025-W29,4
DR0209,2025-W30,3
DR0209,2025-W31,4
DR0209,2025-W32,5
DR0209,2025-W33,2
DR0209,2025-W34,3
DR0209,2025-W35,4
DR0209,2025-W36,2
DR0209,2025-W37,3
DR0209,2025-W38,6
DR0209,2025-W39,4
DR0209,2025-W40,9
DR0209,2025-W41,4
DR0209,2025-W42,7
DR0209,2025-W43,5
DR0209,2025-W44,3
DR0209,2025-W45,3
DR0209,2025-W46,3
DR0209,2025-W47,8
DR0209,2025-W48,4
DR0209,2025-W49,2
DR0209,2025-W50,5
DR0209,2025-W51,5
DR0209,2025-W52,4
DR0209,2026-W00,2
DR0209,2026-W01,4
DR0209,2026-W02,5
DR0209,2026-W03,6
DR0209,2026-W04,4
DR0209,2026-W05,5
DR0209,2026-W06,8
DR0209,2026-W07,4
DR0209,2026-W08,4
DR0209,2026-W09,2
DR0209,2026-W10,4
DR0209,2026-W11,4
DR0209,2026-W12,4
DR0209,2026-W13,6
DR0209,2026-W14,7
DR0209,2026-W15,8
DR0209,2026-W16,3
DR0209,2026-W17,4
DR0209,2026-W18,5
DR0209,2026-W19,2
DR0209,2026-W20,2
DR0209,2026-W21,1
DR0209,2026-W22,4
DR0209,2026-W23,2
DR0209,2026-W24,3
DR0209,2026-W25,5
DR0209,2026-W26,5
DR0209,2026-W27,5
DR0209,2026-W28,10
DR0209,2026-W29,6
DR0209,2026-W30,6
DR0209,2026-W31,9
DR0209,2026-W32,6
DR0209,2026-W33,6
DR0209,2026-W34,3
DR0209,2026-W35,6
DR0209,2026-W36,6
DR0209,2026-W38,4
DR0209,2026-W39,2
DR0210,2024-W02,1
DR0210,2024-W05,1
DR0210,2024-W06,2
DR0210,2024-W15,1
DR0210,2024-W17,2
DR0210,2024-W19,1
DR0210,2024-W24,1
DR0210,2024-W25,1
DR0210,2024-W26,1
DR0210,2024-W28,1
DR0210,2024-W29,2
DR0210,2024-W32,1
DR0210,2024-W34,1
DR0210,2024-W35,1
DR0210,2024-W36,1
DR0210,2024-W39,1
DR0210,2024-W41,3
DR0210,2024-W43,1
DR0210,2024-W44,1
DR0210,2024-W45,3
DR0210,2024-W47,1
DR0210,2024-W48,1
DR0210,2024-W49,1
DR0210,2024-W51,1
DR0210,2024-W52,2
DR0210,2025-W03,1
DR0210,2025-W05,1
DR0210,2025-W08,2
DR0210,2025-W12,1
DR0210,2025-W14,1
DR0210,2025-W15,1
DR0210,2025-W17,2
DR0210,2025-W21,1
DR0210,2025-W25,2
DR0210,2025-W26,1
DR0210,2025-W30,2
DR0210,2025-W32,1
DR0210,2025-W36,2
DR0210,2025-W39,2
DR0210,2025-W42,3
DR0210,2025-W43,1
DR0210,2025-W45,2
DR0210,2025-W49,1
DR0210,2026-W01,1
DR0210,2026-W03,1
DR0210,2026-W06,1
DR0210,2026-W10,4
DR0210,2026-W12,2
DR0210,2026-W14,2
DR0210,2026-W15,1
DR0210,2026-W16,2
DR0210,2026-W18,1
DR0210,2026-W19,1
DR0210,2026-W20,1
DR0210,2026-W23,2
DR0210,2026-W28,1
DR0210,2026-W29,1
DR0210,2026-W30,1
DR0210,2026-W31,1
DR0210,2026-W33,3
DR0211,2024-W01,1
DR0211,2024-W02,1
DR0211,2024-W03,2
DR0211,2024-W04,2
DR0211,2024-W05,1
DR0211,2024-W06,1
DR0211,2024-W07,2
DR0211,2024-W08,1
DR0211,2024-W09,3
DR0211,2024-W10,2
DR0211,2024-W11,1
DR0211,2024-W13,2
DR0211,2024-W14,3
DR0211,2024-W15,1
DR0211,2024-W18,1
DR0211,2024-W22,1
DR0211,2024-W23,1
DR0211,2024-W24,1
DR0211,2024-W27,1
DR0211,2024-W28,1
DR0211,2024-W31,2
DR0211,2024-W32,1
DR0211,2024-W36,1
DR0211,2024-W37,1
DR0211,2024-W38,1
DR0211,2024-W39,1
DR0211,2024-W41,3
DR0211,2024-W42,1
DR0211,2024-W43,1
DR0211,2024-W45,1
DR0211,2024-W46,2
DR0211,2024-W47,2
DR0211,2024-W48,1
DR0211,2024-W49,1
DR0211,2024-W50,1
DR0211,2024-W51,1
DR0211,2025-W02,2
DR0211,2025-W03,1
DR0211,2025-W04,2
DR0211,2025-W05,1
DR0211,2025-W06,4
DR0211,2025-W07,2
DR0211,2025-W09,1
DR0211,2025-W10,1
DR0211,2025-W11,1
DR0211,2025-W12,1
DR0211,2025-W14,2
DR0211,2025-W15,1
DR0211,2025-W17,2
DR0211,2025-W18,2
DR0211,2025-W21,1
DR0211,2025-W22,1
DR0211,2025-W23,1
DR0211,2025-W24,1
DR0211,2025-W25,1
DR0211,2025-W26,2
DR0211,2025-W27,3
DR0211,2025-W28,1
DR0211,2025-W29,1
DR0211,2025-W31,1
DR0211,2025-W32,1
DR0211,2025-W33,2
DR0211,2025-W34,1
DR0211,2025-W35,1
DR0211,2025-W39,2
DR0211,2025-W40,2
DR0211,2025-W41,2
DR0211,2025-W46,3
DR0211,2025-W48,1
DR0211,2025-W50,2
DR0211,2025-W51,1
DR0211,2026-W01,1
DR0211,2026-W02,2
DR0211,2026-W05,2
DR0211,2026-W06,1
DR0211,2026-W07,1
DR0211,2026-W08,2
DR0211,2026-W11,2
DR0211,2026-W12,1
DR0211,2026-W13,1
DR0211,2026-W14,1
DR0211,2026-W15,1
DR0211,2026-W16,2
DR0211,2026-W17,1
DR0211,2026-W18,2
DR0211,2026-W20,2
DR0211,2026-W22,1
DR0211,2026-W23,1
DR0211,2026-W24,1
DR0211,2026-W25,3
DR0211,2026-W26,2
DR0211,2026-W27,3
DR0211,2026-W29,1
DR0211,2026-W31,1
DR0211,2026-W32,2
DR0211,2026-W33,1
DR0211,2026-W35,2
DR0211,2026-W36,2
DR0211,2026-W38,3
DR0212,2024-W04,1
DR0212,2024-W08,1
DR0212,2024-W11,1
DR0212,2024-W17,1
DR0212,2024-W26,1
DR0212,2024-W32,1
DR0212,2024-W33,1
DR0212,2024-W37,1
DR0212,2024-W38,2
DR0212,2024-W40,1
DR0212,2024-W43,1
DR0212,2024-W44,2
DR0212,2025-W00,1
DR0212,2025-W03,1
DR0212,2025-W09,1
DR0212,2025-W10,1
DR0212,2025-W12,1
DR0212,2025-W14,1
DR0212,2025-W15,2
DR0212,2025-W19,1
DR0212,2025-W25,1
DR0212,2025-W27,1
DR0212,2025-W34,1
DR0212,2025-W41,1
DR0212,2025-W42,2
DR0212,2025-W46,1
DR0212,2025-W47,1
DR0212,2026-W05,1
DR0212,2026-W07,1
DR0212,2026-W12,1
DR0212,2026-W13,1
DR0212,2026-W21,1
DR0212,2026-W23,1
DR0212,2026-W25,1
DR0212,2026-W30,1
DR0212,2026-W34,1
DR0213,2024-W02,1
DR0213,2024-W03,1
DR0213,2024-W08,1
DR0213,2024-W15,1
DR0213,2024-W16,1
DR0213,2024-W24,1
DR0213,2024-W26,1
DR0213,2024-W27,2
DR0213,2024-W28,1
DR0213,2024-W29,1
DR0213,2024-W31,3
DR0213,2024-W36,2
DR0213,2024-W38,1
DR0213,2024-W47,1
DR0213,2024-W50,1
DR0213,2024-W52,1
DR0213,2025-W01,2
DR0213,2025-W04,3
DR0213,2025-W09,1
DR0213,2025-W15,1
DR0213,2025-W23,1
DR0213,2025-W27,1
DR0213,2025-W30,1
DR0213,2025-W31,1
DR0213,2025-W32,1
DR0213,2025-W35,1
DR0213,2025-W36,2
DR0213,2025-W37,1
DR0213,2025-W38,1
DR0213,2025-W41,1
DR0213,2025-W45,1
DR0213,2025-W47,1
DR0213,2025-W50,1
DR0213,2026-W01,1
DR0213,2026-W02,1
DR0213,2026-W03,1
DR0213,2026-W06,1
DR0213,2026-W07,1
DR0213,2026-W08,1
DR0213,2026-W10,2
DR0213,2026-W12,1
DR0213,2026-W15,6
DR0213,2026-W16,1
DR0213,2026-W17,1
DR0213,2026-W21,1
DR0213,2026-W23,1
DR0213,2026-W25,2
DR0213,2026-W26,1
DR0213,2026-W27,1
DR0213,2026-W29,1
DR0213,2026-W32,1
DR0213,2026-W33,1
DR0213,2026-W34,1
DR0213,2026-W35,1
DR0213,2026-W37,1
DR0214,2024-W01,4
DR0214,2024-W04,1
DR0214,2024-W05,1
DR0214,2024-W06,3
DR0214,2024-W07,1
DR0214,2024-W08,3
DR0214,2024-W09,1
DR0214,2024-W12,1
DR0214,2024-W13,1
DR0214,2024-W15,3
DR0214,2024-W17,1
DR0214,2024-W21,1
DR0214,2024-W22,1
DR0214,2024-W27,2
DR0214,2024-W30,1
DR0214,2024-W31,1
DR0214,2024-W32,3
DR0214,2024-W35,3
DR0214,2024-W36,3
DR0214,2024-W37,2
DR0214,2024-W38,1
DR0214,2024-W39,2
DR0214,2024-W42,1
DR0214,2024-W43,1
DR0214,2024-W45,1
DR0214,2024-W48,1
DR0214,2024-W49,1
DR0214,2024-W50,1
DR0214,2024-W51,2
DR0214,2024-W52,3
DR0214,2025-W00,1
DR0214,2025-W01,2
DR0214,2025-W02,1
DR0214,2025-W04,3
DR0214,2025-W05,3
DR0214,2025-W06,2
DR0214,2025-W07,2
DR0214,2025-W08,3
DR0214,2025-W09,1
DR0214,2025-W10,1
DR0214,2025-W11,3
DR0214,2025-W13,2
DR0214,2025-W18,1
DR0214,2025-W19,1
DR0214,2025-W22,1
DR0214,2025-W25,1
DR0214,2025-W26,1
DR0214,2025-W28,1
DR0214,2025-W29,1
DR0214,2025-W30,2
DR0214,2025-W32,1
DR0214,2025-W33,3
DR0214,2025-W35,1
DR0214,2025-W36,1
DR0214,2025-W38,3
DR0214,2025-W39,1
DR0214,2025-W40,3
DR0214,2025-W41,3
DR0214,2025-W43,1
DR0214,2025-W44,3
DR0214,2025-W45,1
DR0214,2025-W48,2
DR0214,2025-W50,2
DR0214,2025-W51,1
DR0214,2026-W03,2
DR0214,2026-W06,1
DR0214,2026-W08,1
DR0214,2026-W09,1
DR0214,2026-W12,1
DR0214,2026-W13,1
DR0214,2026-W14,2
DR0214,2026-W17,1
DR0214,2026-W18,1
DR0214,2026-W19,2
DR0214,2026-W20,1
DR0214,2026-W21,1
DR0214,2026-W22,1
DR0214,2026-W24,2
DR0214,2026-W25,1
DR0214,2026-W31,1
DR0214,2026-W33,2
DR0214,2026-W34,2
DR0214,2026-W35,2
DR0214,2026-W36,1
DR0214,2026-W38,2
DR0215,2024-W01,1
DR0215,2024-W03,2
DR0215,2024-W04,1
DR0215,2024-W05,1
DR0215,2024-W06,1
DR0215,2024-W07,2
DR0215,2024-W10,3
DR0215,2024-W14,1
DR0215,2024-W15,2
DR0215,2024-W16,2
DR0215,2024-W17,1
DR0215,2024-W18,3
DR0215,2024-W21,1
DR0215,2024-W22,1
DR0215,2024-W26,2
DR0215,2024-W28,1
DR0215,2024-W31,2
DR0215,2024-W33,2
DR0215,2024-W36,2
DR0215,2024-W37,2
DR0215,2024-W39,1
DR0215,2024-W41,2
DR0215,2024-W42,1
DR0215,2024-W43,1
DR0215,2024-W44,1
DR0215,2024-W48,2
DR0215,2024-W50,1
DR0215,2024-W52,1
DR0215,2025-W02,2
DR0215,2025-W03,1
DR0215,2025-W05,2
DR0215,2025-W06,1
DR0215,2025-W10,1
DR0215,2025-W11,5
DR0215,2025-W13,1
DR0215,2025-W14,1
DR0215,2025-W16,2
DR0215,2025-W17,1
DR0215,2025-W19,1
DR0215,2025-W21,2
DR0215,2025-W24,1
DR0215,2025-W26,1
DR0215,2025-W30,4
DR0215,2025-W33,1
DR0215,2025-W35,1
DR0215,2025-W36,2
DR0215,2025-W38,1
DR0215,2025-W39,1
DR0215,2025-W42,2
DR0215,2025-W47,1
DR0215,2025-W48,1
DR0215,2025-W50,1
DR0215,2026-W01,1
DR0215,2026-W03,1
DR0215,2026-W05,1
DR0215,2026-W06,1
DR0215,2026-W08,3
DR0215,2026-W09,2
DR0215,2026-W11,1
DR0215,2026-W12,2
DR0215,2026-W13,1
DR0215,2026-W14,1
DR0215,2026-W15,1
DR0215,2026-W17,1
DR0215,2026-W20,1
DR0215,2026-W21,1
DR0215,2026-W22,1
DR0215,2026-W23,1
DR0215,2026-W25,1
DR0215,2026-W26,1
DR0215,2026-W29,1
DR0215,2026-W30,1
DR0215,2026-W31,1
DR0215,2026-W32,1
DR0215,2026-W35,2
DR0215,2026-W36,1
DR0215,2026-W37,1
DR0216,2024-W02,2
DR0216,2024-W03,4
DR0216,2024-W04,1
DR0216,2024-W06,6
DR0216,2024-W07,3
DR0216,2024-W08,1
DR0216,2024-W10,3
DR0216,2024-W11,2
DR0216,2024-W12,2
DR0216,2024-W13,3
DR0216,2024-W14,3
DR0216,2024-W15,2
DR0216,2024-W16,4
DR0216,2024-W17,4
DR0216,2024-W18,1
DR0216,2024-W21,2
DR0216,2024-W24,2
DR0216,2024-W25,1
DR0216,2024-W28,3
DR0216,2024-W29,4
DR0216,2024-W31,1
DR0216,2024-W32,4
DR0216,2024-W33,2
DR0216,2024-W34,1
DR0216,2024-W35,2
DR0216,2024-W36,3
DR0216,2024-W37,1
DR0216,2024-W38,1
DR0216,2024-W40,1
DR0216,2024-W41,2
DR0216,2024-W42,4
DR0216,2024-W43,2
DR0216,2024-W45,1
DR0216,2024-W46,1
DR0216,2024-W48,1
DR0216,2024-W51,1
DR0216,2024-W52,3
DR0216,2025-W00,4
DR0216,2025-W01,1
DR0216,2025-W02,1
DR0216,2025-W03,2
DR0216,2025-W04,3
DR0216,2025-W06,2
DR0216,2025-W07,2
DR0216,2025-W08,3
DR0216,2025-W09,1
DR0216,2025-W10,1
DR0216,2025-W11,1
DR0216,2025-W12,4
DR0216,2025-W13,2
DR0216,2025-W15,1
DR0216,2025-W16,1
DR0216,2025-W18,3
DR0216,2025-W19,3
DR0216,2025-W20,2
DR0216,2025-W22,2
DR0216,2025-W23,2
DR0216,2025-W24,1
DR0216,2025-W25,2
DR0216,2025-W27,3
DR0216,2025-W28,4
DR0216,2025-W29,2
DR0216,2025-W30,3
DR0216,2025-W31,1
DR0216,2025-W32,2
DR0216,2025-W33,4
DR0216,2025-W36,2
DR0216,2025-W37,1
DR0216,2025-W38,3
DR0216,2025-W39,3
DR0216,2025-W41,2
DR0216,2025-W42,1
DR0216,2025-W43,1
DR0216,2025-W44,2
DR0216,2025-W45,3
DR0216,2025-W46,3
DR0216,2025-W47,4
DR0216,2025-W48,1
DR0216,2025-W50,1
DR0216,2025-W51,1
DR0216,2026-W00,1
DR0216,2026-W01,1
DR0216,2026-W02,2
DR0216,2026-W03,1
DR0216,2026-W04,2
DR0216,2026-W06,1
DR0216,2026-W07,3
DR0216,2026-W09,2
DR0216,2026-W10,1
DR0216,2026-W13,2
DR0216,2026-W15,1
DR0216,2026-W18,1
DR0216,2026-W19,6
DR0216,2026-W20,1
DR0216,2026-W21,1
DR0216,2026-W23,1
DR0216,2026-W24,3
DR0216,2026-W26,3
DR0216,2026-W27,1
DR0216,2026-W28,1
DR0216,2026-W29,1
DR0216,2026-W33,2
DR0216,2026-W34,1
DR0216,2026-W35,1
DR0216,2026-W36,1
DR0216,2026-W37,4
DR0216,2026-W38,2
DR0216,2026-W39,3
DR0217,2024-W02,2
DR0217,2024-W04,2
DR0217,2024-W06,2
DR0217,2024-W10,1
DR0217,2024-W11,1
DR0217,2024-W13,1
DR0217,2024-W16,1
DR0217,2024-W19,3
DR0217,2024-W20,1
DR0217,2024-W22,1
DR0217,2024-W23,1
DR0217,2024-W26,1
DR0217,2024-W28,1
DR0217,2024-W29,2
DR0217,2024-W34,3
DR0217,2024-W37,1
DR0217,2024-W39,1
DR0217,2024-W40,2
DR0217,2024-W46,1
DR0217,2024-W47,2
DR0217,2024-W48,1
DR0217,2024-W50,2
DR0217,2024-W51,1
DR0217,2025-W01,1
DR0217,2025-W03,1
DR0217,2025-W05,1
DR0217,2025-W09,2
DR0217,2025-W12,3
DR0217,2025-W14,1
DR0217,2025-W16,1
DR0217,2025-W17,1
DR0217,2025-W20,1
DR0217,2025-W22,1
DR0217,2025-W26,2
DR0217,2025-W27,3
DR0217,2025-W29,3
DR0217,2025-W32,2
DR0217,2025-W34,1
DR0217,2025-W35,1
DR0217,2025-W36,1
DR0217,2025-W38,2
DR0217,2025-W39,3
DR0217,2025-W40,1
DR0217,2025-W41,3
DR0217,2025-W43,1
DR0217,2025-W44,2
DR0217,2025-W45,2
DR0217,2025-W48,1
DR0217,2025-W49,2
DR0217,2026-W01,1
DR0217,2026-W02,1
DR0217,2026-W04,2
DR0217,2026-W06,1
DR0217,2026-W07,2
DR0217,2026-W08,2
DR0217,2026-W11,1
DR0217,2026-W12,1
DR0217,2026-W13,1
DR0217,2026-W16,1
DR0217,2026-W17,3
DR0217,2026-W21,1
DR0217,2026-W23,1
DR0217,2026-W26,1
DR0217,2026-W27,1
DR0217,2026-W29,1
DR0217,2026-W32,2
DR0217,2026-W33,1
DR0217,2026-W35,1
DR0217,2026-W36,1
DR0218,2024-W04,2
DR0218,2024-W05,1
DR0218,2024-W06,2
DR0218,2024-W07,2
DR0218,2024-W08,1
DR0218,2024-W09,3
DR0218,2024-W10,5
DR0218,2024-W11,1
DR0218,2024-W16,1
DR0218,2024-W17,4
DR0218,2024-W19,2
DR0218,2024-W21,1
DR0218,2024-W23,1
DR0218,2024-W25,1
DR0218,2024-W26,1
DR0218,2024-W27,1
DR0218,2024-W29,1
DR0218,2024-W30,1
DR0218,2024-W31,1
DR0218,2024-W33,2
DR0218,2024-W34,3
DR0218,2024-W35,1
DR0218,2024-W36,1
DR0218,2024-W37,1
DR0218,2024-W38,2
DR0218,2024-W40,2
DR0218,2024-W42,2
DR0218,2024-W44,1
DR0218,2024-W46,1
DR0218,2024-W47,1
DR0218,2024-W48,1
DR0218,2024-W53,2
DR0218,2025-W01,1
DR0218,2025-W02,2
DR0218,2025-W03,1
DR0218,2025-W04,1
DR0218,2025-W06,1
DR0218,2025-W10,2
DR0218,2025-W11,1
DR0218,2025-W14,1
DR0218,2025-W16,2
DR0218,2025-W17,1
DR0218,2025-W20,2
DR0218,2025-W21,4
DR0218,2025-W23,1
DR0218,2025-W24,2
DR0218,2025-W27,3
DR0218,2025-W28,1
DR0218,2025-W29,1
DR0218,2025-W30,2
DR0218,2025-W32,1
DR0218,2025-W35,3
DR0218,2025-W37,1
DR0218,2025-W38,2
DR0218,2025-W39,2
DR0218,2025-W40,2
DR0218,2025-W42,2
DR0218,2025-W43,1
DR0218,2025-W45,2
DR0218,2025-W46,3
DR0218,2025-W50,1
DR0218,2026-W02,1
DR0218,2026-W03,1
DR0218,2026-W04,1
DR0218,2026-W06,1
DR0218,2026-W07,2
DR0218,2026-W09,1
DR0218,2026-W10,2
DR0218,2026-W11,1
DR0218,2026-W13,1
DR0218,2026-W15,1
DR0218,2026-W16,1
DR0218,2026-W17,1
DR0218,2026-W18,1
DR0218,2026-W21,3
DR0218,2026-W22,1
DR0218,2026-W25,1
DR0218,2026-W26,1
DR0218,2026-W27,1
DR0218,2026-W28,2
DR0218,2026-W29,1
DR0218,2026-W31,1
DR0218,2026-W33,1
DR0218,2026-W36,2
DR0218,2026-W37,1
DR0218,2026-W38,2
DR0218,2027-W10,1
DR0219,2024-W05,1
DR0219,2024-W10,2
DR0219,2024-W11,1
DR0219,2024-W17,1
DR0219,2024-W19,1
DR0219,2024-W21,1
DR0219,2024-W26,1
DR0219,2024-W39,1
DR0219,2025-W01,1
DR0219,2025-W03,1
DR0219,2025-W05,1
DR0219,2025-W11,1
DR0219,2025-W14,2
DR0219,2025-W21,1
DR0219,2025-W23,2
DR0219,2025-W26,1
DR0219,2025-W29,1
DR0219,2025-W36,1
DR0219,2025-W37,1
DR0219,2025-W40,1
DR0219,2025-W41,1
DR0219,2025-W42,1
DR0219,2025-W52,1
DR0219,2026-W02,1
DR0219,2026-W03,1
DR0219,2026-W15,1
DR0219,2026-W21,1
DR0219,2026-W33,1
DR0219,2026-W35,1
DR0220,2024-W01,1
DR0220,2024-W02,1
DR0220,2024-W03,1
DR0220,2024-W04,1
DR0220,2024-W05,1
DR0220,2024-W06,4
DR0220,2024-W07,2
DR0220,2024-W08,1
DR0220,2024-W09,4
DR0220,2024-W10,1
DR0220,2024-W11,2
DR0220,2024-W13,1
DR0220,2024-W14,1
DR0220,2024-W15,1
DR0220,2024-W18,1
DR0220,2024-W19,1
DR0220,2024-W20,2
DR0220,2024-W21,2
DR0220,2024-W23,1
DR0220,2024-W24,1
DR0220,2024-W25,2
DR0220,2024-W27,1
DR0220,2024-W29,1
DR0220,2024-W30,3
DR0220,2024-W31,2
DR0220,2024-W33,1
DR0220,2024-W34,1
DR0220,2024-W35,1
DR0220,2024-W36,1
DR0220,2024-W38,1
DR0220,2024-W39,4
DR0220,2024-W40,1
DR0220,2024-W43,2
DR0220,2024-W44,2
DR0220,2024-W45,4
DR0220,2024-W46,1
DR0220,2024-W47,1
DR0220,2024-W48,1
DR0220,2024-W49,1
DR0220,2024-W51,1
DR0220,2024-W52,1
DR0220,2024-W53,1
DR0220,2025-W00,1
DR0220,2025-W02,1
DR0220,2025-W03,2
DR0220,2025-W04,1
DR0220,2025-W05,2
DR0220,2025-W06,1
DR0220,2025-W07,2
DR0220,2025-W08,1
DR0220,2025-W09,1
DR0220,2025-W10,3
DR0220,2025-W11,2
DR0220,2025-W12,1
DR0220,2025-W13,2
DR0220,2025-W15,3
DR0220,2025-W16,3
DR0220,2025-W17,3
DR0220,2025-W20,2
DR0220,2025-W21,1
DR0220,2025-W25,2
DR0220,2025-W29,1
DR0220,2025-W30,1
DR0220,2025-W31,2
DR0220,2025-W33,5
DR0220,2025-W34,3
DR0220,2025-W35,3
DR0220,2025-W36,2
DR0220,2025-W38,1
DR0220,2025-W39,1
DR0220,2025-W44,1
DR0220,2025-W46,1
DR0220,2025-W47,1
DR0220,2025-W48,2
DR0220,2025-W49,2
DR0220,2025-W50,2
DR0220,2025-W51,3
DR0220,2026-W01,2
DR0220,2026-W02,3
DR0220,2026-W03,1
DR0220,2026-W04,2
DR0220,2026-W05,1
DR0220,2026-W06,1
DR0220,2026-W07,2
DR0220,2026-W08,2
DR0220,2026-W09,3
DR0220,2026-W10,1
DR0220,2026-W11,1
DR0220,2026-W12,1
DR0220,2026-W13,1
DR0220,2026-W14,2
DR0220,2026-W15,1
DR0220,2026-W16,1
DR0220,2026-W18,1
DR0220,2026-W20,2
DR0220,2026-W21,2
DR0220,2026-W22,1
DR0220,2026-W23,1
DR0220,2026-W24,2
DR0220,2026-W25,1
DR0220,2026-W26,1
DR0220,2026-W27,2
DR0220,2026-W29,2
DR0220,2026-W30,2
DR0220,2026-W31,2
DR0220,2026-W32,3
DR0220,2026-W33,2
DR0220,2026-W34,3
DR0220,2026-W36,2
DR0220,2026-W37,2
DR0220,2026-W38,1
DR0220,2026-W39,1
DR0221,2024-W02,1
DR0221,2024-W03,2
DR0221,2024-W04,1
DR0221,2024-W06,1
DR0221,2024-W08,2
DR0221,2024-W09,2
DR0221,2024-W10,1
DR0221,2024-W14,3
DR0221,2024-W15,5
DR0221,2024-W16,1
DR0221,2024-W17,4
DR0221,2024-W19,2
DR0221,2024-W20,1
DR0221,2024-W21,1
DR0221,2024-W22,2
DR0221,2024-W24,1
DR0221,2024-W25,1
DR0221,2024-W26,1
DR0221,2024-W27,2
DR0221,2024-W30,1
DR0221,2024-W31,1
DR0221,2024-W33,1
DR0221,2024-W36,1
DR0221,2024-W37,2
DR0221,2024-W38,2
DR0221,2024-W40,3
DR0221,2024-W41,2
DR0221,2024-W42,1
DR0221,2024-W45,2
DR0221,2024-W46,1
DR0221,2024-W47,2
DR0221,2024-W48,2
DR0221,2024-W49,2
DR0221,2024-W52,2
DR0221,2024-W53,1
DR0221,2025-W03,2
DR0221,2025-W04,2
DR0221,2025-W05,1
DR0221,2025-W06,1
DR0221,2025-W07,2
DR0221,2025-W08,3
DR0221,2025-W09,1
DR0221,2025-W10,1
DR0221,2025-W11,1
DR0221,2025-W12,3
DR0221,2025-W13,1
DR0221,2025-W16,2
DR0221,2025-W18,3
DR0221,2025-W19,1
DR0221,2025-W20,1
DR0221,2025-W21,2
DR0221,2025-W23,1
DR0221,2025-W24,1
DR0221,2025-W26,2
DR0221,2025-W29,1
DR0221,2025-W31,1
DR0221,2025-W33,1
DR0221,2025-W35,1
DR0221,2025-W37,3
DR0221,2025-W38,2
DR0221,2025-W40,1
DR0221,2025-W41,1
DR0221,2025-W42,1
DR0221,2025-W43,2
DR0221,2025-W44,3
DR0221,2025-W45,2
DR0221,2025-W46,1
DR0221,2025-W49,1
DR0221,2025-W50,2
DR0221,2025-W51,1
DR0221,2025-W52,1
DR0221,2026-W00,1
DR0221,2026-W01,1
DR0221,2026-W02,1
DR0221,2026-W03,1
DR0221,2026-W04,1
DR0221,2026-W05,1
DR0221,2026-W06,1
DR0221,2026-W07,1
DR0221,2026-W08,3
DR0221,2026-W09,2
DR0221,2026-W10,3
DR0221,2026-W11,1
DR0221,2026-W12,1
DR0221,2026-W13,3
DR0221,2026-W14,1
DR0221,2026-W17,2
DR0221,2026-W18,1
DR0221,2026-W19,1
DR0221,2026-W20,1
DR0221,2026-W21,1
DR0221,2026-W22,2
DR0221,2026-W24,2
DR0221,2026-W25,1
DR0221,2026-W26,2
DR0221,2026-W27,2
DR0221,2026-W28,3
DR0221,2026-W29,2
DR0221,2026-W30,1
DR0221,2026-W31,1
DR0221,2026-W32,1
DR0221,2026-W35,1
DR0221,2026-W37,2
DR0221,2026-W38,2
DR0221,2026-W39,1
DR0222,2024-W01,1
DR0222,2024-W05,1
DR0222,2024-W06,3
DR0222,2024-W07,1
DR0222,2024-W10,1
DR0222,2024-W11,1
DR0222,2024-W14,2
DR0222,2024-W15,1
DR0222,2024-W18,2
DR0222,2024-W19,2
DR0222,2024-W28,1
DR0222,2024-W32,1
DR0222,2024-W34,2
DR0222,2024-W35,1
DR0222,2024-W39,1
DR0222,2024-W45,3
DR0222,2025-W05,1
DR0222,2025-W06,1
DR0222,2025-W18,3
DR0222,2025-W20,1
DR0222,2025-W30,2
DR0222,2025-W34,1
DR0222,2025-W35,1
DR0222,2025-W36,2
DR0222,2025-W38,1
DR0222,2025-W39,2
DR0222,2025-W43,1
DR0222,2025-W45,1
DR0222,2026-W05,2
DR0222,2026-W09,1
DR0222,2026-W10,2
DR0222,2026-W11,1
DR0222,2026-W12,2
DR0222,2026-W15,3
DR0222,2026-W20,1
DR0222,2026-W24,1
DR0222,2026-W30,2
DR0222,2026-W33,1
DR0222,2026-W39,1
DR0223,2024-W04,1
DR0223,2024-W07,2
DR0223,2024-W10,1
DR0223,2024-W13,2
DR0223,2024-W14,1
DR0223,2024-W16,1
DR0223,2024-W20,1
DR0223,2024-W23,1
DR0223,2024-W26,1
DR0223,2024-W34,1
DR0223,2024-W35,1
DR0223,2024-W37,1
DR0223,2024-W47,1
DR0223,2024-W49,1
DR0223,2024-W52,1
DR0223,2025-W01,1
DR0223,2025-W05,1
DR0223,2025-W08,1
DR0223,2025-W10,1
DR0223,2025-W11,1
DR0223,2025-W15,1
DR0223,2025-W16,1
DR0223,2025-W21,2
DR0223,2025-W24,1
DR0223,2025-W26,1
DR0223,2025-W27,1
DR0223,2025-W28,1
DR0223,2025-W31,1
DR0223,2025-W32,1
DR0223,2025-W36,2
DR0223,2025-W46,1
DR0223,2025-W47,3
DR0223,2025-W48,2
DR0223,2025-W50,1
DR0223,2025-W51,2
DR0223,2026-W04,1
DR0223,2026-W10,2
DR0223,2026-W15,2
DR0223,2026-W18,1
DR0223,2026-W22,1
DR0223,2026-W23,1
DR0223,2026-W24,1
DR0223,2026-W25,1
DR0223,2026-W35,1
DR0223,2026-W36,1
DR0224,2024-W01,2
DR0224,2024-W02,2
DR0224,2024-W03,1
DR0224,2024-W04,1
DR0224,2024-W05,1
DR0224,2024-W06,2
DR0224,2024-W07,3
DR0224,2024-W08,2
DR0224,2024-W09,3
DR0224,2024-W10,3
DR0224,2024-W12,2
DR0224,2024-W14,1
DR0224,2024-W15,2
DR0224,2024-W17,3
DR0224,2024-W18,1
DR0224,2024-W19,2
DR0224,2024-W20,1
DR0224,2024-W22,1
DR0224,2024-W23,2
DR0224,2024-W24,2
DR0224,2024-W25,3
DR0224,2024-W26,1
DR0224,2024-W27,3
DR0224,2024-W28,1
DR0224,2024-W29,1
DR0224,2024-W30,2
DR0224,2024-W32,3
DR0224,2024-W35,1
DR0224,2024-W36,1
DR0224,2024-W37,1
DR0224,2024-W38,1
DR0224,2024-W39,3
DR0224,2024-W40,2
DR0224,2024-W41,1
DR0224,2024-W42,1
DR0224,2024-W43,3
DR0224,2024-W44,5
DR0224,2024-W45,3
DR0224,2024-W46,2
DR0224,2024-W47,1
DR0224,2024-W48,1
DR0224,2024-W49,3
DR0224,2024-W50,1
DR0224,2024-W51,2
DR0224,2024-W52,2
DR0224,2025-W02,3
DR0224,2025-W03,4
DR0224,2025-W04,4
DR0224,2025-W06,2
DR0224,2025-W07,3
DR0224,2025-W08,3
DR0224,2025-W09,4
DR0224,2025-W10,1
DR0224,2025-W11,2
DR0224,2025-W12,3
DR0224,2025-W13,2
DR0224,2025-W14,1
DR0224,2025-W15,1
DR0224,2025-W16,1
DR0224,2025-W17,2
DR0224,2025-W18,1
DR0224,2025-W20,3
DR0224,2025-W21,2
DR0224,2025-W22,4
DR0224,2025-W23,3
DR0224,2025-W26,2
DR0224,2025-W28,3
DR0224,2025-W29,1
DR0224,2025-W32,5
DR0224,2025-W33,2
DR0224,2025-W37,2
DR0224,2025-W38,1
DR0224,2025-W39,3
DR0224,2025-W40,1
DR0224,2025-W41,3
DR0224,2025-W42,1
DR0224,2025-W43,5
DR0224,2025-W45,2
DR0224,2025-W46,2
DR0224,2025-W47,3
DR0224,2025-W48,2
DR0224,2025-W50,2
DR0224,2025-W51,4
DR0224,2026-W00,1
DR0224,2026-W01,1
DR0224,2026-W02,2
DR0224,2026-W03,2
DR0224,2026-W04,2
DR0224,2026-W06,3
DR0224,2026-W07,2
DR0224,2026-W08,1
DR0224,2026-W09,2
DR0224,2026-W10,3
DR0224,2026-W11,1
DR0224,2026-W12,3
DR0224,2026-W13,2
DR0224,2026-W14,1
DR0224,2026-W15,1
DR0224,2026-W16,2
DR0224,2026-W17,3
DR0224,2026-W18,3
DR0224,2026-W19,2
DR0224,2026-W20,4
DR0224,2026-W21,2
DR0224,2026-W22,2
DR0224,2026-W24,6
DR0224,2026-W25,1
DR0224,2026-W26,4
DR0224,2026-W28,1
DR0224,2026-W29,2
DR0224,2026-W30,2
DR0224,2026-W33,4
DR0224,2026-W34,3
DR0224,2026-W35,3
DR0224,2026-W36,3
DR0224,2026-W37,1
DR0225,2024-W02,1
DR0225,2024-W03,1
DR0225,2024-W04,1
DR0225,2024-W05,1
DR0225,2024-W07,2
DR0225,2024-W09,1
DR0225,2024-W13,1
DR0225,2024-W14,1
DR0225,2024-W15,2
DR0225,2024-W19,1
DR0225,2024-W21,1
DR0225,2024-W22,2
DR0225,2024-W23,1
DR0225,2024-W27,2
DR0225,2024-W28,1
DR0225,2024-W29,1
DR0225,2024-W32,1
DR0225,2024-W35,1
DR0225,2024-W36,1
DR0225,2024-W38,2
DR0225,2024-W39,3
DR0225,2024-W41,1
DR0225,2024-W42,1
DR0225,2024-W43,2
DR0225,2024-W44,1
DR0225,2024-W45,1
DR0225,2024-W47,1
DR0225,2024-W48,2
DR0225,2024-W50,1
DR0225,2024-W52,1
DR0225,2025-W00,1
DR0225,2025-W01,1
DR0225,2025-W04,1
DR0225,2025-W05,1
DR0225,2025-W08,1
DR0225,2025-W11,1
DR0225,2025-W12,1
DR0225,2025-W15,1
DR0225,2025-W16,1
DR0225,2025-W18,1
DR0225,2025-W23,2
DR0225,2025-W27,3
DR0225,2025-W28,1
DR0225,2025-W29,2
DR0225,2025-W33,1
DR0225,2025-W34,2
DR0225,2025-W38,2
DR0225,2025-W43,1
DR0225,2025-W44,1
DR0225,2025-W47,1
DR0225,2025-W49,2
DR0225,2025-W50,2
DR0225,2025-W51,2
DR0225,2026-W00,1
DR0225,2026-W02,2
DR0225,2026-W04,2
DR0225,2026-W08,1
DR0225,2026-W10,1
DR0225,2026-W13,1
DR0225,2026-W14,1
DR0225,2026-W20,1
DR0225,2026-W23,2
DR0225,2026-W26,1
DR0225,2026-W27,1
DR0225,2026-W28,1
DR0225,2026-W30,1
DR0225,2026-W31,1
DR0225,2026-W33,1
DR0225,2026-W34,4
DR0225,2026-W35,1
DR0225,2026-W36,3
DR0225,2026-W37,1
DR0225,2026-W39,1
DR0226,2024-W01,3
DR0226,2024-W02,2
DR0226,2024-W03,5
DR0226,2024-W04,9
DR0226,2024-W05,3
DR0226,2024-W06,8
DR0226,2024-W07,1
DR0226,2024-W08,6
DR0226,2024-W09,2
DR0226,2024-W10,2
DR0226,2024-W11,3
DR0226,2024-W12,4
DR0226,2024-W13,7
DR0226,2024-W14,2
DR0226,2024-W15,3
DR0226,2024-W16,5
DR0226,2024-W17,5
DR0226,2024-W18,3
DR0226,2024-W19,3
DR0226,2024-W20,2
DR0226,2024-W21,4
DR0226,2024-W22,4
DR0226,2024-W23,2
DR0226,2024-W25,3
DR0226,2024-W26,8
DR0226,2024-W27,3
DR0226,2024-W28,1
DR0226,2024-W29,4
DR0226,2024-W30,3
DR0226,2024-W31,3
DR0226,2024-W32,4
DR0226,2024-W33,2
DR0226,2024-W35,6
DR0226,2024-W36,3
DR0226,2024-W37,3
DR0226,2024-W38,2
DR0226,2024-W39,2
DR0226,2024-W40,4
DR0226,2024-W41,1
DR0226,2024-W42,3
DR0226,2024-W43,2
DR0226,2024-W44,4
DR0226,2024-W45,5
DR0226,2024-W46,3
DR0226,2024-W47,5
DR0226,2024-W48,3
DR0226,2024-W49,2
DR0226,2024-W50,2
DR0226,2024-W51,5
DR0226,2024-W52,4
DR0226,2024-W53,5
DR0226,2025-W00,2
DR0226,2025-W01,5
DR0226,2025-W02,10
DR0226,2025-W03,3
DR0226,2025-W04,2
DR0226,2025-W05,2
DR0226,2025-W06,5
DR0226,2025-W07,3
DR0226,2025-W08,3
DR0226,2025-W09,6
DR0226,2025-W10,6
DR0226,2025-W11,2
DR0226,2025-W12,2
DR0226,2025-W13,4
DR0226,2025-W14,1
DR0226,2025-W16,2
DR0226,2025-W17,2
DR0226,2025-W18,2
DR0226,2025-W19,3
DR0226,2025-W20,3
DR0226,2025-W21,4
DR0226,2025-W22,6
DR0226,2025-W23,1
DR0226,2025-W24,3
DR0226,2025-W25,1
DR0226,2025-W26,1
DR0226,2025-W29,3
DR0226,2025-W30,4
DR0226,2025-W31,4
DR0226,2025-W32,4
DR0226,2025-W33,3
DR0226,2025-W34,2
DR0226,2025-W35,4
DR0226,2025-W36,1
DR0226,2025-W37,4
DR0226,2025-W38,4
DR0226,2025-W39,2
DR0226,2025-W40,2
DR0226,2025-W41,1
DR0226,2025-W42,1
DR0226,2025-W43,3
DR0226,2025-W44,3
DR0226,2025-W45,2
DR0226,2025-W46,2
DR0226,2025-W47,4
DR0226,2025-W48,1
DR0226,2025-W49,2
DR0226,2025-W50,4
DR0226,2025-W51,3
DR0226,2025-W52,2
DR0226,2026-W01,4
DR0226,2026-W02,4
DR0226,2026-W03,1
DR0226,2026-W04,1
DR0226,2026-W05,2
DR0226,2026-W06,4
DR0226,2026-W07,5
DR0226,2026-W08,7
DR0226,2026-W09,2
DR0226,2026-W10,5
DR0226,2026-W11,5
DR0226,2026-W12,4
DR0226,2026-W13,4
DR0226,2026-W14,2
DR0226,2026-W15,5
DR0226,2026-W16,8
DR0226,2026-W17,4
DR0226,2026-W18,2
DR0226,2026-W19,4
DR0226,2026-W20,4
DR0226,2026-W21,3
DR0226,2026-W22,1
DR0226,2026-W23,2
DR0226,2026-W24,2
DR0226,2026-W25,1
DR0226,2026-W26,3
DR0226,2026-W27,8
DR0226,2026-W28,4
DR0226,2026-W29,4
DR0226,2026-W30,2
DR0226,2026-W31,5
DR0226,2026-W32,3
DR0226,2026-W33,5
DR0226,2026-W34,3
DR0226,2026-W35,3
DR0226,2026-W36,2
DR0226,2026-W37,5
DR0226,2026-W38,1
DR0226,2026-W39,1
DR0227,2024-W02,2
DR0227,2024-W03,1
DR0227,2024-W04,1
DR0227,2024-W09,2
DR0227,2024-W12,3
DR0227,2024-W13,3
DR0227,2024-W14,1
DR0227,2024-W15,1
DR0227,2024-W17,1
DR0227,2024-W18,1
DR0227,2024-W19,1
DR0227,2024-W20,2
DR0227,2024-W21,2
DR0227,2024-W23,1
DR0227,2024-W24,1
DR0227,2024-W25,2
DR0227,2024-W27,2
DR0227,2024-W30,1
DR0227,2024-W31,2
DR0227,2024-W32,1
DR0227,2024-W34,2
DR0227,2024-W36,1
DR0227,2024-W38,1
DR0227,2024-W39,2
DR0227,2024-W40,1
DR0227,2024-W41,1
DR0227,2024-W43,4
DR0227,2024-W44,1
DR0227,2024-W45,2
DR0227,2024-W46,3
DR0227,2024-W48,1
DR0227,2024-W50,2
DR0227,2024-W51,3
DR0227,2024-W52,2
DR0227,2025-W01,2
DR0227,2025-W02,2
DR0227,2025-W04,3
DR0227,2025-W05,2
DR0227,2025-W08,2
DR0227,2025-W09,1
DR0227,2025-W11,1
DR0227,2025-W12,1
DR0227,2025-W15,3
DR0227,2025-W16,2
DR0227,2025-W17,1
DR0227,2025-W20,1
DR0227,2025-W21,2
DR0227,2025-W22,1
DR0227,2025-W26,1
DR0227,2025-W27,2
DR0227,2025-W28,1
DR0227,2025-W30,4
DR0227,2025-W32,1
DR0227,2025-W33,1
DR0227,2025-W34,2
DR0227,2025-W35,1
DR0227,2025-W39,2
DR0227,2025-W40,1
DR0227,2025-W41,2
DR0227,2025-W43,1
DR0227,2025-W45,1
DR0227,2025-W46,1
DR0227,2025-W47,2
DR0227,2025-W48,6
DR0227,2025-W50,2
DR0227,2025-W51,2
DR0227,2026-W00,2
DR0227,2026-W01,2
DR0227,2026-W03,2
DR0227,2026-W06,1
DR0227,2026-W07,2
DR0227,2026-W09,1
DR0227,2026-W10,2
DR0227,2026-W11,2
DR0227,2026-W13,1
DR0227,2026-W15,2
DR0227,2026-W17,3
DR0227,2026-W20,1
DR0227,2026-W22,2
DR0227,2026-W23,1
DR0227,2026-W26,1
DR0227,2026-W27,1
DR0227,2026-W29,2
DR0227,2026-W30,2
DR0227,2026-W32,1
DR0227,2026-W33,1
DR0227,2026-W34,4
DR0227,2026-W35,2
DR0227,2026-W36,2
DR0227,2026-W37,1
DR0227,2026-W38,2
DR0228,2024-W01,2
DR0228,2024-W02,2
DR0228,2024-W03,1
DR0228,2024-W04,2
DR0228,2024-W05,4
DR0228,2024-W07,1
DR0228,2024-W08,3
DR0228,2024-W11,2
DR0228,2024-W15,2
DR0228,2024-W16,2
DR0228,2024-W17,3
DR0228,2024-W18,1
DR0228,2024-W19,4
DR0228,2024-W20,2
DR0228,2024-W21,2
DR0228,2024-W22,1
DR0228,2024-W24,2
DR0228,2024-W25,2
DR0228,2024-W26,2
DR0228,2024-W27,2
DR0228,2024-W28,1
DR0228,2024-W29,1
DR0228,2024-W30,1
DR0228,2024-W31,2
DR0228,2024-W32,1
DR0228,2024-W33,4
DR0228,2024-W36,1
DR0228,2024-W37,1
DR0228,2024-W39,2
DR0228,2024-W41,4
DR0228,2024-W42,2
DR0228,2024-W43,1
DR0228,2024-W46,2
DR0228,2024-W48,1
DR0228,2024-W49,2
DR0228,2024-W50,3
DR0228,2024-W51,2
DR0228,2024-W52,4
DR0228,2024-W53,1
DR0228,2025-W00,1
DR0228,2025-W01,1
DR0228,2025-W02,2
DR0228,2025-W03,2
DR0228,2025-W04,2
DR0228,2025-W05,2
DR0228,2025-W07,3
DR0228,2025-W08,1
DR0228,2025-W09,1
DR0228,2025-W10,4
DR0228,2025-W11,2
DR0228,2025-W12,1
DR0228,2025-W13,4
DR0228,2025-W14,1
DR0228,2025-W15,1
DR0228,2025-W16,1
DR0228,2025-W17,1
DR0228,2025-W18,5
DR0228,2025-W19,1
DR0228,2025-W21,1
DR0228,2025-W22,1
DR0228,2025-W24,1
DR0228,2025-W26,1
DR0228,2025-W27,2
DR0228,2025-W28,1
DR0228,2025-W29,2
DR0228,2025-W31,2
DR0228,2025-W33,1
DR0228,2025-W34,1
DR0228,2025-W36,2
DR0228,2025-W38,1
DR0228,2025-W39,2
DR0228,2025-W40,1
DR0228,2025-W41,1
DR0228,2025-W42,2
DR0228,2025-W43,1
DR0228,2025-W44,7
DR0228,2025-W45,2
DR0228,2025-W46,2
DR0228,2025-W47,1
DR0228,2025-W51,2
DR0228,2025-W52,1
DR0228,2026-W01,1
DR0228,2026-W02,2
DR0228,2026-W03,2
DR0228,2026-W05,2
DR0228,2026-W06,2
DR0228,2026-W07,1
DR0228,2026-W08,1
DR0228,2026-W09,1
DR0228,2026-W10,1
DR0228,2026-W12,3
DR0228,2026-W14,1
DR0228,2026-W15,1
DR0228,2026-W16,1
DR0228,2026-W17,1
DR0228,2026-W19,1
DR0228,2026-W20,1
DR0228,2026-W21,3
DR0228,2026-W22,4
DR0228,2026-W23,1
DR0228,2026-W26,1
DR0228,2026-W27,1
DR0228,2026-W28,1
DR0228,2026-W29,1
DR0228,2026-W30,4
DR0228,2026-W31,1
DR0228,2026-W32,1
DR0228,2026-W34,2
DR0228,2026-W35,3
DR0228,2026-W37,1
DR0228,2026-W38,1
DR0229,2024-W01,5
DR0229,2024-W02,3
DR0229,2024-W03,1
DR0229,2024-W04,2
DR0229,2024-W06,6
DR0229,2024-W07,5
DR0229,2024-W08,5
DR0229,2024-W09,2
DR0229,2024-W10,3
DR0229,2024-W11,5
DR0229,2024-W12,2
DR0229,2024-W13,1
DR0229,2024-W14,4
DR0229,2024-W15,2
DR0229,2024-W16,3
DR0229,2024-W17,4
DR0229,2024-W18,5
DR0229,2024-W19,1
DR0229,2024-W20,2
DR0229,2024-W21,1
DR0229,2024-W22,1
DR0229,2024-W23,1
DR0229,2024-W24,2
DR0229,2024-W25,3
DR0229,2024-W26,4
DR0229,2024-W27,3
DR0229,2024-W28,2
DR0229,2024-W29,1
DR0229,2024-W31,4
DR0229,2024-W32,3
DR0229,2024-W33,5
DR0229,2024-W34,1
DR0229,2024-W35,1
DR0229,2024-W36,1
DR0229,2024-W37,4
DR0229,2024-W38,2
DR0229,2024-W39,2
DR0229,2024-W40,2
DR0229,2024-W41,5
DR0229,2024-W42,4
DR0229,2024-W43,2
DR0229,2024-W44,3
DR0229,2024-W46,3
DR0229,2024-W47,3
DR0229,2024-W48,4
DR0229,2024-W49,1
DR0229,2024-W50,3
DR0229,2024-W51,3
DR0229,2024-W52,3
DR0229,2025-W00,3
DR0229,2025-W01,1
DR0229,2025-W02,1
DR0229,2025-W03,3
DR0229,2025-W04,5
DR0229,2025-W05,4
DR0229,2025-W06,6
DR0229,2025-W07,2
DR0229,2025-W08,3
DR0229,2025-W09,1
DR0229,2025-W12,4
DR0229,2025-W13,3
DR0229,2025-W14,3
DR0229,2025-W15,4
DR0229,2025-W16,4
DR0229,2025-W17,3
DR0229,2025-W18,1
DR0229,2025-W19,2
DR0229,2025-W20,1
DR0229,2025-W21,2
DR0229,2025-W22,2
DR0229,2025-W23,3
DR0229,2025-W24,4
DR0229,2025-W25,5
DR0229,2025-W26,4
DR0229,2025-W27,1
DR0229,2025-W29,2
DR0229,2025-W30,1
DR0229,2025-W31,2
DR0229,2025-W32,1
DR0229,2025-W33,3
DR0229,2025-W34,4
DR0229,2025-W35,4
DR0229,2025-W36,5
DR0229,2025-W37,4
DR0229,2025-W38,1
DR0229,2025-W39,2
DR0229,2025-W40,5
DR0229,2025-W41,2
DR0229,2025-W42,2
DR0229,2025-W43,3
DR0229,2025-W44,1
DR0229,2025-W46,5
DR0229,2025-W47,1
DR0229,2025-W48,1
DR0229,2025-W49,1
DR0229,2025-W50,1
DR0229,2025-W51,2
DR0229,2025-W52,2
DR0229,2026-W01,6
DR0229,2026-W02,4
DR0229,2026-W03,1
DR0229,2026-W04,1
DR0229,2026-W05,4
DR0229,2026-W06,4
DR0229,2026-W07,2
DR0229,2026-W08,3
DR0229,2026-W09,3
DR0229,2026-W10,3
DR0229,2026-W11,3
DR0229,2026-W12,2
DR0229,2026-W13,1
DR0229,2026-W14,3
DR0229,2026-W15,2
DR0229,2026-W16,3
DR0229,2026-W17,1
DR0229,2026-W18,4
DR0229,2026-W19,1
DR0229,2026-W20,5
DR0229,2026-W21,4
DR0229,2026-W22,5
DR0229,2026-W23,6
DR0229,2026-W24,1
DR0229,2026-W25,2
DR0229,2026-W26,2
DR0229,2026-W27,2
DR0229,2026-W28,2
DR0229,2026-W29,4
DR0229,2026-W30,2
DR0229,2026-W31,1
DR0229,2026-W32,4
DR0229,2026-W33,3
DR0229,2026-W34,1
DR0229,2026-W35,6
DR0229,2026-W36,3
DR0229,2026-W37,1
DR0229,2026-W38,1
DR0230,2024-W03,1
DR0230,2024-W05,1
DR0230,2024-W06,1
DR0230,2024-W14,1
DR0230,2024-W15,1
DR0230,2024-W18,2
DR0230,2024-W29,1
DR0230,2024-W32,1
DR0230,2024-W39,1
DR0230,2024-W41,3
DR0230,2024-W42,2
DR0230,2024-W43,1
DR0230,2024-W49,1
DR0230,2024-W53,1
DR0230,2025-W03,1
DR0230,2025-W04,1
DR0230,2025-W09,1
DR0230,2025-W10,1
DR0230,2025-W13,1
DR0230,2025-W18,1
DR0230,2025-W24,1
DR0230,2025-W26,1
DR0230,2025-W33,1
DR0230,2025-W34,1
DR0230,2025-W36,2
DR0230,2025-W39,1
DR0230,2025-W50,2
DR0230,2026-W01,2
DR0230,2026-W03,1
DR0230,2026-W09,1
DR0230,2026-W11,1
DR0230,2026-W12,1
DR0230,2026-W14,1
DR0230,2026-W24,2
DR0230,2026-W26,2
DR0230,2026-W29,1
DR0230,2026-W30,1
DR0230,2026-W31,1
DR0230,2026-W38,1
DR0230,2026-W39,1
DR0231,2024-W02,1
DR0231,2024-W06,2
DR0231,2024-W07,1
DR0231,2024-W10,1
DR0231,2024-W14,3
DR0231,2024-W15,1
DR0231,2024-W19,1
DR0231,2024-W20,1
DR0231,2024-W24,1
DR0231,2024-W26,1
DR0231,2024-W30,3
DR0231,2024-W31,1
DR0231,2024-W33,1
DR0231,2024-W36,2
DR0231,2024-W40,1
DR0231,2024-W41,1
DR0231,2024-W42,1
DR0231,2024-W44,1
DR0231,2024-W47,2
DR0231,2024-W48,2
DR0231,2024-W50,1
DR0231,2024-W52,1
DR0231,2024-W53,1
DR0231,2025-W01,1
DR0231,2025-W02,2
DR0231,2025-W04,1
DR0231,2025-W05,1
DR0231,2025-W06,2
DR0231,2025-W07,2
DR0231,2025-W09,2
DR0231,2025-W10,1
DR0231,2025-W11,1
DR0231,2025-W14,2
DR0231,2025-W17,2
DR0231,2025-W18,1
DR0231,2025-W22,3
DR0231,2025-W24,1
DR0231,2025-W26,1
DR0231,2025-W28,1
DR0231,2025-W31,1
DR0231,2025-W32,1
DR0231,2025-W35,1
DR0231,2025-W36,2
DR0231,2025-W37,2
DR0231,2025-W38,1
DR0231,2025-W39,2
DR0231,2025-W41,3
DR0231,2025-W43,2
DR0231,2025-W47,2
DR0231,2025-W49,3
DR0231,2025-W50,1
DR0231,2025-W52,1
DR0231,2026-W04,1
DR0231,2026-W05,1
DR0231,2026-W06,2
DR0231,2026-W07,2
DR0231,2026-W10,1
DR0231,2026-W12,1
DR0231,2026-W14,3
DR0231,2026-W17,1
DR0231,2026-W19,2
DR0231,2026-W24,1
DR0231,2026-W26,1
DR0231,2026-W27,1
DR0231,2026-W28,1
DR0231,2026-W30,1
DR0231,2026-W31,3
DR0231,2026-W34,1
DR0231,2026-W35,1
DR0231,2026-W37,2
DR0231,2026-W38,1
DR0232,2024-W02,3
DR0232,2024-W04,4
DR0232,2024-W05,1
DR0232,2024-W06,1
DR0232,2024-W07,1
DR0232,2024-W08,2
DR0232,2024-W11,1
DR0232,2024-W13,1
DR0232,2024-W14,2
DR0232,2024-W15,1
DR0232,2024-W17,2
DR0232,2024-W18,1
DR0232,2024-W19,1
DR0232,2024-W20,1
DR0232,2024-W21,1
DR0232,2024-W23,1
DR0232,2024-W24,1
DR0232,2024-W26,2
DR0232,2024-W28,2
DR0232,2024-W30,1
DR0232,2024-W33,1
DR0232,2024-W36,1
DR0232,2024-W37,1
DR0232,2024-W41,1
DR0232,2024-W45,2
DR0232,2024-W46,2
DR0232,2024-W48,1
DR0232,2024-W49,1
DR0232,2024-W50,1
DR0232,2024-W51,1
DR0232,2024-W52,2
DR0232,2025-W01,1
DR0232,2025-W02,4
DR0232,2025-W04,2
DR0232,2025-W06,2
DR0232,2025-W09,1
DR0232,2025-W12,1
DR0232,2025-W13,1
DR0232,2025-W15,2
DR0232,2025-W17,2
DR0232,2025-W19,2
DR0232,2025-W20,1
DR0232,2025-W21,2
DR0232,2025-W23,1
DR0232,2025-W24,1
DR0232,2025-W26,1
DR0232,2025-W27,2
DR0232,2025-W29,2
DR0232,2025-W30,1
DR0232,2025-W32,1
DR0232,2025-W33,1
DR0232,2025-W34,1
DR0232,2025-W36,3
DR0232,2025-W37,1
DR0232,2025-W40,1
DR0232,2025-W41,1
DR0232,2025-W42,2
DR0232,2025-W43,2
DR0232,2025-W44,2
DR0232,2025-W46,3
DR0232,2025-W47,1
DR0232,2025-W49,1
DR0232,2025-W51,2
DR0232,2026-W00,1
DR0232,2026-W03,2
DR0232,2026-W05,1
DR0232,2026-W06,2
DR0232,2026-W07,1
DR0232,2026-W08,1
DR0232,2026-W09,1
DR0232,2026-W11,2
DR0232,2026-W12,1
DR0232,2026-W14,1
DR0232,2026-W15,1
DR0232,2026-W18,1
DR0232,2026-W19,3
DR0232,2026-W21,1
DR0232,2026-W22,1
DR0232,2026-W26,1
DR0232,2026-W28,1
DR0232,2026-W30,1
DR0232,2026-W31,2
DR0232,2026-W32,1
DR0232,2026-W33,3
DR0232,2026-W34,1
DR0232,2026-W38,1
DR0233,2024-W02,2
DR0233,2024-W05,1
DR0233,2024-W08,3
DR0233,2024-W09,1
DR0233,2024-W10,3
DR0233,2024-W11,1
DR0233,2024-W15,1
DR0233,2024-W16,1
DR0233,2024-W21,1
DR0233,2024-W22,2
DR0233,2024-W23,1
DR0233,2024-W31,2
DR0233,2024-W34,1
DR0233,2024-W35,1
DR0233,2024-W38,2
DR0233,2024-W39,2
DR0233,2024-W41,1
DR0233,2024-W42,1
DR0233,2024-W43,1
DR0233,2024-W44,1
DR0233,2024-W45,1
DR0233,2024-W46,1
DR0233,2024-W47,1
DR0233,2024-W48,1
DR0233,2024-W49,1
DR0233,2024-W51,1
DR0233,2024-W52,3
DR0233,2025-W00,1
DR0233,2025-W03,2
DR0233,2025-W08,2
DR0233,2025-W10,3
DR0233,2025-W12,1
DR0233,2025-W13,1
DR0233,2025-W16,2
DR0233,2025-W17,1
DR0233,2025-W24,2
DR0233,2025-W29,1
DR0233,2025-W31,4
DR0233,2025-W32,1
DR0233,2025-W38,2
DR0233,2025-W39,3
DR0233,2025-W40,1
DR0233,2025-W43,1
DR0233,2025-W44,1
DR0233,2025-W46,1
DR0233,2025-W48,1
DR0233,2025-W49,2
DR0233,2025-W50,1
DR0233,2025-W51,1
DR0233,2025-W52,1
DR0233,2026-W03,1
DR0233,2026-W06,2
DR0233,2026-W10,1
DR0233,2026-W11,2
DR0233,2026-W12,1
DR0233,2026-W17,1
DR0233,2026-W19,2
DR0233,2026-W20,1
DR0233,2026-W22,1
DR0233,2026-W23,1
DR0233,2026-W24,2
DR0233,2026-W26,1
DR0233,2026-W28,2
DR0233,2026-W29,1
DR0233,2026-W31,2
DR0233,2026-W34,2
DR0233,2026-W36,1
DR0233,2026-W37,1
DR0233,2026-W38,2
DR0234,2024-W04,2
DR0234,2024-W06,1
DR0234,2024-W07,1
DR0234,2024-W08,1
DR0234,2024-W12,1
DR0234,2024-W15,2
DR0234,2024-W18,1
DR0234,2024-W19,1
DR0234,2024-W21,1
DR0234,2024-W22,1
DR0234,2024-W23,2
DR0234,2024-W25,1
DR0234,2024-W26,1
DR0234,2024-W27,1
DR0234,2024-W28,1
DR0234,2024-W29,1
DR0234,2024-W36,1
DR0234,2024-W40,2
DR0234,2024-W42,1
DR0234,2024-W43,1
DR0234,2024-W44,2
DR0234,2024-W45,1
DR0234,2024-W48,1
DR0234,2024-W51,1
DR0234,2025-W00,1
DR0234,2025-W03,1
DR0234,2025-W05,2
DR0234,2025-W06,1
DR0234,2025-W07,1
DR0234,2025-W09,1
DR0234,2025-W17,1
DR0234,2025-W18,1
DR0234,2025-W22,1
DR0234,2025-W23,2
DR0234,2025-W24,2
DR0234,2025-W25,1
DR0234,2025-W26,1
DR0234,2025-W27,1
DR0234,2025-W31,1
DR0234,2025-W32,2
DR0234,2025-W40,1
DR0234,2025-W43,1
DR0234,2025-W49,1
DR0234,2025-W52,1
DR0234,2026-W01,2
DR0234,2026-W04,1
DR0234,2026-W05,1
DR0234,2026-W07,1
DR0234,2026-W08,2
DR0234,2026-W15,2
DR0234,2026-W16,1
DR0234,2026-W20,1
DR0234,2026-W22,2
DR0234,2026-W23,1
DR0234,2026-W25,1
DR0234,2026-W27,1
DR0234,2026-W29,2
DR0234,2026-W30,1
DR0234,2026-W33,1
DR0234,2026-W37,1
DR0234,2026-W39,1
DR0235,2024-W01,6
DR0235,2024-W02,3
DR0235,2024-W03,2
DR0235,2024-W04,2
DR0235,2024-W05,2
DR0235,2024-W06,1
DR0235,2024-W07,3
DR0235,2024-W08,2
DR0235,2024-W09,4
DR0235,2024-W10,2
DR0235,2024-W12,3
DR0235,2024-W15,1
DR0235,2024-W16,1
DR0235,2024-W17,1
DR0235,2024-W18,4
DR0235,2024-W19,2
DR0235,2024-W20,2
DR0235,2024-W21,2
DR0235,2024-W22,1
DR0235,2024-W23,2
DR0235,2024-W24,1
DR0235,2024-W26,3
DR0235,2024-W29,3
DR0235,2024-W30,1
DR0235,2024-W32,1
DR0235,2024-W33,4
DR0235,2024-W34,4
DR0235,2024-W35,2
DR0235,2024-W36,3
DR0235,2024-W37,3
DR0235,2024-W38,1
DR0235,2024-W39,3
DR0235,2024-W40,1
DR0235,2024-W41,2
DR0235,2024-W42,2
DR0235,2024-W43,2
DR0235,2024-W44,3
DR0235,2024-W45,3
DR0235,2024-W46,1
DR0235,2024-W47,3
DR0235,2024-W48,2
DR0235,2024-W50,2
DR0235,2024-W51,3
DR0235,2024-W52,3
DR0235,2024-W53,1
DR0235,2025-W01,4
DR0235,2025-W02,4
DR0235,2025-W03,1
DR0235,2025-W04,3
DR0235,2025-W05,3
DR0235,2025-W06,2
DR0235,2025-W07,2
DR0235,2025-W09,4
DR0235,2025-W10,5
DR0235,2025-W11,2
DR0235,2025-W12,2
DR0235,2025-W13,1
DR0235,2025-W14,2
DR0235,2025-W15,3
DR0235,2025-W16,2
DR0235,2025-W17,1
DR0235,2025-W18,2
DR0235,2025-W19,2
DR0235,2025-W20,1
DR0235,2025-W22,2
DR0235,2025-W23,3
DR0235,2025-W24,3
DR0235,2025-W26,2
DR0235,2025-W27,1
DR0235,2025-W29,4
DR0235,2025-W31,1
DR0235,2025-W32,4
DR0235,2025-W33,2
DR0235,2025-W34,1
DR0235,2025-W35,2
DR0235,2025-W36,3
DR0235,2025-W37,5
DR0235,2025-W38,2
DR0235,2025-W39,5
DR0235,2025-W40,1
DR0235,2025-W42,3
DR0235,2025-W43,2
DR0235,2025-W44,3
DR0235,2025-W45,4
DR0235,2025-W46,1
DR0235,2025-W47,2
DR0235,2025-W48,1
DR0235,2025-W50,5
DR0235,2025-W51,5
DR0235,2026-W01,1
DR0235,2026-W02,2
DR0235,2026-W03,4
DR0235,2026-W05,1
DR0235,2026-W06,1
DR0235,2026-W07,1
DR0235,2026-W08,2
DR0235,2026-W09,6
DR0235,2026-W10,1
DR0235,2026-W12,4
DR0235,2026-W13,2
DR0235,2026-W14,3
DR0235,2026-W15,1
DR0235,2026-W16,1
DR0235,2026-W17,3
DR0235,2026-W18,1
DR0235,2026-W19,3
DR0235,2026-W20,3
DR0235,2026-W21,3
DR0235,2026-W23,4
DR0235,2026-W24,1
DR0235,2026-W25,2
DR0235,2026-W26,2
DR0235,2026-W27,1
DR0235,2026-W28,1
DR0235,2026-W29,1
DR0235,2026-W30,5
DR0235,2026-W31,2
DR0235,2026-W32,2
DR0235,2026-W33,2
DR0235,2026-W34,3
DR0235,2026-W35,1
DR0235,2026-W37,2
DR0235,2026-W38,3
DR0235,2026-W39,1
DR0236,2024-W01,1
DR0236,2024-W02,2
DR0236,2024-W05,1
DR0236,2024-W06,1
DR0236,2024-W09,1
DR0236,2024-W11,1
DR0236,2024-W13,1
DR0236,2024-W14,1
DR0236,2024-W16,1
DR0236,2024-W17,2
DR0236,2024-W18,1
DR0236,2024-W20,1
DR0236,2024-W21,1
DR0236,2024-W22,1
DR0236,2024-W24,1
DR0236,2024-W26,1
DR0236,2024-W28,1
DR0236,2024-W29,1
DR0236,2024-W30,1
DR0236,2024-W34,2
DR0236,2024-W35,1
DR0236,2024-W42,2
DR0236,2024-W44,3
DR0236,2024-W46,1
DR0236,2024-W47,2
DR0236,2024-W49,2
DR0236,2024-W51,1
DR0236,2024-W52,2
DR0236,2025-W01,1
DR0236,2025-W05,1
DR0236,2025-W06,1
DR0236,2025-W08,2
DR0236,2025-W09,1
DR0236,2025-W11,2
DR0236,2025-W12,1
DR0236,2025-W13,2
DR0236,2025-W16,1
DR0236,2025-W17,1
DR0236,2025-W18,1
DR0236,2025-W22,1
DR0236,2025-W23,1
DR0236,2025-W24,2
DR0236,2025-W25,1
DR0236,2025-W27,2
DR0236,2025-W30,1
DR0236,2025-W31,3
DR0236,2025-W32,2
DR0236,2025-W36,3
DR0236,2025-W37,1
DR0236,2025-W38,1
DR0236,2025-W40,2
DR0236,2025-W46,2
DR0236,2025-W47,2
DR0236,2025-W49,1
DR0236,2025-W51,1
DR0236,2026-W01,1
DR0236,2026-W04,1
DR0236,2026-W07,2
DR0236,2026-W08,1
DR0236,2026-W09,1
DR0236,2026-W10,2
DR0236,2026-W11,1
DR0236,2026-W14,1
DR0236,2026-W16,2
DR0236,2026-W19,1
DR0236,2026-W20,2
DR0236,2026-W22,2
DR0236,2026-W24,1
DR0236,2026-W30,1
DR0236,2026-W34,1
DR0236,2026-W39,1
DR0237,2024-W02,1
DR0237,2024-W03,2
DR0237,2024-W08,1
DR0237,2024-W18,1
DR0237,2024-W22,1
DR0237,2024-W24,1
DR0237,2024-W27,2
DR0237,2024-W28,1
DR0237,2024-W30,1
DR0237,2024-W33,1
DR0237,2024-W35,1
DR0237,2024-W41,1
DR0237,2024-W44,1
DR0237,2024-W46,2
DR0237,2024-W48,1
DR0237,2024-W49,2
DR0237,2024-W52,1
DR0237,2025-W04,1
DR0237,2025-W05,1
DR0237,2025-W11,1
DR0237,2025-W12,2
DR0237,2025-W13,1
DR0237,2025-W20,1
DR0237,2025-W26,1
DR0237,2025-W28,1
DR0237,2025-W38,1
DR0237,2025-W42,1
DR0237,2025-W46,1
DR0237,2025-W49,1
DR0237,2025-W51,2
DR0237,2025-W52,1
DR0237,2026-W02,2
DR0237,2026-W03,1
DR0237,2026-W04,1
DR0237,2026-W06,1
DR0237,2026-W08,1
DR0237,2026-W09,1
DR0237,2026-W19,1
DR0237,2026-W24,2
DR0237,2026-W26,1
DR0237,2026-W32,1
DR0237,2026-W33,1
DR0237,2026-W36,1
DR0237,2026-W37,1
DR0237,2026-W38,1
DR0238,2024-W01,1
DR0238,2024-W04,1
DR0238,2024-W05,1
DR0238,2024-W13,2
DR0238,2024-W15,1
DR0238,2024-W16,1
DR0238,2024-W23,1
DR0238,2024-W25,1
DR0238,2024-W29,1
DR0238,2024-W32,1
DR0238,2024-W35,1
DR0238,2024-W36,3
DR0238,2024-W37,2
DR0238,2024-W41,1
DR0238,2024-W42,1
DR0238,2024-W43,2
DR0238,2024-W44,2
DR0238,2024-W47,1
DR0238,2024-W48,1
DR0238,2024-W50,1
DR0238,2024-W53,1
DR0238,2025-W01,1
DR0238,2025-W02,1
DR0238,2025-W03,1
DR0238,2025-W04,2
DR0238,2025-W05,1
DR0238,2025-W06,2
DR0238,2025-W11,1
DR0238,2025-W12,1
DR0238,2025-W13,1
DR0238,2025-W15,1
DR0238,2025-W17,2
DR0238,2025-W23,1
DR0238,2025-W26,1
DR0238,2025-W30,1
DR0238,2025-W31,1
DR0238,2025-W34,1
DR0238,2025-W35,1
DR0238,2025-W37,1
DR0238,2025-W38,2
DR0238,2025-W48,1
DR0238,2025-W49,2
DR0238,2025-W50,1
DR0238,2025-W51,1
DR0238,2025-W52,1
DR0238,2026-W02,1
DR0238,2026-W03,2
DR0238,2026-W04,1
DR0238,2026-W06,1
DR0238,2026-W07,1
DR0238,2026-W08,1
DR0238,2026-W12,1
DR0238,2026-W13,1
DR0238,2026-W15,1
DR0238,2026-W18,2
DR0238,2026-W20,1
DR0238,2026-W21,1
DR0238,2026-W23,1
DR0238,2026-W25,1
DR0238,2026-W26,1
DR0238,2026-W30,1
DR0238,2026-W34,1
DR0238,2026-W37,1
DR0238,2026-W38,1
DR0239,2024-W08,1
DR0239,2024-W11,1
DR0239,2024-W12,1
DR0239,2024-W13,1
DR0239,2024-W15,1
DR0239,2024-W16,2
DR0239,2024-W17,1
DR0239,2024-W19,1
DR0239,2024-W25,1
DR0239,2024-W33,1
DR0239,2024-W36,1
DR0239,2024-W37,1
DR0239,2024-W52,1
DR0239,2025-W15,1
DR0239,2025-W17,1
DR0239,2025-W20,1
DR0239,2025-W24,1
DR0239,2025-W27,1
DR0239,2025-W33,2
DR0239,2025-W38,1
DR0239,2025-W46,1
DR0239,2025-W47,1
DR0239,2025-W48,1
DR0239,2026-W00,1
DR0239,2026-W05,1
DR0239,2026-W08,1
DR0239,2026-W12,1
DR0239,2026-W19,1
DR0239,2026-W20,1
DR0239,2026-W27,1
DR0239,2026-W32,1
DR0239,2026-W33,1
DR0240,2024-W01,6
DR0240,2024-W02,3
DR0240,2024-W03,3
DR0240,2024-W04,9
DR0240,2024-W05,2
DR0240,2024-W06,8
DR0240,2024-W07,6
DR0240,2024-W08,5
DR0240,2024-W09,12
DR0240,2024-W10,5
DR0240,2024-W11,9
DR0240,2024-W12,5
DR0240,2024-W13,6
DR0240,2024-W14,6
DR0240,2024-W15,5
DR0240,2024-W16,7
DR0240,2024-W17,6
DR0240,2024-W18,11
DR0240,2024-W19,6
DR0240,2024-W20,9
DR0240,2024-W21,4
DR0240,2024-W22,3
DR0240,2024-W23,5
DR0240,2024-W24,6
DR0240,2024-W25,3
DR0240,2024-W26,12
DR0240,2024-W27,9
DR0240,2024-W28,5
DR0240,2024-W29,4
DR0240,2024-W30,3
DR0240,2024-W31,8
DR0240,2024-W32,7
DR0240,2024-W33,2
DR0240,2024-W34,5
DR0240,2024-W35,6
DR0240,2024-W36,7
DR0240,2024-W37,7
DR0240,2024-W38,4
DR0240,2024-W39,3
DR0240,2024-W40,4
DR0240,2024-W41,6
DR0240,2024-W42,4
DR0240,2024-W43,5
DR0240,2024-W44,14
DR0240,2024-W45,7
DR0240,2024-W46,8
DR0240,2024-W47,4
DR0240,2024-W48,2
DR0240,2024-W49,2
DR0240,2024-W50,5
DR0240,2024-W51,5
DR0240,2024-W52,6
DR0240,2024-W53,8
DR0240,2025-W00,10
DR0240,2025-W01,10
DR0240,2025-W02,7
DR0240,2025-W03,6
DR0240,2025-W04,9
DR0240,2025-W05,4
DR0240,2025-W06,12
DR0240,2025-W07,5
DR0240,2025-W08,8
DR0240,2025-W09,4
DR0240,2025-W10,7
DR0240,2025-W11,8
DR0240,2025-W12,7
DR0240,2025-W13,7
DR0240,2025-W14,3
DR0240,2025-W15,4
DR0240,2025-W16,8
DR0240,2025-W17,9
DR0240,2025-W18,8
DR0240,2025-W19,1
DR0240,2025-W20,5
DR0240,2025-W21,6
DR0240,2025-W22,6
DR0240,2025-W23,4
DR0240,2025-W24,4
DR0240,2025-W25,9
DR0240,2025-W26,4
DR0240,2025-W27,3
DR0240,2025-W28,11
DR0240,2025-W29,4
DR0240,2025-W30,10
DR0240,2025-W31,5
DR0240,2025-W32,7
DR0240,2025-W33,6
DR0240,2025-W34,8
DR0240,2025-W35,7
DR0240,2025-W36,4
DR0240,2025-W37,5
DR0240,2025-W38,9
DR0240,2025-W39,5
DR0240,2025-W40,6
DR0240,2025-W41,7
DR0240,2025-W42,6
DR0240,2025-W43,4
DR0240,2025-W44,7
DR0240,2025-W45,3
DR0240,2025-W46,8
DR0240,2025-W47,5
DR0240,2025-W48,9
DR0240,2025-W49,5
DR0240,2025-W50,14
DR0240,2025-W51,11
DR0240,2025-W52,2
DR0240,2026-W00,1
DR0240,2026-W01,10
DR0240,2026-W02,5
DR0240,2026-W03,3
DR0240,2026-W04,8
DR0240,2026-W05,9
DR0240,2026-W06,2
DR0240,2026-W07,6
DR0240,2026-W08,7
DR0240,2026-W09,4
DR0240,2026-W10,4
DR0240,2026-W11,10
DR0240,2026-W12,10
DR0240,2026-W13,7
DR0240,2026-W14,8
DR0240,2026-W15,8
DR0240,2026-W16,7
DR0240,2026-W17,9
DR0240,2026-W18,3
DR0240,2026-W19,7
DR0240,2026-W20,5
DR0240,2026-W21,6
DR0240,2026-W22,8
DR0240,2026-W23,10
DR0240,2026-W24,6
DR0240,2026-W25,3
DR0240,2026-W26,5
DR0240,2026-W27,5
DR0240,2026-W28,8
DR0240,2026-W29,6
DR0240,2026-W30,4
DR0240,2026-W31,5
DR0240,2026-W32,8
DR0240,2026-W33,3
DR0240,2026-W34,6
DR0240,2026-W35,7
DR0240,2026-W36,4
DR0240,2026-W37,5
DR0240,2026-W38,6
DR0240,2026-W39,3
DR0241,2024-W02,1
DR0241,2024-W04,2
DR0241,2024-W05,1
DR0241,2024-W07,2
DR0241,2024-W08,1
DR0241,2024-W09,1
DR0241,2024-W11,2
DR0241,2024-W12,1
DR0241,2024-W13,2
DR0241,2024-W14,1
DR0241,2024-W15,1
DR0241,2024-W16,3
DR0241,2024-W17,1
DR0241,2024-W20,1
DR0241,2024-W23,2
DR0241,2024-W25,2
DR0241,2024-W26,3
DR0241,2024-W27,1
DR0241,2024-W28,2
DR0241,2024-W29,1
DR0241,2024-W30,1
DR0241,2024-W31,1
DR0241,2024-W32,2
DR0241,2024-W33,3
DR0241,2024-W34,1
DR0241,2024-W36,2
DR0241,2024-W38,3
DR0241,2024-W39,2
DR0241,2024-W42,1
DR0241,2024-W45,3
DR0241,2024-W46,3
DR0241,2024-W48,2
DR0241,2024-W49,2
DR0241,2024-W50,1
DR0241,2024-W52,1
DR0241,2024-W53,1
DR0241,2025-W01,3
DR0241,2025-W02,4
DR0241,2025-W03,2
DR0241,2025-W04,1
DR0241,2025-W05,2
DR0241,2025-W06,1
DR0241,2025-W07,1
DR0241,2025-W08,1
DR0241,2025-W09,1
DR0241,2025-W11,1
DR0241,2025-W12,1
DR0241,2025-W13,1
DR0241,2025-W14,3
DR0241,2025-W18,1
DR0241,2025-W19,1
DR0241,2025-W20,1
DR0241,2025-W21,1
DR0241,2025-W22,1
DR0241,2025-W23,1
DR0241,2025-W24,1
DR0241,2025-W28,2
DR0241,2025-W29,1
DR0241,2025-W31,1
DR0241,2025-W32,2
DR0241,2025-W33,1
DR0241,2025-W34,1
DR0241,2025-W37,1
DR0241,2025-W40,3
DR0241,2025-W41,4
DR0241,2025-W42,2
DR0241,2025-W43,2
DR0241,2025-W44,2
DR0241,2025-W45,1
DR0241,2025-W46,2
DR0241,2025-W47,1
DR0241,2025-W48,4
DR0241,2025-W49,1
DR0241,2026-W00,1
DR0241,2026-W01,2
DR0241,2026-W02,1
DR0241,2026-W06,2
DR0241,2026-W07,1
DR0241,2026-W08,3
DR0241,2026-W09,2
DR0241,2026-W10,2
DR0241,2026-W12,1
DR0241,2026-W14,1
DR0241,2026-W15,1
DR0241,2026-W16,3
DR0241,2026-W22,3
DR0241,2026-W23,3
DR0241,2026-W25,2
DR0241,2026-W27,2
DR0241,2026-W28,1
DR0241,2026-W29,1
DR0241,2026-W32,1
DR0241,2026-W33,3
DR0241,2026-W35,1
DR0241,2026-W36,1
DR0241,2026-W37,3
DR0241,2026-W38,1
DR0242,2024-W01,7
DR0242,2024-W02,8
DR0242,2024-W03,6
DR0242,2024-W04,11
DR0242,2024-W05,1
DR0242,2024-W06,3
DR0242,2024-W07,9
DR0242,2024-W08,5
DR0242,2024-W09,8
DR0242,2024-W10,3
DR0242,2024-W11,2
DR0242,2024-W12,5
DR0242,2024-W13,4
DR0242,2024-W14,6
DR0242,2024-W15,4
DR0242,2024-W16,6
DR0242,2024-W17,4
DR0242,2024-W18,2
DR0242,2024-W19,8
DR0242,2024-W20,3
DR0242,2024-W21,3
DR0242,2024-W22,8
DR0242,2024-W23,8
DR0242,2024-W24,5
DR0242,2024-W25,7
DR0242,2024-W26,2
DR0242,2024-W27,6
DR0242,2024-W28,4
DR0242,2024-W29,8
DR0242,2024-W30,5
DR0242,2024-W31,3
DR0242,2024-W32,6
DR0242,2024-W33,7
DR0242,2024-W34,5
DR0242,2024-W35,8
DR0242,2024-W36,6
DR0242,2024-W37,7
DR0242,2024-W38,6
DR0242,2024-W39,11
DR0242,2024-W40,14
DR0242,2024-W41,6
DR0242,2024-W42,7
DR0242,2024-W43,5
DR0242,2024-W44,9
DR0242,2024-W45,8
DR0242,2024-W46,5
DR0242,2024-W47,7
DR0242,2024-W48,9
DR0242,2024-W49,9
DR0242,2024-W50,5
DR0242,2024-W51,7
DR0242,2024-W52,9
DR0242,2024-W53,1
DR0242,2025-W00,5
DR0242,2025-W01,4
DR0242,2025-W02,6
DR0242,2025-W03,3
DR0242,2025-W04,7
DR0242,2025-W05,5
DR0242,2025-W06,7
DR0242,2025-W07,4
DR0242,2025-W08,8
DR0242,2025-W09,5
DR0242,2025-W10,6
DR0242,2025-W11,5
DR0242,2025-W12,4
DR0242,2025-W13,10
DR0242,2025-W14,10
DR0242,2025-W15,4
DR0242,2025-W16,2
DR0242,2025-W17,2
DR0242,2025-W18,4
DR0242,2025-W19,6
DR0242,2025-W20,4
DR0242,2025-W21,4
DR0242,2025-W22,4
DR0242,2025-W23,4
DR0242,2025-W24,4
DR0242,2025-W25,4
DR0242,2025-W26,5
DR0242,2025-W27,7
DR0242,2025-W28,1
DR0242,2025-W29,6
DR0242,2025-W30,6
DR0242,2025-W31,7
DR0242,2025-W32,7
DR0242,2025-W33,13
DR0242,2025-W34,4
DR0242,2025-W35,7
DR0242,2025-W36,5
DR0242,2025-W37,6
DR0242,2025-W38,4
DR0242,2025-W39,8
DR0242,2025-W40,8
DR0242,2025-W41,6
DR0242,2025-W42,3
DR0242,2025-W43,2
DR0242,2025-W44,5
DR0242,2025-W45,4
DR0242,2025-W46,6
DR0242,2025-W47,2
DR0242,2025-W48,3
DR0242,2025-W49,9
DR0242,2025-W50,7
DR0242,2025-W51,5
DR0242,2025-W52,2
DR0242,2026-W00,4
DR0242,2026-W01,6
DR0242,2026-W02,4
DR0242,2026-W03,5
DR0242,2026-W04,10
DR0242,2026-W05,10
DR0242,2026-W06,8
DR0242,2026-W07,8
DR0242,2026-W08,5
DR0242,2026-W09,5
DR0242,2026-W10,6
DR0242,2026-W11,9
DR0242,2026-W12,1
DR0242,2026-W13,5
DR0242,2026-W14,4
DR0242,2026-W15,6
DR0242,2026-W16,5
DR0242,2026-W17,2
DR0242,2026-W18,1
DR0242,2026-W19,9
DR0242,2026-W20,4
DR0242,2026-W21,7
DR0242,2026-W22,5
DR0242,2026-W23,2
DR0242,2026-W24,6
DR0242,2026-W25,5
DR0242,2026-W26,8
DR0242,2026-W27,9
DR0242,2026-W28,5
DR0242,2026-W29,8
DR0242,2026-W30,4
DR0242,2026-W31,3
DR0242,2026-W32,10
DR0242,2026-W33,7
DR0242,2026-W34,2
DR0242,2026-W35,4
DR0242,2026-W36,6
DR0242,2026-W37,4
DR0242,2026-W38,8
DR0242,2026-W39,3
DR0243,2024-W02,1
DR0243,2024-W03,1
DR0243,2024-W04,2
DR0243,2024-W05,1
DR0243,2024-W06,3
DR0243,2024-W07,2
DR0243,2024-W08,2
DR0243,2024-W09,1
DR0243,2024-W10,2
DR0243,2024-W11,3
DR0243,2024-W12,1
DR0243,2024-W13,1
DR0243,2024-W15,2
DR0243,2024-W19,1
DR0243,2024-W21,1
DR0243,2024-W24,1
DR0243,2024-W25,3
DR0243,2024-W26,2
DR0243,2024-W27,1
DR0243,2024-W29,1
DR0243,2024-W30,1
DR0243,2024-W31,1
DR0243,2024-W33,1
DR0243,2024-W34,2
DR0243,2024-W37,5
DR0243,2024-W38,1
DR0243,2024-W39,1
DR0243,2024-W43,2
DR0243,2024-W44,2
DR0243,2024-W45,2
DR0243,2024-W46,1
DR0243,2024-W47,2
DR0243,2024-W48,3
DR0243,2024-W50,1
DR0243,2024-W52,2
DR0243,2025-W00,1
DR0243,2025-W02,1
DR0243,2025-W03,3
DR0243,2025-W04,3
DR0243,2025-W06,5
DR0243,2025-W11,1
DR0243,2025-W12,1
DR0243,2025-W13,4
DR0243,2025-W14,4
DR0243,2025-W16,1
DR0243,2025-W17,2
DR0243,2025-W18,1
DR0243,2025-W19,2
DR0243,2025-W20,1
DR0243,2025-W21,1
DR0243,2025-W23,1
DR0243,2025-W24,2
DR0243,2025-W25,3
DR0243,2025-W27,1
DR0243,2025-W28,2
DR0243,2025-W31,2
DR0243,2025-W32,3
DR0243,2025-W33,1
DR0243,2025-W34,1
DR0243,2025-W35,1
DR0243,2025-W36,2
DR0243,2025-W37,3
DR0243,2025-W39,3
DR0243,2025-W41,3
DR0243,2025-W42,2
DR0243,2025-W43,2
DR0243,2025-W44,2
DR0243,2025-W45,1
DR0243,2025-W46,4
DR0243,2025-W48,5
DR0243,2025-W49,2
DR0243,2025-W50,1
DR0243,2025-W51,1
DR0243,2026-W00,1
DR0243,2026-W01,2
DR0243,2026-W02,1
DR0243,2026-W03,1
DR0243,2026-W04,1
DR0243,2026-W05,1
DR0243,2026-W06,3
DR0243,2026-W07,4
DR0243,2026-W10,2
DR0243,2026-W11,1
DR0243,2026-W12,3
DR0243,2026-W13,5
DR0243,2026-W14,1
DR0243,2026-W15,1
DR0243,2026-W16,2
DR0243,2026-W17,3
DR0243,2026-W18,4
DR0243,2026-W19,3
DR0243,2026-W22,1
DR0243,2026-W23,4
DR0243,2026-W24,1
DR0243,2026-W25,1
DR0243,2026-W26,1
DR0243,2026-W27,1
DR0243,2026-W30,1
DR0243,2026-W31,2
DR0243,2026-W32,1
DR0243,2026-W33,3
DR0243,2026-W34,2
DR0243,2026-W36,2
DR0243,2026-W37,3
DR0243,2026-W38,1
DR0243,2026-W39,1
DR0244,2024-W01,3
DR0244,2024-W02,1
DR0244,2024-W04,1
DR0244,2024-W06,2
DR0244,2024-W08,1
DR0244,2024-W09,4
DR0244,2024-W11,5
DR0244,2024-W12,2
DR0244,2024-W13,2
DR0244,2024-W14,1
DR0244,2024-W15,2
DR0244,2024-W16,3
DR0244,2024-W17,1
DR0244,2024-W18,1
DR0244,2024-W19,1
DR0244,2024-W21,1
DR0244,2024-W22,3
DR0244,2024-W23,3
DR0244,2024-W24,3
DR0244,2024-W25,2
DR0244,2024-W26,2
DR0244,2024-W27,5
DR0244,2024-W28,1
DR0244,2024-W29,1
DR0244,2024-W30,1
DR0244,2024-W31,1
DR0244,2024-W32,1
DR0244,2024-W33,2
DR0244,2024-W34,3
DR0244,2024-W35,1
DR0244,2024-W36,3
DR0244,2024-W37,4
DR0244,2024-W38,4
DR0244,2024-W39,4
DR0244,2024-W40,1
DR0244,2024-W41,2
DR0244,2024-W42,2
DR0244,2024-W43,4
DR0244,2024-W44,3
DR0244,2024-W48,2
DR0244,2024-W50,2
DR0244,2024-W51,3
DR0244,2024-W52,4
DR0244,2024-W53,1
DR0244,2025-W00,1
DR0244,2025-W01,2
DR0244,2025-W02,5
DR0244,2025-W03,3
DR0244,2025-W04,2
DR0244,2025-W05,2
DR0244,2025-W06,2
DR0244,2025-W07,1
DR0244,2025-W08,1
DR0244,2025-W10,2
DR0244,2025-W11,1
DR0244,2025-W12,1
DR0244,2025-W13,1
DR0244,2025-W14,1
DR0244,2025-W15,1
DR0244,2025-W16,1
DR0244,2025-W17,2
DR0244,2025-W18,1
DR0244,2025-W19,2
DR0244,2025-W20,1
DR0244,2025-W21,2
DR0244,2025-W22,3
DR0244,2025-W24,2
DR0244,2025-W27,1
DR0244,2025-W29,4
DR0244,2025-W30,2
DR0244,2025-W31,3
DR0244,2025-W32,4
DR0244,2025-W33,1
DR0244,2025-W34,1
DR0244,2025-W35,3
DR0244,2025-W36,2
DR0244,2025-W39,3
DR0244,2025-W40,2
DR0244,2025-W42,2
DR0244,2025-W43,1
DR0244,2025-W44,2
DR0244,2025-W46,1
DR0244,2025-W47,1
DR0244,2025-W48,5
DR0244,2025-W49,3
DR0244,2025-W50,4
DR0244,2025-W51,1
DR0244,2026-W00,1
DR0244,2026-W01,2
DR0244,2026-W02,2
DR0244,2026-W03,3
DR0244,2026-W04,1
DR0244,2026-W05,2
DR0244,2026-W06,3
DR0244,2026-W07,3
DR0244,2026-W08,2
DR0244,2026-W10,2
DR0244,2026-W11,2
DR0244,2026-W12,5
DR0244,2026-W13,1
DR0244,2026-W14,2
DR0244,2026-W17,1
DR0244,2026-W18,3
DR0244,2026-W19,2
DR0244,2026-W20,3
DR0244,2026-W23,2
DR0244,2026-W24,3
DR0244,2026-W25,3
DR0244,2026-W26,1
DR0244,2026-W29,2
DR0244,2026-W30,1
DR0244,2026-W31,5
DR0244,2026-W32,3
DR0244,2026-W33,1
DR0244,2026-W34,3
DR0244,2026-W35,1
DR0244,2026-W36,1
DR0244,2026-W37,2
DR0244,2026-W38,4
DR0245,2024-W01,2
DR0245,2024-W02,3
DR0245,2024-W03,2
DR0245,2024-W04,6
DR0245,2024-W05,2
DR0245,2024-W06,1
DR0245,2024-W07,4
DR0245,2024-W08,2
DR0245,2024-W09,2
DR0245,2024-W10,1
DR0245,2024-W11,3
DR0245,2024-W12,2
DR0245,2024-W13,1
DR0245,2024-W14,1
DR0245,2024-W15,2
DR0245,2024-W16,2
DR0245,2024-W17,1
DR0245,2024-W18,2
DR0245,2024-W19,3
DR0245,2024-W20,2
DR0245,2024-W21,1
DR0245,2024-W23,2
DR0245,2024-W24,1
DR0245,2024-W25,4
DR0245,2024-W26,1
DR0245,2024-W27,4
DR0245,2024-W28,2
DR0245,2024-W29,1
DR0245,2024-W30,3
DR0245,2024-W31,1
DR0245,2024-W32,6
DR0245,2024-W34,6
DR0245,2024-W35,3
DR0245,2024-W37,1
DR0245,2024-W38,4
DR0245,2024-W39,3
DR0245,2024-W40,4
DR0245,2024-W41,2
DR0245,2024-W42,2
DR0245,2024-W43,1
DR0245,2024-W44,4
DR0245,2024-W45,1
DR0245,2024-W47,5
DR0245,2024-W48,2
DR0245,2024-W49,1
DR0245,2024-W50,5
DR0245,2024-W51,1
DR0245,2024-W52,1
DR0245,2025-W00,3
DR0245,2025-W01,2
DR0245,2025-W03,5
DR0245,2025-W05,3
DR0245,2025-W06,3
DR0245,2025-W07,3
DR0245,2025-W08,1
DR0245,2025-W09,1
DR0245,2025-W10,2
DR0245,2025-W11,2
DR0245,2025-W12,1
DR0245,2025-W13,1
DR0245,2025-W14,3
DR0245,2025-W15,2
DR0245,2025-W16,2
DR0245,2025-W17,1
DR0245,2025-W18,2
DR0245,2025-W19,1
DR0245,2025-W20,4
DR0245,2025-W21,4
DR0245,2025-W23,2
DR0245,2025-W24,3
DR0245,2025-W26,1
DR0245,2025-W27,1
DR0245,2025-W28,5
DR0245,2025-W30,3
DR0245,2025-W31,1
DR0245,2025-W32,2
DR0245,2025-W33,1
DR0245,2025-W34,1
DR0245,2025-W36,3
DR0245,2025-W37,3
DR0245,2025-W38,4
DR0245,2025-W39,2
DR0245,2025-W40,2
DR0245,2025-W41,3
DR0245,2025-W43,5
DR0245,2025-W44,2
DR0245,2025-W45,4
DR0245,2025-W46,3
DR0245,2025-W47,2
DR0245,2025-W48,2
DR0245,2025-W49,4
DR0245,2025-W50,2
DR0245,2025-W51,2
DR0245,2025-W52,2
DR0245,2026-W00,1
DR0245,2026-W01,2
DR0245,2026-W02,2
DR0245,2026-W03,1
DR0245,2026-W04,2
DR0245,2026-W05,6
DR0245,2026-W06,2
DR0245,2026-W07,2
DR0245,2026-W08,4
DR0245,2026-W09,1
DR0245,2026-W10,2
DR0245,2026-W11,2
DR0245,2026-W12,2
DR0245,2026-W13,2
DR0245,2026-W14,4
DR0245,2026-W15,1
DR0245,2026-W16,2
DR0245,2026-W17,3
DR0245,2026-W18,1
DR0245,2026-W19,1
DR0245,2026-W20,2
DR0245,2026-W22,1
DR0245,2026-W23,2
DR0245,2026-W24,2
DR0245,2026-W25,2
DR0245,2026-W26,3
DR0245,2026-W27,2
DR0245,2026-W28,2
DR0245,2026-W29,3
DR0245,2026-W30,1
DR0245,2026-W31,3
DR0245,2026-W32,3
DR0245,2026-W33,3
DR0245,2026-W34,2
DR0245,2026-W35,2
DR0245,2026-W36,3
DR0245,2026-W37,2
DR0245,2026-W38,4
DR0246,2024-W02,1
DR0246,2024-W03,2
DR0246,2024-W05,1
DR0246,2024-W10,1
DR0246,2024-W14,1
DR0246,2024-W15,1
DR0246,2024-W16,1
DR0246,2024-W20,2
DR0246,2024-W22,1
DR0246,2024-W23,1
DR0246,2024-W25,1
DR0246,2024-W26,1
DR0246,2024-W27,1
DR0246,2024-W29,1
DR0246,2024-W31,1
DR0246,2024-W32,1
DR0246,2024-W33,1
DR0246,2024-W36,2
DR0246,2024-W40,1
DR0246,2024-W43,1
DR0246,2024-W44,1
DR0246,2024-W45,2
DR0246,2024-W46,1
DR0246,2024-W51,1
DR0246,2024-W52,1
DR0246,2025-W01,1
DR0246,2025-W06,1
DR0246,2025-W07,1
DR0246,2025-W16,1
DR0246,2025-W17,2
DR0246,2025-W18,1
DR0246,2025-W21,1
DR0246,2025-W23,2
DR0246,2025-W29,1
DR0246,2025-W30,1
DR0246,2025-W34,2
DR0246,2025-W35,1
DR0246,2025-W37,1
DR0246,2025-W40,1
DR0246,2025-W43,1
DR0246,2025-W44,1
DR0246,2025-W46,2
DR0246,2025-W49,1
DR0246,2026-W03,1
DR0246,2026-W05,1
DR0246,2026-W11,1
DR0246,2026-W13,2
DR0246,2026-W14,2
DR0246,2026-W18,1
DR0246,2026-W23,1
DR0246,2026-W26,1
DR0246,2026-W31,2
DR0246,2026-W33,1
DR0246,2026-W36,2
DR0246,2026-W37,1
DR0246,2026-W38,1
DR0246,2026-W39,1
DR0247,2024-W01,2
DR0247,2024-W02,1
DR0247,2024-W03,1
DR0247,2024-W04,2
DR0247,2024-W06,1
DR0247,2024-W07,1
DR0247,2024-W08,1
DR0247,2024-W09,1
DR0247,2024-W10,1
DR0247,2024-W11,1
DR0247,2024-W12,1
DR0247,2024-W13,1
DR0247,2024-W14,1
DR0247,2024-W16,2
DR0247,2024-W19,1
DR0247,2024-W21,3
DR0247,2024-W22,1
DR0247,2024-W26,1
DR0247,2024-W27,1
DR0247,2024-W28,1
DR0247,2024-W29,1
DR0247,2024-W32,1
DR0247,2024-W34,1
DR0247,2024-W37,1
DR0247,2024-W38,1
DR0247,2024-W43,1
DR0247,2024-W44,1
DR0247,2024-W45,1
DR0247,2024-W47,1
DR0247,2024-W49,1
DR0247,2024-W52,1
DR0247,2025-W00,1
DR0247,2025-W02,2
DR0247,2025-W03,1
DR0247,2025-W06,1
DR0247,2025-W09,2
DR0247,2025-W11,1
DR0247,2025-W14,1
DR0247,2025-W19,2
DR0247,2025-W23,1
DR0247,2025-W24,1
DR0247,2025-W25,1
DR0247,2025-W26,2
DR0247,2025-W29,2
DR0247,2025-W31,2
DR0247,2025-W32,1
DR0247,2025-W34,2
DR0247,2025-W35,1
DR0247,2025-W36,1
DR0247,2025-W37,1
DR0247,2025-W38,2
DR0247,2025-W39,3
DR0247,2025-W40,1
DR0247,2025-W41,2
DR0247,2025-W43,1
DR0247,2025-W44,2
DR0247,2025-W47,1
DR0247,2026-W00,1
DR0247,2026-W01,1
DR0247,2026-W02,1
DR0247,2026-W03,1
DR0247,2026-W04,2
DR0247,2026-W06,1
DR0247,2026-W07,1
DR0247,2026-W12,2
DR0247,2026-W13,2
DR0247,2026-W17,1
DR0247,2026-W21,1
DR0247,2026-W23,1
DR0247,2026-W24,1
DR0247,2026-W26,1
DR0247,2026-W27,1
DR0247,2026-W29,1
DR0247,2026-W32,1
DR0247,2026-W35,3
DR0247,2026-W36,1
DR0247,2026-W37,4
DR0248,2024-W01,1
DR0248,2024-W02,2
DR0248,2024-W03,2
DR0248,2024-W04,1
DR0248,2024-W05,1
DR0248,2024-W06,1
DR0248,2024-W08,2
DR0248,2024-W10,1
DR0248,2024-W11,2
DR0248,2024-W12,3
DR0248,2024-W13,1
DR0248,2024-W14,1
DR0248,2024-W15,1
DR0248,2024-W16,1
DR0248,2024-W17,3
DR0248,2024-W18,1
DR0248,2024-W20,1
DR0248,2024-W26,1
DR0248,2024-W29,5
DR0248,2024-W30,1
DR0248,2024-W31,1
DR0248,2024-W36,1
DR0248,2024-W40,2
DR0248,2024-W41,2
DR0248,2024-W43,2
DR0248,2024-W44,1
DR0248,2024-W46,3
DR0248,2024-W47,1
DR0248,2024-W48,2
DR0248,2024-W49,2
DR0248,2024-W50,2
DR0248,2024-W51,2
DR0248,2025-W01,1
DR0248,2025-W02,2
DR0248,2025-W03,1
DR0248,2025-W04,1
DR0248,2025-W05,1
DR0248,2025-W08,1
DR0248,2025-W09,1
DR0248,2025-W10,1
DR0248,2025-W11,2
DR0248,2025-W16,1
DR0248,2025-W17,1
DR0248,2025-W22,1
DR0248,2025-W23,1
DR0248,2025-W25,1
DR0248,2025-W27,1
DR0248,2025-W29,1
DR0248,2025-W30,1
DR0248,2025-W31,1
DR0248,2025-W32,1
DR0248,2025-W33,1
DR0248,2025-W34,1
DR0248,2025-W35,1
DR0248,2025-W36,2
DR0248,2025-W37,1
DR0248,2025-W40,1
DR0248,2025-W42,2
DR0248,2025-W45,2
DR0248,2025-W47,2
DR0248,2025-W48,2
DR0248,2025-W51,1
DR0248,2026-W00,1
DR0248,2026-W02,3
DR0248,2026-W03,1
DR0248,2026-W04,1
DR0248,2026-W05,1
DR0248,2026-W10,1
DR0248,2026-W11,1
DR0248,2026-W12,2
DR0248,2026-W13,1
DR0248,2026-W16,2
DR0248,2026-W17,1
DR0248,2026-W18,2
DR0248,2026-W22,2
DR0248,2026-W25,1
DR0248,2026-W27,1
DR0248,2026-W30,2
DR0248,2026-W31,1
DR0248,2026-W35,1
DR0248,2026-W36,1
DR0248,2026-W37,1
DR0248,2026-W38,1
DR0249,2024-W02,1
DR0249,2024-W03,1
DR0249,2024-W04,1
DR0249,2024-W05,2
DR0249,2024-W06,2
DR0249,2024-W08,1
DR0249,2024-W09,1
DR0249,2024-W10,2
DR0249,2024-W14,1
DR0249,2024-W15,2
DR0249,2024-W19,1
DR0249,2024-W21,2
DR0249,2024-W22,1
DR0249,2024-W23,1
DR0249,2024-W25,2
DR0249,2024-W26,2
DR0249,2024-W30,1
DR0249,2024-W31,2
DR0249,2024-W34,1
DR0249,2024-W37,1
DR0249,2024-W38,1
DR0249,2024-W39,1
DR0249,2024-W40,2
DR0249,2024-W42,1
DR0249,2024-W44,2
DR0249,2024-W45,1
DR0249,2024-W46,1
DR0249,2024-W48,3
DR0249,2024-W49,1
DR0249,2024-W50,1
DR0249,2024-W51,2
DR0249,2024-W52,2
DR0249,2024-W53,1
DR0249,2025-W01,3
DR0249,2025-W02,1
DR0249,2025-W03,1
DR0249,2025-W04,2
DR0249,2025-W06,1
DR0249,2025-W07,1
DR0249,2025-W08,1
DR0249,2025-W09,2
DR0249,2025-W10,2
DR0249,2025-W12,1
DR0249,2025-W13,2
DR0249,2025-W14,2
DR0249,2025-W15,2
DR0249,2025-W16,2
DR0249,2025-W17,2
DR0249,2025-W19,2
DR0249,2025-W21,1
DR0249,2025-W23,3
DR0249,2025-W24,2
DR0249,2025-W25,1
DR0249,2025-W26,1
DR0249,2025-W27,1
DR0249,2025-W29,2
DR0249,2025-W30,3
DR0249,2025-W31,3
DR0249,2025-W34,1
DR0249,2025-W35,1
DR0249,2025-W36,1
DR0249,2025-W38,2
DR0249,2025-W39,2
DR0249,2025-W40,2
DR0249,2025-W41,2
DR0249,2025-W42,1
DR0249,2025-W43,2
DR0249,2025-W45,1
DR0249,2025-W46,2
DR0249,2025-W48,2
DR0249,2025-W49,1
DR0249,2025-W51,2
DR0249,2026-W00,1
DR0249,2026-W01,1
DR0249,2026-W02,1
DR0249,2026-W04,1
DR0249,2026-W06,1
DR0249,2026-W08,1
DR0249,2026-W09,1
DR0249,2026-W11,1
DR0249,2026-W12,1
DR0249,2026-W14,5
DR0249,2026-W16,1
DR0249,2026-W17,2
DR0249,2026-W19,1
DR0249,2026-W20,1
DR0249,2026-W21,3
DR0249,2026-W22,1
DR0249,2026-W23,1
DR0249,2026-W24,1
DR0249,2026-W26,2
DR0249,2026-W32,1
DR0249,2026-W33,1
DR0249,2026-W34,1
DR0249,2026-W36,1
DR0249,2026-W38,1
DR0250,2024-W01,2
DR0250,2024-W02,2
DR0250,2024-W03,1
DR0250,2024-W04,1
DR0250,2024-W05,1
DR0250,2024-W06,2
DR0250,2024-W07,1
DR0250,2024-W09,1
DR0250,2024-W10,2
DR0250,2024-W12,1
DR0250,2024-W13,1
DR0250,2024-W14,1
DR0250,2024-W15,1
DR0250,2024-W16,3
DR0250,2024-W17,1
DR0250,2024-W18,1
DR0250,2024-W19,2
DR0250,2024-W20,3
DR0250,2024-W23,1
DR0250,2024-W27,2
DR0250,2024-W28,1
DR0250,2024-W29,2
DR0250,2024-W30,1
DR0250,2024-W31,1
DR0250,2024-W33,2
DR0250,2024-W35,1
DR0250,2024-W36,1
DR0250,2024-W37,3
DR0250,2024-W39,2
DR0250,2024-W40,1
DR0250,2024-W42,2
DR0250,2024-W43,1
DR0250,2024-W44,1
DR0250,2024-W46,2
DR0250,2024-W47,3
DR0250,2024-W48,1
DR0250,2024-W49,1
DR0250,2024-W50,1
DR0250,2024-W53,1
DR0250,2025-W00,1
DR0250,2025-W01,1
DR0250,2025-W02,2
DR0250,2025-W03,1
DR0250,2025-W04,2
DR0250,2025-W05,1
DR0250,2025-W06,3
DR0250,2025-W07,1
DR0250,2025-W08,2
DR0250,2025-W10,1
DR0250,2025-W11,7
DR0250,2025-W12,1
DR0250,2025-W13,3
DR0250,2025-W14,2
DR0250,2025-W19,1
DR0250,2025-W20,3
DR0250,2025-W21,1
DR0250,2025-W22,2
DR0250,2025-W23,2
DR0250,2025-W24,1
DR0250,2025-W25,2
DR0250,2025-W26,1
DR0250,2025-W28,1
DR0250,2025-W29,3
DR0250,2025-W33,2
DR0250,2025-W34,2
DR0250,2025-W35,2
DR0250,2025-W38,2
DR0250,2025-W39,1
DR0250,2025-W41,1
DR0250,2025-W43,1
DR0250,2025-W44,1
DR0250,2025-W47,1
DR0250,2025-W48,1
DR0250,2025-W49,1
DR0250,2025-W51,2
DR0250,2026-W01,4
DR0250,2026-W02,3
DR0250,2026-W03,2
DR0250,2026-W06,2
DR0250,2026-W07,1
DR0250,2026-W08,1
DR0250,2026-W12,2
DR0250,2026-W15,1
DR0250,2026-W16,2
DR0250,2026-W17,2
DR0250,2026-W19,1
DR0250,2026-W20,1
DR0250,2026-W21,1
DR0250,2026-W24,2
DR0250,2026-W26,3
DR0250,2026-W27,5
DR0250,2026-W29,1
DR0250,2026-W30,1
DR0250,2026-W32,3
DR0250,2026-W34,1
DR0250,2026-W35,1
DR0250,2026-W36,1
DR0250,2026-W37,1
DR0250,2026-W38,1
DR0251,2024-W01,3
DR0251,2024-W02,3
DR0251,2024-W03,3
DR0251,2024-W04,2
DR0251,2024-W05,2
DR0251,2024-W06,1
DR0251,2024-W07,4
DR0251,2024-W08,3
DR0251,2024-W09,2
DR0251,2024-W10,1
DR0251,2024-W11,4
DR0251,2024-W12,3
DR0251,2024-W13,2
DR0251,2024-W14,1
DR0251,2024-W15,2
DR0251,2024-W16,2
DR0251,2024-W17,3
DR0251,2024-W18,3
DR0251,2024-W21,1
DR0251,2024-W22,2
DR0251,2024-W23,1
DR0251,2024-W24,1
DR0251,2024-W25,2
DR0251,2024-W26,1
DR0251,2024-W27,2
DR0251,2024-W29,2
DR0251,2024-W31,1
DR0251,2024-W32,1
DR0251,2024-W33,5
DR0251,2024-W34,2
DR0251,2024-W35,1
DR0251,2024-W36,1
DR0251,2024-W37,5
DR0251,2024-W38,3
DR0251,2024-W39,6
DR0251,2024-W40,2
DR0251,2024-W41,1
DR0251,2024-W42,1
DR0251,2024-W44,1
DR0251,2024-W46,3
DR0251,2024-W47,1
DR0251,2024-W48,1
DR0251,2024-W49,1
DR0251,2024-W50,4
DR0251,2024-W51,3
DR0251,2024-W52,1
DR0251,2025-W01,3
DR0251,2025-W03,5
DR0251,2025-W04,1
DR0251,2025-W05,2
DR0251,2025-W06,2
DR0251,2025-W07,3
DR0251,2025-W08,6
DR0251,2025-W09,3
DR0251,2025-W10,2
DR0251,2025-W11,2
DR0251,2025-W12,2
DR0251,2025-W13,1
DR0251,2025-W14,2
DR0251,2025-W15,1
DR0251,2025-W16,3
DR0251,2025-W17,1
DR0251,2025-W20,3
DR0251,2025-W21,1
DR0251,2025-W22,4
DR0251,2025-W23,2
DR0251,2025-W24,2
DR0251,2025-W25,3
DR0251,2025-W26,2
DR0251,2025-W27,1
DR0251,2025-W29,2
DR0251,2025-W30,3
DR0251,2025-W31,1
DR0251,2025-W33,3
DR0251,2025-W34,1
DR0251,2025-W35,4
DR0251,2025-W36,2
DR0251,2025-W37,1
DR0251,2025-W38,1
DR0251,2025-W39,2
DR0251,2025-W40,1
DR0251,2025-W41,1
DR0251,2025-W42,1
DR0251,2025-W43,4
DR0251,2025-W44,4
DR0251,2025-W45,3
DR0251,2025-W46,3
DR0251,2025-W47,2
DR0251,2025-W48,4
DR0251,2025-W49,3
DR0251,2025-W50,1
DR0251,2025-W51,2
DR0251,2026-W01,5
DR0251,2026-W02,2
DR0251,2026-W03,1
DR0251,2026-W04,1
DR0251,2026-W05,5
DR0251,2026-W06,3
DR0251,2026-W07,3
DR0251,2026-W08,1
DR0251,2026-W11,2
DR0251,2026-W12,1
DR0251,2026-W13,1
DR0251,2026-W14,2
DR0251,2026-W15,4
DR0251,2026-W16,4
DR0251,2026-W17,2
DR0251,2026-W19,4
DR0251,2026-W20,2
DR0251,2026-W21,4
DR0251,2026-W22,3
DR0251,2026-W23,2
DR0251,2026-W24,4
DR0251,2026-W25,2
DR0251,2026-W26,2
DR0251,2026-W27,3
DR0251,2026-W28,1
DR0251,2026-W30,2
DR0251,2026-W31,2
DR0251,2026-W32,2
DR0251,2026-W33,3
DR0251,2026-W34,3
DR0251,2026-W35,1
DR0251,2026-W36,2
DR0251,2026-W37,1
DR0251,2026-W38,2
DR0252,2024-W04,2
DR0252,2024-W05,1
DR0252,2024-W06,1
DR0252,2024-W08,1
DR0252,2024-W09,1
DR0252,2024-W12,1
DR0252,2024-W14,1
DR0252,2024-W17,2
DR0252,2024-W19,1
DR0252,2024-W24,1
DR0252,2024-W32,1
DR0252,2024-W34,1
DR0252,2024-W35,1
DR0252,2024-W37,2
DR0252,2024-W40,1
DR0252,2024-W46,1
DR0252,2024-W50,1
DR0252,2024-W53,1
DR0252,2025-W01,1
DR0252,2025-W02,1
DR0252,2025-W05,2
DR0252,2025-W13,1
DR0252,2025-W16,1
DR0252,2025-W17,1
DR0252,2025-W19,1
DR0252,2025-W20,1
DR0252,2025-W22,1
DR0252,2025-W25,1
DR0252,2025-W29,1
DR0252,2025-W31,1
DR0252,2025-W34,1
DR0252,2025-W40,1
DR0252,2025-W42,1
DR0252,2025-W46,1
DR0252,2025-W50,1
DR0252,2025-W51,1
DR0252,2026-W01,1
DR0252,2026-W04,1
DR0252,2026-W05,2
DR0252,2026-W07,1
DR0252,2026-W13,1
DR0252,2026-W15,1
DR0252,2026-W16,1
DR0252,2026-W18,1
DR0252,2026-W20,1
DR0252,2026-W21,1
DR0252,2026-W26,1
DR0252,2026-W31,2
DR0252,2026-W33,1
DR0252,2026-W35,1
DR0252,2026-W38,1
DR0253,2024-W01,2
DR0253,2024-W02,1
DR0253,2024-W03,2
DR0253,2024-W05,1
DR0253,2024-W07,2
DR0253,2024-W09,2
DR0253,2024-W11,1
DR0253,2024-W13,2
DR0253,2024-W15,2
DR0253,2024-W16,1
DR0253,2024-W18,1
DR0253,2024-W28,1
DR0253,2024-W30,1
DR0253,2024-W31,3
DR0253,2024-W33,1
DR0253,2024-W36,2
DR0253,2024-W38,1
DR0253,2024-W39,1
DR0253,2024-W40,2
DR0253,2024-W41,1
DR0253,2024-W42,2
DR0253,2024-W43,1
DR0253,2024-W44,1
DR0253,2024-W46,2
DR0253,2024-W47,1
DR0253,2024-W48,2
DR0253,2024-W49,1
DR0253,2025-W00,1
DR0253,2025-W01,1
DR0253,2025-W02,1
DR0253,2025-W03,2
DR0253,2025-W05,1
DR0253,2025-W07,1
DR0253,2025-W08,1
DR0253,2025-W09,2
DR0253,2025-W11,3
DR0253,2025-W13,2
DR0253,2025-W15,1
DR0253,2025-W16,1
DR0253,2025-W17,1
DR0253,2025-W20,1
DR0253,2025-W22,2
DR0253,2025-W23,1
DR0253,2025-W27,1
DR0253,2025-W28,2
DR0253,2025-W29,2
DR0253,2025-W30,1
DR0253,2025-W33,2
DR0253,2025-W35,1
DR0253,2025-W36,1
DR0253,2025-W37,1
DR0253,2025-W39,3
DR0253,2025-W40,1
DR0253,2025-W42,1
DR0253,2025-W43,1
DR0253,2025-W46,3
DR0253,2025-W47,3
DR0253,2025-W49,1
DR0253,2025-W50,4
DR0253,2025-W51,1
DR0253,2025-W52,1
DR0253,2026-W00,2
DR0253,2026-W01,2
DR0253,2026-W02,1
DR0253,2026-W04,2
DR0253,2026-W05,1
DR0253,2026-W06,1
DR0253,2026-W09,1
DR0253,2026-W10,1
DR0253,2026-W11,1
DR0253,2026-W13,2
DR0253,2026-W15,1
DR0253,2026-W16,1
DR0253,2026-W17,4
DR0253,2026-W19,2
DR0253,2026-W21,2
DR0253,2026-W24,1
DR0253,2026-W25,1
DR0253,2026-W26,1
DR0253,2026-W28,1
DR0253,2026-W29,2
DR0253,2026-W30,1
DR0253,2026-W31,3
DR0253,2026-W33,2
DR0253,2026-W35,2
DR0253,2026-W36,1
DR0253,2026-W37,3
DR0254,2024-W02,1
DR0254,2024-W07,1
DR0254,2024-W08,2
DR0254,2024-W13,1
DR0254,2024-W15,1
DR0254,2024-W17,1
DR0254,2024-W23,1
DR0254,2024-W24,1
DR0254,2024-W28,1
DR0254,2024-W34,1
DR0254,2024-W36,2
DR0254,2024-W40,1
DR0254,2025-W02,1
DR0254,2025-W08,1
DR0254,2025-W09,1
DR0254,2025-W12,1
DR0254,2025-W14,1
DR0254,2025-W16,1
DR0254,2025-W20,1
DR0254,2025-W23,2
DR0254,2025-W26,4
DR0254,2025-W27,1
DR0254,2025-W28,1
DR0254,2025-W30,1
DR0254,2025-W34,1
DR0254,2025-W35,1
DR0254,2025-W36,1
DR0254,2025-W39,2
DR0254,2025-W42,3
DR0254,2025-W43,1
DR0254,2025-W48,2
DR0254,2025-W51,1
DR0254,2026-W11,1
DR0254,2026-W12,1
DR0254,2026-W13,1
DR0254,2026-W27,1
DR0254,2026-W36,2
DR0254,2026-W37,1
DR0255,2024-W05,1
DR0255,2024-W06,1
DR0255,2024-W09,1
DR0255,2024-W11,2
DR0255,2024-W12,1
DR0255,2024-W14,1
DR0255,2024-W16,1
DR0255,2024-W17,1
DR0255,2024-W18,1
DR0255,2024-W19,1
DR0255,2024-W20,1
DR0255,2024-W25,1
DR0255,2024-W26,1
DR0255,2024-W27,1
DR0255,2024-W30,1
DR0255,2024-W31,2
DR0255,2024-W32,2
DR0255,2024-W35,1
DR0255,2024-W39,1
DR0255,2024-W43,1
DR0255,2024-W46,1
DR0255,2024-W47,3
DR0255,2024-W50,1
DR0255,2024-W51,1
DR0255,2024-W52,3
DR0255,2025-W00,1
DR0255,2025-W02,1
DR0255,2025-W05,1
DR0255,2025-W08,1
DR0255,2025-W16,2
DR0255,2025-W17,1
DR0255,2025-W18,1
DR0255,2025-W24,1
DR0255,2025-W26,1
DR0255,2025-W29,1
DR0255,2025-W33,1
DR0255,2025-W34,2
DR0255,2025-W37,1
DR0255,2025-W39,1
DR0255,2025-W43,3
DR0255,2025-W44,1
DR0255,2025-W47,2
DR0255,2025-W49,1
DR0255,2025-W50,2
DR0255,2025-W51,1
DR0255,2026-W04,1
DR0255,2026-W05,1
DR0255,2026-W06,1
DR0255,2026-W07,1
DR0255,2026-W08,2
DR0255,2026-W09,1
DR0255,2026-W10,2
DR0255,2026-W13,1
DR0255,2026-W17,1
DR0255,2026-W18,1
DR0255,2026-W19,1
DR0255,2026-W20,1
DR0255,2026-W21,1
DR0255,2026-W22,1
DR0255,2026-W25,1
DR0255,2026-W26,1
DR0255,2026-W27,1
DR0255,2026-W29,1
DR0255,2026-W30,1
DR0255,2026-W31,1
DR0255,2026-W34,1
DR0255,2026-W35,1
DR0255,2026-W37,1
DR0256,2024-W04,3
DR0256,2024-W14,1
DR0256,2024-W15,1
DR0256,2024-W16,2
DR0256,2024-W17,1
DR0256,2024-W22,1
DR0256,2024-W23,1
DR0256,2024-W28,1
DR0256,2024-W36,1
DR0256,2024-W37,1
DR0256,2024-W40,2
DR0256,2024-W41,1
DR0256,2024-W44,2
DR0256,2024-W46,1
DR0256,2024-W49,1
DR0256,2025-W02,2
DR0256,2025-W06,1
DR0256,2025-W11,1
DR0256,2025-W18,1
DR0256,2025-W19,1
DR0256,2025-W21,1
DR0256,2025-W22,1
DR0256,2025-W25,1
DR0256,2025-W27,1
DR0256,2025-W31,1
DR0256,2025-W33,1
DR0256,2025-W34,1
DR0256,2025-W35,1
DR0256,2025-W40,2
DR0256,2025-W43,1
DR0256,2025-W48,1
DR0256,2025-W49,1
DR0256,2025-W51,2
DR0256,2026-W14,1
DR0256,2026-W22,2
DR0256,2026-W32,1
DR0256,2026-W35,1
DR0256,2026-W38,1
DR0257,2024-W01,1
DR0257,2024-W02,1
DR0257,2024-W03,1
DR0257,2024-W04,2
DR0257,2024-W05,3
DR0257,2024-W06,1
DR0257,2024-W07,3
DR0257,2024-W08,1
DR0257,2024-W09,1
DR0257,2024-W10,1
DR0257,2024-W11,1
DR0257,2024-W12,2
DR0257,2024-W14,3
DR0257,2024-W15,1
DR0257,2024-W16,1
DR0257,2024-W17,2
DR0257,2024-W18,1
DR0257,2024-W19,1
DR0257,2024-W21,3
DR0257,2024-W22,3
DR0257,2024-W24,2
DR0257,2024-W27,4
DR0257,2024-W30,1
DR0257,2024-W32,3
DR0257,2024-W34,1
DR0257,2024-W35,2
DR0257,2024-W37,2
DR0257,2024-W40,1
DR0257,2024-W41,1
DR0257,2024-W42,3
DR0257,2024-W43,1
DR0257,2024-W47,2
DR0257,2024-W48,1
DR0257,2024-W52,2
DR0257,2025-W00,2
DR0257,2025-W01,1
DR0257,2025-W02,2
DR0257,2025-W04,3
DR0257,2025-W05,1
DR0257,2025-W06,1
DR0257,2025-W08,1
DR0257,2025-W10,2
DR0257,2025-W12,2
DR0257,2025-W13,1
DR0257,2025-W14,1
DR0257,2025-W15,4
DR0257,2025-W16,1
DR0257,2025-W17,1
DR0257,2025-W18,1
DR0257,2025-W19,1
DR0257,2025-W20,2
DR0257,2025-W22,1
DR0257,2025-W25,1
DR0257,2025-W27,1
DR0257,2025-W28,1
DR0257,2025-W29,1
DR0257,2025-W30,1
DR0257,2025-W33,2
DR0257,2025-W34,2
DR0257,2025-W37,1
DR0257,2025-W38,1
DR0257,2025-W39,2
DR0257,2025-W40,1
DR0257,2025-W41,2
DR0257,2025-W43,1
DR0257,2025-W44,2
DR0257,2025-W46,1
DR0257,2025-W47,3
DR0257,2025-W48,1
DR0257,2025-W51,1
DR0257,2026-W00,1
DR0257,2026-W03,1
DR0257,2026-W04,3
DR0257,2026-W05,2
DR0257,2026-W06,1
DR0257,2026-W07,1
DR0257,2026-W08,4
DR0257,2026-W09,2
DR0257,2026-W12,2
DR0257,2026-W14,1
DR0257,2026-W17,1
DR0257,2026-W18,1
DR0257,2026-W19,3
DR0257,2026-W20,2
DR0257,2026-W21,2
DR0257,2026-W22,1
DR0257,2026-W23,1
DR0257,2026-W24,4
DR0257,2026-W25,2
DR0257,2026-W26,2
DR0257,2026-W27,1
DR0257,2026-W28,3
DR0257,2026-W29,3
DR0257,2026-W30,3
DR0257,2026-W34,1
DR0257,2026-W36,2
DR0257,2026-W37,1
DR0257,2026-W38,1
DR0258,2024-W01,1
DR0258,2024-W03,1
DR0258,2024-W04,1
DR0258,2024-W06,1
DR0258,2024-W07,1
DR0258,2024-W10,6
DR0258,2024-W11,2
DR0258,2024-W15,1
DR0258,2024-W16,1
DR0258,2024-W19,1
DR0258,2024-W20,2
DR0258,2024-W22,2
DR0258,2024-W24,2
DR0258,2024-W26,1
DR0258,2024-W29,2
DR0258,2024-W32,2
DR0258,2024-W34,1
DR0258,2024-W35,1
DR0258,2024-W38,1
DR0258,2024-W39,1
DR0258,2024-W40,1
DR0258,2024-W41,2
DR0258,2024-W42,1
DR0258,2024-W44,2
DR0258,2024-W46,2
DR0258,2024-W48,1
DR0258,2024-W49,1
DR0258,2024-W51,1
DR0258,2025-W01,1
DR0258,2025-W02,1
DR0258,2025-W06,1
DR0258,2025-W07,1
DR0258,2025-W08,1
DR0258,2025-W11,1
DR0258,2025-W13,1
DR0258,2025-W14,2
DR0258,2025-W15,1
DR0258,2025-W17,1
DR0258,2025-W18,1
DR0258,2025-W20,1
DR0258,2025-W21,1
DR0258,2025-W23,1
DR0258,2025-W26,2
DR0258,2025-W27,1
DR0258,2025-W29,1
DR0258,2025-W35,2
DR0258,2025-W37,1
DR0258,2025-W39,2
DR0258,2025-W41,1
DR0258,2025-W42,1
DR0258,2025-W44,2
DR0258,2025-W45,1
DR0258,2025-W47,1
DR0258,2025-W48,1
DR0258,2025-W49,1
DR0258,2025-W50,2
DR0258,2025-W52,1
DR0258,2026-W02,1
DR0258,2026-W08,2
DR0258,2026-W09,1
DR0258,2026-W10,2
DR0258,2026-W11,1
DR0258,2026-W12,1
DR0258,2026-W14,1
DR0258,2026-W15,1
DR0258,2026-W19,2
DR0258,2026-W22,1
DR0258,2026-W23,2
DR0258,2026-W26,1
DR0258,2026-W28,1
DR0258,2026-W31,1
DR0258,2026-W32,3
DR0258,2026-W33,1
DR0258,2026-W34,1
DR0258,2026-W35,1
DR0258,2027-W44,1
DR0259,2024-W03,1
DR0259,2024-W04,1
DR0259,2024-W05,2
DR0259,2024-W06,4
DR0259,2024-W07,1
DR0259,2024-W08,1
DR0259,2024-W11,3
DR0259,2024-W12,2
DR0259,2024-W13,2
DR0259,2024-W14,2
DR0259,2024-W15,4
DR0259,2024-W16,2
DR0259,2024-W18,2
DR0259,2024-W20,2
DR0259,2024-W21,1
DR0259,2024-W22,1
DR0259,2024-W23,4
DR0259,2024-W24,1
DR0259,2024-W26,2
DR0259,2024-W27,2
DR0259,2024-W28,1
DR0259,2024-W29,4
DR0259,2024-W31,1
DR0259,2024-W33,1
DR0259,2024-W34,2
DR0259,2024-W35,2
DR0259,2024-W36,1
DR0259,2024-W38,1
DR0259,2024-W40,2
DR0259,2024-W41,1
DR0259,2024-W42,2
DR0259,2024-W43,3
DR0259,2024-W44,3
DR0259,2024-W45,2
DR0259,2024-W46,1
DR0259,2024-W47,1
DR0259,2024-W50,5
DR0259,2024-W51,2
DR0259,2024-W53,1
DR0259,2025-W00,3
DR0259,2025-W04,2
DR0259,2025-W06,1
DR0259,2025-W07,2
DR0259,2025-W08,1
DR0259,2025-W09,1
DR0259,2025-W12,1
DR0259,2025-W14,1
DR0259,2025-W15,2
DR0259,2025-W16,1
DR0259,2025-W17,2
DR0259,2025-W18,1
DR0259,2025-W19,3
DR0259,2025-W20,1
DR0259,2025-W21,2
DR0259,2025-W23,2
DR0259,2025-W25,1
DR0259,2025-W26,1
DR0259,2025-W29,1
DR0259,2025-W30,2
DR0259,2025-W31,1
DR0259,2025-W32,2
DR0259,2025-W33,1
DR0259,2025-W35,1
DR0259,2025-W36,2
DR0259,2025-W37,2
DR0259,2025-W38,2
DR0259,2025-W39,1
DR0259,2025-W40,3
DR0259,2025-W41,3
DR0259,2025-W42,1
DR0259,2025-W43,1
DR0259,2025-W46,2
DR0259,2025-W47,3
DR0259,2025-W48,1
DR0259,2025-W49,2
DR0259,2025-W50,2
DR0259,2026-W00,2
DR0259,2026-W01,2
DR0259,2026-W02,1
DR0259,2026-W03,1
DR0259,2026-W04,1
DR0259,2026-W06,4
DR0259,2026-W08,3
DR0259,2026-W13,1
DR0259,2026-W16,1
DR0259,2026-W17,4
DR0259,2026-W18,3
DR0259,2026-W21,3
DR0259,2026-W22,2
DR0259,2026-W23,1
DR0259,2026-W24,1
DR0259,2026-W26,3
DR0259,2026-W27,3
DR0259,2026-W28,3
DR0259,2026-W31,2
DR0259,2026-W32,3
DR0259,2026-W33,2
DR0259,2026-W34,2
DR0259,2026-W36,3
DR0259,2026-W38,2
DR0259,2026-W39,1
DR0260,2024-W03,1
DR0260,2024-W06,2
DR0260,2024-W08,1
DR0260,2024-W11,1
DR0260,2024-W14,1
DR0260,2024-W16,2
DR0260,2024-W20,3
DR0260,2024-W22,2
DR0260,2024-W23,1
DR0260,2024-W28,1
DR0260,2024-W30,3
DR0260,2024-W34,1
DR0260,2024-W35,1
DR0260,2024-W38,1
DR0260,2024-W39,1
DR0260,2024-W40,2
DR0260,2024-W42,1
DR0260,2024-W45,1
DR0260,2024-W46,1
DR0260,2024-W47,2
DR0260,2024-W50,1
DR0260,2024-W52,1
DR0260,2024-W53,1
DR0260,2025-W01,1
DR0260,2025-W02,1
DR0260,2025-W06,1
DR0260,2025-W11,1
DR0260,2025-W12,2
DR0260,2025-W14,1
DR0260,2025-W18,1
DR0260,2025-W20,1
DR0260,2025-W23,1
DR0260,2025-W25,1
DR0260,2025-W29,1
DR0260,2025-W31,1
DR0260,2025-W32,1
DR0260,2025-W35,2
DR0260,2025-W39,1
DR0260,2025-W40,1
DR0260,2025-W44,1
DR0260,2025-W45,2
DR0260,2025-W47,1
DR0260,2025-W48,1
DR0260,2025-W49,1
DR0260,2025-W51,1
DR0260,2026-W03,1
DR0260,2026-W04,1
DR0260,2026-W08,2
DR0260,2026-W10,1
DR0260,2026-W18,1
DR0260,2026-W21,1
DR0260,2026-W25,1
DR0260,2026-W27,1
DR0260,2026-W28,1
DR0260,2026-W29,1
DR0260,2026-W30,2
DR0260,2026-W31,1
DR0260,2026-W38,1
DR0261,2024-W01,1
DR0261,2024-W02,3
DR0261,2024-W04,1
DR0261,2024-W05,1
DR0261,2024-W08,3
DR0261,2024-W09,3
DR0261,2024-W10,1
DR0261,2024-W11,4
DR0261,2024-W12,1
DR0261,2024-W13,2
DR0261,2024-W16,1
DR0261,2024-W17,1
DR0261,2024-W18,1
DR0261,2024-W19,2
DR0261,2024-W20,1
DR0261,2024-W21,1
DR0261,2024-W22,2
DR0261,2024-W23,2
DR0261,2024-W24,2
DR0261,2024-W25,1
DR0261,2024-W26,2
DR0261,2024-W28,1
DR0261,2024-W29,1
DR0261,2024-W30,2
DR0261,2024-W31,1
DR0261,2024-W33,3
DR0261,2024-W34,2
DR0261,2024-W35,1
DR0261,2024-W37,1
DR0261,2024-W38,2
DR0261,2024-W39,2
DR0261,2024-W41,1
DR0261,2024-W45,2
DR0261,2024-W46,2
DR0261,2024-W47,1
DR0261,2024-W48,2
DR0261,2024-W49,1
DR0261,2024-W50,1
DR0261,2024-W53,2
DR0261,2025-W00,1
DR0261,2025-W01,1
DR0261,2025-W04,4
DR0261,2025-W05,3
DR0261,2025-W07,1
DR0261,2025-W08,4
DR0261,2025-W10,6
DR0261,2025-W11,1
DR0261,2025-W12,1
DR0261,2025-W13,2
DR0261,2025-W14,2
DR0261,2025-W16,2
DR0261,2025-W19,1
DR0261,2025-W20,2
DR0261,2025-W21,1
DR0261,2025-W24,2
DR0261,2025-W25,2
DR0261,2025-W26,3
DR0261,2025-W27,1
DR0261,2025-W28,1
DR0261,2025-W29,1
DR0261,2025-W30,1
DR0261,2025-W32,2
DR0261,2025-W33,1
DR0261,2025-W34,3
DR0261,2025-W35,1
DR0261,2025-W36,3
DR0261,2025-W39,2
DR0261,2025-W41,1
DR0261,2025-W45,1
DR0261,2025-W46,2
DR0261,2025-W47,3
DR0261,2025-W50,1
DR0261,2025-W51,4
DR0261,2026-W00,1
DR0261,2026-W01,1
DR0261,2026-W03,1
DR0261,2026-W04,2
DR0261,2026-W05,2
DR0261,2026-W07,3
DR0261,2026-W08,2
DR0261,2026-W09,1
DR0261,2026-W10,1
DR0261,2026-W11,1
DR0261,2026-W14,1
DR0261,2026-W15,2
DR0261,2026-W18,2
DR0261,2026-W21,3
DR0261,2026-W22,2
DR0261,2026-W23,1
DR0261,2026-W24,2
DR0261,2026-W25,1
DR0261,2026-W26,1
DR0261,2026-W27,2
DR0261,2026-W28,1
DR0261,2026-W29,1
DR0261,2026-W31,3
DR0261,2026-W32,1
DR0261,2026-W33,2
DR0261,2026-W34,2
DR0261,2026-W35,1
DR0262,2024-W01,1
DR0262,2024-W02,1
DR0262,2024-W03,1
DR0262,2024-W04,2
DR0262,2024-W05,2
DR0262,2024-W06,2
DR0262,2024-W08,1
DR0262,2024-W09,1
DR0262,2024-W13,2
DR0262,2024-W14,1
DR0262,2024-W15,2
DR0262,2024-W16,1
DR0262,2024-W17,1
DR0262,2024-W20,2
DR0262,2024-W21,1
DR0262,2024-W22,1
DR0262,2024-W23,1
DR0262,2024-W24,1
DR0262,2024-W26,1
DR0262,2024-W27,1
DR0262,2024-W28,1
DR0262,2024-W29,1
DR0262,2024-W32,1
DR0262,2024-W34,1
DR0262,2024-W36,1
DR0262,2024-W37,1
DR0262,2024-W38,1
DR0262,2024-W41,1
DR0262,2024-W46,1
DR0262,2024-W48,2
DR0262,2024-W49,2
DR0262,2024-W50,2
DR0262,2024-W51,2
DR0262,2024-W52,1
DR0262,2025-W00,1
DR0262,2025-W01,2
DR0262,2025-W03,2
DR0262,2025-W05,2
DR0262,2025-W07,3
DR0262,2025-W09,2
DR0262,2025-W12,1
DR0262,2025-W14,3
DR0262,2025-W15,1
DR0262,2025-W19,1
DR0262,2025-W21,2
DR0262,2025-W23,2
DR0262,2025-W26,1
DR0262,2025-W28,1
DR0262,2025-W29,2
DR0262,2025-W30,3
DR0262,2025-W31,1
DR0262,2025-W32,1
DR0262,2025-W35,1
DR0262,2025-W37,2
DR0262,2025-W38,2
DR0262,2025-W39,1
DR0262,2025-W40,1
DR0262,2025-W43,1
DR0262,2025-W44,1
DR0262,2025-W46,2
DR0262,2025-W47,1
DR0262,2025-W48,4
DR0262,2026-W00,2
DR0262,2026-W01,1
DR0262,2026-W03,1
DR0262,2026-W05,1
DR0262,2026-W07,1
DR0262,2026-W08,1
DR0262,2026-W09,2
DR0262,2026-W11,3
DR0262,2026-W14,1
DR0262,2026-W15,1
DR0262,2026-W16,1
DR0262,2026-W18,1
DR0262,2026-W20,1
DR0262,2026-W21,1
DR0262,2026-W22,2
DR0262,2026-W23,3
DR0262,2026-W25,1
DR0262,2026-W30,1
DR0262,2026-W31,1
DR0262,2026-W33,1
DR0262,2026-W34,1
DR0262,2026-W36,1
DR0262,2026-W37,2
DR0263,2024-W01,4
DR0263,2024-W02,4
DR0263,2024-W03,7
DR0263,2024-W04,4
DR0263,2024-W05,7
DR0263,2024-W06,3
DR0263,2024-W07,1
DR0263,2024-W08,6
DR0263,2024-W09,1
DR0263,2024-W10,3
DR0263,2024-W11,4
DR0263,2024-W12,3
DR0263,2024-W13,3
DR0263,2024-W14,2
DR0263,2024-W15,6
DR0263,2024-W16,2
DR0263,2024-W17,4
DR0263,2024-W18,4
DR0263,2024-W19,4
DR0263,2024-W20,2
DR0263,2024-W21,2
DR0263,2024-W22,1
DR0263,2024-W23,1
DR0263,2024-W24,3
DR0263,2024-W25,8
DR0263,2024-W26,4
DR0263,2024-W27,3
DR0263,2024-W28,2
DR0263,2024-W29,3
DR0263,2024-W30,2
DR0263,2024-W31,2
DR0263,2024-W32,4
DR0263,2024-W33,4
DR0263,2024-W34,2
DR0263,2024-W35,3
DR0263,2024-W36,4
DR0263,2024-W38,5
DR0263,2024-W39,2
DR0263,2024-W40,4
DR0263,2024-W41,2
DR0263,2024-W42,5
DR0263,2024-W43,2
DR0263,2024-W44,3
DR0263,2024-W45,3
DR0263,2024-W46,3
DR0263,2024-W47,1
DR0263,2024-W48,3
DR0263,2024-W49,4
DR0263,2024-W50,3
DR0263,2024-W51,2
DR0263,2024-W52,2
DR0263,2024-W53,1
DR0263,2025-W00,5
DR0263,2025-W01,4
DR0263,2025-W02,3
DR0263,2025-W03,5
DR0263,2025-W04,7
DR0263,2025-W05,4
DR0263,2025-W06,2
DR0263,2025-W07,1
DR0263,2025-W08,6
DR0263,2025-W09,4
DR0263,2025-W10,6
DR0263,2025-W11,5
DR0263,2025-W13,2
DR0263,2025-W14,7
DR0263,2025-W15,8
DR0263,2025-W16,3
DR0263,2025-W17,3
DR0263,2025-W18,3
DR0263,2025-W19,2
DR0263,2025-W20,2
DR0263,2025-W21,3
DR0263,2025-W22,2
DR0263,2025-W23,2
DR0263,2025-W24,1
DR0263,2025-W25,2
DR0263,2025-W26,5
DR0263,2025-W27,1
DR0263,2025-W28,2
DR0263,2025-W29,3
DR0263,2025-W30,4
DR0263,2025-W31,3
DR0263,2025-W32,7
DR0263,2025-W33,1
DR0263,2025-W35,2
DR0263,2025-W36,4
DR0263,2025-W37,2
DR0263,2025-W38,1
DR0263,2025-W39,3
DR0263,2025-W40,3
DR0263,2025-W41,3
DR0263,2025-W42,3
DR0263,2025-W44,3
DR0263,2025-W45,2
DR0263,2025-W46,3
DR0263,2025-W47,2
DR0263,2025-W48,3
DR0263,2025-W49,3
DR0263,2025-W50,5
DR0263,2025-W51,2
DR0263,2025-W52,4
DR0263,2026-W00,3
DR0263,2026-W01,4
DR0263,2026-W02,4
DR0263,2026-W03,1
DR0263,2026-W04,8
DR0263,2026-W05,1
DR0263,2026-W06,6
DR0263,2026-W07,1
DR0263,2026-W08,5
DR0263,2026-W09,3
DR0263,2026-W10,2
DR0263,2026-W11,4
DR0263,2026-W12,3
DR0263,2026-W13,4
DR0263,2026-W15,4
DR0263,2026-W16,6
DR0263,2026-W17,5
DR0263,2026-W18,3
DR0263,2026-W19,6
DR0263,2026-W20,3
DR0263,2026-W21,1
DR0263,2026-W22,5
DR0263,2026-W23,2
DR0263,2026-W24,3
DR0263,2026-W25,5
DR0263,2026-W26,3
DR0263,2026-W27,2
DR0263,2026-W29,6
DR0263,2026-W30,8
DR0263,2026-W31,5
DR0263,2026-W32,6
DR0263,2026-W33,2
DR0263,2026-W34,3
DR0263,2026-W35,4
DR0263,2026-W36,4
DR0263,2026-W37,3
DR0263,2026-W38,3
DR0263,2026-W39,1
DR0264,2024-W02,1
DR0264,2024-W03,4
DR0264,2024-W06,3
DR0264,2024-W09,2
DR0264,2024-W11,2
DR0264,2024-W13,1
DR0264,2024-W15,1
DR0264,2024-W16,1
DR0264,2024-W18,3
DR0264,2024-W21,3
DR0264,2024-W22,3
DR0264,2024-W24,3
DR0264,2024-W25,2
DR0264,2024-W26,1
DR0264,2024-W27,2
DR0264,2024-W29,2
DR0264,2024-W30,1
DR0264,2024-W31,1
DR0264,2024-W32,2
DR0264,2024-W35,1
DR0264,2024-W36,5
DR0264,2024-W38,2
DR0264,2024-W39,1
DR0264,2024-W40,2
DR0264,2024-W41,3
DR0264,2024-W44,1
DR0264,2024-W46,3
DR0264,2024-W47,3
DR0264,2024-W48,1
DR0264,2024-W49,4
DR0264,2024-W51,1
DR0264,2024-W52,1
DR0264,2025-W00,2
DR0264,2025-W01,4
DR0264,2025-W02,2
DR0264,2025-W03,2
DR0264,2025-W05,2
DR0264,2025-W06,1
DR0264,2025-W08,1
DR0264,2025-W11,1
DR0264,2025-W12,2
DR0264,2025-W14,3
DR0264,2025-W16,1
DR0264,2025-W18,2
DR0264,2025-W20,2
DR0264,2025-W21,2
DR0264,2025-W23,4
DR0264,2025-W25,1
DR0264,2025-W26,2
DR0264,2025-W34,1
DR0264,2025-W36,2
DR0264,2025-W37,1
DR0264,2025-W38,3
DR0264,2025-W39,1
DR0264,2025-W40,1
DR0264,2025-W41,3
DR0264,2025-W42,2
DR0264,2025-W43,1
DR0264,2025-W44,1
DR0264,2025-W46,1
DR0264,2025-W48,3
DR0264,2025-W49,3
DR0264,2025-W50,1
DR0264,2025-W51,1
DR0264,2026-W00,1
DR0264,2026-W02,2
DR0264,2026-W03,2
DR0264,2026-W05,1
DR0264,2026-W06,1
DR0264,2026-W07,2
DR0264,2026-W08,3
DR0264,2026-W09,3
DR0264,2026-W10,6
DR0264,2026-W11,3
DR0264,2026-W12,1
DR0264,2026-W13,3
DR0264,2026-W14,1
DR0264,2026-W15,4
DR0264,2026-W16,3
DR0264,2026-W17,2
DR0264,2026-W19,1
DR0264,2026-W20,2
DR0264,2026-W21,2
DR0264,2026-W22,1
DR0264,2026-W24,1
DR0264,2026-W26,1
DR0264,2026-W27,2
DR0264,2026-W28,1
DR0264,2026-W29,1
DR0264,2026-W30,3
DR0264,2026-W31,1
DR0264,2026-W33,1
DR0264,2026-W34,1
DR0264,2026-W35,3
DR0264,2026-W36,1
DR0264,2026-W37,3
DR0264,2026-W38,1
DR0265,2024-W03,2
DR0265,2024-W04,3
DR0265,2024-W06,4
DR0265,2024-W07,6
DR0265,2024-W08,3
DR0265,2024-W09,4
DR0265,2024-W10,3
DR0265,2024-W11,3
DR0265,2024-W12,2
DR0265,2024-W13,5
DR0265,2024-W14,3
DR0265,2024-W15,4
DR0265,2024-W16,2
DR0265,2024-W17,2
DR0265,2024-W18,4
DR0265,2024-W19,3
DR0265,2024-W20,5
DR0265,2024-W21,2
DR0265,2024-W22,2
DR0265,2024-W23,3
DR0265,2024-W24,4
DR0265,2024-W25,4
DR0265,2024-W26,2
DR0265,2024-W27,1
DR0265,2024-W28,2
DR0265,2024-W29,1
DR0265,2024-W30,4
DR0265,2024-W31,7
DR0265,2024-W32,5
DR0265,2024-W33,2
DR0265,2024-W34,3
DR0265,2024-W35,7
DR0265,2024-W36,6
DR0265,2024-W37,1
DR0265,2024-W38,3
DR0265,2024-W39,3
DR0265,2024-W40,1
DR0265,2024-W41,6
DR0265,2024-W42,2
DR0265,2024-W43,4
DR0265,2024-W45,4
DR0265,2024-W46,7
DR0265,2024-W47,3
DR0265,2024-W48,7
DR0265,2024-W49,6
DR0265,2024-W50,5
DR0265,2024-W51,4
DR0265,2024-W52,5
DR0265,2024-W53,3
DR0265,2025-W00,5
DR0265,2025-W01,2
DR0265,2025-W02,2
DR0265,2025-W03,4
DR0265,2025-W04,3
DR0265,2025-W05,7
DR0265,2025-W06,8
DR0265,2025-W07,3
DR0265,2025-W08,6
DR0265,2025-W09,2
DR0265,2025-W10,2
DR0265,2025-W11,5
DR0265,2025-W12,2
DR0265,2025-W13,6
DR0265,2025-W14,6
DR0265,2025-W15,7
DR0265,2025-W16,4
DR0265,2025-W17,4
DR0265,2025-W18,7
DR0265,2025-W19,8
DR0265,2025-W20,4
DR0265,2025-W21,1
DR0265,2025-W22,3
DR0265,2025-W23,4
DR0265,2025-W24,1
DR0265,2025-W25,1
DR0265,2025-W26,4
DR0265,2025-W27,4
DR0265,2025-W28,4
DR0265,2025-W29,2
DR0265,2025-W30,1
DR0265,2025-W31,8
DR0265,2025-W32,3
DR0265,2025-W33,3
DR0265,2025-W34,2
DR0265,2025-W35,3
DR0265,2025-W36,2
DR0265,2025-W37,3
DR0265,2025-W38,6
DR0265,2025-W39,6
DR0265,2025-W40,2
DR0265,2025-W41,4
DR0265,2025-W42,3
DR0265,2025-W43,2
DR0265,2025-W44,7
DR0265,2025-W45,9
DR0265,2025-W46,3
DR0265,2025-W47,1
DR0265,2025-W48,1
DR0265,2025-W49,2
DR0265,2025-W50,2
DR0265,2025-W51,8
DR0265,2026-W00,1
DR0265,2026-W01,4
DR0265,2026-W02,3
DR0265,2026-W03,6
DR0265,2026-W04,5
DR0265,2026-W05,3
DR0265,2026-W06,2
DR0265,2026-W07,3
DR0265,2026-W08,3
DR0265,2026-W10,7
DR0265,2026-W11,3
DR0265,2026-W12,2
DR0265,2026-W13,4
DR0265,2026-W14,6
DR0265,2026-W15,3
DR0265,2026-W16,1
DR0265,2026-W17,3
DR0265,2026-W18,1
DR0265,2026-W19,6
DR0265,2026-W20,2
DR0265,2026-W21,2
DR0265,2026-W22,1
DR0265,2026-W23,2
DR0265,2026-W24,3
DR0265,2026-W25,5
DR0265,2026-W26,3
DR0265,2026-W27,2
DR0265,2026-W28,3
DR0265,2026-W29,3
DR0265,2026-W30,2
DR0265,2026-W31,1
DR0265,2026-W32,2
DR0265,2026-W33,3
DR0265,2026-W34,5
DR0265,2026-W35,3
DR0265,2026-W36,4
DR0265,2026-W37,3
DR0265,2026-W38,4
DR0266,2024-W01,1
DR0266,2024-W09,1
DR0266,2024-W13,1
DR0266,2024-W14,1
DR0266,2024-W15,1
DR0266,2024-W18,1
DR0266,2024-W26,1
DR0266,2024-W29,1
DR0266,2024-W30,1
DR0266,2024-W31,2
DR0266,2024-W34,1
DR0266,2024-W35,1
DR0266,2024-W36,1
DR0266,2024-W37,1
DR0266,2024-W40,1
DR0266,2024-W43,1
DR0266,2024-W46,1
DR0266,2024-W48,1
DR0266,2024-W52,1
DR0266,2025-W04,1
DR0266,2025-W06,1
DR0266,2025-W09,2
DR0266,2025-W11,1
DR0266,2025-W12,2
DR0266,2025-W15,1
DR0266,2025-W16,1
DR0266,2025-W22,1
DR0266,2025-W29,1
DR0266,2025-W31,1
DR0266,2025-W33,1
DR0266,2025-W34,1
DR0266,2025-W35,1
DR0266,2025-W37,1
DR0266,2025-W41,2
DR0266,2025-W46,1
DR0266,2026-W01,1
DR0266,2026-W05,2
DR0266,2026-W11,1
DR0266,2026-W17,1
DR0266,2026-W18,1
DR0266,2026-W20,1
DR0266,2026-W22,1
DR0266,2026-W24,1
DR0266,2026-W27,1
DR0266,2026-W35,1
DR0266,2026-W36,1
DR0266,2026-W37,1
DR0267,2024-W02,1
DR0267,2024-W03,1
DR0267,2024-W04,3
DR0267,2024-W05,1
DR0267,2024-W06,1
DR0267,2024-W07,2
DR0267,2024-W08,2
DR0267,2024-W09,1
DR0267,2024-W12,1
DR0267,2024-W13,1
DR0267,2024-W14,1
DR0267,2024-W16,1
DR0267,2024-W17,1
DR0267,2024-W18,2
DR0267,2024-W19,2
DR0267,2024-W20,3
DR0267,2024-W21,2
DR0267,2024-W23,2
DR0267,2024-W24,1
DR0267,2024-W25,1
DR0267,2024-W27,2
DR0267,2024-W29,1
DR0267,2024-W30,1
DR0267,2024-W33,1
DR0267,2024-W34,3
DR0267,2024-W35,1
DR0267,2024-W36,1
DR0267,2024-W37,1
DR0267,2024-W38,1
DR0267,2024-W39,2
DR0267,2024-W40,3
DR0267,2024-W41,1
DR0267,2024-W42,1
DR0267,2024-W44,1
DR0267,2024-W45,2
DR0267,2024-W46,2
DR0267,2024-W48,2
DR0267,2024-W49,1
DR0267,2024-W50,1
DR0267,2024-W51,1
DR0267,2024-W52,1
DR0267,2025-W00,1
DR0267,2025-W01,1
DR0267,2025-W03,3
DR0267,2025-W05,4
DR0267,2025-W06,3
DR0267,2025-W07,4
DR0267,2025-W08,1
DR0267,2025-W10,3
DR0267,2025-W14,2
DR0267,2025-W15,2
DR0267,2025-W16,1
DR0267,2025-W17,2
DR0267,2025-W18,2
DR0267,2025-W19,1
DR0267,2025-W20,1
DR0267,2025-W21,3
DR0267,2025-W22,1
DR0267,2025-W23,2
DR0267,2025-W24,1
DR0267,2025-W25,2
DR0267,2025-W28,1
DR0267,2025-W29,1
DR0267,2025-W30,2
DR0267,2025-W31,2
DR0267,2025-W32,3
DR0267,2025-W33,4
DR0267,2025-W35,2
DR0267,2025-W36,1
DR0267,2025-W37,4
DR0267,2025-W39,2
DR0267,2025-W40,1
DR0267,2025-W41,3
DR0267,2025-W42,1
DR0267,2025-W44,2
DR0267,2025-W46,2
DR0267,2025-W47,3
DR0267,2025-W48,1
DR0267,2025-W50,2
DR0267,2026-W00,1
DR0267,2026-W01,5
DR0267,2026-W02,2
DR0267,2026-W04,1
DR0267,2026-W05,2
DR0267,2026-W06,2
DR0267,2026-W07,2
DR0267,2026-W08,4
DR0267,2026-W10,1
DR0267,2026-W13,1
DR0267,2026-W14,1
DR0267,2026-W15,5
DR0267,2026-W16,3
DR0267,2026-W17,1
DR0267,2026-W18,4
DR0267,2026-W19,1
DR0267,2026-W20,3
DR0267,2026-W21,1
DR0267,2026-W22,2
DR0267,2026-W23,1
DR0267,2026-W26,1
DR0267,2026-W29,3
DR0267,2026-W30,1
DR0267,2026-W31,1
DR0267,2026-W33,3
DR0267,2026-W34,3
DR0267,2026-W35,1
DR0267,2026-W36,1
DR0267,2026-W37,3
DR0267,2026-W38,3
DR0268,2024-W01,1
DR0268,2024-W02,1
DR0268,2024-W04,1
DR0268,2024-W07,1
DR0268,2024-W09,2
DR0268,2024-W12,1
DR0268,2024-W14,1
DR0268,2024-W15,1
DR0268,2024-W23,2
DR0268,2024-W24,1
DR0268,2024-W25,1
DR0268,2024-W31,1
DR0268,2024-W32,2
DR0268,2024-W35,2
DR0268,2024-W37,2
DR0268,2024-W47,1
DR0268,2024-W51,2
DR0268,2024-W52,1
DR0268,2025-W02,1
DR0268,2025-W03,1
DR0268,2025-W05,1
DR0268,2025-W08,1
DR0268,2025-W11,1
DR0268,2025-W12,1
DR0268,2025-W14,1
DR0268,2025-W17,1
DR0268,2025-W19,1
DR0268,2025-W21,1
DR0268,2025-W23,1
DR0268,2025-W27,1
DR0268,2025-W28,1
DR0268,2025-W30,3
DR0268,2025-W32,1
DR0268,2025-W33,1
DR0268,2025-W34,2
DR0268,2025-W35,1
DR0268,2025-W40,2
DR0268,2025-W43,1
DR0268,2025-W46,1
DR0268,2025-W50,1
DR0268,2025-W51,1
DR0268,2026-W00,1
DR0268,2026-W02,1
DR0268,2026-W06,2
DR0268,2026-W08,2
DR0268,2026-W11,2
DR0268,2026-W12,1
DR0268,2026-W15,1
DR0268,2026-W16,1
DR0268,2026-W17,1
DR0268,2026-W23,1
DR0268,2026-W30,1
DR0268,2026-W36,1
DR0268,2026-W37,1
DR0269,2024-W01,1
DR0269,2024-W02,2
DR0269,2024-W03,1
DR0269,2024-W04,3
DR0269,2024-W05,2
DR0269,2024-W06,3
DR0269,2024-W07,1
DR0269,2024-W08,2
DR0269,2024-W09,2
DR0269,2024-W10,3
DR0269,2024-W11,5
DR0269,2024-W12,2
DR0269,2024-W13,5
DR0269,2024-W14,2
DR0269,2024-W15,1
DR0269,2024-W16,2
DR0269,2024-W17,4
DR0269,2024-W18,1
DR0269,2024-W19,2
DR0269,2024-W20,3
DR0269,2024-W21,2
DR0269,2024-W23,5
DR0269,2024-W24,3
DR0269,2024-W25,1
DR0269,2024-W27,1
DR0269,2024-W28,5
DR0269,2024-W29,1
DR0269,2024-W30,3
DR0269,2024-W31,2
DR0269,2024-W32,4
DR0269,2024-W33,2
DR0269,2024-W34,1
DR0269,2024-W36,3
DR0269,2024-W37,2
DR0269,2024-W38,5
DR0269,2024-W39,2
DR0269,2024-W40,3
DR0269,2024-W41,3
DR0269,2024-W44,1
DR0269,2024-W45,2
DR0269,2024-W46,1
DR0269,2024-W47,4
DR0269,2024-W49,1
DR0269,2024-W51,3
DR0269,2024-W52,1
DR0269,2025-W00,1
DR0269,2025-W01,2
DR0269,2025-W02,3
DR0269,2025-W03,1
DR0269,2025-W04,4
DR0269,2025-W05,3
DR0269,2025-W06,1
DR0269,2025-W07,2
DR0269,2025-W08,2
DR0269,2025-W09,1
DR0269,2025-W10,2
DR0269,2025-W12,2
DR0269,2025-W13,4
DR0269,2025-W14,4
DR0269,2025-W15,3
DR0269,2025-W16,1
DR0269,2025-W17,5
DR0269,2025-W18,2
DR0269,2025-W19,3
DR0269,2025-W20,2
DR0269,2025-W21,4
DR0269,2025-W22,2
DR0269,2025-W23,2
DR0269,2025-W24,1
DR0269,2025-W25,2
DR0269,2025-W26,2
DR0269,2025-W27,2
DR0269,2025-W28,2
DR0269,2025-W29,2
DR0269,2025-W30,1
DR0269,2025-W31,6
DR0269,2025-W32,1
DR0269,2025-W33,1
DR0269,2025-W34,3
DR0269,2025-W35,3
DR0269,2025-W36,1
DR0269,2025-W37,2
DR0269,2025-W38,2
DR0269,2025-W39,3
DR0269,2025-W40,1
DR0269,2025-W41,1
DR0269,2025-W42,1
DR0269,2025-W45,4
DR0269,2025-W46,1
DR0269,2025-W47,1
DR0269,2025-W48,2
DR0269,2025-W49,1
DR0269,2025-W50,5
DR0269,2025-W51,1
DR0269,2025-W52,1
DR0269,2026-W01,3
DR0269,2026-W06,1
DR0269,2026-W07,6
DR0269,2026-W08,1
DR0269,2026-W09,2
DR0269,2026-W10,4
DR0269,2026-W11,3
DR0269,2026-W14,1
DR0269,2026-W16,5
DR0269,2026-W17,6
DR0269,2026-W18,2
DR0269,2026-W19,3
DR0269,2026-W20,2
DR0269,2026-W22,1
DR0269,2026-W23,1
DR0269,2026-W25,2
DR0269,2026-W26,3
DR0269,2026-W27,1
DR0269,2026-W28,2
DR0269,2026-W29,2
DR0269,2026-W30,4
DR0269,2026-W31,1
DR0269,2026-W32,4
DR0269,2026-W33,3
DR0269,2026-W34,2
DR0269,2026-W36,1
DR0269,2026-W37,3
DR0269,2026-W38,3
DR0270,2024-W04,1
DR0270,2024-W07,1
DR0270,2024-W09,1
DR0270,2024-W11,1
DR0270,2024-W19,2
DR0270,2024-W20,1
DR0270,2024-W25,1
DR0270,2024-W29,2
DR0270,2024-W33,1
DR0270,2024-W35,1
DR0270,2024-W40,1
DR0270,2024-W46,1
DR0270,2024-W48,1
DR0270,2024-W50,1
DR0270,2025-W00,1
DR0270,2025-W01,1
DR0270,2025-W02,1
DR0270,2025-W03,1
DR0270,2025-W05,1
DR0270,2025-W06,2
DR0270,2025-W07,3
DR0270,2025-W09,1
DR0270,2025-W10,1
DR0270,2025-W13,1
DR0270,2025-W17,1
DR0270,2025-W19,1
DR0270,2025-W20,1
DR0270,2025-W27,1
DR0270,2025-W29,1
DR0270,2025-W32,1
DR0270,2025-W34,1
DR0270,2025-W38,1
DR0270,2025-W43,1
DR0270,2025-W44,1
DR0270,2025-W45,1
DR0270,2025-W48,1
DR0270,2025-W50,1
DR0270,2026-W01,2
DR0270,2026-W02,1
DR0270,2026-W03,1
DR0270,2026-W04,1
DR0270,2026-W05,4
DR0270,2026-W07,3
DR0270,2026-W10,2
DR0270,2026-W11,1
DR0270,2026-W13,1
DR0270,2026-W14,2
DR0270,2026-W16,1
DR0270,2026-W21,2
DR0270,2026-W22,2
DR0270,2026-W25,2
DR0270,2026-W26,1
DR0270,2026-W29,1
DR0270,2026-W31,1
DR0270,2026-W32,1
DR0270,2026-W34,1
DR0270,2026-W35,1
DR0270,2026-W36,1
DR0270,2026-W37,1
DR0271,2024-W01,2
DR0271,2024-W03,2
DR0271,2024-W04,4
DR0271,2024-W05,2
DR0271,2024-W06,1
DR0271,2024-W08,1
DR0271,2024-W09,1
DR0271,2024-W11,1
DR0271,2024-W12,1
DR0271,2024-W13,2
DR0271,2024-W14,1
DR0271,2024-W15,2
DR0271,2024-W17,1
DR0271,2024-W18,1
DR0271,2024-W19,1
DR0271,2024-W20,3
DR0271,2024-W21,2
DR0271,2024-W22,2
DR0271,2024-W23,3
DR0271,2024-W26,3
DR0271,2024-W27,2
DR0271,2024-W28,1
DR0271,2024-W29,1
DR0271,2024-W30,1
DR0271,2024-W31,2
DR0271,2024-W32,3
DR0271,2024-W33,2
DR0271,2024-W34,4
DR0271,2024-W36,2
DR0271,2024-W37,2
DR0271,2024-W38,1
DR0271,2024-W39,1
DR0271,2024-W40,3
DR0271,2024-W41,2
DR0271,2024-W42,1
DR0271,2024-W44,2
DR0271,2024-W45,4
DR0271,2024-W46,1
DR0271,2024-W47,1
DR0271,2024-W48,1
DR0271,2024-W49,3
DR0271,2024-W50,2
DR0271,2024-W51,4
DR0271,2024-W52,1
DR0271,2024-W53,3
DR0271,2025-W00,1
DR0271,2025-W02,1
DR0271,2025-W03,1
DR0271,2025-W05,1
DR0271,2025-W06,3
DR0271,2025-W07,2
DR0271,2025-W08,2
DR0271,2025-W09,1
DR0271,2025-W10,2
DR0271,2025-W12,1
DR0271,2025-W13,3
DR0271,2025-W14,1
DR0271,2025-W15,1
DR0271,2025-W16,1
DR0271,2025-W18,1
DR0271,2025-W19,1
DR0271,2025-W20,1
DR0271,2025-W21,2
DR0271,2025-W22,1
DR0271,2025-W23,3
DR0271,2025-W24,2
DR0271,2025-W25,2
DR0271,2025-W26,1
DR0271,2025-W27,1
DR0271,2025-W28,4
DR0271,2025-W29,3
DR0271,2025-W30,1
DR0271,2025-W32,2
DR0271,2025-W33,1
DR0271,2025-W34,3
DR0271,2025-W35,1
DR0271,2025-W36,4
DR0271,2025-W37,1
DR0271,2025-W38,3
DR0271,2025-W39,3
DR0271,2025-W40,1
DR0271,2025-W42,1
DR0271,2025-W43,1
DR0271,2025-W44,3
DR0271,2025-W45,2
DR0271,2025-W46,1
DR0271,2025-W47,2
DR0271,2025-W48,2
DR0271,2025-W50,1
DR0271,2025-W51,4
DR0271,2025-W52,2
DR0271,2026-W01,2
DR0271,2026-W02,1
DR0271,2026-W03,3
DR0271,2026-W04,1
DR0271,2026-W08,1
DR0271,2026-W09,1
DR0271,2026-W11,1
DR0271,2026-W12,1
DR0271,2026-W15,1
DR0271,2026-W16,1
DR0271,2026-W17,1
DR0271,2026-W18,4
DR0271,2026-W19,1
DR0271,2026-W20,2
DR0271,2026-W21,2
DR0271,2026-W22,4
DR0271,2026-W23,1
DR0271,2026-W28,1
DR0271,2026-W29,1
DR0271,2026-W31,3
DR0271,2026-W35,3
DR0271,2026-W36,3
DR0271,2026-W37,1
DR0272,2024-W05,1
DR0272,2024-W08,1
DR0272,2024-W10,1
DR0272,2024-W13,1
DR0272,2024-W15,1
DR0272,2024-W16,1
DR0272,2024-W19,1
DR0272,2024-W21,1
DR0272,2024-W23,1
DR0272,2024-W29,1
DR0272,2024-W31,1
DR0272,2024-W34,1
DR0272,2024-W41,1
DR0272,2024-W42,2
DR0272,2024-W44,1
DR0272,2024-W46,1
DR0272,2024-W49,2
DR0272,2024-W52,1
DR0272,2025-W06,1
DR0272,2025-W09,1
DR0272,2025-W10,1
DR0272,2025-W11,2
DR0272,2025-W12,1
DR0272,2025-W13,1
DR0272,2025-W15,1
DR0272,2025-W17,1
DR0272,2025-W23,1
DR0272,2025-W26,1
DR0272,2025-W28,1
DR0272,2025-W30,1
DR0272,2025-W31,1
DR0272,2025-W35,2
DR0272,2025-W36,1
DR0272,2025-W44,1
DR0272,2025-W48,1
DR0272,2025-W52,1
DR0272,2026-W01,1
DR0272,2026-W06,1
DR0272,2026-W10,1
DR0272,2026-W14,1
DR0272,2026-W17,1
DR0272,2026-W19,2
DR0272,2026-W27,1
DR0272,2026-W31,1
DR0272,2026-W37,1
DR0272,2026-W38,1
DR0273,2024-W01,1
DR0273,2024-W02,1
DR0273,2024-W04,1
DR0273,2024-W06,1
DR0273,2024-W10,1
DR0273,2024-W12,2
DR0273,2024-W16,1
DR0273,2024-W21,1
DR0273,2024-W23,1
DR0273,2024-W30,1
DR0273,2024-W32,1
DR0273,2024-W44,1
DR0273,2024-W51,1
DR0273,2024-W52,1
DR0273,2025-W06,1
DR0273,2025-W09,1
DR0273,2025-W24,1
DR0273,2025-W36,2
DR0273,2025-W46,1
DR0273,2025-W47,1
DR0273,2025-W48,2
DR0273,2025-W50,1
DR0273,2026-W08,1
DR0273,2026-W21,1
DR0273,2026-W25,1
DR0273,2026-W28,1
DR0273,2026-W33,1
DR0273,2026-W36,2
DR0274,2024-W01,2
DR0274,2024-W05,1
DR0274,2024-W06,1
DR0274,2024-W14,1
DR0274,2024-W15,1
DR0274,2024-W16,3
DR0274,2024-W25,1
DR0274,2024-W28,1
DR0274,2024-W29,1
DR0274,2024-W30,1
DR0274,2024-W32,1
DR0274,2024-W33,1
DR0274,2024-W35,1
DR0274,2024-W36,1
DR0274,2024-W37,1
DR0274,2024-W38,2
DR0274,2024-W48,1
DR0274,2024-W50,1
DR0274,2025-W12,2
DR0274,2025-W13,1
DR0274,2025-W14,1
DR0274,2025-W15,1
DR0274,2025-W19,1
DR0274,2025-W20,1
DR0274,2025-W21,1
DR0274,2025-W28,1
DR0274,2025-W34,1
DR0274,2025-W35,1
DR0274,2025-W38,1
DR0274,2025-W42,1
DR0274,2025-W44,2
DR0274,2025-W45,1
DR0274,2025-W47,1
DR0274,2025-W50,1
DR0274,2025-W51,1
DR0274,2026-W04,2
DR0274,2026-W05,2
DR0274,2026-W06,3
DR0274,2026-W07,1
DR0274,2026-W12,1
DR0274,2026-W14,1
DR0274,2026-W18,1
DR0274,2026-W19,1
DR0274,2026-W23,1
DR0274,2026-W26,1
DR0274,2026-W27,1
DR0274,2026-W28,2
DR0274,2026-W36,1
DR0274,2026-W37,1
DR0275,2024-W02,1
DR0275,2024-W03,1
DR0275,2024-W04,1
DR0275,2024-W05,1
DR0275,2024-W06,1
DR0275,2024-W07,1
DR0275,2024-W09,3
DR0275,2024-W10,1
DR0275,2024-W12,1
DR0275,2024-W13,3
DR0275,2024-W14,1
DR0275,2024-W15,1
DR0275,2024-W16,2
DR0275,2024-W17,1
DR0275,2024-W18,1
DR0275,2024-W19,2
DR0275,2024-W21,1
DR0275,2024-W24,1
DR0275,2024-W27,1
DR0275,2024-W28,2
DR0275,2024-W30,1
DR0275,2024-W31,1
DR0275,2024-W32,1
DR0275,2024-W34,2
DR0275,2024-W35,1
DR0275,2024-W36,1
DR0275,2024-W37,1
DR0275,2024-W38,1
DR0275,2024-W40,2
DR0275,2024-W41,1
DR0275,2024-W43,2
DR0275,2024-W44,1
DR0275,2024-W46,1
DR0275,2024-W47,2
DR0275,2024-W48,2
DR0275,2024-W49,2
DR0275,2024-W50,2
DR0275,2024-W51,2
DR0275,2024-W52,1
DR0275,2025-W01,2
DR0275,2025-W02,2
DR0275,2025-W03,3
DR0275,2025-W04,1
DR0275,2025-W05,5
DR0275,2025-W06,1
DR0275,2025-W07,1
DR0275,2025-W08,1
DR0275,2025-W09,3
DR0275,2025-W12,2
DR0275,2025-W13,2
DR0275,2025-W15,2
DR0275,2025-W17,2
DR0275,2025-W18,1
DR0275,2025-W19,1
DR0275,2025-W21,4
DR0275,2025-W24,2
DR0275,2025-W25,5
DR0275,2025-W26,1
DR0275,2025-W27,2
DR0275,2025-W29,1
DR0275,2025-W30,2
DR0275,2025-W31,3
DR0275,2025-W32,4
DR0275,2025-W34,2
DR0275,2025-W35,1
DR0275,2025-W36,1
DR0275,2025-W37,1
DR0275,2025-W38,2
DR0275,2025-W39,2
DR0275,2025-W40,1
DR0275,2025-W41,2
DR0275,2025-W42,1
DR0275,2025-W43,2
DR0275,2025-W45,2
DR0275,2025-W46,2
DR0275,2025-W47,3
DR0275,2025-W48,1
DR0275,2025-W50,3
DR0275,2025-W51,1
DR0275,2025-W52,1
DR0275,2026-W00,1
DR0275,2026-W02,2
DR0275,2026-W03,3
DR0275,2026-W04,2
DR0275,2026-W05,1
DR0275,2026-W07,2
DR0275,2026-W08,1
DR0275,2026-W09,2
DR0275,2026-W10,1
DR0275,2026-W11,1
DR0275,2026-W13,2
DR0275,2026-W15,1
DR0275,2026-W16,2
DR0275,2026-W17,1
DR0275,2026-W19,1
DR0275,2026-W21,1
DR0275,2026-W22,1
DR0275,2026-W23,2
DR0275,2026-W24,2
DR0275,2026-W25,2
DR0275,2026-W26,1
DR0275,2026-W27,3
DR0275,2026-W28,1
DR0275,2026-W30,1
DR0275,2026-W31,1
DR0275,2026-W32,1
DR0275,2026-W33,2
DR0275,2026-W34,3
DR0275,2026-W35,1
DR0275,2026-W37,1
DR0275,2026-W38,2
DR0275,2026-W39,1
DR0276,2024-W09,1
DR0276,2024-W10,1
DR0276,2024-W12,1
DR0276,2024-W14,1
DR0276,2024-W16,1
DR0276,2024-W19,1
DR0276,2024-W20,1
DR0276,2024-W23,1
DR0276,2024-W26,1
DR0276,2024-W29,1
DR0276,2024-W34,1
DR0276,2024-W38,1
DR0276,2024-W40,1
DR0276,2024-W45,1
DR0276,2024-W47,1
DR0276,2024-W48,1
DR0276,2024-W50,1
DR0276,2025-W00,1
DR0276,2025-W02,1
DR0276,2025-W04,1
DR0276,2025-W10,2
DR0276,2025-W13,1
DR0276,2025-W16,1
DR0276,2025-W17,1
DR0276,2025-W19,2
DR0276,2025-W24,2
DR0276,2025-W34,2
DR0276,2025-W40,1
DR0276,2025-W47,1
DR0276,2025-W48,1
DR0276,2025-W50,1
DR0276,2026-W02,3
DR0276,2026-W03,1
DR0276,2026-W04,3
DR0276,2026-W08,1
DR0276,2026-W09,1
DR0276,2026-W10,1
DR0276,2026-W11,1
DR0276,2026-W13,1
DR0276,2026-W16,1
DR0276,2026-W19,3
DR0276,2026-W22,1
DR0276,2026-W27,1
DR0276,2026-W29,1
DR0276,2026-W30,1
DR0276,2026-W33,1
DR0276,2026-W35,1
DR0276,2026-W38,2
DR0277,2024-W01,2
DR0277,2024-W02,1
DR0277,2024-W06,2
DR0277,2024-W07,2
DR0277,2024-W09,1
DR0277,2024-W12,1
DR0277,2024-W13,1
DR0277,2024-W15,2
DR0277,2024-W16,2
DR0277,2024-W20,1
DR0277,2024-W26,2
DR0277,2024-W30,1
DR0277,2024-W35,2
DR0277,2024-W38,2
DR0277,2024-W39,1
DR0277,2024-W40,1
DR0277,2024-W41,1
DR0277,2024-W42,1
DR0277,2024-W44,2
DR0277,2024-W48,1
DR0277,2024-W49,1
DR0277,2024-W53,1
DR0277,2025-W02,1
DR0277,2025-W03,1
DR0277,2025-W04,2
DR0277,2025-W06,3
DR0277,2025-W08,2
DR0277,2025-W12,2
DR0277,2025-W14,1
DR0277,2025-W15,1
DR0277,2025-W16,1
DR0277,2025-W17,2
DR0277,2025-W18,1
DR0277,2025-W19,1
DR0277,2025-W21,1
DR0277,2025-W25,1
DR0277,2025-W26,2
DR0277,2025-W27,1
DR0277,2025-W28,1
DR0277,2025-W32,1
DR0277,2025-W35,1
DR0277,2025-W36,1
DR0277,2025-W37,1
DR0277,2025-W38,1
DR0277,2025-W40,2
DR0277,2025-W42,1
DR0277,2025-W47,2
DR0277,2025-W48,1
DR0277,2025-W49,1
DR0277,2026-W05,1
DR0277,2026-W07,1
DR0277,2026-W08,1
DR0277,2026-W11,2
DR0277,2026-W17,1
DR0277,2026-W18,1
DR0277,2026-W23,3
DR0277,2026-W24,1
DR0277,2026-W26,3
DR0277,2026-W28,1
DR0277,2026-W29,1
DR0277,2026-W31,1
DR0277,2026-W37,1
DR0277,2026-W38,1
DR0278,2024-W02,1
DR0278,2024-W04,2
DR0278,2024-W05,2
DR0278,2024-W06,1
DR0278,2024-W08,1
DR0278,2024-W09,1
DR0278,2024-W10,2
DR0278,2024-W12,2
DR0278,2024-W14,2
DR0278,2024-W15,2
DR0278,2024-W16,1
DR0278,2024-W17,3
DR0278,2024-W19,2
DR0278,2024-W21,3
DR0278,2024-W24,1
DR0278,2024-W26,1
DR0278,2024-W28,1
DR0278,2024-W29,3
DR0278,2024-W30,2
DR0278,2024-W34,1
DR0278,2024-W35,1
DR0278,2024-W39,1
DR0278,2024-W40,1
DR0278,2024-W45,2
DR0278,2024-W46,2
DR0278,2024-W48,2
DR0278,2024-W49,2
DR0278,2024-W50,1
DR0278,2024-W51,3
DR0278,2024-W52,1
DR0278,2024-W53,2
DR0278,2025-W00,1
DR0278,2025-W01,1
DR0278,2025-W02,1
DR0278,2025-W04,2
DR0278,2025-W05,1
DR0278,2025-W07,1
DR0278,2025-W09,2
DR0278,2025-W12,1
DR0278,2025-W13,3
DR0278,2025-W15,1
DR0278,2025-W20,1
DR0278,2025-W21,2
DR0278,2025-W22,2
DR0278,2025-W23,2
DR0278,2025-W24,1
DR0278,2025-W26,1
DR0278,2025-W27,1
DR0278,2025-W33,1
DR0278,2025-W35,2
DR0278,2025-W37,2
DR0278,2025-W38,1
DR0278,2025-W40,1
DR0278,2025-W41,2
DR0278,2025-W49,2
DR0278,2025-W50,2
DR0278,2025-W51,1
DR0278,2026-W01,2
DR0278,2026-W04,1
DR0278,2026-W05,1
DR0278,2026-W06,2
DR0278,2026-W09,1
DR0278,2026-W11,3
DR0278,2026-W13,1
DR0278,2026-W14,1
DR0278,2026-W15,2
DR0278,2026-W19,1
DR0278,2026-W21,1
DR0278,2026-W23,1
DR0278,2026-W24,1
DR0278,2026-W27,1
DR0278,2026-W32,1
DR0278,2026-W33,1
DR0278,2026-W34,1
DR0278,2026-W36,1
DR0278,2026-W39,2
DR0279,2024-W01,2
DR0279,2024-W02,3
DR0279,2024-W05,2
DR0279,2024-W06,1
DR0279,2024-W10,1
DR0279,2024-W11,1
DR0279,2024-W14,1
DR0279,2024-W20,1
DR0279,2024-W22,1
DR0279,2024-W24,2
DR0279,2024-W25,1
DR0279,2024-W29,1
DR0279,2024-W30,1
DR0279,2024-W41,1
DR0279,2024-W42,2
DR0279,2024-W44,1
DR0279,2024-W45,1
DR0279,2024-W46,1
DR0279,2024-W47,1
DR0279,2024-W50,2
DR0279,2025-W00,2
DR0279,2025-W02,1
DR0279,2025-W03,1
DR0279,2025-W04,1
DR0279,2025-W09,1
DR0279,2025-W12,1
DR0279,2025-W16,1
DR0279,2025-W21,1
DR0279,2025-W26,2
DR0279,2025-W29,1
DR0279,2025-W30,2
DR0279,2025-W32,1
DR0279,2025-W33,1
DR0279,2025-W35,1
DR0279,2025-W40,1
DR0279,2025-W42,1
DR0279,2025-W46,1
DR0279,2025-W47,1
DR0279,2025-W48,1
DR0279,2025-W49,1
DR0279,2026-W02,1
DR0279,2026-W04,1
DR0279,2026-W06,1
DR0279,2026-W07,3
DR0279,2026-W08,2
DR0279,2026-W09,2
DR0279,2026-W10,1
DR0279,2026-W14,1
DR0279,2026-W19,1
DR0279,2026-W22,1
DR0279,2026-W23,1
DR0279,2026-W25,1
DR0279,2026-W26,1
DR0279,2026-W27,1
DR0279,2026-W32,1
DR0279,2026-W35,1
DR0279,2026-W37,2
DR0279,2026-W38,2
DR0280,2024-W01,2
DR0280,2024-W02,1
DR0280,2024-W03,1
DR0280,2024-W04,1
DR0280,2024-W05,1
DR0280,2024-W06,1
DR0280,2024-W08,1
DR0280,2024-W09,1
DR0280,2024-W12,1
DR0280,2024-W13,1
DR0280,2024-W14,2
DR0280,2024-W15,1
DR0280,2024-W16,2
DR0280,2024-W17,2
DR0280,2024-W20,1
DR0280,2024-W21,2
DR0280,2024-W22,1
DR0280,2024-W25,1
DR0280,2024-W27,1
DR0280,2024-W28,2
DR0280,2024-W29,1
DR0280,2024-W30,1
DR0280,2024-W31,1
DR0280,2024-W34,1
DR0280,2024-W36,1
DR0280,2024-W37,2
DR0280,2024-W39,1
DR0280,2024-W41,1
DR0280,2024-W42,1
DR0280,2024-W44,1
DR0280,2024-W49,2
DR0280,2024-W51,1
DR0280,2024-W52,2
DR0280,2025-W00,1
DR0280,2025-W05,2
DR0280,2025-W06,1
DR0280,2025-W08,1
DR0280,2025-W10,1
DR0280,2025-W11,1
DR0280,2025-W12,1
DR0280,2025-W13,1
DR0280,2025-W14,1
DR0280,2025-W16,2
DR0280,2025-W17,1
DR0280,2025-W21,1
DR0280,2025-W23,2
DR0280,2025-W25,1
DR0280,2025-W26,1
DR0280,2025-W28,1
DR0280,2025-W29,1
DR0280,2025-W31,1
DR0280,2025-W32,2
DR0280,2025-W35,1
DR0280,2025-W36,2
DR0280,2025-W38,1
DR0280,2025-W39,3
DR0280,2025-W41,2
DR0280,2025-W42,1
DR0280,2025-W43,1
DR0280,2025-W47,1
DR0280,2025-W48,2
DR0280,2025-W51,1
DR0280,2026-W00,1
DR0280,2026-W01,1
DR0280,2026-W02,1
DR0280,2026-W06,2
DR0280,2026-W07,1
DR0280,2026-W11,3
DR0280,2026-W12,2
DR0280,2026-W16,6
DR0280,2026-W18,1
DR0280,2026-W19,2
DR0280,2026-W22,1
DR0280,2026-W24,1
DR0280,2026-W27,1
DR0280,2026-W31,1
DR0280,2026-W32,1
DR0280,2026-W34,3
DR0280,2026-W35,4
DR0281,2024-W01,2
DR0281,2024-W02,1
DR0281,2024-W03,2
DR0281,2024-W04,3
DR0281,2024-W05,3
DR0281,2024-W06,1
DR0281,2024-W07,6
DR0281,2024-W08,3
DR0281,2024-W09,4
DR0281,2024-W11,3
DR0281,2024-W12,2
DR0281,2024-W13,2
DR0281,2024-W14,1
DR0281,2024-W15,4
DR0281,2024-W16,3
DR0281,2024-W18,4
DR0281,2024-W19,1
DR0281,2024-W20,1
DR0281,2024-W21,1
DR0281,2024-W22,2
DR0281,2024-W24,1
DR0281,2024-W25,2
DR0281,2024-W26,1
DR0281,2024-W27,2
DR0281,2024-W28,3
DR0281,2024-W29,1
DR0281,2024-W30,1
DR0281,2024-W31,3
DR0281,2024-W32,3
DR0281,2024-W33,5
DR0281,2024-W34,1
DR0281,2024-W35,1
DR0281,2024-W36,1
DR0281,2024-W37,1
DR0281,2024-W38,2
DR0281,2024-W39,2
DR0281,2024-W40,3
DR0281,2024-W41,1
DR0281,2024-W42,3
DR0281,2024-W43,2
DR0281,2024-W44,3
DR0281,2024-W45,1
DR0281,2024-W46,1
DR0281,2024-W47,3
DR0281,2024-W48,2
DR0281,2024-W49,3
DR0281,2024-W50,5
DR0281,2024-W51,1
DR0281,2024-W52,2
DR0281,2025-W02,3
DR0281,2025-W03,2
DR0281,2025-W05,2
DR0281,2025-W06,1
DR0281,2025-W08,3
DR0281,2025-W10,2
DR0281,2025-W11,4
DR0281,2025-W12,4
DR0281,2025-W13,1
DR0281,2025-W14,4
DR0281,2025-W15,2
DR0281,2025-W16,1
DR0281,2025-W17,1
DR0281,2025-W18,3
DR0281,2025-W19,1
DR0281,2025-W20,3
DR0281,2025-W21,3
DR0281,2025-W22,2
DR0281,2025-W23,1
DR0281,2025-W24,2
DR0281,2025-W25,1
DR0281,2025-W26,2
DR0281,2025-W27,3
DR0281,2025-W28,3
DR0281,2025-W29,1
DR0281,2025-W30,3
DR0281,2025-W31,2
DR0281,2025-W32,1
DR0281,2025-W33,2
DR0281,2025-W34,5
DR0281,2025-W35,1
DR0281,2025-W36,1
DR0281,2025-W37,2
DR0281,2025-W38,1
DR0281,2025-W40,7
DR0281,2025-W42,1
DR0281,2025-W43,5
DR0281,2025-W44,2
DR0281,2025-W45,1
DR0281,2025-W46,2
DR0281,2025-W47,1
DR0281,2025-W48,9
DR0281,2025-W49,2
DR0281,2025-W50,3
DR0281,2025-W51,3
DR0281,2025-W52,4
DR0281,2026-W00,3
DR0281,2026-W01,2
DR0281,2026-W02,1
DR0281,2026-W03,2
DR0281,2026-W04,2
DR0281,2026-W05,1
DR0281,2026-W06,6
DR0281,2026-W07,2
DR0281,2026-W09,3
DR0281,2026-W10,4
DR0281,2026-W11,2
DR0281,2026-W12,2
DR0281,2026-W13,2
DR0281,2026-W14,1
DR0281,2026-W15,1
DR0281,2026-W17,1
DR0281,2026-W18,1
DR0281,2026-W19,1
DR0281,2026-W22,3
DR0281,2026-W23,1
DR0281,2026-W24,3
DR0281,2026-W25,4
DR0281,2026-W26,4
DR0281,2026-W27,5
DR0281,2026-W28,2
DR0281,2026-W31,2
DR0281,2026-W32,4
DR0281,2026-W34,1
DR0281,2026-W35,3
DR0281,2026-W36,5
DR0281,2026-W37,3
DR0281,2026-W38,6
DR0282,2024-W01,3
DR0282,2024-W02,6
DR0282,2024-W03,5
DR0282,2024-W04,6
DR0282,2024-W05,8
DR0282,2024-W06,4
DR0282,2024-W07,2
DR0282,2024-W08,3
DR0282,2024-W09,6
DR0282,2024-W10,3
DR0282,2024-W11,6
DR0282,2024-W12,3
DR0282,2024-W13,2
DR0282,2024-W14,3
DR0282,2024-W15,5
DR0282,2024-W16,12
DR0282,2024-W17,5
DR0282,2024-W18,8
DR0282,2024-W19,1
DR0282,2024-W20,6
DR0282,2024-W21,4
DR0282,2024-W22,5
DR0282,2024-W23,3
DR0282,2024-W24,5
DR0282,2024-W25,3
DR0282,2024-W26,3
DR0282,2024-W27,5
DR0282,2024-W28,2
DR0282,2024-W29,2
DR0282,2024-W31,7
DR0282,2024-W32,6
DR0282,2024-W33,7
DR0282,2024-W34,3
DR0282,2024-W35,7
DR0282,2024-W36,7
DR0282,2024-W37,5
DR0282,2024-W38,2
DR0282,2024-W39,5
DR0282,2024-W40,5
DR0282,2024-W41,5
DR0282,2024-W42,4
DR0282,2024-W43,5
DR0282,2024-W44,4
DR0282,2024-W45,4
DR0282,2024-W46,3
DR0282,2024-W47,8
DR0282,2024-W48,9
DR0282,2024-W49,2
DR0282,2024-W50,8
DR0282,2024-W51,4
DR0282,2024-W52,5
DR0282,2025-W00,4
DR0282,2025-W01,6
DR0282,2025-W02,5
DR0282,2025-W03,9
DR0282,2025-W04,2
DR0282,2025-W05,5
DR0282,2025-W06,5
DR0282,2025-W07,6
DR0282,2025-W08,3
DR0282,2025-W09,3
DR0282,2025-W10,3
DR0282,2025-W11,6
DR0282,2025-W12,4
DR0282,2025-W13,2
DR0282,2025-W14,4
DR0282,2025-W15,6
DR0282,2025-W16,6
DR0282,2025-W18,1
DR0282,2025-W19,3
DR0282,2025-W20,7
DR0282,2025-W21,6
DR0282,2025-W22,1
DR0282,2025-W23,4
DR0282,2025-W24,8
DR0282,2025-W25,6
DR0282,2025-W26,6
DR0282,2025-W27,4
DR0282,2025-W28,10
DR0282,2025-W29,5
DR0282,2025-W30,4
DR0282,2025-W31,9
DR0282,2025-W32,3
DR0282,2025-W33,5
DR0282,2025-W34,4
DR0282,2025-W35,3
DR0282,2025-W36,3
DR0282,2025-W37,6
DR0282,2025-W38,5
DR0282,2025-W39,5
DR0282,2025-W40,5
DR0282,2025-W41,4
DR0282,2025-W42,6
DR0282,2025-W43,4
DR0282,2025-W44,1
DR0282,2025-W45,6
DR0282,2025-W46,8
DR0282,2025-W47,4
DR0282,2025-W48,3
DR0282,2025-W49,6
DR0282,2025-W50,6
DR0282,2025-W51,4
DR0282,2025-W52,1
DR0282,2026-W00,2
DR0282,2026-W01,8
DR0282,2026-W02,2
DR0282,2026-W03,5
DR0282,2026-W04,10
DR0282,2026-W05,5
DR0282,2026-W06,8
DR0282,2026-W07,10
DR0282,2026-W08,8
DR0282,2026-W09,2
DR0282,2026-W10,5
DR0282,2026-W11,5
DR0282,2026-W12,2
DR0282,2026-W13,2
DR0282,2026-W14,6
DR0282,2026-W15,5
DR0282,2026-W16,6
DR0282,2026-W17,4
DR0282,2026-W18,4
DR0282,2026-W19,4
DR0282,2026-W20,1
DR0282,2026-W21,3
DR0282,2026-W22,3
DR0282,2026-W23,7
DR0282,2026-W24,1
DR0282,2026-W25,8
DR0282,2026-W26,1
DR0282,2026-W27,5
DR0282,2026-W28,7
DR0282,2026-W29,4
DR0282,2026-W30,9
DR0282,2026-W32,5
DR0282,2026-W33,5
DR0282,2026-W34,6
DR0282,2026-W35,1
DR0282,2026-W36,4
DR0282,2026-W37,2
DR0282,2026-W38,5
DR0282,2026-W39,3
DR0283,2024-W01,2
DR0283,2024-W02,1
DR0283,2024-W03,2
DR0283,2024-W04,2
DR0283,2024-W05,7
DR0283,2024-W06,2
DR0283,2024-W07,4
DR0283,2024-W08,5
DR0283,2024-W09,2
DR0283,2024-W10,4
DR0283,2024-W11,2
DR0283,2024-W12,2
DR0283,2024-W13,2
DR0283,2024-W14,2
DR0283,2024-W15,3
DR0283,2024-W16,5
DR0283,2024-W17,2
DR0283,2024-W18,1
DR0283,2024-W19,3
DR0283,2024-W20,1
DR0283,2024-W21,1
DR0283,2024-W22,2
DR0283,2024-W23,6
DR0283,2024-W24,1
DR0283,2024-W25,3
DR0283,2024-W26,2
DR0283,2024-W27,3
DR0283,2024-W29,1
DR0283,2024-W30,3
DR0283,2024-W32,5
DR0283,2024-W33,4
DR0283,2024-W34,2
DR0283,2024-W35,2
DR0283,2024-W36,2
DR0283,2024-W37,3
DR0283,2024-W38,3
DR0283,2024-W39,2
DR0283,2024-W40,4
DR0283,2024-W41,2
DR0283,2024-W42,3
DR0283,2024-W44,4
DR0283,2024-W45,3
DR0283,2024-W46,2
DR0283,2024-W47,2
DR0283,2024-W48,3
DR0283,2024-W50,2
DR0283,2024-W51,4
DR0283,2024-W52,4
DR0283,2025-W00,1
DR0283,2025-W01,2
DR0283,2025-W02,5
DR0283,2025-W03,3
DR0283,2025-W05,3
DR0283,2025-W06,3
DR0283,2025-W07,4
DR0283,2025-W08,1
DR0283,2025-W09,1
DR0283,2025-W10,1
DR0283,2025-W11,4
DR0283,2025-W13,4
DR0283,2025-W14,2
DR0283,2025-W15,1
DR0283,2025-W16,2
DR0283,2025-W17,2
DR0283,2025-W19,3
DR0283,2025-W20,1
DR0283,2025-W21,5
DR0283,2025-W22,4
DR0283,2025-W23,1
DR0283,2025-W24,4
DR0283,2025-W25,4
DR0283,2025-W26,4
DR0283,2025-W27,1
DR0283,2025-W28,3
DR0283,2025-W29,2
DR0283,2025-W30,4
DR0283,2025-W31,1
DR0283,2025-W32,1
DR0283,2025-W33,3
DR0283,2025-W34,3
DR0283,2025-W35,3
DR0283,2025-W36,4
DR0283,2025-W37,1
DR0283,2025-W38,1
DR0283,2025-W39,2
DR0283,2025-W40,2
DR0283,2025-W41,2
DR0283,2025-W42,5
DR0283,2025-W43,4
DR0283,2025-W44,4
DR0283,2025-W45,2
DR0283,2025-W46,6
DR0283,2025-W47,7
DR0283,2025-W48,4
DR0283,2025-W49,1
DR0283,2025-W50,6
DR0283,2025-W51,3
DR0283,2025-W52,1
DR0283,2026-W01,6
DR0283,2026-W02,3
DR0283,2026-W03,3
DR0283,2026-W04,3
DR0283,2026-W05,1
DR0283,2026-W06,5
DR0283,2026-W07,5
DR0283,2026-W08,4
DR0283,2026-W09,2
DR0283,2026-W10,4
DR0283,2026-W11,2
DR0283,2026-W13,2
DR0283,2026-W14,4
DR0283,2026-W15,8
DR0283,2026-W16,2
DR0283,2026-W17,2
DR0283,2026-W18,4
DR0283,2026-W19,3
DR0283,2026-W20,2
DR0283,2026-W21,4
DR0283,2026-W22,4
DR0283,2026-W23,2
DR0283,2026-W24,2
DR0283,2026-W25,4
DR0283,2026-W26,7
DR0283,2026-W27,6
DR0283,2026-W28,2
DR0283,2026-W29,7
DR0283,2026-W30,2
DR0283,2026-W31,4
DR0283,2026-W32,7
DR0283,2026-W33,2
DR0283,2026-W34,1
DR0283,2026-W35,2
DR0283,2026-W36,4
DR0283,2026-W37,2
DR0283,2026-W38,3
DR0283,2026-W39,2
DR0283,2027-W11,1
DR0284,2024-W01,1
DR0284,2024-W02,1
DR0284,2024-W04,1
DR0284,2024-W08,1
DR0284,2024-W12,3
DR0284,2024-W14,1
DR0284,2024-W15,1
DR0284,2024-W17,1
DR0284,2024-W18,1
DR0284,2024-W23,2
DR0284,2024-W24,1
DR0284,2024-W25,3
DR0284,2024-W33,1
DR0284,2024-W36,1
DR0284,2024-W37,1
DR0284,2024-W40,1
DR0284,2024-W43,1
DR0284,2024-W47,1
DR0284,2024-W50,1
DR0284,2025-W04,1
DR0284,2025-W06,1
DR0284,2025-W07,1
DR0284,2025-W09,1
DR0284,2025-W11,4
DR0284,2025-W14,1
DR0284,2025-W16,1
DR0284,2025-W21,1
DR0284,2025-W23,1
DR0284,2025-W25,1
DR0284,2025-W26,1
DR0284,2025-W31,4
DR0284,2025-W33,1
DR0284,2025-W34,1
DR0284,2025-W35,1
DR0284,2025-W42,1
DR0284,2025-W45,1
DR0284,2025-W49,1
DR0284,2025-W52,1
DR0284,2026-W05,1
DR0284,2026-W06,2
DR0284,2026-W07,1
DR0284,2026-W14,1
DR0284,2026-W24,1
DR0284,2026-W26,1
DR0284,2026-W27,1
DR0284,2026-W29,1
DR0284,2026-W30,2
DR0285,2024-W01,1
DR0285,2024-W05,2
DR0285,2024-W06,2
DR0285,2024-W07,1
DR0285,2024-W09,2
DR0285,2024-W10,1
DR0285,2024-W12,2
DR0285,2024-W16,2
DR0285,2024-W17,1
DR0285,2024-W18,1
DR0285,2024-W20,1
DR0285,2024-W26,1
DR0285,2024-W29,1
DR0285,2024-W33,1
DR0285,2024-W34,3
DR0285,2024-W36,2
DR0285,2024-W37,1
DR0285,2024-W42,1
DR0285,2024-W44,1
DR0285,2024-W45,1
DR0285,2024-W48,2
DR0285,2024-W52,2
DR0285,2024-W53,1
DR0285,2025-W00,1
DR0285,2025-W02,3
DR0285,2025-W03,1
DR0285,2025-W06,4
DR0285,2025-W07,1
DR0285,2025-W09,1
DR0285,2025-W12,1
DR0285,2025-W14,2
DR0285,2025-W15,1
DR0285,2025-W16,2
DR0285,2025-W17,2
DR0285,2025-W18,2
DR0285,2025-W19,1
DR0285,2025-W20,2
DR0285,2025-W21,1
DR0285,2025-W22,1
DR0285,2025-W23,2
DR0285,2025-W24,3
DR0285,2025-W26,1
DR0285,2025-W27,1
DR0285,2025-W32,2
DR0285,2025-W33,1
DR0285,2025-W34,1
DR0285,2025-W36,1
DR0285,2025-W37,2
DR0285,2025-W38,2
DR0285,2025-W40,1
DR0285,2025-W44,1
DR0285,2025-W45,1
DR0285,2025-W46,1
DR0285,2025-W47,3
DR0285,2025-W48,2
DR0285,2025-W49,2
DR0285,2025-W50,1
DR0285,2025-W51,1
DR0285,2026-W01,1
DR0285,2026-W04,1
DR0285,2026-W06,3
DR0285,2026-W08,2
DR0285,2026-W10,1
DR0285,2026-W12,1
DR0285,2026-W13,1
DR0285,2026-W14,1
DR0285,2026-W16,2
DR0285,2026-W18,1
DR0285,2026-W21,3
DR0285,2026-W23,1
DR0285,2026-W25,1
DR0285,2026-W26,1
DR0285,2026-W28,3
DR0285,2026-W30,1
DR0285,2026-W31,2
DR0285,2026-W32,1
DR0285,2026-W33,2
DR0285,2026-W34,2
DR0285,2026-W35,1
DR0285,2026-W36,1
DR0285,2026-W37,1
DR0286,2024-W01,2
DR0286,2024-W03,1
DR0286,2024-W04,1
DR0286,2024-W05,1
DR0286,2024-W06,1
DR0286,2024-W07,2
DR0286,2024-W08,1
DR0286,2024-W09,2
DR0286,2024-W11,1
DR0286,2024-W12,1
DR0286,2024-W13,1
DR0286,2024-W14,2
DR0286,2024-W15,1
DR0286,2024-W17,1
DR0286,2024-W18,2
DR0286,2024-W20,1
DR0286,2024-W21,1
DR0286,2024-W22,2
DR0286,2024-W24,2
DR0286,2024-W25,1
DR0286,2024-W26,1
DR0286,2024-W27,2
DR0286,2024-W28,2
DR0286,2024-W29,1
DR0286,2024-W30,2
DR0286,2024-W31,1
DR0286,2024-W32,1
DR0286,2024-W33,1
DR0286,2024-W34,2
DR0286,2024-W36,1
DR0286,2024-W37,1
DR0286,2024-W40,1
DR0286,2024-W41,2
DR0286,2024-W42,2
DR0286,2024-W43,2
DR0286,2024-W44,3
DR0286,2024-W45,1
DR0286,2024-W46,1
DR0286,2024-W47,1
DR0286,2024-W49,3
DR0286,2024-W51,2
DR0286,2024-W52,1
DR0286,2025-W02,4
DR0286,2025-W03,1
DR0286,2025-W04,2
DR0286,2025-W05,1
DR0286,2025-W07,1
DR0286,2025-W08,1
DR0286,2025-W09,1
DR0286,2025-W10,1
DR0286,2025-W11,2
DR0286,2025-W13,3
DR0286,2025-W16,1
DR0286,2025-W17,1
DR0286,2025-W18,1
DR0286,2025-W20,2
DR0286,2025-W21,1
DR0286,2025-W22,1
DR0286,2025-W23,2
DR0286,2025-W24,1
DR0286,2025-W25,2
DR0286,2025-W27,1
DR0286,2025-W28,2
DR0286,2025-W30,1
DR0286,2025-W31,3
DR0286,2025-W32,2
DR0286,2025-W33,2
DR0286,2025-W34,2
DR0286,2025-W35,5
DR0286,2025-W37,1
DR0286,2025-W39,2
DR0286,2025-W41,2
DR0286,2025-W42,2
DR0286,2025-W44,2
DR0286,2025-W45,3
DR0286,2025-W46,1
DR0286,2025-W47,5
DR0286,2025-W48,2
DR0286,2025-W49,2
DR0286,2025-W51,3
DR0286,2025-W52,1
DR0286,2026-W00,1
DR0286,2026-W01,1
DR0286,2026-W02,1
DR0286,2026-W03,1
DR0286,2026-W06,1
DR0286,2026-W07,3
DR0286,2026-W08,3
DR0286,2026-W09,3
DR0286,2026-W11,1
DR0286,2026-W12,3
DR0286,2026-W15,1
DR0286,2026-W17,2
DR0286,2026-W19,3
DR0286,2026-W20,1
DR0286,2026-W21,2
DR0286,2026-W23,1
DR0286,2026-W24,1
DR0286,2026-W25,2
DR0286,2026-W26,3
DR0286,2026-W29,1
DR0286,2026-W31,3
DR0286,2026-W32,1
DR0286,2026-W33,1
DR0286,2026-W36,1
DR0286,2026-W37,1
DR0286,2026-W38,1
DR0286,2026-W39,1
DR0287,2024-W02,1
DR0287,2024-W03,1
DR0287,2024-W04,2
DR0287,2024-W05,2
DR0287,2024-W08,1
DR0287,2024-W09,1
DR0287,2024-W10,1
DR0287,2024-W13,4
DR0287,2024-W14,2
DR0287,2024-W15,2
DR0287,2024-W16,1
DR0287,2024-W19,1
DR0287,2024-W27,2
DR0287,2024-W28,3
DR0287,2024-W29,1
DR0287,2024-W30,1
DR0287,2024-W33,1
DR0287,2024-W34,1
DR0287,2024-W37,1
DR0287,2024-W38,1
DR0287,2024-W41,3
DR0287,2024-W43,1
DR0287,2024-W45,1
DR0287,2024-W46,2
DR0287,2024-W48,1
DR0287,2024-W50,1
DR0287,2024-W52,1
DR0287,2025-W02,2
DR0287,2025-W07,1
DR0287,2025-W09,1
DR0287,2025-W12,1
DR0287,2025-W14,1
DR0287,2025-W15,2
DR0287,2025-W16,2
DR0287,2025-W17,1
DR0287,2025-W24,1
DR0287,2025-W27,1
DR0287,2025-W28,1
DR0287,2025-W30,1
DR0287,2025-W31,2
DR0287,2025-W32,2
DR0287,2025-W34,1
DR0287,2025-W37,2
DR0287,2025-W44,2
DR0287,2025-W45,1
DR0287,2025-W47,1
DR0287,2025-W51,2
DR0287,2026-W01,3
DR0287,2026-W02,1
DR0287,2026-W03,2
DR0287,2026-W04,3
DR0287,2026-W05,1
DR0287,2026-W06,1
DR0287,2026-W07,1
DR0287,2026-W08,1
DR0287,2026-W09,2
DR0287,2026-W10,2
DR0287,2026-W11,1
DR0287,2026-W12,1
DR0287,2026-W13,1
DR0287,2026-W15,1
DR0287,2026-W18,1
DR0287,2026-W19,1
DR0287,2026-W20,1
DR0287,2026-W21,1
DR0287,2026-W23,1
DR0287,2026-W26,1
DR0287,2026-W27,1
DR0287,2026-W29,1
DR0287,2026-W31,2
DR0287,2026-W35,2
DR0287,2026-W36,1
DR0288,2024-W01,5
DR0288,2024-W03,2
DR0288,2024-W04,7
DR0288,2024-W05,1
DR0288,2024-W06,4
DR0288,2024-W07,3
DR0288,2024-W08,5
DR0288,2024-W09,1
DR0288,2024-W10,1
DR0288,2024-W11,2
DR0288,2024-W12,3
DR0288,2024-W13,3
DR0288,2024-W14,1
DR0288,2024-W15,1
DR0288,2024-W16,7
DR0288,2024-W17,1
DR0288,2024-W18,1
DR0288,2024-W19,4
DR0288,2024-W20,1
DR0288,2024-W21,1
DR0288,2024-W22,4
DR0288,2024-W23,1
DR0288,2024-W24,3
DR0288,2024-W25,3
DR0288,2024-W26,2
DR0288,2024-W29,3
DR0288,2024-W31,1
DR0288,2024-W32,3
DR0288,2024-W33,4
DR0288,2024-W34,4
DR0288,2024-W35,3
DR0288,2024-W36,1
DR0288,2024-W37,3
DR0288,2024-W38,3
DR0288,2024-W39,2
DR0288,2024-W40,3
DR0288,2024-W41,4
DR0288,2024-W43,1
DR0288,2024-W44,3
DR0288,2024-W45,4
DR0288,2024-W46,3
DR0288,2024-W47,5
DR0288,2024-W48,4
DR0288,2024-W49,2
DR0288,2024-W50,3
DR0288,2024-W51,5
DR0288,2024-W52,2
DR0288,2025-W00,2
DR0288,2025-W01,1
DR0288,2025-W02,1
DR0288,2025-W03,1
DR0288,2025-W04,5
DR0288,2025-W05,3
DR0288,2025-W06,3
DR0288,2025-W07,2
DR0288,2025-W08,4
DR0288,2025-W09,2
DR0288,2025-W10,4
DR0288,2025-W11,2
DR0288,2025-W12,2
DR0288,2025-W13,1
DR0288,2025-W14,1
DR0288,2025-W15,3
DR0288,2025-W16,6
DR0288,2025-W17,7
DR0288,2025-W18,2
DR0288,2025-W20,7
DR0288,2025-W21,3
DR0288,2025-W22,3
DR0288,2025-W23,2
DR0288,2025-W25,3
DR0288,2025-W26,3
DR0288,2025-W27,1
DR0288,2025-W28,3
DR0288,2025-W29,3
DR0288,2025-W30,5
DR0288,2025-W31,4
DR0288,2025-W32,3
DR0288,2025-W33,8
DR0288,2025-W34,2
DR0288,2025-W35,1
DR0288,2025-W36,1
DR0288,2025-W37,3
DR0288,2025-W38,3
DR0288,2025-W39,3
DR0288,2025-W40,6
DR0288,2025-W41,2
DR0288,2025-W42,1
DR0288,2025-W43,6
DR0288,2025-W45,4
DR0288,2025-W46,2
DR0288,2025-W47,4
DR0288,2025-W48,8
DR0288,2025-W50,2
DR0288,2025-W51,4
DR0288,2025-W52,1
DR0288,2026-W00,5
DR0288,2026-W01,5
DR0288,2026-W02,4
DR0288,2026-W03,2
DR0288,2026-W04,3
DR0288,2026-W05,2
DR0288,2026-W06,1
DR0288,2026-W07,2
DR0288,2026-W08,1
DR0288,2026-W09,1
DR0288,2026-W10,3
DR0288,2026-W11,4
DR0288,2026-W12,2
DR0288,2026-W14,2
DR0288,2026-W15,3
DR0288,2026-W16,2
DR0288,2026-W17,3
DR0288,2026-W19,1
DR0288,2026-W20,2
DR0288,2026-W21,1
DR0288,2026-W22,5
DR0288,2026-W23,2
DR0288,2026-W24,1
DR0288,2026-W25,3
DR0288,2026-W26,2
DR0288,2026-W28,2
DR0288,2026-W29,1
DR0288,2026-W30,2
DR0288,2026-W31,1
DR0288,2026-W33,1
DR0288,2026-W34,1
DR0288,2026-W35,4
DR0288,2026-W36,1
DR0288,2026-W37,1
DR0288,2026-W38,2
DR0288,2026-W39,1
DR0289,2024-W01,1
DR0289,2024-W04,1
DR0289,2024-W07,1
DR0289,2024-W08,1
DR0289,2024-W09,1
DR0289,2024-W11,1
DR0289,2024-W13,1
DR0289,2024-W22,2
DR0289,2024-W24,1
DR0289,2024-W25,1
DR0289,2024-W27,1
DR0289,2024-W29,1
DR0289,2024-W31,3
DR0289,2024-W33,1
DR0289,2024-W35,1
DR0289,2024-W38,2
DR0289,2024-W39,1
DR0289,2024-W42,1
DR0289,2024-W44,2
DR0289,2024-W45,1
DR0289,2024-W46,1
DR0289,2024-W48,2
DR0289,2024-W50,2
DR0289,2024-W51,1
DR0289,2025-W00,2
DR0289,2025-W02,1
DR0289,2025-W03,1
DR0289,2025-W04,1
DR0289,2025-W05,2
DR0289,2025-W11,1
DR0289,2025-W13,1
DR0289,2025-W18,1
DR0289,2025-W19,1
DR0289,2025-W22,2
DR0289,2025-W26,1
DR0289,2025-W30,1
DR0289,2025-W31,1
DR0289,2025-W36,1
DR0289,2025-W37,2
DR0289,2025-W38,1
DR0289,2025-W40,1
DR0289,2025-W41,1
DR0289,2025-W42,1
DR0289,2025-W43,1
DR0289,2025-W46,1
DR0289,2025-W47,1
DR0289,2025-W48,1
DR0289,2025-W50,1
DR0289,2026-W01,2
DR0289,2026-W02,1
DR0289,2026-W04,3
DR0289,2026-W05,1
DR0289,2026-W06,1
DR0289,2026-W08,2
DR0289,2026-W09,2
DR0289,2026-W13,1
DR0289,2026-W16,2
DR0289,2026-W20,2
DR0289,2026-W24,2
DR0289,2026-W26,1
DR0289,2026-W27,1
DR0289,2026-W29,1
DR0289,2026-W32,1
DR0289,2026-W33,1
DR0289,2026-W38,1
DR0289,2026-W39,1
DR0290,2024-W01,1
DR0290,2024-W02,1
DR0290,2024-W04,2
DR0290,2024-W06,1
DR0290,2024-W07,1
DR0290,2024-W08,1
DR0290,2024-W09,2
DR0290,2024-W10,3
DR0290,2024-W11,1
DR0290,2024-W12,1
DR0290,2024-W14,1
DR0290,2024-W15,1
DR0290,2024-W16,2
DR0290,2024-W19,1
DR0290,2024-W21,2
DR0290,2024-W23,1
DR0290,2024-W26,2
DR0290,2024-W29,1
DR0290,2024-W33,1
DR0290,2024-W35,3
DR0290,2024-W37,3
DR0290,2024-W38,5
DR0290,2024-W40,1
DR0290,2024-W42,1
DR0290,2024-W44,1
DR0290,2024-W45,1
DR0290,2024-W47,3
DR0290,2024-W48,3
DR0290,2024-W49,2
DR0290,2024-W50,1
DR0290,2024-W51,1
DR0290,2024-W52,1
DR0290,2025-W01,3
DR0290,2025-W02,1
DR0290,2025-W04,2
DR0290,2025-W05,1
DR0290,2025-W06,2
DR0290,2025-W07,2
DR0290,2025-W08,1
DR0290,2025-W10,1
DR0290,2025-W11,1
DR0290,2025-W13,2
DR0290,2025-W14,2
DR0290,2025-W15,1
DR0290,2025-W22,1
DR0290,2025-W23,2
DR0290,2025-W24,2
DR0290,2025-W25,2
DR0290,2025-W27,4
DR0290,2025-W29,2
DR0290,2025-W30,1
DR0290,2025-W31,1
DR0290,2025-W33,1
DR0290,2025-W35,1
DR0290,2025-W37,1
DR0290,2025-W38,2
DR0290,2025-W39,2
DR0290,2025-W40,2
DR0290,2025-W41,1
DR0290,2025-W42,2
DR0290,2025-W43,2
DR0290,2025-W44,1
DR0290,2025-W45,1
DR0290,2025-W47,1
DR0290,2025-W48,1
DR0290,2026-W03,1
DR0290,2026-W04,3
DR0290,2026-W06,2
DR0290,2026-W07,1
DR0290,2026-W08,2
DR0290,2026-W11,1
DR0290,2026-W13,1
DR0290,2026-W14,2
DR0290,2026-W15,1
DR0290,2026-W17,1
DR0290,2026-W18,1
DR0290,2026-W21,1
DR0290,2026-W22,1
DR0290,2026-W23,2
DR0290,2026-W24,2
DR0290,2026-W25,1
DR0290,2026-W26,2
DR0290,2026-W27,1
DR0290,2026-W28,1
DR0290,2026-W29,2
DR0290,2026-W30,3
DR0290,2026-W32,1
DR0290,2026-W34,1
DR0290,2026-W35,1
DR0290,2026-W38,1
DR0291,2024-W01,3
DR0291,2024-W02,4
DR0291,2024-W04,1
DR0291,2024-W05,3
DR0291,2024-W06,4
DR0291,2024-W07,2
DR0291,2024-W08,4
DR0291,2024-W09,1
DR0291,2024-W10,2
DR0291,2024-W12,2
DR0291,2024-W13,2
DR0291,2024-W15,3
DR0291,2024-W16,3
DR0291,2024-W19,1
DR0291,2024-W20,2
DR0291,2024-W22,2
DR0291,2024-W23,1
DR0291,2024-W24,1
DR0291,2024-W26,1
DR0291,2024-W27,3
DR0291,2024-W28,4
DR0291,2024-W29,3
DR0291,2024-W30,1
DR0291,2024-W31,1
DR0291,2024-W32,1
DR0291,2024-W33,1
DR0291,2024-W34,2
DR0291,2024-W35,2
DR0291,2024-W36,2
DR0291,2024-W37,2
DR0291,2024-W39,2
DR0291,2024-W40,5
DR0291,2024-W43,2
DR0291,2024-W44,1
DR0291,2024-W46,1
DR0291,2024-W47,3
DR0291,2024-W48,1
DR0291,2024-W49,1
DR0291,2024-W50,4
DR0291,2024-W52,1
DR0291,2025-W02,2
DR0291,2025-W03,3
DR0291,2025-W04,1
DR0291,2025-W05,1
DR0291,2025-W07,1
DR0291,2025-W08,3
DR0291,2025-W09,1
DR0291,2025-W10,2
DR0291,2025-W11,4
DR0291,2025-W12,2
DR0291,2025-W13,2
DR0291,2025-W15,2
DR0291,2025-W16,3
DR0291,2025-W17,1
DR0291,2025-W18,1
DR0291,2025-W19,1
DR0291,2025-W22,1
DR0291,2025-W23,1
DR0291,2025-W24,2
DR0291,2025-W25,2
DR0291,2025-W28,2
DR0291,2025-W29,1
DR0291,2025-W31,1
DR0291,2025-W32,2
DR0291,2025-W35,3
DR0291,2025-W36,1
DR0291,2025-W37,1
DR0291,2025-W38,3
DR0291,2025-W39,4
DR0291,2025-W40,1
DR0291,2025-W41,4
DR0291,2025-W42,2
DR0291,2025-W43,1
DR0291,2025-W44,4
DR0291,2025-W45,2
DR0291,2025-W47,2
DR0291,2025-W48,2
DR0291,2025-W49,1
DR0291,2025-W50,3
DR0291,2025-W51,1
DR0291,2026-W00,2
DR0291,2026-W01,3
DR0291,2026-W02,1
DR0291,2026-W03,3
DR0291,2026-W04,1
DR0291,2026-W05,1
DR0291,2026-W06,2
DR0291,2026-W07,3
DR0291,2026-W08,2
DR0291,2026-W09,2
DR0291,2026-W11,3
DR0291,2026-W14,5
DR0291,2026-W15,1
DR0291,2026-W16,2
DR0291,2026-W18,1
DR0291,2026-W19,1
DR0291,2026-W20,1
DR0291,2026-W21,1
DR0291,2026-W22,2
DR0291,2026-W23,4
DR0291,2026-W24,3
DR0291,2026-W26,2
DR0291,2026-W27,4
DR0291,2026-W28,4
DR0291,2026-W29,1
DR0291,2026-W30,1
DR0291,2026-W31,1
DR0291,2026-W34,2
DR0291,2026-W35,2
DR0291,2026-W36,2
DR0291,2026-W38,1
DR0292,2024-W02,1
DR0292,2024-W04,1
DR0292,2024-W05,1
DR0292,2024-W07,1
DR0292,2024-W09,1
DR0292,2024-W10,1
DR0292,2024-W15,1
DR0292,2024-W22,1
DR0292,2024-W26,1
DR0292,2024-W27,1
DR0292,2024-W32,1
DR0292,2024-W37,1
DR0292,2024-W42,1
DR0292,2024-W46,1
DR0292,2024-W49,1
DR0292,2024-W50,1
DR0292,2025-W01,2
DR0292,2025-W02,2
DR0292,2025-W05,1
DR0292,2025-W07,2
DR0292,2025-W10,1
DR0292,2025-W14,1
DR0292,2025-W15,1
DR0292,2025-W18,1
DR0292,2025-W19,1
DR0292,2025-W21,3
DR0292,2025-W25,1
DR0292,2025-W27,1
DR0292,2025-W28,1
DR0292,2025-W30,1
DR0292,2025-W32,1
DR0292,2025-W33,2
DR0292,2025-W34,1
DR0292,2025-W35,1
DR0292,2025-W36,1
DR0292,2025-W39,1
DR0292,2025-W43,1
DR0292,2025-W44,1
DR0292,2025-W51,1
DR0292,2026-W00,2
DR0292,2026-W04,1
DR0292,2026-W06,1
DR0292,2026-W07,3
DR0292,2026-W08,1
DR0292,2026-W13,1
DR0292,2026-W17,2
DR0292,2026-W19,1
DR0292,2026-W24,3
DR0292,2026-W26,1
DR0292,2026-W29,1
DR0292,2026-W30,1
DR0292,2026-W33,1
DR0292,2026-W34,1
DR0292,2026-W38,2
DR0293,2024-W01,1
DR0293,2024-W02,1
DR0293,2024-W07,1
DR0293,2024-W08,1
DR0293,2024-W09,2
DR0293,2024-W28,3
DR0293,2024-W35,1
DR0293,2024-W36,1
DR0293,2024-W50,2
DR0293,2024-W51,2
DR0293,2024-W53,1
DR0293,2025-W00,1
DR0293,2025-W04,1
DR0293,2025-W10,2
DR0293,2025-W11,1
DR0293,2025-W20,2
DR0293,2025-W22,3
DR0293,2025-W23,1
DR0293,2025-W26,3
DR0293,2025-W29,1
DR0293,2025-W34,2
DR0293,2025-W38,1
DR0293,2025-W40,2
DR0293,2025-W41,2
DR0293,2025-W43,1
DR0293,2025-W48,1
DR0293,2025-W50,1
DR0293,2026-W02,2
DR0293,2026-W10,1
DR0293,2026-W17,1
DR0293,2026-W19,2
DR0293,2026-W22,1
DR0293,2026-W31,1
DR0293,2026-W33,1
DR0293,2026-W35,1
DR0293,2026-W36,1
DR0293,2026-W38,1
DR0294,2024-W03,1
DR0294,2024-W04,1
DR0294,2024-W05,1
DR0294,2024-W07,4
DR0294,2024-W10,1
DR0294,2024-W12,2
DR0294,2024-W13,1
DR0294,2024-W16,1
DR0294,2024-W17,2
DR0294,2024-W18,2
DR0294,2024-W20,1
DR0294,2024-W21,1
DR0294,2024-W22,1
DR0294,2024-W23,1
DR0294,2024-W24,2
DR0294,2024-W25,1
DR0294,2024-W26,3
DR0294,2024-W27,2
DR0294,2024-W30,2
DR0294,2024-W32,3
DR0294,2024-W37,3
DR0294,2024-W40,1
DR0294,2024-W41,2
DR0294,2024-W42,1
DR0294,2024-W43,2
DR0294,2024-W45,3
DR0294,2024-W47,2
DR0294,2024-W48,3
DR0294,2024-W49,1
DR0294,2024-W50,1
DR0294,2024-W51,1
DR0294,2024-W52,1
DR0294,2025-W03,1
DR0294,2025-W04,1
DR0294,2025-W06,1
DR0294,2025-W07,1
DR0294,2025-W09,1
DR0294,2025-W10,1
DR0294,2025-W11,1
DR0294,2025-W12,1
DR0294,2025-W13,1
DR0294,2025-W15,2
DR0294,2025-W16,1
DR0294,2025-W20,1
DR0294,2025-W22,1
DR0294,2025-W23,3
DR0294,2025-W24,1
DR0294,2025-W25,1
DR0294,2025-W26,1
DR0294,2025-W27,1
DR0294,2025-W28,1
DR0294,2025-W30,2
DR0294,2025-W31,2
DR0294,2025-W32,2
DR0294,2025-W33,2
DR0294,2025-W34,3
DR0294,2025-W35,2
DR0294,2025-W36,1
DR0294,2025-W37,1
DR0294,2025-W38,1
DR0294,2025-W39,1
DR0294,2025-W41,1
DR0294,2025-W42,1
DR0294,2025-W43,4
DR0294,2025-W44,2
DR0294,2025-W52,1
DR0294,2026-W02,2
DR0294,2026-W04,1
DR0294,2026-W05,2
DR0294,2026-W07,1
DR0294,2026-W08,2
DR0294,2026-W09,1
DR0294,2026-W11,1
DR0294,2026-W14,1
DR0294,2026-W15,1
DR0294,2026-W16,2
DR0294,2026-W17,3
DR0294,2026-W19,1
DR0294,2026-W20,1
DR0294,2026-W23,1
DR0294,2026-W24,2
DR0294,2026-W25,1
DR0294,2026-W27,1
DR0294,2026-W30,1
DR0294,2026-W31,1
DR0294,2026-W32,1
DR0294,2026-W33,1
DR0294,2026-W35,1
DR0294,2026-W37,1
DR0294,2026-W38,2
DR0295,2024-W02,1
DR0295,2024-W15,2
DR0295,2024-W18,1
DR0295,2024-W19,1
DR0295,2024-W25,3
DR0295,2024-W27,1
DR0295,2024-W30,2
DR0295,2024-W32,1
DR0295,2024-W35,1
DR0295,2024-W36,1
DR0295,2024-W37,1
DR0295,2024-W38,1
DR0295,2024-W41,1
DR0295,2024-W43,1
DR0295,2024-W44,1
DR0295,2024-W50,1
DR0295,2024-W52,1
DR0295,2025-W04,1
DR0295,2025-W06,1
DR0295,2025-W07,1
DR0295,2025-W14,1
DR0295,2025-W16,1
DR0295,2025-W17,1
DR0295,2025-W23,1
DR0295,2025-W32,1
DR0295,2025-W34,1
DR0295,2025-W39,1
DR0295,2025-W44,1
DR0295,2025-W45,1
DR0295,2025-W49,1
DR0295,2026-W01,1
DR0295,2026-W03,2
DR0295,2026-W04,1
DR0295,2026-W05,1
DR0295,2026-W06,1
DR0295,2026-W07,1
DR0295,2026-W09,1
DR0295,2026-W11,1
DR0295,2026-W12,1
DR0295,2026-W13,1
DR0295,2026-W14,1
DR0295,2026-W17,2
DR0295,2026-W19,1
DR0295,2026-W23,1
DR0295,2026-W26,2
DR0295,2026-W29,1
DR0295,2026-W30,1
DR0295,2026-W31,1
DR0295,2026-W32,1
DR0295,2026-W33,1
DR0295,2026-W34,1
DR0295,2026-W36,1
DR0296,2024-W01,1
DR0296,2024-W03,1
DR0296,2024-W04,1
DR0296,2024-W05,1
DR0296,2024-W06,1
DR0296,2024-W07,1
DR0296,2024-W10,1
DR0296,2024-W12,1
DR0296,2024-W15,3
DR0296,2024-W17,1
DR0296,2024-W20,2
DR0296,2024-W21,1
DR0296,2024-W22,2
DR0296,2024-W24,1
DR0296,2024-W25,1
DR0296,2024-W29,1
DR0296,2024-W34,1
DR0296,2024-W36,2
DR0296,2024-W39,1
DR0296,2024-W40,1
DR0296,2024-W41,1
DR0296,2024-W48,2
DR0296,2024-W49,2
DR0296,2024-W51,1
DR0296,2025-W02,1
DR0296,2025-W03,1
DR0296,2025-W04,2
DR0296,2025-W15,1
DR0296,2025-W16,1
DR0296,2025-W18,2
DR0296,2025-W19,1
DR0296,2025-W22,1
DR0296,2025-W26,1
DR0296,2025-W27,1
DR0296,2025-W30,1
DR0296,2025-W31,1
DR0296,2025-W32,1
DR0296,2025-W33,1
DR0296,2025-W34,1
DR0296,2025-W36,1
DR0296,2025-W37,1
DR0296,2025-W38,2
DR0296,2025-W40,1
DR0296,2025-W44,1
DR0296,2025-W45,2
DR0296,2025-W48,1
DR0296,2025-W50,1
DR0296,2025-W51,2
DR0296,2026-W00,1
DR0296,2026-W01,2
DR0296,2026-W02,4
DR0296,2026-W03,1
DR0296,2026-W04,3
DR0296,2026-W08,1
DR0296,2026-W09,1
DR0296,2026-W10,1
DR0296,2026-W11,1
DR0296,2026-W13,1
DR0296,2026-W15,2
DR0296,2026-W17,2
DR0296,2026-W19,1
DR0296,2026-W21,1
DR0296,2026-W22,1
DR0296,2026-W23,1
DR0296,2026-W24,1
DR0296,2026-W28,1
DR0296,2026-W29,1
DR0296,2026-W33,1
DR0296,2026-W34,2
DR0296,2026-W35,1
DR0296,2026-W36,1
DR0296,2026-W39,1
DR0297,2024-W04,1
DR0297,2024-W05,1
DR0297,2024-W06,1
DR0297,2024-W08,1
DR0297,2024-W09,2
DR0297,2024-W13,3
DR0297,2024-W15,1
DR0297,2024-W16,1
DR0297,2024-W18,1
DR0297,2024-W19,1
DR0297,2024-W27,3
DR0297,2024-W28,1
DR0297,2024-W32,1
DR0297,2024-W33,1
DR0297,2024-W35,1
DR0297,2024-W36,2
DR0297,2024-W39,2
DR0297,2024-W43,2
DR0297,2024-W45,1
DR0297,2024-W48,1
DR0297,2024-W49,1
DR0297,2024-W50,1
DR0297,2024-W52,1
DR0297,2025-W01,1
DR0297,2025-W06,2
DR0297,2025-W08,2
DR0297,2025-W13,2
DR0297,2025-W15,3
DR0297,2025-W18,1
DR0297,2025-W19,1
DR0297,2025-W21,1
DR0297,2025-W22,2
DR0297,2025-W23,1
DR0297,2025-W24,1
DR0297,2025-W26,2
DR0297,2025-W28,1
DR0297,2025-W36,1
DR0297,2025-W37,1
DR0297,2025-W38,1
DR0297,2025-W39,1
DR0297,2025-W40,1
DR0297,2025-W41,1
DR0297,2025-W45,1
DR0297,2025-W47,1
DR0297,2025-W49,2
DR0297,2025-W50,2
DR0297,2025-W51,1
DR0297,2026-W02,1
DR0297,2026-W05,1
DR0297,2026-W07,1
DR0297,2026-W08,1
DR0297,2026-W09,1
DR0297,2026-W18,2
DR0297,2026-W20,1
DR0297,2026-W21,2
DR0297,2026-W23,1
DR0297,2026-W24,2
DR0297,2026-W25,1
DR0297,2026-W26,1
DR0297,2026-W33,2
DR0297,2026-W34,1
DR0297,2026-W35,2
DR0297,2026-W36,1
DR0297,2026-W38,1
DR0297,2026-W39,1
DR0298,2024-W03,1
DR0298,2024-W06,1
DR0298,2024-W10,1
DR0298,2024-W13,1
DR0298,2024-W14,1
DR0298,2024-W17,1
DR0298,2024-W22,1
DR0298,2024-W23,1
DR0298,2024-W26,1
DR0298,2024-W28,1
DR0298,2024-W31,1
DR0298,2024-W33,3
DR0298,2024-W36,1
DR0298,2024-W38,1
DR0298,2024-W42,3
DR0298,2024-W46,1
DR0298,2024-W47,1
DR0298,2024-W51,1
DR0298,2024-W52,1
DR0298,2025-W01,1
DR0298,2025-W08,1
DR0298,2025-W15,1
DR0298,2025-W16,1
DR0298,2025-W17,1
DR0298,2025-W23,1
DR0298,2025-W24,1
DR0298,2025-W29,1
DR0298,2025-W30,1
DR0298,2025-W31,1
DR0298,2025-W33,1
DR0298,2025-W38,1
DR0298,2025-W42,1
DR0298,2025-W43,1
DR0298,2025-W48,2
DR0298,2026-W05,2
DR0298,2026-W06,1
DR0298,2026-W09,1
DR0298,2026-W10,1
DR0298,2026-W11,3
DR0298,2026-W12,1
DR0298,2026-W14,1
DR0298,2026-W15,1
DR0298,2026-W19,1
DR0298,2026-W28,2
DR0298,2026-W33,2
DR0298,2026-W34,1
DR0298,2026-W35,1
DR0298,2026-W36,1
DR0298,2026-W39,1
DR0299,2024-W01,1
DR0299,2024-W02,2
DR0299,2024-W03,2
DR0299,2024-W04,2
DR0299,2024-W05,1
DR0299,2024-W06,2
DR0299,2024-W07,5
DR0299,2024-W10,1
DR0299,2024-W12,3
DR0299,2024-W13,1
DR0299,2024-W14,3
DR0299,2024-W15,1
DR0299,2024-W16,1
DR0299,2024-W18,2
DR0299,2024-W19,1
DR0299,2024-W20,3
DR0299,2024-W21,1
DR0299,2024-W22,3
DR0299,2024-W23,1
DR0299,2024-W24,2
DR0299,2024-W25,1
DR0299,2024-W26,2
DR0299,2024-W27,1
DR0299,2024-W29,2
DR0299,2024-W30,1
DR0299,2024-W31,1
DR0299,2024-W32,4
DR0299,2024-W34,2
DR0299,2024-W36,1
DR0299,2024-W37,2
DR0299,2024-W38,1
DR0299,2024-W39,5
DR0299,2024-W40,2
DR0299,2024-W42,4
DR0299,2024-W43,2
DR0299,2024-W44,2
DR0299,2024-W45,1
DR0299,2024-W47,2
DR0299,2024-W48,2
DR0299,2024-W50,3
DR0299,2024-W51,6
DR0299,2025-W01,1
DR0299,2025-W02,2
DR0299,2025-W03,6
DR0299,2025-W04,2
DR0299,2025-W05,1
DR0299,2025-W06,2
DR0299,2025-W08,2
DR0299,2025-W09,2
DR0299,2025-W10,5
DR0299,2025-W11,4
DR0299,2025-W13,1
DR0299,2025-W15,5
DR0299,2025-W16,1
DR0299,2025-W17,2
DR0299,2025-W18,6
DR0299,2025-W20,2
DR0299,2025-W21,2
DR0299,2025-W22,3
DR0299,2025-W23,4
DR0299,2025-W26,3
DR0299,2025-W28,2
DR0299,2025-W29,3
DR0299,2025-W30,3
DR0299,2025-W31,1
DR0299,2025-W32,2
DR0299,2025-W33,2
DR0299,2025-W34,1
DR0299,2025-W35,1
DR0299,2025-W36,2
DR0299,2025-W37,3
DR0299,2025-W38,1
DR0299,2025-W39,1
DR0299,2025-W40,2
DR0299,2025-W41,3
DR0299,2025-W42,2
DR0299,2025-W43,1
DR0299,2025-W44,4
DR0299,2025-W45,1
DR0299,2025-W46,2
DR0299,2025-W47,2
DR0299,2025-W48,1
DR0299,2025-W49,1
DR0299,2025-W51,2
DR0299,2026-W00,1
DR0299,2026-W01,3
DR0299,2026-W02,1
DR0299,2026-W03,2
DR0299,2026-W04,5
DR0299,2026-W07,2
DR0299,2026-W08,2
DR0299,2026-W09,1
DR0299,2026-W10,2
DR0299,2026-W12,1
DR0299,2026-W13,2
DR0299,2026-W14,2
DR0299,2026-W15,3
DR0299,2026-W16,2
DR0299,2026-W18,4
DR0299,2026-W19,1
DR0299,2026-W20,1
DR0299,2026-W21,1
DR0299,2026-W22,1
DR0299,2026-W23,2
DR0299,2026-W24,3
DR0299,2026-W25,1
DR0299,2026-W26,2
DR0299,2026-W27,3
DR0299,2026-W28,3
DR0299,2026-W29,1
DR0299,2026-W31,1
DR0299,2026-W32,1
DR0299,2026-W33,1
DR0299,2026-W34,2
DR0299,2026-W35,1
DR0299,2026-W36,1
DR0299,2026-W37,1
DR0299,2026-W38,1
DR0299,2026-W39,1
DR0300,2024-W01,1
DR0300,2024-W03,4
DR0300,2024-W05,3
DR0300,2024-W06,2
DR0300,2024-W07,2
DR0300,2024-W08,1
DR0300,2024-W10,1
DR0300,2024-W12,1
DR0300,2024-W13,6
DR0300,2024-W14,1
DR0300,2024-W15,5
DR0300,2024-W16,3
DR0300,2024-W17,2
DR0300,2024-W18,2
DR0300,2024-W20,1
DR0300,2024-W21,1
DR0300,2024-W22,1
DR0300,2024-W23,4
DR0300,2024-W24,2
DR0300,2024-W25,1
DR0300,2024-W26,2
DR0300,2024-W29,3
DR0300,2024-W30,1
DR0300,2024-W31,1
DR0300,2024-W32,4
DR0300,2024-W33,2
DR0300,2024-W34,4
DR0300,2024-W35,2
DR0300,2024-W36,1
DR0300,2024-W37,1
DR0300,2024-W38,1
DR0300,2024-W41,1
DR0300,2024-W42,3
DR0300,2024-W43,1
DR0300,2024-W45,1
DR0300,2024-W46,3
DR0300,2024-W47,3
DR0300,2024-W48,2
DR0300,2024-W49,2
DR0300,2024-W50,2
DR0300,2024-W51,3
DR0300,2024-W52,2
DR0300,2024-W53,1
DR0300,2025-W00,2
DR0300,2025-W01,1
DR0300,2025-W02,1
DR0300,2025-W03,1
DR0300,2025-W04,2
DR0300,2025-W05,1
DR0300,2025-W06,2
DR0300,2025-W08,1
DR0300,2025-W09,1
DR0300,2025-W10,2
DR0300,2025-W11,1
DR0300,2025-W12,1
DR0300,2025-W13,1
DR0300,2025-W14,3
DR0300,2025-W15,2
DR0300,2025-W16,1
DR0300,2025-W17,3
DR0300,2025-W18,2
DR0300,2025-W19,1
DR0300,2025-W20,3
DR0300,2025-W21,2
DR0300,2025-W22,2
DR0300,2025-W24,1
DR0300,2025-W25,3
DR0300,2025-W26,2
DR0300,2025-W28,4
DR0300,2025-W29,1
DR0300,2025-W30,3
DR0300,2025-W33,2
DR0300,2025-W34,1
DR0300,2025-W35,1
DR0300,2025-W36,1
DR0300,2025-W37,1
DR0300,2025-W38,1
DR0300,2025-W40,2
DR0300,2025-W41,2
DR0300,2025-W42,3
DR0300,2025-W43,3
DR0300,2025-W44,5
DR0300,2025-W45,3
DR0300,2025-W46,2
DR0300,2025-W47,1
DR0300,2025-W48,2
DR0300,2025-W49,1
DR0300,2025-W50,2
DR0300,2025-W51,3
DR0300,2025-W52,1
DR0300,2026-W00,1
DR0300,2026-W01,2
DR0300,2026-W03,2
DR0300,2026-W04,1
DR0300,2026-W05,2
DR0300,2026-W06,1
DR0300,2026-W07,2
DR0300,2026-W08,3
DR0300,2026-W10,1
DR0300,2026-W11,4
DR0300,2026-W12,1
DR0300,2026-W13,2
DR0300,2026-W14,2
DR0300,2026-W15,2
DR0300,2026-W16,3
DR0300,2026-W19,1
DR0300,2026-W20,2
DR0300,2026-W21,1
DR0300,2026-W22,1
DR0300,2026-W23,1
DR0300,2026-W25,1
DR0300,2026-W26,1
DR0300,2026-W27,2
DR0300,2026-W29,2
DR0300,2026-W30,1
DR0300,2026-W31,3
DR0300,2026-W32,3
DR0300,2026-W33,2
DR0300,2026-W34,1
DR0300,2026-W35,4
DR0300,2026-W36,4
DR0300,2026-W37,1
DR0300,2026-W38,1
DR0301,2024-W01,5
DR0301,2024-W02,1
DR0301,2024-W03,2
DR0301,2024-W04,4
DR0301,2024-W06,2
DR0301,2024-W07,1
DR0301,2024-W08,3
DR0301,2024-W09,3
DR0301,2024-W10,1
DR0301,2024-W12,4
DR0301,2024-W13,2
DR0301,2024-W14,8
DR0301,2024-W15,1
DR0301,2024-W16,1
DR0301,2024-W17,1
DR0301,2024-W18,1
DR0301,2024-W19,2
DR0301,2024-W20,1
DR0301,2024-W21,2
DR0301,2024-W22,3
DR0301,2024-W24,9
DR0301,2024-W25,4
DR0301,2024-W26,1
DR0301,2024-W27,1
DR0301,2024-W28,2
DR0301,2024-W30,1
DR0301,2024-W31,3
DR0301,2024-W32,2
DR0301,2024-W33,1
DR0301,2024-W34,3
DR0301,2024-W35,3
DR0301,2024-W36,6
DR0301,2024-W37,2
DR0301,2024-W38,1
DR0301,2024-W39,5
DR0301,2024-W40,5
DR0301,2024-W41,4
DR0301,2024-W42,2
DR0301,2024-W43,1
DR0301,2024-W44,4
DR0301,2024-W45,3
DR0301,2024-W46,3
DR0301,2024-W47,2
DR0301,2024-W48,1
DR0301,2024-W49,3
DR0301,2024-W50,1
DR0301,2024-W51,4
DR0301,2024-W52,1
DR0301,2025-W01,2
DR0301,2025-W02,1
DR0301,2025-W03,3
DR0301,2025-W04,6
DR0301,2025-W05,2
DR0301,2025-W06,3
DR0301,2025-W07,1
DR0301,2025-W08,4
DR0301,2025-W09,2
DR0301,2025-W10,3
DR0301,2025-W12,1
DR0301,2025-W13,8
DR0301,2025-W14,1
DR0301,2025-W15,2
DR0301,2025-W16,2
DR0301,2025-W17,1
DR0301,2025-W18,4
DR0301,2025-W19,2
DR0301,2025-W20,1
DR0301,2025-W21,3
DR0301,2025-W22,2
DR0301,2025-W23,1
DR0301,2025-W24,4
DR0301,2025-W25,2
DR0301,2025-W26,2
DR0301,2025-W27,1
DR0301,2025-W28,1
DR0301,2025-W29,2
DR0301,2025-W30,3
DR0301,2025-W31,2
DR0301,2025-W32,2
DR0301,2025-W33,1
DR0301,2025-W34,4
DR0301,2025-W35,3
DR0301,2025-W36,3
DR0301,2025-W37,2
DR0301,2025-W38,3
DR0301,2025-W39,2
DR0301,2025-W40,3
DR0301,2025-W41,2
DR0301,2025-W42,4
DR0301,2025-W43,3
DR0301,2025-W44,6
DR0301,2025-W45,3
DR0301,2025-W46,2
DR0301,2025-W47,2
DR0301,2025-W48,2
DR0301,2025-W49,3
DR0301,2025-W50,4
DR0301,2025-W51,5
DR0301,2025-W52,1
DR0301,2026-W00,1
DR0301,2026-W01,1
DR0301,2026-W03,2
DR0301,2026-W06,3
DR0301,2026-W07,3
DR0301,2026-W08,8
DR0301,2026-W09,2
DR0301,2026-W11,2
DR0301,2026-W12,2
DR0301,2026-W13,2
DR0301,2026-W14,3
DR0301,2026-W15,4
DR0301,2026-W16,4
DR0301,2026-W17,2
DR0301,2026-W18,5
DR0301,2026-W19,2
DR0301,2026-W20,1
DR0301,2026-W22,2
DR0301,2026-W23,3
DR0301,2026-W24,3
DR0301,2026-W25,1
DR0301,2026-W26,4
DR0301,2026-W27,2
DR0301,2026-W29,3
DR0301,2026-W30,1
DR0301,2026-W31,1
DR0301,2026-W32,1
DR0301,2026-W34,4
DR0301,2026-W35,3
DR0301,2026-W36,2
DR0301,2026-W37,3
DR0301,2026-W38,2
DR0301,2026-W39,1
DR0302,2024-W01,3
DR0302,2024-W02,2
DR0302,2024-W03,4
DR0302,2024-W04,3
DR0302,2024-W05,1
DR0302,2024-W06,1
DR0302,2024-W07,4
DR0302,2024-W08,6
DR0302,2024-W09,3
DR0302,2024-W10,7
DR0302,2024-W11,6
DR0302,2024-W12,4
DR0302,2024-W13,2
DR0302,2024-W14,8
DR0302,2024-W15,5
DR0302,2024-W16,3
DR0302,2024-W17,3
DR0302,2024-W18,5
DR0302,2024-W19,1
DR0302,2024-W20,2
DR0302,2024-W21,4
DR0302,2024-W22,3
DR0302,2024-W23,5
DR0302,2024-W24,2
DR0302,2024-W25,3
DR0302,2024-W26,3
DR0302,2024-W27,2
DR0302,2024-W28,3
DR0302,2024-W29,4
DR0302,2024-W30,6
DR0302,2024-W31,2
DR0302,2024-W32,3
DR0302,2024-W33,2
DR0302,2024-W34,2
DR0302,2024-W36,2
DR0302,2024-W37,3
DR0302,2024-W38,5
DR0302,2024-W39,5
DR0302,2024-W40,1
DR0302,2024-W41,4
DR0302,2024-W42,2
DR0302,2024-W43,3
DR0302,2024-W44,9
DR0302,2024-W45,4
DR0302,2024-W46,9
DR0302,2024-W47,5
DR0302,2024-W48,4
DR0302,2024-W49,6
DR0302,2024-W50,2
DR0302,2024-W51,2
DR0302,2024-W52,1
DR0302,2024-W53,1
DR0302,2025-W00,3
DR0302,2025-W01,3
DR0302,2025-W02,1
DR0302,2025-W03,7
DR0302,2025-W04,5
DR0302,2025-W05,5
DR0302,2025-W06,4
DR0302,2025-W07,8
DR0302,2025-W08,3
DR0302,2025-W09,2
DR0302,2025-W10,3
DR0302,2025-W11,2
DR0302,2025-W12,6
DR0302,2025-W13,4
DR0302,2025-W14,2
DR0302,2025-W16,3
DR0302,2025-W17,6
DR0302,2025-W18,5
DR0302,2025-W19,4
DR0302,2025-W20,4
DR0302,2025-W21,3
DR0302,2025-W22,1
DR0302,2025-W23,3
DR0302,2025-W24,3
DR0302,2025-W25,5
DR0302,2025-W26,3
DR0302,2025-W27,2
DR0302,2025-W28,2
DR0302,2025-W29,5
DR0302,2025-W30,4
DR0302,2025-W31,3
DR0302,2025-W32,2
DR0302,2025-W33,3
DR0302,2025-W34,4
DR0302,2025-W35,2
DR0302,2025-W36,5
DR0302,2025-W37,6
DR0302,2025-W38,5
DR0302,2025-W39,1
DR0302,2025-W40,2
DR0302,2025-W41,2
DR0302,2025-W42,7
DR0302,2025-W43,3
DR0302,2025-W44,3
DR0302,2025-W45,1
DR0302,2025-W46,4
DR0302,2025-W47,4
DR0302,2025-W48,3
DR0302,2025-W49,3
DR0302,2025-W50,4
DR0302,2025-W51,3
DR0302,2025-W52,1
DR0302,2026-W00,1
DR0302,2026-W01,3
DR0302,2026-W03,6
DR0302,2026-W04,8
DR0302,2026-W05,2
DR0302,2026-W07,2
DR0302,2026-W08,3
DR0302,2026-W09,2
DR0302,2026-W10,3
DR0302,2026-W11,3
DR0302,2026-W12,3
DR0302,2026-W13,3
DR0302,2026-W14,2
DR0302,2026-W15,5
DR0302,2026-W16,1
DR0302,2026-W17,4
DR0302,2026-W18,2
DR0302,2026-W19,1
DR0302,2026-W20,1
DR0302,2026-W22,3
DR0302,2026-W23,3
DR0302,2026-W24,2
DR0302,2026-W25,3
DR0302,2026-W26,1
DR0302,2026-W27,2
DR0302,2026-W28,4
DR0302,2026-W29,4
DR0302,2026-W30,3
DR0302,2026-W31,6
DR0302,2026-W32,4
DR0302,2026-W33,8
DR0302,2026-W34,3
DR0302,2026-W35,5
DR0302,2026-W36,3
DR0302,2026-W37,8
DR0302,2026-W38,1
DR0302,2026-W39,1
DR0302,2027-W18,1
DR0303,2024-W01,1
DR0303,2024-W02,4
DR0303,2024-W03,4
DR0303,2024-W04,4
DR0303,2024-W05,1
DR0303,2024-W06,3
DR0303,2024-W07,4
DR0303,2024-W08,2
DR0303,2024-W10,3
DR0303,2024-W11,2
DR0303,2024-W12,1
DR0303,2024-W13,1
DR0303,2024-W14,1
DR0303,2024-W15,2
DR0303,2024-W17,1
DR0303,2024-W18,1
DR0303,2024-W19,3
DR0303,2024-W20,2
DR0303,2024-W21,1
DR0303,2024-W22,2
DR0303,2024-W23,1
DR0303,2024-W24,1
DR0303,2024-W25,2
DR0303,2024-W26,3
DR0303,2024-W27,1
DR0303,2024-W28,1
DR0303,2024-W30,2
DR0303,2024-W32,2
DR0303,2024-W33,1
DR0303,2024-W34,2
DR0303,2024-W35,2
DR0303,2024-W36,1
DR0303,2024-W37,4
DR0303,2024-W38,4
DR0303,2024-W41,1
DR0303,2024-W42,1
DR0303,2024-W43,2
DR0303,2024-W44,2
DR0303,2024-W45,3
DR0303,2024-W46,1
DR0303,2024-W47,1
DR0303,2024-W49,1
DR0303,2024-W50,1
DR0303,2024-W51,3
DR0303,2024-W52,1
DR0303,2025-W00,4
DR0303,2025-W01,5
DR0303,2025-W02,1
DR0303,2025-W03,1
DR0303,2025-W04,2
DR0303,2025-W05,1
DR0303,2025-W07,2
DR0303,2025-W08,1
DR0303,2025-W09,2
DR0303,2025-W10,1
DR0303,2025-W11,2
DR0303,2025-W12,2
DR0303,2025-W14,1
DR0303,2025-W15,2
DR0303,2025-W16,3
DR0303,2025-W17,2
DR0303,2025-W19,1
DR0303,2025-W20,4
DR0303,2025-W21,2
DR0303,2025-W23,1
DR0303,2025-W24,2
DR0303,2025-W26,5
DR0303,2025-W27,3
DR0303,2025-W28,3
DR0303,2025-W29,1
DR0303,2025-W30,1
DR0303,2025-W32,3
DR0303,2025-W33,1
DR0303,2025-W34,1
DR0303,2025-W35,2
DR0303,2025-W36,1
DR0303,2025-W37,2
DR0303,2025-W38,3
DR0303,2025-W39,2
DR0303,2025-W40,1
DR0303,2025-W41,2
DR0303,2025-W42,1
DR0303,2025-W43,3
DR0303,2025-W44,2
DR0303,2025-W45,1
DR0303,2025-W46,2
DR0303,2025-W47,1
DR0303,2025-W48,1
DR0303,2025-W49,1
DR0303,2025-W50,4
DR0303,2025-W51,1
DR0303,2025-W52,2
DR0303,2026-W02,2
DR0303,2026-W03,4
DR0303,2026-W04,2
DR0303,2026-W06,2
DR0303,2026-W07,3
DR0303,2026-W08,2
DR0303,2026-W10,1
DR0303,2026-W11,2
DR0303,2026-W12,1
DR0303,2026-W13,2
DR0303,2026-W14,3
DR0303,2026-W16,3
DR0303,2026-W17,1
DR0303,2026-W19,2
DR0303,2026-W20,1
DR0303,2026-W21,2
DR0303,2026-W22,2
DR0303,2026-W23,2
DR0303,2026-W24,3
DR0303,2026-W26,2
DR0303,2026-W27,3
DR0303,2026-W28,2
DR0303,2026-W29,6
DR0303,2026-W30,1
DR0303,2026-W31,1
DR0303,2026-W32,3
DR0303,2026-W33,2
DR0303,2026-W34,3
DR0303,2026-W35,1
DR0303,2026-W36,2
DR0303,2026-W37,2
DR0303,2026-W38,1
DR0304,2024-W02,1
DR0304,2024-W07,1
DR0304,2024-W15,2
DR0304,2024-W17,1
DR0304,2024-W24,1
DR0304,2024-W32,1
DR0304,2024-W33,1
DR0304,2024-W44,1
DR0304,2024-W48,2
DR0304,2024-W49,1
DR0304,2024-W50,1
DR0304,2025-W00,1
DR0304,2025-W02,1
DR0304,2025-W06,1
DR0304,2025-W19,1
DR0304,2025-W26,1
DR0304,2025-W31,2
DR0304,2025-W33,2
DR0304,2025-W47,1
DR0304,2025-W50,2
DR0304,2026-W02,1
DR0304,2026-W13,1
DR0304,2026-W16,1
DR0304,2026-W20,1
DR0304,2026-W25,1
DR0304,2026-W26,1
DR0304,2026-W35,1
DR0304,2026-W36,1
DR0304,2026-W38,1
DR0305,2024-W01,2
DR0305,2024-W04,3
DR0305,2024-W06,2
DR0305,2024-W07,1
DR0305,2024-W08,3
DR0305,2024-W09,1
DR0305,2024-W10,2
DR0305,2024-W11,1
DR0305,2024-W12,4
DR0305,2024-W13,1
DR0305,2024-W14,2
DR0305,2024-W16,1
DR0305,2024-W18,1
DR0305,2024-W20,2
DR0305,2024-W21,1
DR0305,2024-W24,1
DR0305,2024-W28,2
DR0305,2024-W30,2
DR0305,2024-W32,3
DR0305,2024-W33,2
DR0305,2024-W36,4
DR0305,2024-W37,1
DR0305,2024-W40,1
DR0305,2024-W41,1
DR0305,2024-W42,1
DR0305,2024-W43,1
DR0305,2024-W44,2
DR0305,2024-W45,1
DR0305,2024-W46,1
DR0305,2024-W48,1
DR0305,2024-W49,1
DR0305,2024-W50,2
DR0305,2024-W51,3
DR0305,2024-W52,2
DR0305,2024-W53,1
DR0305,2025-W00,2
DR0305,2025-W03,3
DR0305,2025-W04,1
DR0305,2025-W05,2
DR0305,2025-W06,3
DR0305,2025-W08,3
DR0305,2025-W10,1
DR0305,2025-W11,3
DR0305,2025-W12,1
DR0305,2025-W14,3
DR0305,2025-W15,1
DR0305,2025-W16,2
DR0305,2025-W17,1
DR0305,2025-W18,2
DR0305,2025-W19,2
DR0305,2025-W20,1
DR0305,2025-W22,1
DR0305,2025-W23,2
DR0305,2025-W25,1
DR0305,2025-W26,1
DR0305,2025-W27,1
DR0305,2025-W28,1
DR0305,2025-W31,2
DR0305,2025-W33,2
DR0305,2025-W34,2
DR0305,2025-W35,1
DR0305,2025-W36,2
DR0305,2025-W37,1
DR0305,2025-W39,5
DR0305,2025-W40,1
DR0305,2025-W41,1
DR0305,2025-W42,2
DR0305,2025-W43,3
DR0305,2025-W45,2
DR0305,2025-W46,3
DR0305,2025-W47,1
DR0305,2025-W48,1
DR0305,2025-W49,2
DR0305,2025-W50,1
DR0305,2025-W51,1
DR0305,2026-W01,1
DR0305,2026-W02,1
DR0305,2026-W03,2
DR0305,2026-W04,3
DR0305,2026-W05,1
DR0305,2026-W06,1
DR0305,2026-W07,3
DR0305,2026-W10,1
DR0305,2026-W11,2
DR0305,2026-W12,2
DR0305,2026-W14,1
DR0305,2026-W16,1
DR0305,2026-W17,2
DR0305,2026-W18,1
DR0305,2026-W21,2
DR0305,2026-W23,1
DR0305,2026-W24,1
DR0305,2026-W25,1
DR0305,2026-W26,3
DR0305,2026-W28,1
DR0305,2026-W29,1
DR0305,2026-W30,1
DR0305,2026-W31,2
DR0305,2026-W32,2
DR0305,2026-W33,1
DR0305,2026-W34,3
DR0305,2026-W35,1
DR0305,2026-W36,1
DR0305,2026-W38,2
DR0306,2024-W01,1
DR0306,2024-W10,1
DR0306,2024-W11,1
DR0306,2024-W12,1
DR0306,2024-W13,1
DR0306,2024-W14,1
DR0306,2024-W18,1
DR0306,2024-W19,1
DR0306,2024-W22,2
DR0306,2024-W25,1
DR0306,2024-W26,1
DR0306,2024-W27,1
DR0306,2024-W32,2
DR0306,2024-W33,1
DR0306,2024-W39,1
DR0306,2024-W42,1
DR0306,2024-W47,1
DR0306,2024-W51,1
DR0306,2025-W01,1
DR0306,2025-W09,1
DR0306,2025-W10,1
DR0306,2025-W15,1
DR0306,2025-W16,1
DR0306,2025-W28,2
DR0306,2025-W31,1
DR0306,2025-W32,1
DR0306,2025-W34,1
DR0306,2025-W35,1
DR0306,2025-W36,2
DR0306,2025-W38,1
DR0306,2025-W43,1
DR0306,2025-W46,1
DR0306,2025-W48,1
DR0306,2025-W49,1
DR0306,2026-W01,1
DR0306,2026-W02,1
DR0306,2026-W03,2
DR0306,2026-W08,1
DR0306,2026-W11,1
DR0306,2026-W12,1
DR0306,2026-W15,1
DR0306,2026-W20,1
DR0306,2026-W25,1
DR0306,2026-W28,1
DR0306,2026-W31,1
DR0306,2026-W33,1
DR0306,2026-W36,1
DR0306,2026-W38,1
DR0307,2024-W01,2
DR0307,2024-W03,2
DR0307,2024-W05,2
DR0307,2024-W06,2
DR0307,2024-W07,4
DR0307,2024-W08,3
DR0307,2024-W09,2
DR0307,2024-W10,1
DR0307,2024-W14,2
DR0307,2024-W15,2
DR0307,2024-W17,2
DR0307,2024-W18,1
DR0307,2024-W19,1
DR0307,2024-W20,3
DR0307,2024-W21,2
DR0307,2024-W22,2
DR0307,2024-W23,2
DR0307,2024-W24,2
DR0307,2024-W25,1
DR0307,2024-W27,1
DR0307,2024-W28,2
DR0307,2024-W29,6
DR0307,2024-W30,2
DR0307,2024-W31,1
DR0307,2024-W32,1
DR0307,2024-W34,4
DR0307,2024-W35,1
DR0307,2024-W36,3
DR0307,2024-W37,1
DR0307,2024-W38,2
DR0307,2024-W39,5
DR0307,2024-W40,1
DR0307,2024-W41,1
DR0307,2024-W42,5
DR0307,2024-W44,1
DR0307,2024-W45,3
DR0307,2024-W46,1
DR0307,2024-W47,1
DR0307,2024-W48,2
DR0307,2024-W49,3
DR0307,2024-W50,2
DR0307,2024-W51,2
DR0307,2024-W52,1
DR0307,2024-W53,2
DR0307,2025-W00,1
DR0307,2025-W01,3
DR0307,2025-W02,2
DR0307,2025-W04,1
DR0307,2025-W05,1
DR0307,2025-W06,4
DR0307,2025-W07,2
DR0307,2025-W08,3
DR0307,2025-W10,1
DR0307,2025-W11,2
DR0307,2025-W12,3
DR0307,2025-W13,2
DR0307,2025-W14,1
DR0307,2025-W15,2
DR0307,2025-W16,2
DR0307,2025-W17,2
DR0307,2025-W18,2
DR0307,2025-W19,2
DR0307,2025-W20,5
DR0307,2025-W21,3
DR0307,2025-W24,2
DR0307,2025-W26,1
DR0307,2025-W28,2
DR0307,2025-W29,1
DR0307,2025-W30,3
DR0307,2025-W31,1
DR0307,2025-W32,2
DR0307,2025-W33,4
DR0307,2025-W34,1
DR0307,2025-W35,1
DR0307,2025-W37,2
DR0307,2025-W38,1
DR0307,2025-W39,1
DR0307,2025-W40,2
DR0307,2025-W41,1
DR0307,2025-W43,1
DR0307,2025-W44,1
DR0307,2025-W45,3
DR0307,2025-W47,3
DR0307,2025-W48,1
DR0307,2025-W49,1
DR0307,2025-W50,2
DR0307,2025-W51,3
DR0307,2025-W52,4
DR0307,2026-W01,1
DR0307,2026-W02,1
DR0307,2026-W03,2
DR0307,2026-W04,2
DR0307,2026-W05,1
DR0307,2026-W06,2
DR0307,2026-W07,1
DR0307,2026-W08,1
DR0307,2026-W09,3
DR0307,2026-W10,2
DR0307,2026-W11,2
DR0307,2026-W12,2
DR0307,2026-W13,3
DR0307,2026-W16,1
DR0307,2026-W17,2
DR0307,2026-W19,2
DR0307,2026-W21,2
DR0307,2026-W22,2
DR0307,2026-W23,2
DR0307,2026-W24,2
DR0307,2026-W25,1
DR0307,2026-W26,4
DR0307,2026-W27,2
DR0307,2026-W29,1
DR0307,2026-W30,2
DR0307,2026-W31,3
DR0307,2026-W32,1
DR0307,2026-W33,2
DR0307,2026-W34,1
DR0307,2026-W35,1
DR0307,2026-W36,3
DR0307,2026-W38,1
DR0307,2026-W39,1
DR0308,2024-W02,1
DR0308,2024-W14,1
DR0308,2024-W15,1
DR0308,2024-W17,1
DR0308,2024-W18,1
DR0308,2024-W20,2
DR0308,2024-W25,1
DR0308,2024-W28,1
DR0308,2024-W30,2
DR0308,2024-W31,1
DR0308,2024-W34,1
DR0308,2024-W35,1
DR0308,2024-W39,1
DR0308,2024-W40,1
DR0308,2024-W41,1
DR0308,2024-W44,1
DR0308,2024-W48,1
DR0308,2024-W51,1
DR0308,2025-W01,2
DR0308,2025-W06,1
DR0308,2025-W12,1
DR0308,2025-W15,2
DR0308,2025-W19,2
DR0308,2025-W29,1
DR0308,2025-W30,1
DR0308,2025-W48,1
DR0308,2025-W49,1
DR0308,2026-W03,1
DR0308,2026-W04,1
DR0308,2026-W10,2
DR0308,2026-W12,1
DR0308,2026-W13,1
DR0308,2026-W16,1
DR0308,2026-W18,1
DR0308,2026-W19,1
DR0308,2026-W23,2
DR0308,2026-W26,2
DR0308,2026-W30,1
DR0308,2026-W33,2
DR0308,2026-W36,1
DR0309,2024-W01,2
DR0309,2024-W02,1
DR0309,2024-W03,1
DR0309,2024-W07,1
DR0309,2024-W09,1
DR0309,2024-W10,1
DR0309,2024-W12,2
DR0309,2024-W18,1
DR0309,2024-W19,1
DR0309,2024-W20,3
DR0309,2024-W24,1
DR0309,2024-W28,1
DR0309,2024-W29,1
DR0309,2024-W30,1
DR0309,2024-W32,1
DR0309,2024-W44,1
DR0309,2024-W45,2
DR0309,2024-W46,1
DR0309,2024-W48,1
DR0309,2024-W50,3
DR0309,2024-W51,2
DR0309,2025-W00,1
DR0309,2025-W02,1
DR0309,2025-W03,2
DR0309,2025-W06,2
DR0309,2025-W12,1
DR0309,2025-W15,2
DR0309,2025-W16,1
DR0309,2025-W17,1
DR0309,2025-W21,2
DR0309,2025-W23,1
DR0309,2025-W24,1
DR0309,2025-W26,1
DR0309,2025-W28,2
DR0309,2025-W30,1
DR0309,2025-W31,1
DR0309,2025-W32,1
DR0309,2025-W37,2
DR0309,2025-W38,1
DR0309,2025-W42,1
DR0309,2025-W44,1
DR0309,2025-W46,1
DR0309,2025-W48,2
DR0309,2026-W00,1
DR0309,2026-W02,2
DR0309,2026-W06,2
DR0309,2026-W08,2
DR0309,2026-W12,1
DR0309,2026-W20,1
DR0309,2026-W22,2
DR0309,2026-W23,1
DR0309,2026-W24,1
DR0309,2026-W25,1
DR0309,2026-W28,1
DR0309,2026-W32,1
DR0309,2026-W37,1
DR0309,2026-W38,1
DR0310,2024-W07,3
DR0310,2024-W08,1
DR0310,2024-W10,1
DR0310,2024-W13,1
DR0310,2024-W14,2
DR0310,2024-W17,2
DR0310,2024-W18,1
DR0310,2024-W19,1
DR0310,2024-W23,1
DR0310,2024-W28,1
DR0310,2024-W29,2
DR0310,2024-W35,1
DR0310,2024-W36,2
DR0310,2024-W42,1
DR0310,2024-W43,1
DR0310,2024-W45,1
DR0310,2024-W49,1
DR0310,2024-W50,1
DR0310,2024-W51,2
DR0310,2024-W52,1
DR0310,2025-W00,1
DR0310,2025-W04,1
DR0310,2025-W07,2
DR0310,2025-W10,1
DR0310,2025-W12,1
DR0310,2025-W23,3
DR0310,2025-W24,2
DR0310,2025-W25,1
DR0310,2025-W28,1
DR0310,2025-W30,1
DR0310,2025-W31,2
DR0310,2025-W32,2
DR0310,2025-W38,2
DR0310,2025-W43,1
DR0310,2025-W47,2
DR0310,2025-W49,1
DR0310,2025-W50,1
DR0310,2026-W06,1
DR0310,2026-W13,1
DR0310,2026-W14,2
DR0310,2026-W16,1
DR0310,2026-W18,2
DR0310,2026-W19,1
DR0310,2026-W20,1
DR0310,2026-W21,2
DR0310,2026-W22,1
DR0310,2026-W23,1
DR0310,2026-W26,1
DR0310,2026-W30,2
DR0310,2026-W33,1
DR0310,2026-W35,1
DR0310,2026-W36,1
DR0310,2026-W37,1
DR0310,2026-W38,2
DR0311,2024-W01,3
DR0311,2024-W02,2
DR0311,2024-W03,5
DR0311,2024-W04,3
DR0311,2024-W06,1
DR0311,2024-W07,3
DR0311,2024-W08,4
DR0311,2024-W09,3
DR0311,2024-W10,3
DR0311,2024-W11,3
DR0311,2024-W12,1
DR0311,2024-W13,3
DR0311,2024-W14,2
DR0311,2024-W15,1
DR0311,2024-W16,3
DR0311,2024-W17,1
DR0311,2024-W18,2
DR0311,2024-W20,5
DR0311,2024-W21,3
DR0311,2024-W22,7
DR0311,2024-W23,2
DR0311,2024-W24,4
DR0311,2024-W26,1
DR0311,2024-W27,1
DR0311,2024-W29,8
DR0311,2024-W30,2
DR0311,2024-W31,2
DR0311,2024-W32,2
DR0311,2024-W33,1
DR0311,2024-W34,4
DR0311,2024-W35,2
DR0311,2024-W36,4
DR0311,2024-W37,5
DR0311,2024-W38,2
DR0311,2024-W39,3
DR0311,2024-W40,5
DR0311,2024-W41,3
DR0311,2024-W42,1
DR0311,2024-W43,1
DR0311,2024-W44,3
DR0311,2024-W45,3
DR0311,2024-W46,4
DR0311,2024-W47,3
DR0311,2024-W48,3
DR0311,2024-W49,1
DR0311,2024-W50,1
DR0311,2024-W52,1
DR0311,2024-W53,1
DR0311,2025-W01,3
DR0311,2025-W02,3
DR0311,2025-W03,5
DR0311,2025-W04,3
DR0311,2025-W05,2
DR0311,2025-W06,3
DR0311,2025-W07,1
DR0311,2025-W08,2
DR0311,2025-W09,3
DR0311,2025-W11,4
DR0311,2025-W12,2
DR0311,2025-W13,1
DR0311,2025-W14,2
DR0311,2025-W15,1
DR0311,2025-W17,1
DR0311,2025-W18,5
DR0311,2025-W19,3
DR0311,2025-W20,1
DR0311,2025-W21,1
DR0311,2025-W22,2
DR0311,2025-W23,6
DR0311,2025-W25,2
DR0311,2025-W28,3
DR0311,2025-W29,1
DR0311,2025-W30,3
DR0311,2025-W32,1
DR0311,2025-W33,4
DR0311,2025-W34,2
DR0311,2025-W35,3
DR0311,2025-W36,1
DR0311,2025-W37,4
DR0311,2025-W38,1
DR0311,2025-W39,2
DR0311,2025-W40,1
DR0311,2025-W41,2
DR0311,2025-W42,2
DR0311,2025-W43,3
DR0311,2025-W44,3
DR0311,2025-W45,2
DR0311,2025-W46,1
DR0311,2025-W47,6
DR0311,2025-W48,1
DR0311,2025-W49,3
DR0311,2025-W51,3
DR0311,2025-W52,2
DR0311,2026-W00,2
DR0311,2026-W01,2
DR0311,2026-W02,2
DR0311,2026-W03,2
DR0311,2026-W04,1
DR0311,2026-W05,4
DR0311,2026-W06,2
DR0311,2026-W07,2
DR0311,2026-W08,4
DR0311,2026-W09,3
DR0311,2026-W10,1
DR0311,2026-W11,5
DR0311,2026-W12,1
DR0311,2026-W14,2
DR0311,2026-W15,1
DR0311,2026-W16,3
DR0311,2026-W17,3
DR0311,2026-W18,2
DR0311,2026-W19,1
DR0311,2026-W20,1
DR0311,2026-W21,1
DR0311,2026-W22,4
DR0311,2026-W23,1
DR0311,2026-W24,3
DR0311,2026-W25,3
DR0311,2026-W26,1
DR0311,2026-W27,4
DR0311,2026-W28,3
DR0311,2026-W29,1
DR0311,2026-W30,3
DR0311,2026-W31,3
DR0311,2026-W32,1
DR0311,2026-W34,1
DR0311,2026-W35,4
DR0311,2026-W36,3
DR0311,2026-W37,5
DR0311,2026-W38,1
DR0311,2026-W39,4
DR0312,2024-W01,2
DR0312,2024-W02,1
DR0312,2024-W04,3
DR0312,2024-W06,5
DR0312,2024-W07,1
DR0312,2024-W09,1
DR0312,2024-W10,1
DR0312,2024-W11,4
DR0312,2024-W12,1
DR0312,2024-W14,1
DR0312,2024-W16,1
DR0312,2024-W19,1
DR0312,2024-W20,7
DR0312,2024-W21,2
DR0312,2024-W22,2
DR0312,2024-W23,2
DR0312,2024-W24,1
DR0312,2024-W25,2
DR0312,2024-W26,2
DR0312,2024-W28,1
DR0312,2024-W29,1
DR0312,2024-W30,2
DR0312,2024-W32,3
DR0312,2024-W33,3
DR0312,2024-W36,2
DR0312,2024-W37,2
DR0312,2024-W38,3
DR0312,2024-W39,1
DR0312,2024-W40,1
DR0312,2024-W41,2
DR0312,2024-W42,1
DR0312,2024-W43,1
DR0312,2024-W44,5
DR0312,2024-W46,1
DR0312,2024-W47,1
DR0312,2024-W49,2
DR0312,2024-W50,2
DR0312,2024-W52,3
DR0312,2024-W53,4
DR0312,2025-W01,1
DR0312,2025-W02,1
DR0312,2025-W03,3
DR0312,2025-W04,2
DR0312,2025-W05,1
DR0312,2025-W06,2
DR0312,2025-W08,3
DR0312,2025-W09,3
DR0312,2025-W10,2
DR0312,2025-W12,4
DR0312,2025-W13,2
DR0312,2025-W14,3
DR0312,2025-W15,3
DR0312,2025-W17,3
DR0312,2025-W19,1
DR0312,2025-W20,5
DR0312,2025-W21,3
DR0312,2025-W22,2
DR0312,2025-W23,1
DR0312,2025-W24,2
DR0312,2025-W25,3
DR0312,2025-W26,2
DR0312,2025-W27,5
DR0312,2025-W28,2
DR0312,2025-W29,2
DR0312,2025-W31,2
DR0312,2025-W32,1
DR0312,2025-W33,2
DR0312,2025-W34,1
DR0312,2025-W36,2
DR0312,2025-W37,1
DR0312,2025-W38,2
DR0312,2025-W39,3
DR0312,2025-W41,3
DR0312,2025-W42,1
DR0312,2025-W43,1
DR0312,2025-W44,2
DR0312,2025-W46,2
DR0312,2025-W48,1
DR0312,2025-W49,2
DR0312,2025-W50,1
DR0312,2025-W51,1
DR0312,2025-W52,1
DR0312,2026-W01,1
DR0312,2026-W02,2
DR0312,2026-W03,2
DR0312,2026-W05,4
DR0312,2026-W07,2
DR0312,2026-W09,1
DR0312,2026-W10,1
DR0312,2026-W11,3
DR0312,2026-W12,1
DR0312,2026-W13,1
DR0312,2026-W14,3
DR0312,2026-W15,1
DR0312,2026-W16,3
DR0312,2026-W17,2
DR0312,2026-W18,1
DR0312,2026-W19,1
DR0312,2026-W20,1
DR0312,2026-W21,2
DR0312,2026-W22,2
DR0312,2026-W23,1
DR0312,2026-W26,2
DR0312,2026-W28,3
DR0312,2026-W29,2
DR0312,2026-W30,4
DR0312,2026-W31,1
DR0312,2026-W32,2
DR0312,2026-W34,1
DR0312,2026-W35,2
DR0312,2026-W37,1
DR0313,2024-W01,2
DR0313,2024-W03,1
DR0313,2024-W04,3
DR0313,2024-W06,2
DR0313,2024-W07,2
DR0313,2024-W09,1
DR0313,2024-W10,1
DR0313,2024-W12,1
DR0313,2024-W13,2
DR0313,2024-W14,1
DR0313,2024-W15,1
DR0313,2024-W17,3
DR0313,2024-W18,2
DR0313,2024-W19,2
DR0313,2024-W20,1
DR0313,2024-W22,1
DR0313,2024-W23,2
DR0313,2024-W24,1
DR0313,2024-W25,1
DR0313,2024-W26,1
DR0313,2024-W28,2
DR0313,2024-W29,3
DR0313,2024-W30,1
DR0313,2024-W31,2
DR0313,2024-W33,1
DR0313,2024-W35,1
DR0313,2024-W36,1
DR0313,2024-W39,1
DR0313,2024-W40,2
DR0313,2024-W41,2
DR0313,2024-W42,1
DR0313,2024-W43,2
DR0313,2024-W44,4
DR0313,2024-W45,1
DR0313,2024-W46,2
DR0313,2024-W47,1
DR0313,2024-W48,2
DR0313,2024-W49,2
DR0313,2024-W50,1
DR0313,2025-W02,1
DR0313,2025-W04,4
DR0313,2025-W05,1
DR0313,2025-W06,1
DR0313,2025-W07,2
DR0313,2025-W08,1
DR0313,2025-W09,3
DR0313,2025-W10,3
DR0313,2025-W11,3
DR0313,2025-W13,1
DR0313,2025-W14,2
DR0313,2025-W16,1
DR0313,2025-W17,1
DR0313,2025-W19,1
DR0313,2025-W20,1
DR0313,2025-W21,1
DR0313,2025-W22,2
DR0313,2025-W23,3
DR0313,2025-W25,1
DR0313,2025-W26,2
DR0313,2025-W29,1
DR0313,2025-W30,1
DR0313,2025-W32,3
DR0313,2025-W33,1
DR0313,2025-W34,1
DR0313,2025-W36,2
DR0313,2025-W37,1
DR0313,2025-W39,1
DR0313,2025-W41,3
DR0313,2025-W43,2
DR0313,2025-W45,2
DR0313,2025-W49,2
DR0313,2025-W50,1
DR0313,2025-W51,1
DR0313,2026-W01,2
DR0313,2026-W03,1
DR0313,2026-W06,1
DR0313,2026-W07,2
DR0313,2026-W08,3
DR0313,2026-W10,1
DR0313,2026-W12,2
DR0313,2026-W13,1
DR0313,2026-W14,1
DR0313,2026-W15,1
DR0313,2026-W16,1
DR0313,2026-W18,2
DR0313,2026-W19,1
DR0313,2026-W20,1
DR0313,2026-W21,3
DR0313,2026-W22,1
DR0313,2026-W23,1
DR0313,2026-W25,1
DR0313,2026-W26,1
DR0313,2026-W27,1
DR0313,2026-W31,3
DR0313,2026-W32,2
DR0313,2026-W33,1
DR0313,2026-W34,2
DR0313,2026-W35,1
DR0314,2024-W01,2
DR0314,2024-W03,1
DR0314,2024-W05,2
DR0314,2024-W10,1
DR0314,2024-W11,1
DR0314,2024-W13,2
DR0314,2024-W14,4
DR0314,2024-W15,2
DR0314,2024-W19,1
DR0314,2024-W21,1
DR0314,2024-W22,1
DR0314,2024-W23,2
DR0314,2024-W24,1
DR0314,2024-W26,1
DR0314,2024-W29,1
DR0314,2024-W31,1
DR0314,2024-W32,1
DR0314,2024-W35,1
DR0314,2024-W36,1
DR0314,2024-W40,1
DR0314,2024-W43,3
DR0314,2024-W49,1
DR0314,2024-W52,2
DR0314,2025-W00,1
DR0314,2025-W02,1
DR0314,2025-W03,1
DR0314,2025-W04,2
DR0314,2025-W05,2
DR0314,2025-W07,2
DR0314,2025-W09,2
DR0314,2025-W10,1
DR0314,2025-W12,1
DR0314,2025-W13,2
DR0314,2025-W15,1
DR0314,2025-W18,1
DR0314,2025-W19,1
DR0314,2025-W21,2
DR0314,2025-W22,2
DR0314,2025-W24,1
DR0314,2025-W26,1
DR0314,2025-W27,1
DR0314,2025-W28,1
DR0314,2025-W30,2
DR0314,2025-W31,1
DR0314,2025-W33,1
DR0314,2025-W35,1
DR0314,2025-W36,1
DR0314,2025-W37,1
DR0314,2025-W45,2
DR0314,2025-W48,1
DR0314,2025-W49,1
DR0314,2025-W50,4
DR0314,2026-W00,3
DR0314,2026-W03,1
DR0314,2026-W05,1
DR0314,2026-W07,1
DR0314,2026-W08,1
DR0314,2026-W09,1
DR0314,2026-W10,1
DR0314,2026-W12,1
DR0314,2026-W13,1
DR0314,2026-W14,2
DR0314,2026-W16,1
DR0314,2026-W18,1
DR0314,2026-W23,2
DR0314,2026-W24,2
DR0314,2026-W27,1
DR0314,2026-W33,2
DR0314,2026-W34,1
DR0314,2026-W37,2
DR0314,2026-W38,1
DR0315,2024-W04,1
DR0315,2024-W06,1
DR0315,2024-W07,1
DR0315,2024-W12,1
DR0315,2024-W14,4
DR0315,2024-W17,1
DR0315,2024-W19,1
DR0315,2024-W23,1
DR0315,2024-W28,1
DR0315,2024-W32,2
DR0315,2024-W43,1
DR0315,2024-W45,1
DR0315,2024-W47,2
DR0315,2024-W48,1
DR0315,2024-W50,1
DR0315,2025-W03,1
DR0315,2025-W06,1
DR0315,2025-W17,1
DR0315,2025-W18,1
DR0315,2025-W19,1
DR0315,2025-W21,1
DR0315,2025-W22,1
DR0315,2025-W26,1
DR0315,2025-W29,1
DR0315,2025-W30,1
DR0315,2025-W31,1
DR0315,2025-W35,1
DR0315,2025-W36,1
DR0315,2025-W37,1
DR0315,2025-W42,1
DR0315,2025-W43,2
DR0315,2025-W46,1
DR0315,2025-W48,2
DR0315,2026-W00,1
DR0315,2026-W01,1
DR0315,2026-W11,1
DR0315,2026-W13,1
DR0315,2026-W15,1
DR0315,2026-W17,1
DR0315,2026-W18,1
DR0315,2026-W19,1
DR0315,2026-W22,1
DR0315,2026-W25,2
DR0315,2026-W26,1
DR0315,2026-W33,1
DR0315,2026-W36,2
DR0315,2026-W37,1
DR0316,2024-W01,1
DR0316,2024-W03,1
DR0316,2024-W08,1
DR0316,2024-W11,1
DR0316,2024-W12,2
DR0316,2024-W14,3
DR0316,2024-W15,1
DR0316,2024-W16,1
DR0316,2024-W21,1
DR0316,2024-W22,1
DR0316,2024-W25,1
DR0316,2024-W26,1
DR0316,2024-W30,1
DR0316,2024-W31,3
DR0316,2024-W32,1
DR0316,2024-W33,1
DR0316,2024-W35,1
DR0316,2024-W40,1
DR0316,2024-W43,1
DR0316,2024-W44,2
DR0316,2024-W45,1
DR0316,2024-W47,1
DR0316,2024-W48,1
DR0316,2024-W49,3
DR0316,2024-W50,2
DR0316,2024-W52,1
DR0316,2025-W00,1
DR0316,2025-W01,2
DR0316,2025-W03,1
DR0316,2025-W04,2
DR0316,2025-W05,1
DR0316,2025-W09,1
DR0316,2025-W11,1
DR0316,2025-W12,1
DR0316,2025-W13,1
DR0316,2025-W14,1
DR0316,2025-W19,1
DR0316,2025-W20,2
DR0316,2025-W22,2
DR0316,2025-W23,1
DR0316,2025-W24,1
DR0316,2025-W25,1
DR0316,2025-W28,1
DR0316,2025-W29,1
DR0316,2025-W33,1
DR0316,2025-W34,1
DR0316,2025-W40,2
DR0316,2025-W41,1
DR0316,2025-W43,1
DR0316,2025-W47,1
DR0316,2025-W49,1
DR0316,2025-W50,1
DR0316,2025-W51,2
DR0316,2026-W00,1
DR0316,2026-W02,1
DR0316,2026-W04,3
DR0316,2026-W06,1
DR0316,2026-W07,2
DR0316,2026-W08,1
DR0316,2026-W13,1
DR0316,2026-W14,1
DR0316,2026-W17,1
DR0316,2026-W22,2
DR0316,2026-W23,1
DR0316,2026-W26,1
DR0316,2026-W28,1
DR0316,2026-W29,2
DR0316,2026-W30,3
DR0316,2026-W31,1
DR0316,2026-W34,1
DR0316,2026-W36,1
DR0316,2026-W37,2
DR0316,2026-W38,1
DR0316,2026-W39,1
DR0317,2024-W01,1
DR0317,2024-W04,1
DR0317,2024-W14,1
DR0317,2024-W15,1
DR0317,2024-W16,2
DR0317,2024-W18,1
DR0317,2024-W20,1
DR0317,2024-W22,1
DR0317,2024-W23,1
DR0317,2024-W25,1
DR0317,2024-W26,1
DR0317,2024-W27,1
DR0317,2024-W28,1
DR0317,2024-W36,1
DR0317,2024-W43,1
DR0317,2024-W44,1
DR0317,2024-W47,1
DR0317,2025-W01,1
DR0317,2025-W04,1
DR0317,2025-W08,1
DR0317,2025-W10,1
DR0317,2025-W13,1
DR0317,2025-W16,1
DR0317,2025-W17,2
DR0317,2025-W19,1
DR0317,2025-W21,1
DR0317,2025-W22,1
DR0317,2025-W24,1
DR0317,2025-W32,1
DR0317,2025-W34,1
DR0317,2025-W36,3
DR0317,2025-W41,1
DR0317,2025-W42,1
DR0317,2026-W02,1
DR0317,2026-W04,1
DR0317,2026-W09,1
DR0317,2026-W13,1
DR0317,2026-W15,2
DR0317,2026-W16,1
DR0317,2026-W17,2
DR0317,2026-W18,1
DR0317,2026-W22,1
DR0317,2026-W23,1
DR0317,2026-W24,1
DR0317,2026-W35,1
DR0317,2026-W36,1
DR0317,2026-W39,1
DR0318,2024-W01,3
DR0318,2024-W02,1
DR0318,2024-W03,6
DR0318,2024-W04,3
DR0318,2024-W05,1
DR0318,2024-W06,5
DR0318,2024-W08,4
DR0318,2024-W09,1
DR0318,2024-W10,2
DR0318,2024-W11,4
DR0318,2024-W12,1
DR0318,2024-W13,4
DR0318,2024-W14,4
DR0318,2024-W15,5
DR0318,2024-W16,1
DR0318,2024-W17,5
DR0318,2024-W18,1
DR0318,2024-W19,1
DR0318,2024-W20,5
DR0318,2024-W22,1
DR0318,2024-W23,2
DR0318,2024-W24,1
DR0318,2024-W25,3
DR0318,2024-W26,2
DR0318,2024-W27,3
DR0318,2024-W28,2
DR0318,2024-W29,7
DR0318,2024-W30,2
DR0318,2024-W31,1
DR0318,2024-W32,2
DR0318,2024-W33,3
DR0318,2024-W34,1
DR0318,2024-W35,4
DR0318,2024-W36,5
DR0318,2024-W37,2
DR0318,2024-W38,3
DR0318,2024-W39,2
DR0318,2024-W40,1
DR0318,2024-W41,2
DR0318,2024-W42,3
DR0318,2024-W43,1
DR0318,2024-W44,4
DR0318,2024-W45,6
DR0318,2024-W46,2
DR0318,2024-W47,1
DR0318,2024-W48,6
DR0318,2024-W49,6
DR0318,2024-W50,3
DR0318,2024-W51,6
DR0318,2024-W52,3
DR0318,2025-W00,1
DR0318,2025-W01,5
DR0318,2025-W02,3
DR0318,2025-W03,2
DR0318,2025-W04,3
DR0318,2025-W05,1
DR0318,2025-W06,5
DR0318,2025-W07,5
DR0318,2025-W08,3
DR0318,2025-W09,4
DR0318,2025-W10,3
DR0318,2025-W11,3
DR0318,2025-W12,1
DR0318,2025-W13,3
DR0318,2025-W14,1
DR0318,2025-W15,6
DR0318,2025-W16,1
DR0318,2025-W17,1
DR0318,2025-W18,6
DR0318,2025-W19,1
DR0318,2025-W20,2
DR0318,2025-W21,2
DR0318,2025-W22,2
DR0318,2025-W23,3
DR0318,2025-W25,4
DR0318,2025-W26,3
DR0318,2025-W27,3
DR0318,2025-W28,1
DR0318,2025-W29,1
DR0318,2025-W30,1
DR0318,2025-W31,2
DR0318,2025-W32,6
DR0318,2025-W33,3
DR0318,2025-W35,4
DR0318,2025-W36,4
DR0318,2025-W37,2
DR0318,2025-W38,4
DR0318,2025-W39,1
DR0318,2025-W40,7
DR0318,2025-W41,2
DR0318,2025-W42,6
DR0318,2025-W43,3
DR0318,2025-W44,4
DR0318,2025-W45,5
DR0318,2025-W46,2
DR0318,2025-W47,2
DR0318,2025-W48,4
DR0318,2025-W49,4
DR0318,2025-W50,5
DR0318,2025-W51,6
DR0318,2025-W52,1
DR0318,2026-W00,1
DR0318,2026-W01,2
DR0318,2026-W02,4
DR0318,2026-W03,5
DR0318,2026-W04,3
DR0318,2026-W05,4
DR0318,2026-W06,5
DR0318,2026-W07,2
DR0318,2026-W08,2
DR0318,2026-W09,1
DR0318,2026-W10,4
DR0318,2026-W11,5
DR0318,2026-W13,2
DR0318,2026-W14,7
DR0318,2026-W15,4
DR0318,2026-W16,3
DR0318,2026-W17,2
DR0318,2026-W18,4
DR0318,2026-W19,1
DR0318,2026-W20,3
DR0318,2026-W21,3
DR0318,2026-W23,2
DR0318,2026-W25,2
DR0318,2026-W26,4
DR0318,2026-W27,2
DR0318,2026-W28,4
DR0318,2026-W29,2
DR0318,2026-W30,5
DR0318,2026-W31,7
DR0318,2026-W32,4
DR0318,2026-W33,2
DR0318,2026-W34,8
DR0318,2026-W35,2
DR0318,2026-W36,2
DR0318,2026-W37,6
DR0318,2026-W38,1
DR0319,2024-W05,1
DR0319,2024-W11,1
DR0319,2024-W13,1
DR0319,2024-W14,1
DR0319,2024-W18,1
DR0319,2024-W20,2
DR0319,2024-W21,1
DR0319,2024-W24,1
DR0319,2024-W26,1
DR0319,2024-W27,1
DR0319,2024-W28,1
DR0319,2024-W29,1
DR0319,2024-W32,1
DR0319,2024-W35,1
DR0319,2024-W36,1
DR0319,2024-W38,1
DR0319,2024-W39,1
DR0319,2024-W42,1
DR0319,2024-W44,1
DR0319,2024-W45,1
DR0319,2024-W47,1
DR0319,2024-W50,1
DR0319,2024-W53,1
DR0319,2025-W00,1
DR0319,2025-W01,1
DR0319,2025-W02,1
DR0319,2025-W03,1
DR0319,2025-W07,1
DR0319,2025-W10,1
DR0319,2025-W14,1
DR0319,2025-W18,1
DR0319,2025-W23,2
DR0319,2025-W24,2
DR0319,2025-W25,2
DR0319,2025-W26,1
DR0319,2025-W29,1
DR0319,2025-W35,1
DR0319,2025-W44,1
DR0319,2025-W48,1
DR0319,2025-W51,1
DR0319,2026-W03,1
DR0319,2026-W04,3
DR0319,2026-W05,1
DR0319,2026-W09,1
DR0319,2026-W11,1
DR0319,2026-W12,1
DR0319,2026-W16,1
DR0319,2026-W17,1
DR0319,2026-W19,1
DR0319,2026-W21,1
DR0319,2026-W22,1
DR0319,2026-W23,1
DR0319,2026-W28,2
DR0319,2026-W30,1
DR0319,2026-W31,1
DR0319,2026-W32,1
DR0319,2026-W33,1
DR0320,2024-W02,2
DR0320,2024-W08,1
DR0320,2024-W16,1
DR0320,2024-W18,1
DR0320,2024-W19,1
DR0320,2024-W24,1
DR0320,2024-W26,1
DR0320,2024-W27,1
DR0320,2024-W29,1
DR0320,2024-W30,1
DR0320,2024-W35,1
DR0320,2024-W36,1
DR0320,2024-W39,1
DR0320,2024-W43,1
DR0320,2024-W48,1
DR0320,2024-W51,1
DR0320,2024-W53,1
DR0320,2025-W00,2
DR0320,2025-W03,1
DR0320,2025-W09,1
DR0320,2025-W13,1
DR0320,2025-W15,1
DR0320,2025-W16,1
DR0320,2025-W17,1
DR0320,2025-W19,1
DR0320,2025-W28,1
DR0320,2025-W32,1
DR0320,2025-W38,1
DR0320,2025-W45,1
DR0320,2025-W47,2
DR0320,2025-W50,1
DR0320,2026-W00,2
DR0320,2026-W01,2
DR0320,2026-W05,1
DR0320,2026-W13,1
DR0320,2026-W23,2
DR0320,2026-W24,1
DR0320,2026-W33,1
DR0320,2026-W38,2
DR0321,2024-W02,1
DR0321,2024-W03,1
DR0321,2024-W04,3
DR0321,2024-W08,1
DR0321,2024-W10,1
DR0321,2024-W11,3
DR0321,2024-W12,2
DR0321,2024-W14,1
DR0321,2024-W15,1
DR0321,2024-W17,1
DR0321,2024-W19,1
DR0321,2024-W22,1
DR0321,2024-W23,1
DR0321,2024-W31,1
DR0321,2024-W34,1
DR0321,2024-W36,1
DR0321,2024-W38,1
DR0321,2024-W39,2
DR0321,2024-W42,2
DR0321,2024-W44,1
DR0321,2024-W46,1
DR0321,2024-W48,2
DR0321,2024-W51,1
DR0321,2025-W02,2
DR0321,2025-W03,1
DR0321,2025-W06,1
DR0321,2025-W07,2
DR0321,2025-W08,3
DR0321,2025-W10,2
DR0321,2025-W16,1
DR0321,2025-W17,1
DR0321,2025-W18,1
DR0321,2025-W19,1
DR0321,2025-W22,1
DR0321,2025-W24,1
DR0321,2025-W28,1
DR0321,2025-W29,1
DR0321,2025-W31,1
DR0321,2025-W33,3
DR0321,2025-W36,2
DR0321,2025-W37,2
DR0321,2025-W38,1
DR0321,2025-W49,1
DR0321,2026-W03,1
DR0321,2026-W06,2
DR0321,2026-W07,1
DR0321,2026-W10,2
DR0321,2026-W12,2
DR0321,2026-W18,1
DR0321,2026-W19,2
DR0321,2026-W20,1
DR0321,2026-W22,1
DR0321,2026-W26,1
DR0321,2026-W29,2
DR0321,2026-W31,2
DR0321,2026-W32,1
DR0321,2026-W34,1
DR0321,2026-W35,1
DR0321,2026-W36,1
DR0321,2026-W39,1
DR0322,2024-W01,2
DR0322,2024-W05,1
DR0322,2024-W09,1
DR0322,2024-W21,1
DR0322,2024-W34,1
DR0322,2024-W42,1
DR0322,2024-W46,1
DR0322,2024-W47,1
DR0322,2025-W01,1
DR0322,2025-W09,1
DR0322,2025-W13,1
DR0322,2025-W17,2
DR0322,2025-W29,1
DR0322,2025-W34,1
DR0322,2025-W42,1
DR0322,2026-W04,1
DR0322,2026-W06,1
DR0322,2026-W09,1
DR0322,2026-W13,1
DR0322,2026-W14,1
DR0322,2026-W18,2
DR0322,2026-W25,1
DR0322,2026-W26,1
DR0322,2026-W34,1
DR0323,2024-W06,1
DR0323,2024-W07,1
DR0323,2024-W08,1
DR0323,2024-W14,1
DR0323,2024-W15,1
DR0323,2024-W16,1
DR0323,2024-W17,1
DR0323,2024-W29,1
DR0323,2024-W30,1
DR0323,2024-W31,1
DR0323,2024-W32,1
DR0323,2024-W33,1
DR0323,2024-W38,3
DR0323,2024-W39,2
DR0323,2024-W42,1
DR0323,2024-W43,1
DR0323,2024-W45,1
DR0323,2024-W46,2
DR0323,2024-W49,2
DR0323,2024-W52,2
DR0323,2025-W02,1
DR0323,2025-W05,1
DR0323,2025-W07,1
DR0323,2025-W11,1
DR0323,2025-W14,1
DR0323,2025-W17,2
DR0323,2025-W18,1
DR0323,2025-W24,2
DR0323,2025-W25,1
DR0323,2025-W26,1
DR0323,2025-W30,3
DR0323,2025-W35,1
DR0323,2025-W37,1
DR0323,2025-W39,1
DR0323,2025-W40,1
DR0323,2025-W41,1
DR0323,2025-W45,1
DR0323,2025-W50,2
DR0323,2026-W04,2
DR0323,2026-W07,1
DR0323,2026-W09,1
DR0323,2026-W11,1
DR0323,2026-W19,1
DR0323,2026-W20,1
DR0323,2026-W24,1
DR0323,2026-W25,1
DR0323,2026-W28,1
DR0323,2026-W29,1
DR0323,2026-W32,1
DR0323,2026-W35,1
DR0324,2024-W04,2
DR0324,2024-W06,1
DR0324,2024-W08,1
DR0324,2024-W09,2
DR0324,2024-W10,1
DR0324,2024-W11,2
DR0324,2024-W13,1
DR0324,2024-W16,1
DR0324,2024-W17,1
DR0324,2024-W18,1
DR0324,2024-W19,1
DR0324,2024-W22,1
DR0324,2024-W28,1
DR0324,2024-W29,1
DR0324,2024-W31,2
DR0324,2024-W34,1
DR0324,2024-W35,3
DR0324,2024-W37,1
DR0324,2024-W38,2
DR0324,2024-W39,1
DR0324,2024-W40,1
DR0324,2024-W41,1
DR0324,2024-W42,1
DR0324,2024-W44,2
DR0324,2024-W45,1
DR0324,2024-W47,2
DR0324,2024-W48,1
DR0324,2024-W50,1
DR0324,2024-W51,2
DR0324,2025-W00,2
DR0324,2025-W01,1
DR0324,2025-W03,2
DR0324,2025-W04,2
DR0324,2025-W05,2
DR0324,2025-W06,3
DR0324,2025-W07,1
DR0324,2025-W08,1
DR0324,2025-W09,1
DR0324,2025-W10,2
DR0324,2025-W11,1
DR0324,2025-W14,1
DR0324,2025-W22,1
DR0324,2025-W26,1
DR0324,2025-W29,3
DR0324,2025-W35,1
DR0324,2025-W37,1
DR0324,2025-W38,1
DR0324,2025-W42,1
DR0324,2025-W43,2
DR0324,2025-W45,1
DR0324,2025-W46,1
DR0324,2025-W47,2
DR0324,2025-W48,3
DR0324,2025-W49,1
DR0324,2025-W51,2
DR0324,2026-W04,1
DR0324,2026-W07,2
DR0324,2026-W09,1
DR0324,2026-W10,1
DR0324,2026-W11,3
DR0324,2026-W13,1
DR0324,2026-W17,1
DR0324,2026-W19,2
DR0324,2026-W21,2
DR0324,2026-W23,1
DR0324,2026-W24,2
DR0324,2026-W29,1
DR0324,2026-W32,1
DR0324,2026-W35,1
DR0324,2026-W38,1
DR0325,2024-W01,5
DR0325,2024-W02,1
DR0325,2024-W04,2
DR0325,2024-W05,3
DR0325,2024-W06,2
DR0325,2024-W07,4
DR0325,2024-W08,2
DR0325,2024-W09,4
DR0325,2024-W10,1
DR0325,2024-W11,2
DR0325,2024-W12,1
DR0325,2024-W13,3
DR0325,2024-W14,2
DR0325,2024-W15,3
DR0325,2024-W16,2
DR0325,2024-W18,1
DR0325,2024-W19,1
DR0325,2024-W21,1
DR0325,2024-W23,2
DR0325,2024-W24,1
DR0325,2024-W25,1
DR0325,2024-W26,2
DR0325,2024-W27,3
DR0325,2024-W28,1
DR0325,2024-W29,2
DR0325,2024-W30,2
DR0325,2024-W31,2
DR0325,2024-W32,3
DR0325,2024-W33,1
DR0325,2024-W35,1
DR0325,2024-W36,3
DR0325,2024-W37,4
DR0325,2024-W38,3
DR0325,2024-W39,3
DR0325,2024-W40,1
DR0325,2024-W41,2
DR0325,2024-W43,2
DR0325,2024-W44,2
DR0325,2024-W45,4
DR0325,2024-W46,2
DR0325,2024-W48,4
DR0325,2024-W49,1
DR0325,2024-W50,2
DR0325,2024-W51,3
DR0325,2024-W52,2
DR0325,2025-W00,2
DR0325,2025-W01,2
DR0325,2025-W02,3
DR0325,2025-W03,4
DR0325,2025-W04,2
DR0325,2025-W05,6
DR0325,2025-W06,4
DR0325,2025-W07,1
DR0325,2025-W08,1
DR0325,2025-W09,2
DR0325,2025-W10,2
DR0325,2025-W11,1
DR0325,2025-W12,6
DR0325,2025-W13,1
DR0325,2025-W14,3
DR0325,2025-W15,1
DR0325,2025-W17,3
DR0325,2025-W19,2
DR0325,2025-W20,2
DR0325,2025-W21,2
DR0325,2025-W23,1
DR0325,2025-W24,1
DR0325,2025-W27,5
DR0325,2025-W28,2
DR0325,2025-W29,2
DR0325,2025-W31,1
DR0325,2025-W32,3
DR0325,2025-W33,1
DR0325,2025-W34,3
DR0325,2025-W35,4
DR0325,2025-W36,3
DR0325,2025-W38,3
DR0325,2025-W39,2
DR0325,2025-W40,3
DR0325,2025-W41,4
DR0325,2025-W42,3
DR0325,2025-W43,1
DR0325,2025-W44,5
DR0325,2025-W45,5
DR0325,2025-W46,4
DR0325,2025-W47,3
DR0325,2025-W49,2
DR0325,2025-W50,3
DR0325,2025-W51,1
DR0325,2025-W52,1
DR0325,2026-W01,2
DR0325,2026-W02,1
DR0325,2026-W03,2
DR0325,2026-W04,3
DR0325,2026-W05,3
DR0325,2026-W06,3
DR0325,2026-W07,4
DR0325,2026-W08,2
DR0325,2026-W10,5
DR0325,2026-W11,2
DR0325,2026-W12,4
DR0325,2026-W15,2
DR0325,2026-W16,4
DR0325,2026-W17,3
DR0325,2026-W18,5
DR0325,2026-W19,1
DR0325,2026-W20,5
DR0325,2026-W21,1
DR0325,2026-W22,3
DR0325,2026-W23,1
DR0325,2026-W24,2
DR0325,2026-W25,4
DR0325,2026-W26,3
DR0325,2026-W28,4
DR0325,2026-W29,2
DR0325,2026-W30,2
DR0325,2026-W31,1
DR0325,2026-W32,2
DR0325,2026-W33,1
DR0325,2026-W34,4
DR0325,2026-W35,2
DR0325,2026-W36,6
DR0325,2026-W37,2
DR0325,2026-W38,1
DR0325,2026-W39,1
DR0326,2024-W03,1
DR0326,2024-W09,3
DR0326,2024-W10,1
DR0326,2024-W13,1
DR0326,2024-W15,1
DR0326,2024-W16,1
DR0326,2024-W17,1
DR0326,2024-W20,1
DR0326,2024-W27,1
DR0326,2024-W29,1
DR0326,2024-W30,1
DR0326,2024-W31,1
DR0326,2024-W33,1
DR0326,2024-W35,1
DR0326,2024-W36,1
DR0326,2024-W44,1
DR0326,2024-W45,1
DR0326,2024-W46,1
DR0326,2024-W48,1
DR0326,2024-W49,2
DR0326,2025-W00,1
DR0326,2025-W02,1
DR0326,2025-W05,1
DR0326,2025-W06,1
DR0326,2025-W10,1
DR0326,2025-W13,1
DR0326,2025-W16,1
DR0326,2025-W19,1
DR0326,2025-W24,1
DR0326,2025-W26,1
DR0326,2025-W28,1
DR0326,2025-W29,1
DR0326,2025-W33,1
DR0326,2025-W35,1
DR0326,2025-W45,1
DR0326,2025-W49,1
DR0326,2025-W50,1
DR0326,2025-W52,2
DR0326,2026-W00,1
DR0326,2026-W03,1
DR0326,2026-W05,1
DR0326,2026-W06,1
DR0326,2026-W07,1
DR0326,2026-W08,1
DR0326,2026-W11,1
DR0326,2026-W12,1
DR0326,2026-W13,1
DR0326,2026-W16,2
DR0326,2026-W17,1
DR0326,2026-W24,1
DR0326,2026-W28,1
DR0326,2026-W32,1
DR0326,2026-W35,1
DR0326,2026-W39,1
DR0327,2024-W04,1
DR0327,2024-W07,2
DR0327,2024-W08,2
DR0327,2024-W09,1
DR0327,2024-W11,1
DR0327,2024-W12,1
DR0327,2024-W14,3
DR0327,2024-W15,1
DR0327,2024-W17,1
DR0327,2024-W18,1
DR0327,2024-W19,3
DR0327,2024-W20,2
DR0327,2024-W21,1
DR0327,2024-W25,1
DR0327,2024-W26,1
DR0327,2024-W29,1
DR0327,2024-W30,1
DR0327,2024-W32,1
DR0327,2024-W33,1
DR0327,2024-W34,1
DR0327,2024-W35,1
DR0327,2024-W38,1
DR0327,2024-W41,1
DR0327,2024-W42,1
DR0327,2024-W43,3
DR0327,2024-W44,1
DR0327,2024-W45,1
DR0327,2024-W51,1
DR0327,2024-W53,1
DR0327,2025-W01,1
DR0327,2025-W02,1
DR0327,2025-W03,1
DR0327,2025-W04,2
DR0327,2025-W05,1
DR0327,2025-W06,1
DR0327,2025-W08,3
DR0327,2025-W12,1
DR0327,2025-W13,2
DR0327,2025-W16,1
DR0327,2025-W19,2
DR0327,2025-W22,1
DR0327,2025-W23,1
DR0327,2025-W27,1
DR0327,2025-W29,2
DR0327,2025-W31,1
DR0327,2025-W36,1
DR0327,2025-W39,1
DR0327,2025-W43,2
DR0327,2025-W45,1
DR0327,2025-W47,1
DR0327,2025-W51,1
DR0327,2026-W01,3
DR0327,2026-W02,1
DR0327,2026-W11,1
DR0327,2026-W12,1
DR0327,2026-W13,1
DR0327,2026-W16,1
DR0327,2026-W17,1
DR0327,2026-W19,1
DR0327,2026-W21,1
DR0327,2026-W22,2
DR0327,2026-W24,2
DR0327,2026-W25,2
DR0327,2026-W28,1
DR0327,2026-W30,1
DR0327,2026-W33,1
DR0327,2026-W34,1
DR0328,2024-W05,2
DR0328,2024-W08,1
DR0328,2024-W09,1
DR0328,2024-W10,1
DR0328,2024-W12,1
DR0328,2024-W13,1
DR0328,2024-W14,2
DR0328,2024-W15,1
DR0328,2024-W17,1
DR0328,2024-W23,1
DR0328,2024-W24,1
DR0328,2024-W25,1
DR0328,2024-W27,1
DR0328,2024-W29,1
DR0328,2024-W31,1
DR0328,2024-W32,1
DR0328,2024-W36,1
DR0328,2024-W44,1
DR0328,2024-W45,2
DR0328,2024-W47,1
DR0328,2024-W48,1
DR0328,2024-W52,2
DR0328,2025-W02,2
DR0328,2025-W03,1
DR0328,2025-W09,1
DR0328,2025-W14,1
DR0328,2025-W16,1
DR0328,2025-W18,1
DR0328,2025-W27,2
DR0328,2025-W28,1
DR0328,2025-W30,1
DR0328,2025-W32,1
DR0328,2025-W33,1
DR0328,2025-W34,1
DR0328,2025-W37,1
DR0328,2025-W48,1
DR0328,2025-W49,1
DR0328,2025-W50,1
DR0328,2026-W03,1
DR0328,2026-W06,1
DR0328,2026-W08,1
DR0328,2026-W13,1
DR0328,2026-W14,1
DR0328,2026-W15,1
DR0328,2026-W18,1
DR0328,2026-W21,2
DR0328,2026-W25,1
DR0328,2026-W26,1
DR0328,2026-W35,1
DR0328,2026-W38,1
DR0328,2026-W39,1
DR0329,2024-W01,2
DR0329,2024-W03,2
DR0329,2024-W05,1
DR0329,2024-W09,1
DR0329,2024-W10,1
DR0329,2024-W12,1
DR0329,2024-W14,1
DR0329,2024-W24,2
DR0329,2024-W26,2
DR0329,2024-W30,2
DR0329,2024-W32,1
DR0329,2024-W40,1
DR0329,2024-W41,1
DR0329,2024-W42,4
DR0329,2024-W43,1
DR0329,2024-W44,2
DR0329,2024-W46,1
DR0329,2024-W48,1
DR0329,2024-W50,2
DR0329,2024-W52,2
DR0329,2025-W00,3
DR0329,2025-W01,1
DR0329,2025-W02,1
DR0329,2025-W03,1
DR0329,2025-W04,1
DR0329,2025-W08,1
DR0329,2025-W09,1
DR0329,2025-W13,1
DR0329,2025-W15,2
DR0329,2025-W16,1
DR0329,2025-W19,2
DR0329,2025-W20,1
DR0329,2025-W22,1
DR0329,2025-W23,1
DR0329,2025-W25,1
DR0329,2025-W26,1
DR0329,2025-W27,1
DR0329,2025-W28,2
DR0329,2025-W30,1
DR0329,2025-W34,1
DR0329,2025-W35,1
DR0329,2025-W37,2
DR0329,2025-W40,2
DR0329,2025-W42,1
DR0329,2025-W43,1
DR0329,2025-W44,2
DR0329,2025-W47,1
DR0329,2026-W01,2
DR0329,2026-W02,1
DR0329,2026-W03,1
DR0329,2026-W05,1
DR0329,2026-W06,1
DR0329,2026-W09,1
DR0329,2026-W11,1
DR0329,2026-W12,1
DR0329,2026-W14,1
DR0329,2026-W15,2
DR0329,2026-W16,3
DR0329,2026-W17,1
DR0329,2026-W25,1
DR0329,2026-W27,1
DR0329,2026-W29,1
DR0329,2026-W30,4
DR0329,2026-W31,1
DR0329,2026-W35,2
DR0329,2026-W38,1
DR0329,2027-W04,1
DR0330,2024-W01,2
DR0330,2024-W02,1
DR0330,2024-W04,1
DR0330,2024-W06,1
DR0330,2024-W07,1
DR0330,2024-W09,1
DR0330,2024-W12,1
DR0330,2024-W19,1
DR0330,2024-W20,2
DR0330,2024-W22,1
DR0330,2024-W23,1
DR0330,2024-W24,1
DR0330,2024-W25,1
DR0330,2024-W28,1
DR0330,2024-W30,2
DR0330,2024-W34,3
DR0330,2024-W35,1
DR0330,2024-W40,1
DR0330,2024-W45,1
DR0330,2024-W47,1
DR0330,2024-W48,1
DR0330,2025-W05,2
DR0330,2025-W06,2
DR0330,2025-W08,1
DR0330,2025-W09,2
DR0330,2025-W10,1
DR0330,2025-W13,1
DR0330,2025-W15,1
DR0330,2025-W19,1
DR0330,2025-W23,1
DR0330,2025-W26,1
DR0330,2025-W28,1
DR0330,2025-W33,1
DR0330,2025-W38,1
DR0330,2025-W39,1
DR0330,2025-W41,1
DR0330,2025-W42,1
DR0330,2026-W00,1
DR0330,2026-W05,1
DR0330,2026-W09,1
DR0330,2026-W12,1
DR0330,2026-W16,1
DR0330,2026-W21,2
DR0330,2026-W23,1
DR0330,2026-W24,1
DR0330,2026-W27,1
DR0330,2026-W32,1
DR0330,2026-W34,2
DR0330,2026-W37,1
DR0330,2026-W38,2
DR0330,2026-W39,1
DR0331,2024-W01,1
DR0331,2024-W02,1
DR0331,2024-W03,5
DR0331,2024-W04,1
DR0331,2024-W05,1
DR0331,2024-W07,2
DR0331,2024-W08,6
DR0331,2024-W09,1
DR0331,2024-W10,1
DR0331,2024-W11,2
DR0331,2024-W12,4
DR0331,2024-W13,1
DR0331,2024-W15,4
DR0331,2024-W16,2
DR0331,2024-W17,2
DR0331,2024-W18,3
DR0331,2024-W19,2
DR0331,2024-W20,2
DR0331,2024-W21,1
DR0331,2024-W22,2
DR0331,2024-W23,1
DR0331,2024-W24,3
DR0331,2024-W25,2
DR0331,2024-W27,3
DR0331,2024-W28,1
DR0331,2024-W29,3
DR0331,2024-W30,2
DR0331,2024-W32,3
DR0331,2024-W33,3
DR0331,2024-W34,4
DR0331,2024-W35,2
DR0331,2024-W36,3
DR0331,2024-W37,2
DR0331,2024-W38,2
DR0331,2024-W39,1
DR0331,2024-W40,3
DR0331,2024-W43,1
DR0331,2024-W45,3
DR0331,2024-W46,1
DR0331,2024-W47,3
DR0331,2024-W48,1
DR0331,2024-W49,1
DR0331,2024-W50,2
DR0331,2024-W51,2
DR0331,2024-W52,4
DR0331,2025-W01,3
DR0331,2025-W03,1
DR0331,2025-W04,1
DR0331,2025-W05,4
DR0331,2025-W06,3
DR0331,2025-W07,2
DR0331,2025-W08,4
DR0331,2025-W09,1
DR0331,2025-W10,2
DR0331,2025-W11,3
DR0331,2025-W12,1
DR0331,2025-W13,2
DR0331,2025-W14,2
DR0331,2025-W15,2
DR0331,2025-W16,2
DR0331,2025-W17,3
DR0331,2025-W18,1
DR0331,2025-W19,2
DR0331,2025-W20,2
DR0331,2025-W21,2
DR0331,2025-W23,2
DR0331,2025-W24,1
DR0331,2025-W25,2
DR0331,2025-W27,1
DR0331,2025-W28,1
DR0331,2025-W29,2
DR0331,2025-W30,1
DR0331,2025-W31,4
DR0331,2025-W32,1
DR0331,2025-W33,4
DR0331,2025-W34,1
DR0331,2025-W35,1
DR0331,2025-W36,6
DR0331,2025-W37,2
DR0331,2025-W38,4
DR0331,2025-W39,1
DR0331,2025-W40,3
DR0331,2025-W41,3
DR0331,2025-W42,3
DR0331,2025-W43,5
DR0331,2025-W45,2
DR0331,2025-W46,2
DR0331,2025-W47,3
DR0331,2025-W48,1
DR0331,2025-W50,4
DR0331,2025-W51,4
DR0331,2026-W01,1
DR0331,2026-W02,3
DR0331,2026-W03,4
DR0331,2026-W04,3
DR0331,2026-W05,1
DR0331,2026-W06,2
DR0331,2026-W07,2
DR0331,2026-W08,3
DR0331,2026-W09,4
DR0331,2026-W10,1
DR0331,2026-W11,1
DR0331,2026-W12,2
DR0331,2026-W13,4
DR0331,2026-W14,6
DR0331,2026-W15,3
DR0331,2026-W16,4
DR0331,2026-W17,2
DR0331,2026-W18,3
DR0331,2026-W19,3
DR0331,2026-W20,1
DR0331,2026-W21,2
DR0331,2026-W22,3
DR0331,2026-W23,2
DR0331,2026-W24,2
DR0331,2026-W25,3
DR0331,2026-W26,1
DR0331,2026-W27,3
DR0331,2026-W29,1
DR0331,2026-W31,3
DR0331,2026-W32,1
DR0331,2026-W33,1
DR0331,2026-W34,2
DR0331,2026-W35,1
DR0331,2026-W36,3
DR0331,2026-W37,2
DR0331,2026-W38,1
DR0331,2026-W39,1
DR0332,2024-W01,5
DR0332,2024-W02,6
DR0332,2024-W03,3
DR0332,2024-W04,4
DR0332,2024-W05,7
DR0332,2024-W06,3
DR0332,2024-W07,3
DR0332,2024-W08,2
DR0332,2024-W09,1
DR0332,2024-W10,6
DR0332,2024-W11,4
DR0332,2024-W12,7
DR0332,2024-W13,4
DR0332,2024-W14,1
DR0332,2024-W15,8
DR0332,2024-W16,3
DR0332,2024-W17,2
DR0332,2024-W18,2
DR0332,2024-W19,4
DR0332,2024-W20,3
DR0332,2024-W21,4
DR0332,2024-W22,7
DR0332,2024-W23,1
DR0332,2024-W24,4
DR0332,2024-W25,3
DR0332,2024-W26,4
DR0332,2024-W27,1
DR0332,2024-W28,4
DR0332,2024-W29,3
DR0332,2024-W30,6
DR0332,2024-W31,5
DR0332,2024-W32,2
DR0332,2024-W34,4
DR0332,2024-W35,9
DR0332,2024-W36,7
DR0332,2024-W37,2
DR0332,2024-W38,2
DR0332,2024-W39,4
DR0332,2024-W40,3
DR0332,2024-W41,1
DR0332,2024-W42,4
DR0332,2024-W43,1
DR0332,2024-W44,3
DR0332,2024-W45,7
DR0332,2024-W46,8
DR0332,2024-W47,6
DR0332,2024-W48,6
DR0332,2024-W49,3
DR0332,2024-W50,3
DR0332,2024-W51,3
DR0332,2024-W52,8
DR0332,2024-W53,2
DR0332,2025-W00,2
DR0332,2025-W01,2
DR0332,2025-W02,4
DR0332,2025-W03,7
DR0332,2025-W04,4
DR0332,2025-W05,3
DR0332,2025-W07,3
DR0332,2025-W08,4
DR0332,2025-W09,2
DR0332,2025-W10,5
DR0332,2025-W11,4
DR0332,2025-W12,7
DR0332,2025-W13,1
DR0332,2025-W14,3
DR0332,2025-W15,3
DR0332,2025-W16,3
DR0332,2025-W17,2
DR0332,2025-W18,4
DR0332,2025-W19,1
DR0332,2025-W20,5
DR0332,2025-W21,4
DR0332,2025-W22,1
DR0332,2025-W23,2
DR0332,2025-W24,2
DR0332,2025-W25,3
DR0332,2025-W26,2
DR0332,2025-W27,3
DR0332,2025-W28,4
DR0332,2025-W29,1
DR0332,2025-W30,4
DR0332,2025-W31,2
DR0332,2025-W32,5
DR0332,2025-W33,5
DR0332,2025-W34,1
DR0332,2025-W35,4
DR0332,2025-W36,4
DR0332,2025-W37,3
DR0332,2025-W38,2
DR0332,2025-W39,3
DR0332,2025-W40,6
DR0332,2025-W41,1
DR0332,2025-W42,3
DR0332,2025-W43,1
DR0332,2025-W44,2
DR0332,2025-W45,2
DR0332,2025-W46,5
DR0332,2025-W47,1
DR0332,2025-W48,5
DR0332,2025-W49,3
DR0332,2025-W50,1
DR0332,2025-W51,1
DR0332,2025-W52,2
DR0332,2026-W01,6
DR0332,2026-W02,7
DR0332,2026-W03,7
DR0332,2026-W04,1
DR0332,2026-W05,5
DR0332,2026-W06,2
DR0332,2026-W07,9
DR0332,2026-W08,2
DR0332,2026-W09,5
DR0332,2026-W10,2
DR0332,2026-W12,3
DR0332,2026-W13,4
DR0332,2026-W14,3
DR0332,2026-W15,4
DR0332,2026-W16,4
DR0332,2026-W17,3
DR0332,2026-W18,4
DR0332,2026-W19,3
DR0332,2026-W20,4
DR0332,2026-W21,2
DR0332,2026-W22,3
DR0332,2026-W23,3
DR0332,2026-W24,5
DR0332,2026-W25,1
DR0332,2026-W26,7
DR0332,2026-W27,2
DR0332,2026-W28,2
DR0332,2026-W29,3
DR0332,2026-W30,1
DR0332,2026-W31,6
DR0332,2026-W32,6
DR0332,2026-W33,1
DR0332,2026-W34,3
DR0332,2026-W35,3
DR0332,2026-W36,5
DR0332,2026-W37,2
DR0332,2026-W38,4
DR0332,2026-W39,2
DR0332,2027-W28,1
DR0332,2028-W25,1
DR0333,2024-W01,2
DR0333,2024-W03,1
DR0333,2024-W04,2
DR0333,2024-W05,1
DR0333,2024-W06,1
DR0333,2024-W09,2
DR0333,2024-W10,2
DR0333,2024-W11,1
DR0333,2024-W12,3
DR0333,2024-W15,1
DR0333,2024-W17,2
DR0333,2024-W18,1
DR0333,2024-W19,3
DR0333,2024-W21,1
DR0333,2024-W23,1
DR0333,2024-W24,1
DR0333,2024-W25,1
DR0333,2024-W29,2
DR0333,2024-W31,1
DR0333,2024-W33,1
DR0333,2024-W35,1
DR0333,2024-W37,1
DR0333,2024-W43,1
DR0333,2024-W49,2
DR0333,2024-W50,2
DR0333,2024-W52,1
DR0333,2025-W02,1
DR0333,2025-W04,1
DR0333,2025-W05,2
DR0333,2025-W06,1
DR0333,2025-W09,1
DR0333,2025-W13,1
DR0333,2025-W17,1
DR0333,2025-W18,1
DR0333,2025-W19,1
DR0333,2025-W27,1
DR0333,2025-W29,1
DR0333,2025-W30,1
DR0333,2025-W31,2
DR0333,2025-W33,1
DR0333,2025-W35,1
DR0333,2025-W38,2
DR0333,2025-W39,2
DR0333,2025-W40,1
DR0333,2025-W45,1
DR0333,2025-W46,1
DR0333,2025-W49,2
DR0333,2025-W51,2
DR0333,2025-W52,1
DR0333,2026-W00,1
DR0333,2026-W02,1
DR0333,2026-W03,1
DR0333,2026-W07,1
DR0333,2026-W14,2
DR0333,2026-W16,1
DR0333,2026-W17,1
DR0333,2026-W21,1
DR0333,2026-W24,1
DR0333,2026-W25,1
DR0333,2026-W27,1
DR0333,2026-W29,1
DR0333,2026-W31,1
DR0333,2026-W32,1
DR0333,2026-W34,1
DR0333,2026-W37,1
DR0334,2024-W02,3
DR0334,2024-W04,2
DR0334,2024-W07,1
DR0334,2024-W08,1
DR0334,2024-W10,1
DR0334,2024-W11,2
DR0334,2024-W12,1
DR0334,2024-W13,2
DR0334,2024-W15,1
DR0334,2024-W16,1
DR0334,2024-W25,1
DR0334,2024-W29,1
DR0334,2024-W32,4
DR0334,2024-W34,1
DR0334,2024-W38,1
DR0334,2024-W39,1
DR0334,2024-W41,1
DR0334,2024-W42,1
DR0334,2024-W43,2
DR0334,2024-W46,1
DR0334,2024-W47,2
DR0334,2025-W01,1
DR0334,2025-W03,1
DR0334,2025-W04,2
DR0334,2025-W07,1
DR0334,2025-W11,1
DR0334,2025-W12,1
DR0334,2025-W15,2
DR0334,2025-W19,1
DR0334,2025-W25,1
DR0334,2025-W26,1
DR0334,2025-W27,1
DR0334,2025-W30,2
DR0334,2025-W31,1
DR0334,2025-W36,1
DR0334,2025-W37,1
DR0334,2025-W38,1
DR0334,2025-W42,1
DR0334,2025-W45,1
DR0334,2025-W52,1
DR0334,2026-W01,1
DR0334,2026-W05,1
DR0334,2026-W06,1
DR0334,2026-W07,1
DR0334,2026-W12,1
DR0334,2026-W25,1
DR0334,2026-W26,1
DR0334,2026-W28,1
DR0334,2026-W34,1
DR0334,2026-W38,1
DR0335,2024-W01,2
DR0335,2024-W02,2
DR0335,2024-W03,1
DR0335,2024-W06,1
DR0335,2024-W09,3
DR0335,2024-W11,1
DR0335,2024-W12,2
DR0335,2024-W14,1
DR0335,2024-W15,1
DR0335,2024-W17,1
DR0335,2024-W20,1
DR0335,2024-W21,1
DR0335,2024-W22,1
DR0335,2024-W23,1
DR0335,2024-W24,1
DR0335,2024-W25,1
DR0335,2024-W27,5
DR0335,2024-W28,1
DR0335,2024-W30,1
DR0335,2024-W31,1
DR0335,2024-W34,2
DR0335,2024-W35,1
DR0335,2024-W38,1
DR0335,2024-W39,1
DR0335,2024-W40,1
DR0335,2024-W42,2
DR0335,2024-W44,2
DR0335,2024-W45,1
DR0335,2024-W47,1
DR0335,2024-W48,1
DR0335,2024-W49,1
DR0335,2024-W50,3
DR0335,2024-W51,1
DR0335,2024-W52,1
DR0335,2025-W00,1
DR0335,2025-W01,3
DR0335,2025-W03,1
DR0335,2025-W05,1
DR0335,2025-W06,3
DR0335,2025-W07,2
DR0335,2025-W09,1
DR0335,2025-W11,2
DR0335,2025-W13,3
DR0335,2025-W15,2
DR0335,2025-W16,1
DR0335,2025-W17,1
DR0335,2025-W19,1
DR0335,2025-W21,1
DR0335,2025-W22,2
DR0335,2025-W23,3
DR0335,2025-W24,2
DR0335,2025-W26,1
DR0335,2025-W28,1
DR0335,2025-W29,2
DR0335,2025-W31,1
DR0335,2025-W34,1
DR0335,2025-W35,1
DR0335,2025-W36,1
DR0335,2025-W39,2
DR0335,2025-W41,2
DR0335,2025-W43,2
DR0335,2025-W44,1
DR0335,2025-W49,1
DR0335,2025-W50,1
DR0335,2025-W51,2
DR0335,2025-W52,1
DR0335,2026-W00,2
DR0335,2026-W03,1
DR0335,2026-W04,2
DR0335,2026-W05,2
DR0335,2026-W06,1
DR0335,2026-W07,1
DR0335,2026-W10,1
DR0335,2026-W11,1
DR0335,2026-W13,1
DR0335,2026-W14,2
DR0335,2026-W18,2
DR0335,2026-W19,3
DR0335,2026-W20,1
DR0335,2026-W23,1
DR0335,2026-W24,1
DR0335,2026-W25,1
DR0335,2026-W34,3
DR0335,2026-W36,1
DR0335,2026-W37,1
DR0335,2026-W38,1
DR0336,2024-W01,3
DR0336,2024-W02,8
DR0336,2024-W03,10
DR0336,2024-W04,5
DR0336,2024-W05,1
DR0336,2024-W06,4
DR0336,2024-W07,5
DR0336,2024-W08,4
DR0336,2024-W09,5
DR0336,2024-W10,1
DR0336,2024-W12,7
DR0336,2024-W13,4
DR0336,2024-W14,3
DR0336,2024-W15,5
DR0336,2024-W16,4
DR0336,2024-W17,2
DR0336,2024-W18,3
DR0336,2024-W19,2
DR0336,2024-W20,10
DR0336,2024-W21,3
DR0336,2024-W22,5
DR0336,2024-W23,3
DR0336,2024-W24,3
DR0336,2024-W25,3
DR0336,2024-W26,6
DR0336,2024-W27,7
DR0336,2024-W28,7
DR0336,2024-W29,4
DR0336,2024-W30,5
DR0336,2024-W31,2
DR0336,2024-W32,2
DR0336,2024-W33,5
DR0336,2024-W34,1
DR0336,2024-W35,3
DR0336,2024-W36,3
DR0336,2024-W37,3
DR0336,2024-W38,1
DR0336,2024-W39,9
DR0336,2024-W40,1
DR0336,2024-W41,3
DR0336,2024-W43,4
DR0336,2024-W44,3
DR0336,2024-W45,6
DR0336,2024-W46,3
DR0336,2024-W47,3
DR0336,2024-W48,3
DR0336,2024-W49,2
DR0336,2024-W50,1
DR0336,2024-W51,6
DR0336,2024-W52,3
DR0336,2024-W53,1
DR0336,2025-W00,1
DR0336,2025-W01,11
DR0336,2025-W02,4
DR0336,2025-W03,2
DR0336,2025-W04,3
DR0336,2025-W05,5
DR0336,2025-W06,5
DR0336,2025-W07,4
DR0336,2025-W08,6
DR0336,2025-W09,6
DR0336,2025-W10,5
DR0336,2025-W11,2
DR0336,2025-W12,4
DR0336,2025-W13,4
DR0336,2025-W14,2
DR0336,2025-W15,7
DR0336,2025-W16,3
DR0336,2025-W17,4
DR0336,2025-W18,5
DR0336,2025-W19,2
DR0336,2025-W20,1
DR0336,2025-W21,1
DR0336,2025-W22,3
DR0336,2025-W23,4
DR0336,2025-W24,2
DR0336,2025-W25,5
DR0336,2025-W26,5
DR0336,2025-W27,1
DR0336,2025-W28,4
DR0336,2025-W29,3
DR0336,2025-W30,2
DR0336,2025-W31,2
DR0336,2025-W32,3
DR0336,2025-W33,3
DR0336,2025-W34,3
DR0336,2025-W35,3
DR0336,2025-W36,4
DR0336,2025-W37,4
DR0336,2025-W38,3
DR0336,2025-W39,2
DR0336,2025-W40,3
DR0336,2025-W41,4
DR0336,2025-W42,4
DR0336,2025-W43,3
DR0336,2025-W44,6
DR0336,2025-W46,6
DR0336,2025-W47,9
DR0336,2025-W48,2
DR0336,2025-W49,3
DR0336,2025-W50,1
DR0336,2025-W51,3
DR0336,2025-W52,1
DR0336,2026-W00,7
DR0336,2026-W01,2
DR0336,2026-W02,6
DR0336,2026-W03,3
DR0336,2026-W04,5
DR0336,2026-W05,6
DR0336,2026-W06,5
DR0336,2026-W07,7
DR0336,2026-W08,1
DR0336,2026-W09,2
DR0336,2026-W10,3
DR0336,2026-W11,2
DR0336,2026-W12,1
DR0336,2026-W13,2
DR0336,2026-W14,2
DR0336,2026-W15,6
DR0336,2026-W16,3
DR0336,2026-W17,5
DR0336,2026-W18,3
DR0336,2026-W19,6
DR0336,2026-W20,2
DR0336,2026-W21,1
DR0336,2026-W22,5
DR0336,2026-W23,6
DR0336,2026-W24,1
DR0336,2026-W25,3
DR0336,2026-W28,4
DR0336,2026-W29,3
DR0336,2026-W30,3
DR0336,2026-W31,2
DR0336,2026-W32,2
DR0336,2026-W33,3
DR0336,2026-W34,4
DR0336,2026-W35,5
DR0336,2026-W37,5
DR0336,2026-W38,2
DR0336,2026-W39,3
DR0337,2024-W01,5
DR0337,2024-W02,3
DR0337,2024-W03,2
DR0337,2024-W04,8
DR0337,2024-W05,2
DR0337,2024-W06,8
DR0337,2024-W07,3
DR0337,2024-W08,6
DR0337,2024-W09,4
DR0337,2024-W10,1
DR0337,2024-W11,2
DR0337,2024-W12,4
DR0337,2024-W13,3
DR0337,2024-W14,2
DR0337,2024-W15,4
DR0337,2024-W16,1
DR0337,2024-W17,2
DR0337,2024-W18,1
DR0337,2024-W20,2
DR0337,2024-W21,4
DR0337,2024-W22,1
DR0337,2024-W23,1
DR0337,2024-W24,2
DR0337,2024-W25,1
DR0337,2024-W26,2
DR0337,2024-W27,2
DR0337,2024-W28,2
DR0337,2024-W29,3
DR0337,2024-W30,2
DR0337,2024-W31,3
DR0337,2024-W32,3
DR0337,2024-W33,3
DR0337,2024-W34,3
DR0337,2024-W35,4
DR0337,2024-W36,3
DR0337,2024-W37,2
DR0337,2024-W38,3
DR0337,2024-W39,8
DR0337,2024-W40,5
DR0337,2024-W41,3
DR0337,2024-W42,2
DR0337,2024-W43,2
DR0337,2024-W44,3
DR0337,2024-W45,3
DR0337,2024-W46,3
DR0337,2024-W47,2
DR0337,2024-W48,3
DR0337,2024-W49,3
DR0337,2024-W50,2
DR0337,2024-W51,8
DR0337,2024-W52,6
DR0337,2024-W53,3
DR0337,2025-W00,3
DR0337,2025-W01,4
DR0337,2025-W02,4
DR0337,2025-W03,3
DR0337,2025-W04,3
DR0337,2025-W05,2
DR0337,2025-W06,2
DR0337,2025-W07,4
DR0337,2025-W09,7
DR0337,2025-W10,3
DR0337,2025-W11,5
DR0337,2025-W12,5
DR0337,2025-W13,1
DR0337,2025-W14,3
DR0337,2025-W15,4
DR0337,2025-W16,3
DR0337,2025-W17,1
DR0337,2025-W18,1
DR0337,2025-W19,5
DR0337,2025-W21,3
DR0337,2025-W22,2
DR0337,2025-W23,3
DR0337,2025-W24,3
DR0337,2025-W25,4
DR0337,2025-W27,1
DR0337,2025-W28,4
DR0337,2025-W29,3
DR0337,2025-W30,4
DR0337,2025-W31,5
DR0337,2025-W32,6
DR0337,2025-W33,2
DR0337,2025-W34,6
DR0337,2025-W35,3
DR0337,2025-W36,3
DR0337,2025-W37,4
DR0337,2025-W38,1
DR0337,2025-W39,5
DR0337,2025-W40,2
DR0337,2025-W41,5
DR0337,2025-W42,2
DR0337,2025-W43,2
DR0337,2025-W44,1
DR0337,2025-W45,3
DR0337,2025-W46,4
DR0337,2025-W47,4
DR0337,2025-W48,2
DR0337,2025-W49,6
DR0337,2025-W50,3
DR0337,2025-W51,3
DR0337,2025-W52,4
DR0337,2026-W00,1
DR0337,2026-W01,2
DR0337,2026-W02,4
DR0337,2026-W04,2
DR0337,2026-W05,3
DR0337,2026-W06,2
DR0337,2026-W07,3
DR0337,2026-W08,1
DR0337,2026-W09,3
DR0337,2026-W10,3
DR0337,2026-W11,2
DR0337,2026-W14,3
DR0337,2026-W15,3
DR0337,2026-W16,2
DR0337,2026-W17,2
DR0337,2026-W18,4
DR0337,2026-W19,2
DR0337,2026-W21,1
DR0337,2026-W22,1
DR0337,2026-W23,2
DR0337,2026-W24,7
DR0337,2026-W25,3
DR0337,2026-W26,4
DR0337,2026-W27,4
DR0337,2026-W28,2
DR0337,2026-W29,1
DR0337,2026-W30,3
DR0337,2026-W31,3
DR0337,2026-W32,1
DR0337,2026-W33,5
DR0337,2026-W34,7
DR0337,2026-W35,2
DR0337,2026-W36,2
DR0337,2026-W37,1
DR0337,2026-W38,5
DR0338,2024-W01,2
DR0338,2024-W04,2
DR0338,2024-W06,3
DR0338,2024-W07,5
DR0338,2024-W08,1
DR0338,2024-W09,1
DR0338,2024-W10,3
DR0338,2024-W11,3
DR0338,2024-W12,4
DR0338,2024-W13,2
DR0338,2024-W16,4
DR0338,2024-W17,1
DR0338,2024-W18,1
DR0338,2024-W19,3
DR0338,2024-W20,2
DR0338,2024-W21,1
DR0338,2024-W22,1
DR0338,2024-W23,1
DR0338,2024-W25,1
DR0338,2024-W26,1
DR0338,2024-W27,2
DR0338,2024-W29,1
DR0338,2024-W31,1
DR0338,2024-W32,4
DR0338,2024-W33,2
DR0338,2024-W34,3
DR0338,2024-W35,1
DR0338,2024-W36,3
DR0338,2024-W37,4
DR0338,2024-W38,1
DR0338,2024-W39,4
DR0338,2024-W41,2
DR0338,2024-W43,2
DR0338,2024-W44,4
DR0338,2024-W45,2
DR0338,2024-W47,2
DR0338,2024-W48,4
DR0338,2024-W50,1
DR0338,2024-W51,2
DR0338,2024-W52,2
DR0338,2025-W02,4
DR0338,2025-W03,3
DR0338,2025-W04,1
DR0338,2025-W05,3
DR0338,2025-W06,2
DR0338,2025-W07,1
DR0338,2025-W08,4
DR0338,2025-W09,1
DR0338,2025-W10,3
DR0338,2025-W11,2
DR0338,2025-W13,4
DR0338,2025-W14,1
DR0338,2025-W15,1
DR0338,2025-W16,4
DR0338,2025-W17,6
DR0338,2025-W18,1
DR0338,2025-W19,2
DR0338,2025-W20,1
DR0338,2025-W21,1
DR0338,2025-W23,1
DR0338,2025-W26,3
DR0338,2025-W27,2
DR0338,2025-W28,1
DR0338,2025-W29,2
DR0338,2025-W31,1
DR0338,2025-W32,2
DR0338,2025-W33,2
DR0338,2025-W34,2
DR0338,2025-W35,1
DR0338,2025-W36,1
DR0338,2025-W37,2
DR0338,2025-W38,1
DR0338,2025-W39,2
DR0338,2025-W40,2
DR0338,2025-W41,3
DR0338,2025-W42,4
DR0338,2025-W43,1
DR0338,2025-W46,5
DR0338,2025-W47,3
DR0338,2025-W49,4
DR0338,2025-W50,4
DR0338,2025-W51,3
DR0338,2025-W52,2
DR0338,2026-W00,1
DR0338,2026-W01,4
DR0338,2026-W02,3
DR0338,2026-W03,2
DR0338,2026-W05,2
DR0338,2026-W06,1
DR0338,2026-W11,3
DR0338,2026-W12,2
DR0338,2026-W13,2
DR0338,2026-W14,2
DR0338,2026-W15,2
DR0338,2026-W16,2
DR0338,2026-W17,4
DR0338,2026-W20,2
DR0338,2026-W21,1
DR0338,2026-W22,2
DR0338,2026-W23,2
DR0338,2026-W24,5
DR0338,2026-W25,2
DR0338,2026-W26,1
DR0338,2026-W28,2
DR0338,2026-W29,1
DR0338,2026-W30,1
DR0338,2026-W32,3
DR0338,2026-W33,2
DR0338,2026-W34,3
DR0338,2026-W35,1
DR0338,2026-W36,1
DR0338,2026-W37,2
DR0338,2026-W39,1
DR0339,2024-W01,3
DR0339,2024-W02,2
DR0339,2024-W04,1
DR0339,2024-W05,1
DR0339,2024-W06,1
DR0339,2024-W07,1
DR0339,2024-W08,3
DR0339,2024-W10,1
DR0339,2024-W13,1
DR0339,2024-W15,2
DR0339,2024-W16,6
DR0339,2024-W17,1
DR0339,2024-W18,1
DR0339,2024-W19,1
DR0339,2024-W20,1
DR0339,2024-W21,2
DR0339,2024-W23,1
DR0339,2024-W24,1
DR0339,2024-W25,2
DR0339,2024-W26,1
DR0339,2024-W27,3
DR0339,2024-W28,2
DR0339,2024-W29,2
DR0339,2024-W30,1
DR0339,2024-W31,1
DR0339,2024-W32,1
DR0339,2024-W33,1
DR0339,2024-W34,1
DR0339,2024-W35,1
DR0339,2024-W36,1
DR0339,2024-W37,1
DR0339,2024-W40,2
DR0339,2024-W41,1
DR0339,2024-W42,2
DR0339,2024-W43,2
DR0339,2024-W44,1
DR0339,2024-W46,2
DR0339,2024-W47,1
DR0339,2024-W49,1
DR0339,2024-W50,1
DR0339,2024-W51,1
DR0339,2024-W52,1
DR0339,2024-W53,1
DR0339,2025-W00,2
DR0339,2025-W01,1
DR0339,2025-W02,2
DR0339,2025-W04,1
DR0339,2025-W06,3
DR0339,2025-W07,2
DR0339,2025-W08,1
DR0339,2025-W09,1
DR0339,2025-W10,2
DR0339,2025-W12,2
DR0339,2025-W13,1
DR0339,2025-W17,1
DR0339,2025-W18,1
DR0339,2025-W19,1
DR0339,2025-W20,2
DR0339,2025-W23,1
DR0339,2025-W24,1
DR0339,2025-W25,2
DR0339,2025-W26,1
DR0339,2025-W27,2
DR0339,2025-W30,1
DR0339,2025-W32,1
DR0339,2025-W35,3
DR0339,2025-W37,2
DR0339,2025-W39,2
DR0339,2025-W40,2
DR0339,2025-W41,2
DR0339,2025-W44,1
DR0339,2025-W45,1
DR0339,2025-W46,2
DR0339,2025-W50,3
DR0339,2025-W52,1
DR0339,2026-W00,2
DR0339,2026-W01,1
DR0339,2026-W02,1
DR0339,2026-W04,2
DR0339,2026-W05,2
DR0339,2026-W06,2
DR0339,2026-W08,2
DR0339,2026-W09,1
DR0339,2026-W11,2
DR0339,2026-W12,1
DR0339,2026-W13,3
DR0339,2026-W14,1
DR0339,2026-W16,1
DR0339,2026-W17,1
DR0339,2026-W18,1
DR0339,2026-W19,3
DR0339,2026-W20,1
DR0339,2026-W21,1
DR0339,2026-W24,1
DR0339,2026-W26,1
DR0339,2026-W28,1
DR0339,2026-W29,2
DR0339,2026-W30,1
DR0339,2026-W31,2
DR0339,2026-W35,1
DR0339,2026-W36,1
DR0339,2026-W39,1
DR0340,2024-W01,1
DR0340,2024-W02,3
DR0340,2024-W03,2
DR0340,2024-W05,1
DR0340,2024-W06,1
DR0340,2024-W07,1
DR0340,2024-W08,2
DR0340,2024-W10,1
DR0340,2024-W11,1
DR0340,2024-W13,1
DR0340,2024-W14,1
DR0340,2024-W17,2
DR0340,2024-W18,1
DR0340,2024-W19,1
DR0340,2024-W20,1
DR0340,2024-W23,1
DR0340,2024-W25,1
DR0340,2024-W26,1
DR0340,2024-W29,1
DR0340,2024-W30,1
DR0340,2024-W34,1
DR0340,2024-W37,1
DR0340,2024-W38,2
DR0340,2024-W39,1
DR0340,2024-W40,1
DR0340,2024-W41,1
DR0340,2024-W49,1
DR0340,2025-W00,1
DR0340,2025-W06,1
DR0340,2025-W08,2
DR0340,2025-W09,1
DR0340,2025-W11,1
DR0340,2025-W13,1
DR0340,2025-W14,1
DR0340,2025-W23,1
DR0340,2025-W24,1
DR0340,2025-W25,1
DR0340,2025-W27,1
DR0340,2025-W28,1
DR0340,2025-W29,1
DR0340,2025-W32,1
DR0340,2025-W33,1
DR0340,2025-W34,1
DR0340,2025-W38,2
DR0340,2025-W40,1
DR0340,2025-W46,2
DR0340,2025-W47,1
DR0340,2025-W48,1
DR0340,2025-W50,1
DR0340,2025-W52,1
DR0340,2026-W01,1
DR0340,2026-W05,1
DR0340,2026-W06,1
DR0340,2026-W11,2
DR0340,2026-W14,2
DR0340,2026-W15,1
DR0340,2026-W17,1
DR0340,2026-W19,1
DR0340,2026-W21,2
DR0340,2026-W23,1
DR0340,2026-W25,1
DR0340,2026-W26,1
DR0340,2026-W27,1
DR0340,2026-W30,1
DR0340,2026-W32,1
DR0340,2026-W35,2
DR0340,2026-W39,1
DR0341,2024-W01,2
DR0341,2024-W02,1
DR0341,2024-W04,1
DR0341,2024-W09,5
DR0341,2024-W10,2
DR0341,2024-W11,1
DR0341,2024-W16,2
DR0341,2024-W18,1
DR0341,2024-W19,2
DR0341,2024-W20,1
DR0341,2024-W24,1
DR0341,2024-W28,1
DR0341,2024-W29,2
DR0341,2024-W32,1
DR0341,2024-W33,2
DR0341,2024-W36,1
DR0341,2024-W37,1
DR0341,2024-W38,1
DR0341,2024-W39,1
DR0341,2024-W42,1
DR0341,2024-W44,1
DR0341,2024-W46,1
DR0341,2024-W49,3
DR0341,2024-W51,1
DR0341,2025-W01,2
DR0341,2025-W03,1
DR0341,2025-W04,2
DR0341,2025-W07,1
DR0341,2025-W09,2
DR0341,2025-W11,1
DR0341,2025-W14,1
DR0341,2025-W15,1
DR0341,2025-W18,1
DR0341,2025-W19,1
DR0341,2025-W20,2
DR0341,2025-W23,2
DR0341,2025-W28,2
DR0341,2025-W29,1
DR0341,2025-W30,1
DR0341,2025-W31,1
DR0341,2025-W32,1
DR0341,2025-W33,2
DR0341,2025-W34,1
DR0341,2025-W38,2
DR0341,2025-W42,1
DR0341,2025-W46,3
DR0341,2025-W48,1
DR0341,2025-W49,2
DR0341,2025-W50,3
DR0341,2025-W51,1
DR0341,2025-W52,1
DR0341,2026-W02,1
DR0341,2026-W04,2
DR0341,2026-W06,1
DR0341,2026-W08,2
DR0341,2026-W09,1
DR0341,2026-W12,2
DR0341,2026-W13,1
DR0341,2026-W14,1
DR0341,2026-W15,1
DR0341,2026-W16,1
DR0341,2026-W22,1
DR0341,2026-W28,1
DR0341,2026-W37,1
DR0341,2026-W38,1
DR0341,2027-W24,1
DR0342,2024-W01,1
DR0342,2024-W02,1
DR0342,2024-W03,3
DR0342,2024-W04,1
DR0342,2024-W05,1
DR0342,2024-W07,1
DR0342,2024-W08,2
DR0342,2024-W09,4
DR0342,2024-W10,2
DR0342,2024-W11,2
DR0342,2024-W12,1
DR0342,2024-W13,2
DR0342,2024-W14,4
DR0342,2024-W15,3
DR0342,2024-W16,5
DR0342,2024-W17,4
DR0342,2024-W18,2
DR0342,2024-W19,1
DR0342,2024-W20,3
DR0342,2024-W22,3
DR0342,2024-W23,1
DR0342,2024-W24,1
DR0342,2024-W26,2
DR0342,2024-W27,1
DR0342,2024-W28,1
DR0342,2024-W29,2
DR0342,2024-W30,2
DR0342,2024-W33,1
DR0342,2024-W34,3
DR0342,2024-W35,1
DR0342,2024-W36,2
DR0342,2024-W37,2
DR0342,2024-W38,1
DR0342,2024-W39,1
DR0342,2024-W40,3
DR0342,2024-W41,5
DR0342,2024-W42,2
DR0342,2024-W43,2
DR0342,2024-W44,3
DR0342,2024-W45,2
DR0342,2024-W46,2
DR0342,2024-W47,1
DR0342,2024-W48,3
DR0342,2024-W49,3
DR0342,2024-W50,3
DR0342,2024-W52,1
DR0342,2025-W00,2
DR0342,2025-W01,2
DR0342,2025-W02,1
DR0342,2025-W05,2
DR0342,2025-W06,2
DR0342,2025-W08,1
DR0342,2025-W09,3
DR0342,2025-W10,2
DR0342,2025-W11,2
DR0342,2025-W17,2
DR0342,2025-W18,2
DR0342,2025-W19,2
DR0342,2025-W20,2
DR0342,2025-W21,2
DR0342,2025-W22,1
DR0342,2025-W24,3
DR0342,2025-W26,1
DR0342,2025-W27,1
DR0342,2025-W29,1
DR0342,2025-W30,2
DR0342,2025-W31,2
DR0342,2025-W32,2
DR0342,2025-W33,2
DR0342,2025-W34,2
DR0342,2025-W36,6
DR0342,2025-W37,2
DR0342,2025-W38,2
DR0342,2025-W40,2
DR0342,2025-W41,1
DR0342,2025-W42,2
DR0342,2025-W44,1
DR0342,2025-W45,1
DR0342,2025-W46,2
DR0342,2025-W48,1
DR0342,2025-W49,2
DR0342,2025-W51,2
DR0342,2026-W00,1
DR0342,2026-W01,3
DR0342,2026-W02,1
DR0342,2026-W03,3
DR0342,2026-W04,1
DR0342,2026-W05,3
DR0342,2026-W06,2
DR0342,2026-W07,3
DR0342,2026-W08,2
DR0342,2026-W09,1
DR0342,2026-W10,1
DR0342,2026-W11,2
DR0342,2026-W12,2
DR0342,2026-W14,1
DR0342,2026-W15,2
DR0342,2026-W17,2
DR0342,2026-W18,2
DR0342,2026-W19,2
DR0342,2026-W21,1
DR0342,2026-W22,2
DR0342,2026-W23,1
DR0342,2026-W24,2
DR0342,2026-W25,3
DR0342,2026-W26,3
DR0342,2026-W27,2
DR0342,2026-W28,4
DR0342,2026-W29,3
DR0342,2026-W30,4
DR0342,2026-W31,2
DR0342,2026-W32,3
DR0342,2026-W33,2
DR0342,2026-W35,1
DR0342,2026-W36,1
DR0342,2026-W38,1
DR0342,2026-W39,1
DR0343,2024-W01,1
DR0343,2024-W02,1
DR0343,2024-W05,1
DR0343,2024-W06,1
DR0343,2024-W07,1
DR0343,2024-W09,2
DR0343,2024-W12,1
DR0343,2024-W13,1
DR0343,2024-W14,1
DR0343,2024-W15,1
DR0343,2024-W19,2
DR0343,2024-W20,1
DR0343,2024-W22,2
DR0343,2024-W23,1
DR0343,2024-W25,2
DR0343,2024-W27,1
DR0343,2024-W34,1
DR0343,2024-W35,1
DR0343,2024-W37,1
DR0343,2024-W43,2
DR0343,2024-W45,2
DR0343,2024-W47,1
DR0343,2024-W49,1
DR0343,2024-W50,1
DR0343,2024-W51,2
DR0343,2025-W01,2
DR0343,2025-W02,1
DR0343,2025-W04,1
DR0343,2025-W05,1
DR0343,2025-W06,2
DR0343,2025-W07,1
DR0343,2025-W08,2
DR0343,2025-W09,2
DR0343,2025-W11,1
DR0343,2025-W14,4
DR0343,2025-W15,2
DR0343,2025-W19,1
DR0343,2025-W23,1
DR0343,2025-W28,1
DR0343,2025-W32,1
DR0343,2025-W34,1
DR0343,2025-W35,3
DR0343,2025-W39,1
DR0343,2025-W41,1
DR0343,2025-W42,1
DR0343,2025-W44,2
DR0343,2025-W45,1
DR0343,2025-W46,3
DR0343,2025-W47,2
DR0343,2025-W50,1
DR0343,2026-W01,2
DR0343,2026-W02,1
DR0343,2026-W04,2
DR0343,2026-W05,1
DR0343,2026-W06,1
DR0343,2026-W08,1
DR0343,2026-W10,1
DR0343,2026-W11,1
DR0343,2026-W13,2
DR0343,2026-W15,1
DR0343,2026-W16,2
DR0343,2026-W19,1
DR0343,2026-W20,1
DR0343,2026-W21,1
DR0343,2026-W22,2
DR0343,2026-W23,1
DR0343,2026-W24,1
DR0343,2026-W26,1
DR0343,2026-W28,1
DR0343,2026-W29,1
DR0343,2026-W30,2
DR0343,2026-W33,1
DR0343,2026-W34,2
DR0343,2026-W35,1
DR0343,2026-W38,1
DR0344,2024-W01,1
DR0344,2024-W02,1
DR0344,2024-W03,3
DR0344,2024-W04,1
DR0344,2024-W05,2
DR0344,2024-W06,1
DR0344,2024-W07,2
DR0344,2024-W08,1
DR0344,2024-W09,1
DR0344,2024-W10,3
DR0344,2024-W11,1
DR0344,2024-W12,3
DR0344,2024-W13,2
DR0344,2024-W14,1
DR0344,2024-W15,1
DR0344,2024-W16,2
DR0344,2024-W20,2
DR0344,2024-W21,1
DR0344,2024-W22,2
DR0344,2024-W26,3
DR0344,2024-W27,1
DR0344,2024-W29,1
DR0344,2024-W30,1
DR0344,2024-W31,2
DR0344,2024-W32,1
DR0344,2024-W33,2
DR0344,2024-W35,2
DR0344,2024-W36,1
DR0344,2024-W37,1
DR0344,2024-W39,1
DR0344,2024-W41,3
DR0344,2024-W43,1
DR0344,2024-W44,1
DR0344,2024-W45,2
DR0344,2024-W46,4
DR0344,2024-W47,2
DR0344,2024-W48,2
DR0344,2024-W50,2
DR0344,2024-W52,5
DR0344,2024-W53,1
DR0344,2025-W00,2
DR0344,2025-W01,1
DR0344,2025-W02,1
DR0344,2025-W03,3
DR0344,2025-W04,2
DR0344,2025-W05,4
DR0344,2025-W06,2
DR0344,2025-W07,2
DR0344,2025-W08,2
DR0344,2025-W11,2
DR0344,2025-W12,1
DR0344,2025-W13,1
DR0344,2025-W14,1
DR0344,2025-W15,2
DR0344,2025-W16,1
DR0344,2025-W17,1
DR0344,2025-W19,1
DR0344,2025-W21,1
DR0344,2025-W22,1
DR0344,2025-W24,1
DR0344,2025-W25,2
DR0344,2025-W26,1
DR0344,2025-W27,2
DR0344,2025-W31,1
DR0344,2025-W33,4
DR0344,2025-W34,1
DR0344,2025-W35,1
DR0344,2025-W36,1
DR0344,2025-W37,2
DR0344,2025-W39,1
DR0344,2025-W40,1
DR0344,2025-W44,2
DR0344,2025-W46,1
DR0344,2025-W47,1
DR0344,2025-W48,1
DR0344,2025-W49,1
DR0344,2025-W50,6
DR0344,2025-W51,2
DR0344,2026-W00,2
DR0344,2026-W01,1
DR0344,2026-W02,2
DR0344,2026-W03,1
DR0344,2026-W06,4
DR0344,2026-W08,3
DR0344,2026-W11,1
DR0344,2026-W12,1
DR0344,2026-W13,2
DR0344,2026-W14,1
DR0344,2026-W15,6
DR0344,2026-W18,1
DR0344,2026-W19,3
DR0344,2026-W20,1
DR0344,2026-W22,2
DR0344,2026-W23,1
DR0344,2026-W24,1
DR0344,2026-W25,2
DR0344,2026-W27,1
DR0344,2026-W28,1
DR0344,2026-W30,1
DR0344,2026-W31,2
DR0344,2026-W33,2
DR0344,2026-W34,3
DR0344,2026-W37,2
DR0344,2026-W38,1
DR0345,2024-W01,2
DR0345,2024-W02,2
DR0345,2024-W03,3
DR0345,2024-W04,1
DR0345,2024-W05,2
DR0345,2024-W06,2
DR0345,2024-W07,1
DR0345,2024-W09,2
DR0345,2024-W11,1
DR0345,2024-W12,1
DR0345,2024-W14,1
DR0345,2024-W15,1
DR0345,2024-W17,2
DR0345,2024-W19,1
DR0345,2024-W23,1
DR0345,2024-W25,3
DR0345,2024-W27,1
DR0345,2024-W28,1
DR0345,2024-W29,1
DR0345,2024-W30,1
DR0345,2024-W32,2
DR0345,2024-W38,1
DR0345,2024-W39,2
DR0345,2024-W40,1
DR0345,2024-W42,3
DR0345,2024-W45,1
DR0345,2024-W48,1
DR0345,2024-W49,1
DR0345,2024-W51,3
DR0345,2024-W52,1
DR0345,2025-W03,2
DR0345,2025-W04,1
DR0345,2025-W05,3
DR0345,2025-W06,1
DR0345,2025-W08,1
DR0345,2025-W11,1
DR0345,2025-W13,1
DR0345,2025-W17,1
DR0345,2025-W21,1
DR0345,2025-W22,2
DR0345,2025-W26,1
DR0345,2025-W29,1
DR0345,2025-W30,1
DR0345,2025-W36,3
DR0345,2025-W37,1
DR0345,2025-W38,1
DR0345,2025-W39,2
DR0345,2025-W40,1
DR0345,2025-W41,3
DR0345,2025-W44,1
DR0345,2025-W45,1
DR0345,2025-W46,3
DR0345,2025-W47,2
DR0345,2025-W49,2
DR0345,2025-W50,1
DR0345,2025-W51,1
DR0345,2026-W00,1
DR0345,2026-W03,1
DR0345,2026-W06,1
DR0345,2026-W08,1
DR0345,2026-W09,2
DR0345,2026-W15,1
DR0345,2026-W16,1
DR0345,2026-W17,1
DR0345,2026-W20,1
DR0345,2026-W24,1
DR0345,2026-W25,2
DR0345,2026-W27,4
DR0345,2026-W28,1
DR0345,2026-W29,1
DR0345,2026-W30,1
DR0345,2026-W32,2
DR0345,2026-W33,2
DR0345,2026-W34,1
DR0345,2026-W36,1
DR0345,2026-W38,3
DR0346,2024-W01,1
DR0346,2024-W02,1
DR0346,2024-W06,1
DR0346,2024-W07,2
DR0346,2024-W08,1
DR0346,2024-W13,1
DR0346,2024-W14,4
DR0346,2024-W18,1
DR0346,2024-W19,1
DR0346,2024-W21,1
DR0346,2024-W22,1
DR0346,2024-W25,1
DR0346,2024-W26,1
DR0346,2024-W27,1
DR0346,2024-W28,2
DR0346,2024-W29,1
DR0346,2024-W32,1
DR0346,2024-W33,1
DR0346,2024-W35,1
DR0346,2024-W43,1
DR0346,2024-W44,1
DR0346,2024-W45,1
DR0346,2024-W53,1
DR0346,2025-W00,2
DR0346,2025-W01,2
DR0346,2025-W03,1
DR0346,2025-W04,3
DR0346,2025-W05,1
DR0346,2025-W09,2
DR0346,2025-W13,1
DR0346,2025-W19,3
DR0346,2025-W20,1
DR0346,2025-W21,1
DR0346,2025-W25,1
DR0346,2025-W28,1
DR0346,2025-W29,2
DR0346,2025-W35,2
DR0346,2025-W36,2
DR0346,2025-W37,1
DR0346,2025-W38,2
DR0346,2025-W41,1
DR0346,2025-W43,2
DR0346,2025-W44,1
DR0346,2025-W45,2
DR0346,2025-W46,2
DR0346,2025-W49,1
DR0346,2025-W50,1
DR0346,2026-W00,1
DR0346,2026-W03,1
DR0346,2026-W04,1
DR0346,2026-W05,3
DR0346,2026-W07,1
DR0346,2026-W13,1
DR0346,2026-W15,1
DR0346,2026-W20,1
DR0346,2026-W21,1
DR0346,2026-W22,1
DR0346,2026-W28,1
DR0346,2026-W30,2
DR0346,2026-W31,1
DR0346,2026-W32,3
DR0346,2026-W35,1
DR0347,2024-W02,1
DR0347,2024-W04,2
DR0347,2024-W15,1
DR0347,2024-W17,2
DR0347,2024-W21,2
DR0347,2024-W23,1
DR0347,2024-W25,1
DR0347,2024-W31,1
DR0347,2024-W35,1
DR0347,2024-W42,1
DR0347,2024-W43,1
DR0347,2024-W45,1
DR0347,2024-W46,2
DR0347,2024-W47,1
DR0347,2024-W48,1
DR0347,2024-W50,1
DR0347,2025-W00,1
DR0347,2025-W07,1
DR0347,2025-W09,1
DR0347,2025-W11,1
DR0347,2025-W13,2
DR0347,2025-W15,2
DR0347,2025-W17,1
DR0347,2025-W19,2
DR0347,2025-W21,1
DR0347,2025-W22,1
DR0347,2025-W23,1
DR0347,2025-W24,1
DR0347,2025-W36,1
DR0347,2025-W40,1
DR0347,2025-W45,1
DR0347,2025-W47,2
DR0347,2025-W48,1
DR0347,2025-W50,3
DR0347,2025-W52,1
DR0347,2026-W03,1
DR0347,2026-W04,1
DR0347,2026-W06,1
DR0347,2026-W10,1
DR0347,2026-W11,1
DR0347,2026-W13,3
DR0347,2026-W15,1
DR0347,2026-W18,2
DR0347,2026-W19,1
DR0347,2026-W21,1
DR0347,2026-W25,1
DR0347,2026-W27,1
DR0347,2026-W31,1
DR0347,2026-W32,2
DR0347,2026-W36,2
DR0348,2024-W01,1
DR0348,2024-W02,1
DR0348,2024-W03,2
DR0348,2024-W10,1
DR0348,2024-W11,1
DR0348,2024-W13,2
DR0348,2024-W14,1
DR0348,2024-W15,1
DR0348,2024-W16,1
DR0348,2024-W17,1
DR0348,2024-W19,1
DR0348,2024-W22,1
DR0348,2024-W23,1
DR0348,2024-W25,1
DR0348,2024-W26,1
DR0348,2024-W28,1
DR0348,2024-W33,1
DR0348,2024-W38,1
DR0348,2024-W39,1
DR0348,2024-W41,1
DR0348,2024-W44,1
DR0348,2025-W00,2
DR0348,2025-W01,1
DR0348,2025-W02,1
DR0348,2025-W03,1
DR0348,2025-W05,2
DR0348,2025-W06,1
DR0348,2025-W07,1
DR0348,2025-W10,2
DR0348,2025-W13,1
DR0348,2025-W16,1
DR0348,2025-W26,3
DR0348,2025-W35,1
DR0348,2025-W44,1
DR0348,2025-W45,1
DR0348,2025-W46,1
DR0348,2025-W47,1
DR0348,2025-W48,1
DR0348,2025-W52,2
DR0348,2026-W03,2
DR0348,2026-W04,1
DR0348,2026-W07,1
DR0348,2026-W10,2
DR0348,2026-W13,1
DR0348,2026-W17,1
DR0348,2026-W18,1
DR0348,2026-W19,1
DR0348,2026-W21,1
DR0348,2026-W22,1
DR0348,2026-W31,1
DR0348,2026-W34,1
DR0349,2024-W02,1
DR0349,2024-W03,1
DR0349,2024-W04,1
DR0349,2024-W05,1
DR0349,2024-W06,2
DR0349,2024-W07,1
DR0349,2024-W08,2
DR0349,2024-W09,1
DR0349,2024-W10,1
DR0349,2024-W11,2
DR0349,2024-W12,3
DR0349,2024-W13,1
DR0349,2024-W14,1
DR0349,2024-W15,1
DR0349,2024-W17,1
DR0349,2024-W18,1
DR0349,2024-W21,1
DR0349,2024-W22,1
DR0349,2024-W23,1
DR0349,2024-W24,2
DR0349,2024-W26,1
DR0349,2024-W27,2
DR0349,2024-W29,1
DR0349,2024-W31,2
DR0349,2024-W32,3
DR0349,2024-W33,2
DR0349,2024-W36,1
DR0349,2024-W37,2
DR0349,2024-W38,2
DR0349,2024-W39,1
DR0349,2024-W40,1
DR0349,2024-W41,2
DR0349,2024-W42,4
DR0349,2024-W43,3
DR0349,2024-W44,2
DR0349,2024-W46,1
DR0349,2024-W47,3
DR0349,2024-W48,1
DR0349,2024-W49,1
DR0349,2024-W50,3
DR0349,2024-W52,1
DR0349,2025-W01,1
DR0349,2025-W02,1
DR0349,2025-W03,1
DR0349,2025-W04,1
DR0349,2025-W07,2
DR0349,2025-W08,3
DR0349,2025-W10,3
DR0349,2025-W11,3
DR0349,2025-W12,1
DR0349,2025-W13,1
DR0349,2025-W15,1
DR0349,2025-W16,1
DR0349,2025-W17,2
DR0349,2025-W19,1
DR0349,2025-W20,1
DR0349,2025-W21,3
DR0349,2025-W22,1
DR0349,2025-W24,4
DR0349,2025-W25,2
DR0349,2025-W26,1
DR0349,2025-W27,1
DR0349,2025-W28,3
DR0349,2025-W29,3
DR0349,2025-W31,4
DR0349,2025-W32,3
DR0349,2025-W33,6
DR0349,2025-W35,2
DR0349,2025-W36,2
DR0349,2025-W37,1
DR0349,2025-W38,1
DR0349,2025-W40,1
DR0349,2025-W41,2
DR0349,2025-W42,4
DR0349,2025-W44,1
DR0349,2025-W45,1
DR0349,2025-W48,2
DR0349,2025-W51,2
DR0349,2026-W01,1
DR0349,2026-W02,2
DR0349,2026-W03,2
DR0349,2026-W04,1
DR0349,2026-W05,1
DR0349,2026-W07,1
DR0349,2026-W08,1
DR0349,2026-W09,1
DR0349,2026-W10,2
DR0349,2026-W14,1
DR0349,2026-W17,1
DR0349,2026-W18,1
DR0349,2026-W20,4
DR0349,2026-W22,1
DR0349,2026-W23,3
DR0349,2026-W24,1
DR0349,2026-W25,2
DR0349,2026-W26,2
DR0349,2026-W27,1
DR0349,2026-W28,1
DR0349,2026-W29,1
DR0349,2026-W31,2
DR0349,2026-W32,1
DR0349,2026-W33,2
DR0349,2026-W35,1
DR0349,2026-W37,2
DR0349,2026-W38,3
DR0350,2024-W04,1
DR0350,2024-W05,1
DR0350,2024-W11,1
DR0350,2024-W14,1
DR0350,2024-W15,2
DR0350,2024-W19,1
DR0350,2024-W21,3
DR0350,2024-W23,1
DR0350,2024-W29,2
DR0350,2024-W31,1
DR0350,2024-W33,1
DR0350,2024-W34,1
DR0350,2024-W37,4
DR0350,2024-W38,1
DR0350,2024-W39,2
DR0350,2024-W42,1
DR0350,2024-W43,1
DR0350,2024-W44,1
DR0350,2024-W46,1
DR0350,2024-W47,1
DR0350,2024-W49,1
DR0350,2024-W50,1
DR0350,2024-W52,1
DR0350,2025-W01,2
DR0350,2025-W02,1
DR0350,2025-W04,2
DR0350,2025-W06,1
DR0350,2025-W09,1
DR0350,2025-W11,1
DR0350,2025-W12,2
DR0350,2025-W14,2
DR0350,2025-W16,1
DR0350,2025-W17,1
DR0350,2025-W21,2
DR0350,2025-W22,2
DR0350,2025-W23,1
DR0350,2025-W24,3
DR0350,2025-W25,1
DR0350,2025-W26,2
DR0350,2025-W27,1
DR0350,2025-W30,1
DR0350,2025-W31,1
DR0350,2025-W35,1
DR0350,2025-W37,1
DR0350,2025-W38,1
DR0350,2025-W42,1
DR0350,2025-W43,1
DR0350,2025-W44,1
DR0350,2025-W46,1
DR0350,2025-W47,2
DR0350,2025-W49,2
DR0350,2025-W50,1
DR0350,2026-W05,2
DR0350,2026-W06,1
DR0350,2026-W09,3
DR0350,2026-W11,1
DR0350,2026-W12,1
DR0350,2026-W15,2
DR0350,2026-W16,1
DR0350,2026-W19,2
DR0350,2026-W20,2
DR0350,2026-W22,1
DR0350,2026-W23,1
DR0350,2026-W24,3
DR0350,2026-W25,1
DR0350,2026-W26,2
DR0350,2026-W27,1
DR0350,2026-W33,1
DR0350,2026-W34,4
DR0350,2026-W36,1
DR0350,2026-W39,1
DR0351,2024-W01,1
DR0351,2024-W03,1
DR0351,2024-W05,2
DR0351,2024-W09,1
DR0351,2024-W10,1
DR0351,2024-W11,2
DR0351,2024-W18,1
DR0351,2024-W25,2
DR0351,2024-W26,1
DR0351,2024-W29,1
DR0351,2024-W30,2
DR0351,2024-W32,1
DR0351,2024-W34,1
DR0351,2024-W35,3
DR0351,2024-W38,1
DR0351,2024-W39,2
DR0351,2024-W41,1
DR0351,2024-W42,2
DR0351,2024-W43,1
DR0351,2024-W44,1
DR0351,2024-W47,1
DR0351,2024-W50,3
DR0351,2024-W51,1
DR0351,2024-W52,1
DR0351,2025-W02,1
DR0351,2025-W03,2
DR0351,2025-W04,1
DR0351,2025-W05,3
DR0351,2025-W06,3
DR0351,2025-W07,2
DR0351,2025-W13,1
DR0351,2025-W14,1
DR0351,2025-W15,1
DR0351,2025-W17,2
DR0351,2025-W18,1
DR0351,2025-W20,1
DR0351,2025-W21,2
DR0351,2025-W22,1
DR0351,2025-W27,1
DR0351,2025-W29,2
DR0351,2025-W34,1
DR0351,2025-W36,1
DR0351,2025-W37,1
DR0351,2025-W38,1
DR0351,2025-W39,1
DR0351,2025-W41,1
DR0351,2025-W43,1
DR0351,2025-W46,3
DR0351,2025-W48,1
DR0351,2025-W50,1
DR0351,2026-W02,1
DR0351,2026-W04,1
DR0351,2026-W05,1
DR0351,2026-W08,3
DR0351,2026-W09,1
DR0351,2026-W10,2
DR0351,2026-W16,1
DR0351,2026-W20,1
DR0351,2026-W22,1
DR0351,2026-W23,2
DR0351,2026-W24,1
DR0351,2026-W26,1
DR0351,2026-W31,1
DR0351,2026-W32,1
DR0351,2026-W37,2
DR0352,2024-W01,1
DR0352,2024-W02,3
DR0352,2024-W03,3
DR0352,2024-W04,2
DR0352,2024-W07,1
DR0352,2024-W09,1
DR0352,2024-W11,1
DR0352,2024-W12,1
DR0352,2024-W13,4
DR0352,2024-W14,3
DR0352,2024-W15,1
DR0352,2024-W16,2
DR0352,2024-W17,3
DR0352,2024-W18,2
DR0352,2024-W21,2
DR0352,2024-W22,2
DR0352,2024-W24,1
DR0352,2024-W26,4
DR0352,2024-W29,1
DR0352,2024-W30,2
DR0352,2024-W33,3
DR0352,2024-W34,2
DR0352,2024-W35,3
DR0352,2024-W37,1
DR0352,2024-W38,1
DR0352,2024-W40,1
DR0352,2024-W41,1
DR0352,2024-W42,2
DR0352,2024-W43,1
DR0352,2024-W44,2
DR0352,2024-W46,3
DR0352,2024-W47,3
DR0352,2024-W48,2
DR0352,2024-W49,2
DR0352,2024-W51,2
DR0352,2024-W52,2
DR0352,2024-W53,1
DR0352,2025-W00,1
DR0352,2025-W01,1
DR0352,2025-W02,3
DR0352,2025-W03,3
DR0352,2025-W04,2
DR0352,2025-W05,2
DR0352,2025-W06,4
DR0352,2025-W07,4
DR0352,2025-W09,1
DR0352,2025-W11,3
DR0352,2025-W12,1
DR0352,2025-W13,1
DR0352,2025-W14,1
DR0352,2025-W15,1
DR0352,2025-W16,2
DR0352,2025-W18,1
DR0352,2025-W19,2
DR0352,2025-W20,2
DR0352,2025-W21,2
DR0352,2025-W22,3
DR0352,2025-W23,1
DR0352,2025-W24,1
DR0352,2025-W25,4
DR0352,2025-W27,2
DR0352,2025-W29,3
DR0352,2025-W30,1
DR0352,2025-W31,3
DR0352,2025-W34,3
DR0352,2025-W35,1
DR0352,2025-W37,3
DR0352,2025-W38,4
DR0352,2025-W39,1
DR0352,2025-W42,2
DR0352,2025-W44,1
DR0352,2025-W45,5
DR0352,2025-W47,1
DR0352,2025-W48,2
DR0352,2025-W49,2
DR0352,2025-W50,4
DR0352,2025-W51,2
DR0352,2025-W52,1
DR0352,2026-W00,2
DR0352,2026-W01,3
DR0352,2026-W02,3
DR0352,2026-W03,1
DR0352,2026-W04,4
DR0352,2026-W05,2
DR0352,2026-W06,2
DR0352,2026-W07,5
DR0352,2026-W08,4
DR0352,2026-W09,2
DR0352,2026-W10,1
DR0352,2026-W11,1
DR0352,2026-W12,3
DR0352,2026-W13,1
DR0352,2026-W14,1
DR0352,2026-W15,1
DR0352,2026-W16,1
DR0352,2026-W17,4
DR0352,2026-W18,1
DR0352,2026-W19,1
DR0352,2026-W20,4
DR0352,2026-W21,4
DR0352,2026-W22,1
DR0352,2026-W23,2
DR0352,2026-W24,2
DR0352,2026-W25,2
DR0352,2026-W26,1
DR0352,2026-W27,3
DR0352,2026-W28,2
DR0352,2026-W29,1
DR0352,2026-W30,1
DR0352,2026-W31,2
DR0352,2026-W32,1
DR0352,2026-W33,3
DR0352,2026-W35,2
DR0352,2026-W37,1
DR0352,2026-W38,3
DR0352,2026-W39,1
DR0353,2024-W04,1
DR0353,2024-W10,1
DR0353,2024-W11,1
DR0353,2024-W13,1
DR0353,2024-W14,1
DR0353,2024-W17,1
DR0353,2024-W19,1
DR0353,2024-W20,1
DR0353,2024-W23,1
DR0353,2024-W24,2
DR0353,2024-W31,1
DR0353,2024-W35,2
DR0353,2024-W39,1
DR0353,2024-W40,1
DR0353,2024-W42,1
DR0353,2024-W43,2
DR0353,2024-W46,2
DR0353,2024-W48,2
DR0353,2024-W49,1
DR0353,2024-W51,1
DR0353,2025-W01,1
DR0353,2025-W06,1
DR0353,2025-W10,1
DR0353,2025-W11,1
DR0353,2025-W12,1
DR0353,2025-W13,1
DR0353,2025-W14,1
DR0353,2025-W16,1
DR0353,2025-W17,1
DR0353,2025-W19,1
DR0353,2025-W21,1
DR0353,2025-W22,1
DR0353,2025-W25,1
DR0353,2025-W28,2
DR0353,2025-W29,1
DR0353,2025-W30,1
DR0353,2025-W32,1
DR0353,2025-W36,1
DR0353,2025-W37,1
DR0353,2025-W41,1
DR0353,2025-W43,1
DR0353,2025-W47,1
DR0353,2025-W48,1
DR0353,2025-W51,1
DR0353,2025-W52,1
DR0353,2026-W00,1
DR0353,2026-W05,1
DR0353,2026-W11,1
DR0353,2026-W13,1
DR0353,2026-W14,1
DR0353,2026-W15,1
DR0353,2026-W17,2
DR0353,2026-W24,1
DR0353,2026-W25,1
DR0353,2026-W26,1
DR0353,2026-W29,1
DR0353,2026-W34,2
DR0353,2026-W35,1
DR0354,2024-W01,3
DR0354,2024-W02,1
DR0354,2024-W03,5
DR0354,2024-W04,2
DR0354,2024-W05,1
DR0354,2024-W06,4
DR0354,2024-W07,6
DR0354,2024-W08,4
DR0354,2024-W09,3
DR0354,2024-W10,3
DR0354,2024-W13,2
DR0354,2024-W14,3
DR0354,2024-W15,1
DR0354,2024-W16,1
DR0354,2024-W17,6
DR0354,2024-W18,4
DR0354,2024-W19,2
DR0354,2024-W20,1
DR0354,2024-W22,1
DR0354,2024-W23,4
DR0354,2024-W24,1
DR0354,2024-W26,2
DR0354,2024-W27,1
DR0354,2024-W28,2
DR0354,2024-W29,3
DR0354,2024-W30,2
DR0354,2024-W31,2
DR0354,2024-W32,3
DR0354,2024-W33,2
DR0354,2024-W34,4
DR0354,2024-W35,2
DR0354,2024-W36,2
DR0354,2024-W37,1
DR0354,2024-W38,5
DR0354,2024-W39,4
DR0354,2024-W40,2
DR0354,2024-W41,2
DR0354,2024-W42,1
DR0354,2024-W43,3
DR0354,2024-W44,3
DR0354,2024-W46,4
DR0354,2024-W47,5
DR0354,2024-W49,2
DR0354,2024-W50,5
DR0354,2024-W51,4
DR0354,2024-W52,2
DR0354,2025-W00,2
DR0354,2025-W01,3
DR0354,2025-W03,2
DR0354,2025-W04,1
DR0354,2025-W05,1
DR0354,2025-W06,1
DR0354,2025-W08,1
DR0354,2025-W09,1
DR0354,2025-W10,1
DR0354,2025-W11,2
DR0354,2025-W12,3
DR0354,2025-W13,2
DR0354,2025-W14,5
DR0354,2025-W15,2
DR0354,2025-W17,1
DR0354,2025-W18,1
DR0354,2025-W19,3
DR0354,2025-W20,5
DR0354,2025-W21,1
DR0354,2025-W22,3
DR0354,2025-W23,3
DR0354,2025-W24,1
DR0354,2025-W25,2
DR0354,2025-W26,1
DR0354,2025-W28,2
DR0354,2025-W29,4
DR0354,2025-W30,3
DR0354,2025-W31,4
DR0354,2025-W32,3
DR0354,2025-W34,1
DR0354,2025-W35,2
DR0354,2025-W37,3
DR0354,2025-W38,1
DR0354,2025-W40,1
DR0354,2025-W41,3
DR0354,2025-W42,2
DR0354,2025-W43,2
DR0354,2025-W44,3
DR0354,2025-W45,3
DR0354,2025-W46,4
DR0354,2025-W48,1
DR0354,2025-W50,3
DR0354,2025-W51,2
DR0354,2025-W52,2
DR0354,2026-W00,1
DR0354,2026-W01,2
DR0354,2026-W02,1
DR0354,2026-W03,1
DR0354,2026-W04,2
DR0354,2026-W05,1
DR0354,2026-W06,4
DR0354,2026-W07,2
DR0354,2026-W08,1
DR0354,2026-W09,4
DR0354,2026-W11,1
DR0354,2026-W12,2
DR0354,2026-W14,1
DR0354,2026-W15,2
DR0354,2026-W16,3
DR0354,2026-W17,4
DR0354,2026-W18,1
DR0354,2026-W19,2
DR0354,2026-W20,2
DR0354,2026-W21,5
DR0354,2026-W23,1
DR0354,2026-W26,1
DR0354,2026-W27,3
DR0354,2026-W28,2
DR0354,2026-W29,3
DR0354,2026-W31,2
DR0354,2026-W32,1
DR0354,2026-W33,2
DR0354,2026-W35,4
DR0354,2026-W37,4
DR0354,2026-W38,3
DR0355,2024-W01,2
DR0355,2024-W03,3
DR0355,2024-W04,1
DR0355,2024-W07,1
DR0355,2024-W08,3
DR0355,2024-W10,1
DR0355,2024-W11,2
DR0355,2024-W17,2
DR0355,2024-W20,1
DR0355,2024-W24,1
DR0355,2024-W25,1
DR0355,2024-W26,1
DR0355,2024-W27,2
DR0355,2024-W28,2
DR0355,2024-W29,1
DR0355,2024-W31,1
DR0355,2024-W33,1
DR0355,2024-W34,1
DR0355,2024-W39,1
DR0355,2024-W40,1
DR0355,2024-W41,3
DR0355,2024-W43,2
DR0355,2024-W45,2
DR0355,2024-W46,1
DR0355,2024-W47,1
DR0355,2024-W48,1
DR0355,2024-W49,1
DR0355,2024-W50,1
DR0355,2024-W52,1
DR0355,2025-W00,2
DR0355,2025-W02,2
DR0355,2025-W03,1
DR0355,2025-W05,2
DR0355,2025-W06,1
DR0355,2025-W07,1
DR0355,2025-W08,2
DR0355,2025-W11,1
DR0355,2025-W13,1
DR0355,2025-W14,1
DR0355,2025-W16,1
DR0355,2025-W19,2
DR0355,2025-W24,2
DR0355,2025-W25,1
DR0355,2025-W26,1
DR0355,2025-W27,1
DR0355,2025-W28,2
DR0355,2025-W31,1
DR0355,2025-W35,3
DR0355,2025-W37,1
DR0355,2025-W38,1
DR0355,2025-W40,1
DR0355,2025-W41,1
DR0355,2025-W42,1
DR0355,2025-W43,1
DR0355,2025-W44,1
DR0355,2025-W45,1
DR0355,2025-W46,1
DR0355,2025-W47,1
DR0355,2025-W48,1
DR0355,2025-W49,1
DR0355,2025-W50,1
DR0355,2025-W52,1
DR0355,2026-W00,3
DR0355,2026-W01,2
DR0355,2026-W02,1
DR0355,2026-W03,4
DR0355,2026-W04,2
DR0355,2026-W09,1
DR0355,2026-W11,2
DR0355,2026-W16,1
DR0355,2026-W17,1
DR0355,2026-W18,1
DR0355,2026-W19,2
DR0355,2026-W20,2
DR0355,2026-W21,1
DR0355,2026-W23,1
DR0355,2026-W25,2
DR0355,2026-W26,1
DR0355,2026-W29,2
DR0355,2026-W30,1
DR0355,2026-W33,1
DR0355,2026-W34,1
DR0355,2026-W37,1
DR0355,2026-W38,3
DR0356,2024-W01,3
DR0356,2024-W02,4
DR0356,2024-W03,1
DR0356,2024-W04,1
DR0356,2024-W05,4
DR0356,2024-W06,3
DR0356,2024-W07,2
DR0356,2024-W08,4
DR0356,2024-W10,1
DR0356,2024-W11,1
DR0356,2024-W12,2
DR0356,2024-W13,1
DR0356,2024-W14,7
DR0356,2024-W15,1
DR0356,2024-W16,2
DR0356,2024-W17,3
DR0356,2024-W18,4
DR0356,2024-W21,1
DR0356,2024-W22,1
DR0356,2024-W23,2
DR0356,2024-W24,3
DR0356,2024-W25,3
DR0356,2024-W27,1
DR0356,2024-W28,2
DR0356,2024-W29,1
DR0356,2024-W30,1
DR0356,2024-W31,2
DR0356,2024-W32,2
DR0356,2024-W33,3
DR0356,2024-W34,2
DR0356,2024-W35,3
DR0356,2024-W36,2
DR0356,2024-W37,1
DR0356,2024-W38,2
DR0356,2024-W39,2
DR0356,2024-W41,2
DR0356,2024-W42,4
DR0356,2024-W44,1
DR0356,2024-W45,2
DR0356,2024-W46,2
DR0356,2024-W47,1
DR0356,2024-W48,2
DR0356,2024-W49,3
DR0356,2024-W50,3
DR0356,2024-W52,3
DR0356,2025-W00,1
DR0356,2025-W01,2
DR0356,2025-W02,1
DR0356,2025-W03,2
DR0356,2025-W04,3
DR0356,2025-W05,4
DR0356,2025-W06,2
DR0356,2025-W07,1
DR0356,2025-W09,1
DR0356,2025-W10,2
DR0356,2025-W11,3
DR0356,2025-W12,5
DR0356,2025-W13,4
DR0356,2025-W14,1
DR0356,2025-W15,1
DR0356,2025-W16,2
DR0356,2025-W17,2
DR0356,2025-W18,3
DR0356,2025-W19,1
DR0356,2025-W20,1
DR0356,2025-W21,1
DR0356,2025-W23,2
DR0356,2025-W24,1
DR0356,2025-W25,4
DR0356,2025-W27,5
DR0356,2025-W28,3
DR0356,2025-W29,2
DR0356,2025-W30,2
DR0356,2025-W32,4
DR0356,2025-W34,4
DR0356,2025-W36,4
DR0356,2025-W37,2
DR0356,2025-W38,2
DR0356,2025-W39,1
DR0356,2025-W40,1
DR0356,2025-W41,3
DR0356,2025-W42,1
DR0356,2025-W43,1
DR0356,2025-W44,2
DR0356,2025-W45,2
DR0356,2025-W46,2
DR0356,2025-W47,2
DR0356,2025-W48,2
DR0356,2025-W51,1
DR0356,2026-W00,1
DR0356,2026-W01,2
DR0356,2026-W02,1
DR0356,2026-W03,3
DR0356,2026-W04,2
DR0356,2026-W05,2
DR0356,2026-W07,2
DR0356,2026-W08,2
DR0356,2026-W09,2
DR0356,2026-W13,2
DR0356,2026-W14,1
DR0356,2026-W16,1
DR0356,2026-W17,2
DR0356,2026-W18,1
DR0356,2026-W19,6
DR0356,2026-W21,1
DR0356,2026-W22,3
DR0356,2026-W23,2
DR0356,2026-W24,1
DR0356,2026-W25,1
DR0356,2026-W26,3
DR0356,2026-W28,3
DR0356,2026-W29,1
DR0356,2026-W30,1
DR0356,2026-W31,1
DR0356,2026-W32,2
DR0356,2026-W33,6
DR0356,2026-W34,2
DR0356,2026-W35,3
DR0356,2026-W36,6
DR0356,2026-W37,3
DR0356,2026-W38,3
DR0357,2024-W01,2
DR0357,2024-W02,2
DR0357,2024-W04,3
DR0357,2024-W05,1
DR0357,2024-W06,3
DR0357,2024-W07,1
DR0357,2024-W08,3
DR0357,2024-W13,1
DR0357,2024-W14,1
DR0357,2024-W15,1
DR0357,2024-W17,2
DR0357,2024-W18,2
DR0357,2024-W19,4
DR0357,2024-W21,1
DR0357,2024-W23,1
DR0357,2024-W24,1
DR0357,2024-W25,2
DR0357,2024-W26,1
DR0357,2024-W27,2
DR0357,2024-W28,3
DR0357,2024-W29,2
DR0357,2024-W31,1
DR0357,2024-W32,2
DR0357,2024-W33,1
DR0357,2024-W34,1
DR0357,2024-W37,2
DR0357,2024-W38,2
DR0357,2024-W39,6
DR0357,2024-W42,2
DR0357,2024-W43,1
DR0357,2024-W44,1
DR0357,2024-W45,3
DR0357,2024-W47,4
DR0357,2024-W48,1
DR0357,2024-W49,6
DR0357,2024-W51,2
DR0357,2025-W01,5
DR0357,2025-W02,2
DR0357,2025-W03,3
DR0357,2025-W04,1
DR0357,2025-W05,1
DR0357,2025-W06,3
DR0357,2025-W07,1
DR0357,2025-W08,1
DR0357,2025-W12,1
DR0357,2025-W13,2
DR0357,2025-W14,2
DR0357,2025-W15,1
DR0357,2025-W16,1
DR0357,2025-W17,2
DR0357,2025-W18,1
DR0357,2025-W19,3
DR0357,2025-W21,1
DR0357,2025-W22,1
DR0357,2025-W23,3
DR0357,2025-W24,2
DR0357,2025-W25,2
DR0357,2025-W26,3
DR0357,2025-W28,2
DR0357,2025-W30,1
DR0357,2025-W31,2
DR0357,2025-W32,3
DR0357,2025-W34,2
DR0357,2025-W35,1
DR0357,2025-W36,1
DR0357,2025-W37,2
DR0357,2025-W38,5
DR0357,2025-W39,1
DR0357,2025-W40,1
DR0357,2025-W42,1
DR0357,2025-W43,1
DR0357,2025-W45,3
DR0357,2025-W46,1
DR0357,2025-W47,3
DR0357,2025-W48,3
DR0357,2025-W49,1
DR0357,2025-W50,2
DR0357,2025-W52,1
DR0357,2026-W02,3
DR0357,2026-W03,4
DR0357,2026-W04,2
DR0357,2026-W06,2
DR0357,2026-W07,1
DR0357,2026-W08,1
DR0357,2026-W09,1
DR0357,2026-W12,1
DR0357,2026-W13,1
DR0357,2026-W14,2
DR0357,2026-W16,1
DR0357,2026-W17,1
DR0357,2026-W19,1
DR0357,2026-W20,1
DR0357,2026-W21,3
DR0357,2026-W22,1
DR0357,2026-W23,2
DR0357,2026-W24,2
DR0357,2026-W25,1
DR0357,2026-W28,1
DR0357,2026-W29,1
DR0357,2026-W30,1
DR0357,2026-W31,1
DR0357,2026-W32,1
DR0357,2026-W35,2
DR0357,2026-W37,1
DR0357,2026-W38,1
DR0358,2024-W01,1
DR0358,2024-W03,1
DR0358,2024-W10,3
DR0358,2024-W12,1
DR0358,2024-W15,1
DR0358,2024-W16,2
DR0358,2024-W17,1
DR0358,2024-W22,1
DR0358,2024-W23,2
DR0358,2024-W24,1
DR0358,2024-W25,1
DR0358,2024-W39,2
DR0358,2024-W41,1
DR0358,2024-W42,1
DR0358,2024-W43,1
DR0358,2025-W01,1
DR0358,2025-W05,2
DR0358,2025-W06,2
DR0358,2025-W08,1
DR0358,2025-W09,1
DR0358,2025-W13,1
DR0358,2025-W16,2
DR0358,2025-W17,1
DR0358,2025-W18,1
DR0358,2025-W24,1
DR0358,2025-W26,2
DR0358,2025-W28,1
DR0358,2025-W33,1
DR0358,2025-W34,1
DR0358,2025-W36,1
DR0358,2025-W37,1
DR0358,2025-W43,1
DR0358,2025-W44,1
DR0358,2025-W46,1
DR0358,2025-W49,1
DR0358,2025-W50,1
DR0358,2025-W51,1
DR0358,2026-W02,1
DR0358,2026-W04,1
DR0358,2026-W10,1
DR0358,2026-W12,1
DR0358,2026-W13,1
DR0358,2026-W14,1
DR0358,2026-W20,1
DR0358,2026-W21,1
DR0358,2026-W22,1
DR0358,2026-W24,1
DR0358,2026-W25,1
DR0358,2026-W29,2
DR0358,2026-W30,1
DR0358,2026-W31,2
DR0358,2026-W32,2
DR0358,2026-W37,1
DR0359,2024-W01,1
DR0359,2024-W05,1
DR0359,2024-W16,1
DR0359,2024-W18,1
DR0359,2024-W34,1
DR0359,2024-W36,1
DR0359,2024-W37,1
DR0359,2024-W46,1
DR0359,2024-W48,2
DR0359,2024-W52,1
DR0359,2025-W00,1
DR0359,2025-W03,1
DR0359,2025-W09,1
DR0359,2025-W17,1
DR0359,2025-W19,1
DR0359,2025-W27,1
DR0359,2025-W31,2
DR0359,2025-W37,2
DR0359,2025-W38,1
DR0359,2025-W41,2
DR0359,2025-W44,1
DR0359,2025-W46,1
DR0359,2025-W48,1
DR0359,2025-W51,1
DR0359,2026-W04,2
DR0359,2026-W06,1
DR0359,2026-W11,1
DR0359,2026-W12,1
DR0359,2026-W14,1
DR0359,2026-W16,1
DR0359,2026-W21,1
DR0359,2026-W25,1
DR0359,2026-W27,1
DR0360,2024-W01,2
DR0360,2024-W02,5
DR0360,2024-W03,3
DR0360,2024-W05,4
DR0360,2024-W06,1
DR0360,2024-W07,1
DR0360,2024-W08,3
DR0360,2024-W13,1
DR0360,2024-W14,1
DR0360,2024-W16,2
DR0360,2024-W18,1
DR0360,2024-W19,3
DR0360,2024-W20,1
DR0360,2024-W21,2
DR0360,2024-W22,2
DR0360,2024-W23,2
DR0360,2024-W24,2
DR0360,2024-W26,4
DR0360,2024-W27,3
DR0360,2024-W28,1
DR0360,2024-W29,2
DR0360,2024-W30,2
DR0360,2024-W31,2
DR0360,2024-W32,1
DR0360,2024-W33,2
DR0360,2024-W34,1
DR0360,2024-W36,1
DR0360,2024-W39,1
DR0360,2024-W40,1
DR0360,2024-W41,2
DR0360,2024-W42,3
DR0360,2024-W43,1
DR0360,2024-W44,3
DR0360,2024-W45,2
DR0360,2024-W46,3
DR0360,2024-W48,1
DR0360,2024-W49,4
DR0360,2024-W50,1
DR0360,2024-W51,3
DR0360,2025-W01,3
DR0360,2025-W04,1
DR0360,2025-W05,2
DR0360,2025-W06,1
DR0360,2025-W08,1
DR0360,2025-W09,1
DR0360,2025-W12,2
DR0360,2025-W13,2
DR0360,2025-W14,1
DR0360,2025-W15,1
DR0360,2025-W17,2
DR0360,2025-W19,1
DR0360,2025-W20,3
DR0360,2025-W22,2
DR0360,2025-W23,3
DR0360,2025-W24,3
DR0360,2025-W25,1
DR0360,2025-W27,2
DR0360,2025-W28,1
DR0360,2025-W29,1
DR0360,2025-W30,1
DR0360,2025-W31,1
DR0360,2025-W32,2
DR0360,2025-W36,2
DR0360,2025-W38,3
DR0360,2025-W39,1
DR0360,2025-W40,1
DR0360,2025-W41,2
DR0360,2025-W43,2
DR0360,2025-W44,3
DR0360,2025-W45,1
DR0360,2025-W46,3
DR0360,2025-W48,4
DR0360,2025-W49,2
DR0360,2025-W52,4
DR0360,2026-W01,1
DR0360,2026-W03,1
DR0360,2026-W04,1
DR0360,2026-W05,1
DR0360,2026-W06,1
DR0360,2026-W08,1
DR0360,2026-W09,1
DR0360,2026-W10,3
DR0360,2026-W11,3
DR0360,2026-W12,3
DR0360,2026-W13,1
DR0360,2026-W14,1
DR0360,2026-W15,1
DR0360,2026-W18,2
DR0360,2026-W19,2
DR0360,2026-W20,1
DR0360,2026-W22,1
DR0360,2026-W23,2
DR0360,2026-W24,1
DR0360,2026-W25,1
DR0360,2026-W27,2
DR0360,2026-W30,1
DR0360,2026-W31,2
DR0360,2026-W32,1
DR0360,2026-W33,3
DR0360,2026-W36,1
DR0360,2026-W37,1
DR0360,2026-W38,2
DR0360,2026-W39,1
DR0361,2024-W01,2
DR0361,2024-W03,3
DR0361,2024-W04,1
DR0361,2024-W05,2
DR0361,2024-W06,1
DR0361,2024-W07,1
DR0361,2024-W08,2
DR0361,2024-W10,1
DR0361,2024-W11,1
DR0361,2024-W14,2
DR0361,2024-W15,1
DR0361,2024-W16,1
DR0361,2024-W17,1
DR0361,2024-W18,2
DR0361,2024-W20,1
DR0361,2024-W21,2
DR0361,2024-W23,2
DR0361,2024-W24,3
DR0361,2024-W26,1
DR0361,2024-W32,3
DR0361,2024-W35,1
DR0361,2024-W37,1
DR0361,2024-W38,1
DR0361,2024-W40,1
DR0361,2024-W41,1
DR0361,2024-W42,2
DR0361,2024-W43,2
DR0361,2024-W44,1
DR0361,2024-W45,1
DR0361,2024-W46,2
DR0361,2024-W47,1
DR0361,2024-W49,1
DR0361,2025-W03,1
DR0361,2025-W04,2
DR0361,2025-W05,2
DR0361,2025-W06,1
DR0361,2025-W08,2
DR0361,2025-W10,1
DR0361,2025-W11,1
DR0361,2025-W13,3
DR0361,2025-W14,1
DR0361,2025-W18,3
DR0361,2025-W19,2
DR0361,2025-W20,3
DR0361,2025-W21,1
DR0361,2025-W22,3
DR0361,2025-W23,2
DR0361,2025-W24,1
DR0361,2025-W25,3
DR0361,2025-W26,1
DR0361,2025-W27,3
DR0361,2025-W29,2
DR0361,2025-W30,1
DR0361,2025-W31,1
DR0361,2025-W32,1
DR0361,2025-W33,2
DR0361,2025-W35,1
DR0361,2025-W38,1
DR0361,2025-W40,4
DR0361,2025-W44,2
DR0361,2025-W46,1
DR0361,2025-W48,3
DR0361,2025-W49,1
DR0361,2026-W05,1
DR0361,2026-W06,1
DR0361,2026-W07,2
DR0361,2026-W08,1
DR0361,2026-W09,1
DR0361,2026-W10,1
DR0361,2026-W12,1
DR0361,2026-W14,1
DR0361,2026-W16,1
DR0361,2026-W17,1
DR0361,2026-W19,1
DR0361,2026-W20,1
DR0361,2026-W21,2
DR0361,2026-W22,2
DR0361,2026-W23,1
DR0361,2026-W25,2
DR0361,2026-W26,1
DR0361,2026-W27,1
DR0361,2026-W28,1
DR0361,2026-W31,1
DR0361,2026-W33,1
DR0361,2026-W34,1
DR0361,2026-W35,1
DR0361,2026-W36,3
DR0361,2026-W37,2
DR0361,2026-W38,5
DR0361,2026-W39,1
DR0362,2024-W05,1
DR0362,2024-W07,1
DR0362,2024-W11,2
DR0362,2024-W12,1
DR0362,2024-W16,1
DR0362,2024-W18,1
DR0362,2024-W19,1
DR0362,2024-W20,1
DR0362,2024-W24,2
DR0362,2024-W26,1
DR0362,2024-W29,1
DR0362,2024-W32,1
DR0362,2024-W33,1
DR0362,2024-W34,1
DR0362,2024-W37,1
DR0362,2024-W38,2
DR0362,2024-W39,1
DR0362,2024-W40,1
DR0362,2024-W42,1
DR0362,2024-W43,1
DR0362,2024-W44,2
DR0362,2024-W45,1
DR0362,2024-W46,4
DR0362,2024-W48,1
DR0362,2024-W50,2
DR0362,2024-W51,1
DR0362,2025-W00,2
DR0362,2025-W03,2
DR0362,2025-W04,1
DR0362,2025-W07,1
DR0362,2025-W08,1
DR0362,2025-W09,1
DR0362,2025-W12,1
DR0362,2025-W17,2
DR0362,2025-W21,1
DR0362,2025-W23,1
DR0362,2025-W24,1
DR0362,2025-W25,1
DR0362,2025-W26,1
DR0362,2025-W27,2
DR0362,2025-W28,1
DR0362,2025-W29,1
DR0362,2025-W30,1
DR0362,2025-W41,1
DR0362,2025-W42,1
DR0362,2025-W43,1
DR0362,2025-W46,2
DR0362,2025-W47,1
DR0362,2025-W51,3
DR0362,2026-W02,1
DR0362,2026-W04,1
DR0362,2026-W05,2
DR0362,2026-W06,1
DR0362,2026-W12,1
DR0362,2026-W14,1
DR0362,2026-W17,2
DR0362,2026-W19,3
DR0362,2026-W21,1
DR0362,2026-W22,1
DR0362,2026-W25,1
DR0362,2026-W29,2
DR0362,2026-W31,1
DR0362,2026-W32,1
DR0362,2026-W34,2
DR0362,2026-W37,1
DR0362,2026-W38,1
DR0362,2026-W39,1
DR0363,2024-W01,1
DR0363,2024-W02,5
DR0363,2024-W03,3
DR0363,2024-W04,3
DR0363,2024-W05,3
DR0363,2024-W06,1
DR0363,2024-W07,3
DR0363,2024-W08,3
DR0363,2024-W09,2
DR0363,2024-W10,2
DR0363,2024-W11,1
DR0363,2024-W13,1
DR0363,2024-W14,3
DR0363,2024-W15,2
DR0363,2024-W16,4
DR0363,2024-W17,4
DR0363,2024-W18,8
DR0363,2024-W19,3
DR0363,2024-W20,4
DR0363,2024-W21,3
DR0363,2024-W22,1
DR0363,2024-W23,5
DR0363,2024-W24,2
DR0363,2024-W25,5
DR0363,2024-W26,1
DR0363,2024-W27,1
DR0363,2024-W29,1
DR0363,2024-W30,2
DR0363,2024-W31,1
DR0363,2024-W32,3
DR0363,2024-W34,2
DR0363,2024-W35,4
DR0363,2024-W37,1
DR0363,2024-W38,2
DR0363,2024-W39,3
DR0363,2024-W40,4
DR0363,2024-W41,3
DR0363,2024-W42,2
DR0363,2024-W43,2
DR0363,2024-W44,7
DR0363,2024-W45,1
DR0363,2024-W46,6
DR0363,2024-W47,5
DR0363,2024-W48,6
DR0363,2024-W49,4
DR0363,2024-W50,2
DR0363,2024-W51,5
DR0363,2024-W52,4
DR0363,2024-W53,1
DR0363,2025-W00,3
DR0363,2025-W01,1
DR0363,2025-W02,5
DR0363,2025-W04,6
DR0363,2025-W05,3
DR0363,2025-W06,4
DR0363,2025-W07,2
DR0363,2025-W08,2
DR0363,2025-W09,1
DR0363,2025-W10,3
DR0363,2025-W11,3
DR0363,2025-W12,1
DR0363,2025-W13,2
DR0363,2025-W14,1
DR0363,2025-W15,4
DR0363,2025-W16,2
DR0363,2025-W17,3
DR0363,2025-W18,2
DR0363,2025-W19,2
DR0363,2025-W20,5
DR0363,2025-W21,2
DR0363,2025-W22,2
DR0363,2025-W23,1
DR0363,2025-W25,2
DR0363,2025-W26,1
DR0363,2025-W28,2
DR0363,2025-W29,1
DR0363,2025-W30,2
DR0363,2025-W31,4
DR0363,2025-W32,2
DR0363,2025-W33,4
DR0363,2025-W34,4
DR0363,2025-W36,3
DR0363,2025-W37,3
DR0363,2025-W38,2
DR0363,2025-W39,5
DR0363,2025-W41,3
DR0363,2025-W42,2
DR0363,2025-W43,2
DR0363,2025-W44,4
DR0363,2025-W45,2
DR0363,2025-W46,5
DR0363,2025-W47,5
DR0363,2025-W48,3
DR0363,2025-W49,3
DR0363,2025-W50,4
DR0363,2025-W51,5
DR0363,2026-W00,3
DR0363,2026-W01,2
DR0363,2026-W02,5
DR0363,2026-W03,5
DR0363,2026-W04,1
DR0363,2026-W05,4
DR0363,2026-W06,3
DR0363,2026-W07,5
DR0363,2026-W08,1
DR0363,2026-W09,5
DR0363,2026-W10,3
DR0363,2026-W11,1
DR0363,2026-W12,4
DR0363,2026-W13,1
DR0363,2026-W14,4
DR0363,2026-W15,1
DR0363,2026-W16,2
DR0363,2026-W17,2
DR0363,2026-W18,5
DR0363,2026-W19,1
DR0363,2026-W20,3
DR0363,2026-W21,6
DR0363,2026-W22,2
DR0363,2026-W23,2
DR0363,2026-W24,1
DR0363,2026-W25,3
DR0363,2026-W26,1
DR0363,2026-W27,4
DR0363,2026-W28,3
DR0363,2026-W29,2
DR0363,2026-W30,1
DR0363,2026-W32,4
DR0363,2026-W33,1
DR0363,2026-W34,3
DR0363,2026-W35,1
DR0363,2026-W36,1
DR0363,2026-W37,4
DR0363,2026-W39,1
DR0364,2024-W01,1
DR0364,2024-W17,1
DR0364,2024-W34,1
DR0364,2024-W39,1
DR0364,2024-W44,1
DR0364,2024-W49,1
DR0364,2024-W50,1
DR0364,2025-W01,2
DR0364,2025-W07,1
DR0364,2025-W08,1
DR0364,2025-W16,1
DR0364,2025-W30,1
DR0364,2025-W34,1
DR0364,2025-W51,1
DR0364,2026-W23,1
DR0364,2026-W33,2
DR0365,2024-W01,1
DR0365,2024-W03,1
DR0365,2024-W07,1
DR0365,2024-W08,1
DR0365,2024-W11,1
DR0365,2024-W16,2
DR0365,2024-W17,1
DR0365,2024-W19,1
DR0365,2024-W29,1
DR0365,2024-W31,1
DR0365,2024-W37,1
DR0365,2024-W41,1
DR0365,2024-W42,2
DR0365,2024-W51,1
DR0365,2025-W02,1
DR0365,2025-W03,1
DR0365,2025-W04,1
DR0365,2025-W18,1
DR0365,2025-W19,2
DR0365,2025-W30,2
DR0365,2025-W33,1
DR0365,2025-W36,1
DR0365,2025-W37,1
DR0365,2025-W39,1
DR0365,2025-W40,1
DR0365,2025-W41,1
DR0365,2025-W45,1
DR0365,2025-W51,1
DR0365,2026-W01,2
DR0365,2026-W02,1
DR0365,2026-W04,2
DR0365,2026-W08,1
DR0365,2026-W11,1
DR0365,2026-W16,1
DR0365,2026-W17,1
DR0365,2026-W20,2
DR0365,2026-W21,1
DR0365,2026-W25,1
DR0365,2026-W29,2
DR0365,2026-W32,1
DR0365,2026-W34,2
DR0365,2026-W36,1
DR0365,2026-W37,1
DR0366,2024-W05,1
DR0366,2024-W06,1
DR0366,2024-W08,1
DR0366,2024-W09,2
DR0366,2024-W13,2
DR0366,2024-W15,1
DR0366,2024-W16,2
DR0366,2024-W18,1
DR0366,2024-W19,1
DR0366,2024-W20,1
DR0366,2024-W25,2
DR0366,2024-W27,1
DR0366,2024-W28,1
DR0366,2024-W29,1
DR0366,2024-W30,1
DR0366,2024-W31,3
DR0366,2024-W33,1
DR0366,2024-W34,1
DR0366,2024-W36,1
DR0366,2024-W38,1
DR0366,2024-W40,2
DR0366,2024-W43,1
DR0366,2024-W48,1
DR0366,2024-W50,1
DR0366,2024-W52,1
DR0366,2025-W01,2
DR0366,2025-W03,1
DR0366,2025-W08,1
DR0366,2025-W09,2
DR0366,2025-W10,1
DR0366,2025-W16,2
DR0366,2025-W19,1
DR0366,2025-W20,1
DR0366,2025-W21,2
DR0366,2025-W22,1
DR0366,2025-W23,1
DR0366,2025-W24,1
DR0366,2025-W25,1
DR0366,2025-W28,1
DR0366,2025-W30,1
DR0366,2025-W32,2
DR0366,2025-W34,1
DR0366,2025-W37,1
DR0366,2025-W40,1
DR0366,2025-W42,2
DR0366,2025-W43,1
DR0366,2025-W44,2
DR0366,2025-W45,2
DR0366,2025-W46,3
DR0366,2025-W49,2
DR0366,2025-W51,1
DR0366,2026-W01,3
DR0366,2026-W03,2
DR0366,2026-W05,1
DR0366,2026-W07,1
DR0366,2026-W09,1
DR0366,2026-W13,1
DR0366,2026-W14,4
DR0366,2026-W17,1
DR0366,2026-W18,1
DR0366,2026-W20,1
DR0366,2026-W21,1
DR0366,2026-W24,1
DR0366,2026-W30,1
DR0366,2026-W31,1
DR0366,2026-W33,1
DR0366,2026-W34,1
DR0366,2026-W35,1
DR0366,2026-W37,1
DR0366,2026-W39,1
DR0367,2024-W01,1
DR0367,2024-W03,1
DR0367,2024-W05,1
DR0367,2024-W06,1
DR0367,2024-W08,1
DR0367,2024-W12,1
DR0367,2024-W13,1
DR0367,2024-W14,2
DR0367,2024-W16,1
DR0367,2024-W17,1
DR0367,2024-W18,1
DR0367,2024-W19,1
DR0367,2024-W20,2
DR0367,2024-W21,1
DR0367,2024-W22,2
DR0367,2024-W23,1
DR0367,2024-W24,3
DR0367,2024-W25,2
DR0367,2024-W27,2
DR0367,2024-W28,1
DR0367,2024-W29,1
DR0367,2024-W30,1
DR0367,2024-W31,1
DR0367,2024-W33,2
DR0367,2024-W35,2
DR0367,2024-W36,2
DR0367,2024-W40,1
DR0367,2024-W41,2
DR0367,2024-W44,1
DR0367,2024-W45,2
DR0367,2024-W46,1
DR0367,2024-W47,1
DR0367,2024-W48,3
DR0367,2024-W49,1
DR0367,2024-W51,1
DR0367,2024-W52,1
DR0367,2024-W53,1
DR0367,2025-W02,2
DR0367,2025-W03,3
DR0367,2025-W05,1
DR0367,2025-W06,1
DR0367,2025-W07,2
DR0367,2025-W08,1
DR0367,2025-W10,1
DR0367,2025-W12,1
DR0367,2025-W15,3
DR0367,2025-W18,1
DR0367,2025-W20,1
DR0367,2025-W21,1
DR0367,2025-W22,1
DR0367,2025-W24,2
DR0367,2025-W26,2
DR0367,2025-W28,1
DR0367,2025-W30,1
DR0367,2025-W32,1
DR0367,2025-W33,3
DR0367,2025-W36,1
DR0367,2025-W37,1
DR0367,2025-W38,1
DR0367,2025-W39,1
DR0367,2025-W42,1
DR0367,2025-W43,1
DR0367,2025-W50,1
DR0367,2026-W01,1
DR0367,2026-W02,1
DR0367,2026-W03,2
DR0367,2026-W05,1
DR0367,2026-W06,1
DR0367,2026-W07,2
DR0367,2026-W08,2
DR0367,2026-W09,5
DR0367,2026-W12,1
DR0367,2026-W14,3
DR0367,2026-W15,1
DR0367,2026-W16,1
DR0367,2026-W17,2
DR0367,2026-W18,1
DR0367,2026-W19,1
DR0367,2026-W22,1
DR0367,2026-W25,1
DR0367,2026-W26,2
DR0367,2026-W27,2
DR0367,2026-W30,1
DR0367,2026-W31,1
DR0367,2026-W32,1
DR0367,2026-W33,2
DR0367,2026-W34,1
DR0367,2026-W37,2
DR0367,2026-W38,1
DR0367,2026-W39,1
DR0368,2024-W01,1
DR0368,2024-W03,1
DR0368,2024-W04,1
DR0368,2024-W05,1
DR0368,2024-W06,1
DR0368,2024-W07,3
DR0368,2024-W08,1
DR0368,2024-W09,3
DR0368,2024-W10,1
DR0368,2024-W11,1
DR0368,2024-W12,3
DR0368,2024-W13,1
DR0368,2024-W15,1
DR0368,2024-W18,1
DR0368,2024-W19,1
DR0368,2024-W20,3
DR0368,2024-W24,3
DR0368,2024-W26,2
DR0368,2024-W27,1
DR0368,2024-W28,1
DR0368,2024-W29,2
DR0368,2024-W30,1
DR0368,2024-W32,1
DR0368,2024-W33,1
DR0368,2024-W34,1
DR0368,2024-W36,1
DR0368,2024-W37,2
DR0368,2024-W38,1
DR0368,2024-W40,3
DR0368,2024-W41,1
DR0368,2024-W43,1
DR0368,2024-W45,2
DR0368,2024-W51,1
DR0368,2024-W52,2
DR0368,2025-W00,2
DR0368,2025-W02,1
DR0368,2025-W03,2
DR0368,2025-W04,1
DR0368,2025-W07,1
DR0368,2025-W08,2
DR0368,2025-W09,2
DR0368,2025-W10,1
DR0368,2025-W11,1
DR0368,2025-W12,1
DR0368,2025-W14,1
DR0368,2025-W17,1
DR0368,2025-W18,2
DR0368,2025-W19,1
DR0368,2025-W21,1
DR0368,2025-W22,1
DR0368,2025-W24,1
DR0368,2025-W25,1
DR0368,2025-W27,1
DR0368,2025-W28,1
DR0368,2025-W29,1
DR0368,2025-W31,1
DR0368,2025-W32,1
DR0368,2025-W33,1
DR0368,2025-W34,1
DR0368,2025-W36,2
DR0368,2025-W38,1
DR0368,2025-W46,1
DR0368,2025-W49,1
DR0368,2025-W51,2
DR0368,2025-W52,1
DR0368,2026-W00,1
DR0368,2026-W01,1
DR0368,2026-W02,2
DR0368,2026-W04,1
DR0368,2026-W05,2
DR0368,2026-W06,1
DR0368,2026-W07,5
DR0368,2026-W08,1
DR0368,2026-W10,1
DR0368,2026-W12,1
DR0368,2026-W14,2
DR0368,2026-W18,1
DR0368,2026-W19,1
DR0368,2026-W22,1
DR0368,2026-W24,1
DR0368,2026-W25,2
DR0368,2026-W26,4
DR0368,2026-W28,1
DR0368,2026-W29,2
DR0368,2026-W32,2
DR0368,2026-W34,1
DR0368,2026-W36,1
DR0368,2026-W38,1
DR0368,2026-W39,1
DR0369,2024-W02,2
DR0369,2024-W04,1
DR0369,2024-W05,1
DR0369,2024-W06,1
DR0369,2024-W10,1
DR0369,2024-W13,1
DR0369,2024-W17,2
DR0369,2024-W21,1
DR0369,2024-W22,2
DR0369,2024-W26,1
DR0369,2024-W28,1
DR0369,2024-W29,1
DR0369,2024-W30,1
DR0369,2024-W32,1
DR0369,2024-W38,1
DR0369,2024-W41,1
DR0369,2024-W42,1
DR0369,2024-W46,1
DR0369,2024-W47,1
DR0369,2024-W48,1
DR0369,2024-W50,1
DR0369,2024-W51,2
DR0369,2025-W00,1
DR0369,2025-W01,1
DR0369,2025-W03,2
DR0369,2025-W05,1
DR0369,2025-W06,2
DR0369,2025-W07,1
DR0369,2025-W08,1
DR0369,2025-W10,1
DR0369,2025-W13,1
DR0369,2025-W14,1
DR0369,2025-W16,1
DR0369,2025-W18,1
DR0369,2025-W21,1
DR0369,2025-W22,1
DR0369,2025-W23,1
DR0369,2025-W28,1
DR0369,2025-W30,2
DR0369,2025-W31,2
DR0369,2025-W35,3
DR0369,2025-W36,1
DR0369,2025-W40,1
DR0369,2025-W45,1
DR0369,2025-W48,1
DR0369,2025-W50,2
DR0369,2025-W52,1
DR0369,2026-W04,3
DR0369,2026-W07,3
DR0369,2026-W09,2
DR0369,2026-W12,2
DR0369,2026-W22,1
DR0369,2026-W23,1
DR0369,2026-W28,1
DR0369,2026-W31,1
DR0369,2026-W33,2
DR0369,2026-W35,1
DR0370,2024-W01,1
DR0370,2024-W04,1
DR0370,2024-W06,1
DR0370,2024-W08,1
DR0370,2024-W09,2
DR0370,2024-W14,1
DR0370,2024-W19,1
DR0370,2024-W23,1
DR0370,2024-W25,1
DR0370,2024-W29,1
DR0370,2024-W30,1
DR0370,2024-W31,1
DR0370,2024-W33,2
DR0370,2024-W34,2
DR0370,2024-W36,1
DR0370,2024-W41,1
DR0370,2024-W42,1
DR0370,2024-W43,1
DR0370,2024-W48,1
DR0370,2024-W49,3
DR0370,2024-W50,1
DR0370,2024-W51,2
DR0370,2025-W01,1
DR0370,2025-W02,1
DR0370,2025-W03,1
DR0370,2025-W05,1
DR0370,2025-W08,1
DR0370,2025-W10,2
DR0370,2025-W11,1
DR0370,2025-W12,1
DR0370,2025-W13,1
DR0370,2025-W14,1
DR0370,2025-W15,1
DR0370,2025-W16,1
DR0370,2025-W18,1
DR0370,2025-W20,1
DR0370,2025-W22,1
DR0370,2025-W23,1
DR0370,2025-W24,1
DR0370,2025-W26,1
DR0370,2025-W27,1
DR0370,2025-W30,1
DR0370,2025-W31,2
DR0370,2025-W32,2
DR0370,2025-W33,1
DR0370,2025-W34,1
DR0370,2025-W35,1
DR0370,2025-W39,2
DR0370,2025-W40,1
DR0370,2025-W42,1
DR0370,2025-W45,2
DR0370,2025-W46,2
DR0370,2025-W48,1
DR0370,2025-W50,1
DR0370,2026-W00,3
DR0370,2026-W01,3
DR0370,2026-W03,1
DR0370,2026-W04,1
DR0370,2026-W05,1
DR0370,2026-W06,1
DR0370,2026-W07,1
DR0370,2026-W08,1
DR0370,2026-W12,1
DR0370,2026-W16,1
DR0370,2026-W18,1
DR0370,2026-W19,1
DR0370,2026-W21,1
DR0370,2026-W23,1
DR0370,2026-W25,3
DR0370,2026-W26,2
DR0370,2026-W27,1
DR0370,2026-W32,1
DR0370,2026-W33,1
DR0370,2026-W34,1
DR0370,2026-W35,2
DR0370,2026-W37,1
DR0371,2024-W01,2
DR0371,2024-W02,1
DR0371,2024-W03,2
DR0371,2024-W05,1
DR0371,2024-W06,1
DR0371,2024-W07,2
DR0371,2024-W09,1
DR0371,2024-W13,2
DR0371,2024-W18,1
DR0371,2024-W20,1
DR0371,2024-W27,1
DR0371,2024-W28,1
DR0371,2024-W34,1
DR0371,2024-W36,1
DR0371,2024-W37,1
DR0371,2024-W42,1
DR0371,2024-W43,1
DR0371,2024-W46,1
DR0371,2024-W50,1
DR0371,2025-W00,1
DR0371,2025-W01,2
DR0371,2025-W02,1
DR0371,2025-W08,1
DR0371,2025-W09,1
DR0371,2025-W16,2
DR0371,2025-W17,1
DR0371,2025-W18,1
DR0371,2025-W19,2
DR0371,2025-W20,1
DR0371,2025-W22,1
DR0371,2025-W25,3
DR0371,2025-W26,1
DR0371,2025-W30,1
DR0371,2025-W31,1
DR0371,2025-W32,1
DR0371,2025-W33,1
DR0371,2025-W34,2
DR0371,2025-W36,1
DR0371,2025-W39,1
DR0371,2025-W41,2
DR0371,2025-W43,1
DR0371,2025-W47,1
DR0371,2025-W49,1
DR0371,2025-W51,1
DR0371,2026-W01,1
DR0371,2026-W02,1
DR0371,2026-W03,2
DR0371,2026-W08,2
DR0371,2026-W10,1
DR0371,2026-W11,1
DR0371,2026-W12,2
DR0371,2026-W13,1
DR0371,2026-W14,3
DR0371,2026-W18,2
DR0371,2026-W19,1
DR0371,2026-W26,2
DR0371,2026-W29,1
DR0371,2026-W32,1
DR0371,2026-W35,4
DR0371,2026-W36,2
DR0371,2026-W39,1
DR0372,2024-W01,5
DR0372,2024-W02,9
DR0372,2024-W03,8
DR0372,2024-W04,3
DR0372,2024-W05,6
DR0372,2024-W06,7
DR0372,2024-W07,7
DR0372,2024-W08,4
DR0372,2024-W09,4
DR0372,2024-W10,4
DR0372,2024-W11,5
DR0372,2024-W12,3
DR0372,2024-W13,3
DR0372,2024-W14,4
DR0372,2024-W15,3
DR0372,2024-W16,6
DR0372,2024-W17,6
DR0372,2024-W18,5
DR0372,2024-W19,4
DR0372,2024-W20,5
DR0372,2024-W21,7
DR0372,2024-W22,2
DR0372,2024-W23,3
DR0372,2024-W24,2
DR0372,2024-W25,3
DR0372,2024-W26,2
DR0372,2024-W27,4
DR0372,2024-W28,4
DR0372,2024-W29,6
DR0372,2024-W30,10
DR0372,2024-W31,4
DR0372,2024-W32,4
DR0372,2024-W33,3
DR0372,2024-W34,5
DR0372,2024-W35,6
DR0372,2024-W36,3
DR0372,2024-W37,1
DR0372,2024-W38,9
DR0372,2024-W39,3
DR0372,2024-W40,5
DR0372,2024-W41,4
DR0372,2024-W42,4
DR0372,2024-W43,5
DR0372,2024-W44,8
DR0372,2024-W45,5
DR0372,2024-W46,4
DR0372,2024-W47,5
DR0372,2024-W48,2
DR0372,2024-W49,4
DR0372,2024-W50,2
DR0372,2024-W51,7
DR0372,2024-W52,5
DR0372,2025-W00,3
DR0372,2025-W01,7
DR0372,2025-W02,5
DR0372,2025-W03,5
DR0372,2025-W04,4
DR0372,2025-W05,9
DR0372,2025-W06,4
DR0372,2025-W07,4
DR0372,2025-W08,2
DR0372,2025-W09,5
DR0372,2025-W10,4
DR0372,2025-W11,5
DR0372,2025-W12,6
DR0372,2025-W13,4
DR0372,2025-W14,7
DR0372,2025-W15,5
DR0372,2025-W16,4
DR0372,2025-W17,5
DR0372,2025-W18,4
DR0372,2025-W19,6
DR0372,2025-W20,10
DR0372,2025-W21,8
DR0372,2025-W22,6
DR0372,2025-W23,6
DR0372,2025-W24,2
DR0372,2025-W25,5
DR0372,2025-W26,5
DR0372,2025-W27,2
DR0372,2025-W28,8
DR0372,2025-W29,5
DR0372,2025-W30,3
DR0372,2025-W31,8
DR0372,2025-W32,6
DR0372,2025-W33,3
DR0372,2025-W34,3
DR0372,2025-W35,5
DR0372,2025-W36,8
DR0372,2025-W37,3
DR0372,2025-W38,2
DR0372,2025-W39,5
DR0372,2025-W40,3
DR0372,2025-W41,5
DR0372,2025-W42,3
DR0372,2025-W43,10
DR0372,2025-W44,2
DR0372,2025-W45,3
DR0372,2025-W46,7
DR0372,2025-W47,2
DR0372,2025-W48,2
DR0372,2025-W49,3
DR0372,2025-W50,6
DR0372,2025-W51,12
DR0372,2025-W52,2
DR0372,2026-W00,3
DR0372,2026-W01,4
DR0372,2026-W02,6
DR0372,2026-W03,8
DR0372,2026-W04,4
DR0372,2026-W05,4
DR0372,2026-W06,8
DR0372,2026-W07,10
DR0372,2026-W08,4
DR0372,2026-W09,5
DR0372,2026-W10,10
DR0372,2026-W11,4
DR0372,2026-W13,3
DR0372,2026-W14,8
DR0372,2026-W15,5
DR0372,2026-W16,4
DR0372,2026-W17,1
DR0372,2026-W18,4
DR0372,2026-W19,8
DR0372,2026-W20,5
DR0372,2026-W21,5
DR0372,2026-W22,2
DR0372,2026-W23,6
DR0372,2026-W24,3
DR0372,2026-W25,3
DR0372,2026-W26,4
DR0372,2026-W27,2
DR0372,2026-W28,6
DR0372,2026-W29,5
DR0372,2026-W30,5
DR0372,2026-W31,5
DR0372,2026-W32,7
DR0372,2026-W33,4
DR0372,2026-W34,4
DR0372,2026-W35,5
DR0372,2026-W36,5
DR0372,2026-W37,2
DR0372,2026-W38,6
DR0372,2026-W39,5
DR0373,2024-W03,1
DR0373,2024-W09,2
DR0373,2024-W13,1
DR0373,2024-W14,1
DR0373,2024-W24,1
DR0373,2024-W29,2
DR0373,2024-W33,2
DR0373,2024-W34,1
DR0373,2024-W39,1
DR0373,2024-W44,1
DR0373,2024-W45,1
DR0373,2024-W50,1
DR0373,2024-W51,1
DR0373,2025-W04,1
DR0373,2025-W11,2
DR0373,2025-W12,2
DR0373,2025-W13,1
DR0373,2025-W23,1
DR0373,2025-W32,1
DR0373,2025-W33,1
DR0373,2025-W34,1
DR0373,2025-W37,1
DR0373,2025-W48,1
DR0373,2025-W50,1
DR0373,2025-W51,1
DR0373,2026-W03,1
DR0373,2026-W04,1
DR0373,2026-W05,2
DR0373,2026-W08,2
DR0373,2026-W09,1
DR0373,2026-W15,1
DR0373,2026-W22,1
DR0373,2026-W24,1
DR0373,2026-W29,1
DR0373,2026-W30,1
DR0373,2026-W31,1
DR0373,2026-W36,1
DR0373,2026-W38,1
DR0374,2024-W01,6
DR0374,2024-W02,4
DR0374,2024-W03,3
DR0374,2024-W04,3
DR0374,2024-W05,3
DR0374,2024-W06,6
DR0374,2024-W07,4
DR0374,2024-W08,7
DR0374,2024-W09,2
DR0374,2024-W10,3
DR0374,2024-W11,3
DR0374,2024-W12,4
DR0374,2024-W13,2
DR0374,2024-W14,3
DR0374,2024-W15,6
DR0374,2024-W16,6
DR0374,2024-W17,6
DR0374,2024-W18,1
DR0374,2024-W19,1
DR0374,2024-W21,3
DR0374,2024-W22,3
DR0374,2024-W23,6
DR0374,2024-W24,2
DR0374,2024-W25,5
DR0374,2024-W26,3
DR0374,2024-W27,2
DR0374,2024-W28,2
DR0374,2024-W29,4
DR0374,2024-W30,3
DR0374,2024-W31,2
DR0374,2024-W32,3
DR0374,2024-W33,2
DR0374,2024-W34,4
DR0374,2024-W35,4
DR0374,2024-W36,2
DR0374,2024-W37,3
DR0374,2024-W38,4
DR0374,2024-W39,2
DR0374,2024-W40,2
DR0374,2024-W41,4
DR0374,2024-W42,5
DR0374,2024-W43,5
DR0374,2024-W44,2
DR0374,2024-W45,6
DR0374,2024-W46,2
DR0374,2024-W47,3
DR0374,2024-W48,6
DR0374,2024-W49,2
DR0374,2024-W50,2
DR0374,2024-W51,3
DR0374,2024-W52,5
DR0374,2025-W00,5
DR0374,2025-W01,4
DR0374,2025-W02,5
DR0374,2025-W03,2
DR0374,2025-W04,3
DR0374,2025-W05,5
DR0374,2025-W06,4
DR0374,2025-W07,9
DR0374,2025-W08,5
DR0374,2025-W09,1
DR0374,2025-W10,2
DR0374,2025-W11,3
DR0374,2025-W12,6
DR0374,2025-W13,2
DR0374,2025-W14,1
DR0374,2025-W15,4
DR0374,2025-W16,4
DR0374,2025-W17,1
DR0374,2025-W19,4
DR0374,2025-W20,6
DR0374,2025-W21,3
DR0374,2025-W22,3
DR0374,2025-W23,1
DR0374,2025-W24,6
DR0374,2025-W25,4
DR0374,2025-W26,1
DR0374,2025-W27,3
DR0374,2025-W28,5
DR0374,2025-W30,5
DR0374,2025-W31,3
DR0374,2025-W32,3
DR0374,2025-W33,1
DR0374,2025-W34,13
DR0374,2025-W35,5
DR0374,2025-W36,3
DR0374,2025-W38,3
DR0374,2025-W40,3
DR0374,2025-W42,3
DR0374,2025-W43,2
DR0374,2025-W44,5
DR0374,2025-W45,3
DR0374,2025-W46,2
DR0374,2025-W47,1
DR0374,2025-W48,9
DR0374,2025-W49,4
DR0374,2025-W50,1
DR0374,2025-W51,1
DR0374,2025-W52,1
DR0374,2026-W00,2
DR0374,2026-W01,4
DR0374,2026-W02,2
DR0374,2026-W03,1
DR0374,2026-W04,2
DR0374,2026-W05,4
DR0374,2026-W06,3
DR0374,2026-W07,4
DR0374,2026-W08,4
DR0374,2026-W09,4
DR0374,2026-W10,3
DR0374,2026-W11,1
DR0374,2026-W12,2
DR0374,2026-W13,6
DR0374,2026-W14,4
DR0374,2026-W16,4
DR0374,2026-W17,2
DR0374,2026-W18,2
DR0374,2026-W19,4
DR0374,2026-W20,4
DR0374,2026-W21,2
DR0374,2026-W22,3
DR0374,2026-W23,7
DR0374,2026-W24,3
DR0374,2026-W25,5
DR0374,2026-W26,6
DR0374,2026-W27,1
DR0374,2026-W28,6
DR0374,2026-W29,3
DR0374,2026-W30,2
DR0374,2026-W31,3
DR0374,2026-W32,2
DR0374,2026-W33,2
DR0374,2026-W34,6
DR0374,2026-W35,3
DR0374,2026-W36,3
DR0374,2026-W37,2
DR0374,2026-W38,3
DR0374,2026-W39,3
DR0375,2024-W01,2
DR0375,2024-W02,1
DR0375,2024-W03,2
DR0375,2024-W04,2
DR0375,2024-W05,4
DR0375,2024-W07,2
DR0375,2024-W09,3
DR0375,2024-W10,1
DR0375,2024-W11,1
DR0375,2024-W12,3
DR0375,2024-W13,2
DR0375,2024-W14,2
DR0375,2024-W15,1
DR0375,2024-W16,1
DR0375,2024-W18,3
DR0375,2024-W19,1
DR0375,2024-W20,2
DR0375,2024-W21,1
DR0375,2024-W23,3
DR0375,2024-W24,3
DR0375,2024-W25,1
DR0375,2024-W26,2
DR0375,2024-W27,2
DR0375,2024-W28,1
DR0375,2024-W29,2
DR0375,2024-W30,1
DR0375,2024-W32,5
DR0375,2024-W35,1
DR0375,2024-W36,1
DR0375,2024-W37,2
DR0375,2024-W38,2
DR0375,2024-W40,3
DR0375,2024-W41,1
DR0375,2024-W44,2
DR0375,2024-W45,3
DR0375,2024-W46,1
DR0375,2024-W47,6
DR0375,2024-W48,2
DR0375,2024-W50,2
DR0375,2024-W51,1
DR0375,2024-W52,4
DR0375,2025-W02,2
DR0375,2025-W03,1
DR0375,2025-W04,3
DR0375,2025-W06,2
DR0375,2025-W07,2
DR0375,2025-W08,2
DR0375,2025-W09,2
DR0375,2025-W10,1
DR0375,2025-W11,2
DR0375,2025-W13,2
DR0375,2025-W14,1
DR0375,2025-W15,4
DR0375,2025-W16,3
DR0375,2025-W18,2
DR0375,2025-W19,1
DR0375,2025-W20,2
DR0375,2025-W24,2
DR0375,2025-W25,2
DR0375,2025-W26,1
DR0375,2025-W27,1
DR0375,2025-W28,4
DR0375,2025-W30,1
DR0375,2025-W31,1
DR0375,2025-W32,1
DR0375,2025-W33,2
DR0375,2025-W36,4
DR0375,2025-W38,1
DR0375,2025-W39,1
DR0375,2025-W42,4
DR0375,2025-W45,2
DR0375,2025-W46,1
DR0375,2025-W48,1
DR0375,2025-W49,2
DR0375,2025-W50,2
DR0375,2025-W51,1
DR0375,2026-W01,2
DR0375,2026-W02,2
DR0375,2026-W04,2
DR0375,2026-W05,3
DR0375,2026-W06,1
DR0375,2026-W07,1
DR0375,2026-W08,1
DR0375,2026-W09,2
DR0375,2026-W10,1
DR0375,2026-W11,1
DR0375,2026-W12,1
DR0375,2026-W13,1
DR0375,2026-W14,2
DR0375,2026-W15,1
DR0375,2026-W17,3
DR0375,2026-W18,1
DR0375,2026-W19,1
DR0375,2026-W21,1
DR0375,2026-W22,2
DR0375,2026-W23,1
DR0375,2026-W24,1
DR0375,2026-W26,2
DR0375,2026-W28,1
DR0375,2026-W29,2
DR0375,2026-W31,2
DR0375,2026-W33,1
DR0375,2026-W34,1
DR0375,2026-W35,3
DR0375,2026-W36,2
DR0375,2026-W37,2
DR0375,2026-W38,2
DR0376,2024-W01,2
DR0376,2024-W02,1
DR0376,2024-W06,2
DR0376,2024-W07,1
DR0376,2024-W09,2
DR0376,2024-W10,2
DR0376,2024-W11,1
DR0376,2024-W12,2
DR0376,2024-W13,1
DR0376,2024-W14,2
DR0376,2024-W15,1
DR0376,2024-W16,2
DR0376,2024-W17,3
DR0376,2024-W18,2
DR0376,2024-W20,1
DR0376,2024-W21,3
DR0376,2024-W23,1
DR0376,2024-W25,3
DR0376,2024-W26,1
DR0376,2024-W27,1
DR0376,2024-W28,2
DR0376,2024-W29,1
DR0376,2024-W30,2
DR0376,2024-W32,1
DR0376,2024-W33,1
DR0376,2024-W34,1
DR0376,2024-W36,1
DR0376,2024-W37,1
DR0376,2024-W38,3
DR0376,2024-W39,1
DR0376,2024-W41,1
DR0376,2024-W42,2
DR0376,2024-W43,4
DR0376,2024-W44,2
DR0376,2024-W46,1
DR0376,2024-W49,1
DR0376,2024-W50,1
DR0376,2024-W51,2
DR0376,2024-W52,2
DR0376,2025-W01,1
DR0376,2025-W02,1
DR0376,2025-W03,1
DR0376,2025-W04,1
DR0376,2025-W05,2
DR0376,2025-W07,3
DR0376,2025-W08,2
DR0376,2025-W09,1
DR0376,2025-W10,1
DR0376,2025-W13,1
DR0376,2025-W14,2
DR0376,2025-W17,2
DR0376,2025-W18,1
DR0376,2025-W20,1
DR0376,2025-W22,1
DR0376,2025-W23,2
DR0376,2025-W26,2
DR0376,2025-W27,2
DR0376,2025-W28,1
DR0376,2025-W30,1
DR0376,2025-W31,4
DR0376,2025-W33,1
DR0376,2025-W34,3
DR0376,2025-W35,1
DR0376,2025-W36,1
DR0376,2025-W38,1
DR0376,2025-W40,2
DR0376,2025-W41,2
DR0376,2025-W42,2
DR0376,2025-W43,1
DR0376,2025-W44,3
DR0376,2025-W45,3
DR0376,2025-W46,1
DR0376,2025-W47,3
DR0376,2025-W48,2
DR0376,2025-W49,2
DR0376,2025-W50,2
DR0376,2025-W51,2
DR0376,2026-W00,1
DR0376,2026-W01,1
DR0376,2026-W02,1
DR0376,2026-W03,1
DR0376,2026-W04,2
DR0376,2026-W07,3
DR0376,2026-W08,1
DR0376,2026-W09,2
DR0376,2026-W10,1
DR0376,2026-W12,2
DR0376,2026-W14,2
DR0376,2026-W16,3
DR0376,2026-W17,3
DR0376,2026-W18,3
DR0376,2026-W19,1
DR0376,2026-W20,2
DR0376,2026-W24,2
DR0376,2026-W25,1
DR0376,2026-W26,2
DR0376,2026-W27,1
DR0376,2026-W28,3
DR0376,2026-W29,2
DR0376,2026-W30,1
DR0376,2026-W32,1
DR0376,2026-W33,1
DR0376,2026-W34,1
DR0376,2026-W35,1
DR0376,2026-W36,1
DR0376,2026-W38,2
DR0377,2024-W04,1
DR0377,2024-W07,1
DR0377,2024-W08,3
DR0377,2024-W17,1
DR0377,2024-W20,1
DR0377,2024-W22,1
DR0377,2024-W23,1
DR0377,2024-W24,1
DR0377,2024-W30,1
DR0377,2024-W33,1
DR0377,2024-W34,1
DR0377,2024-W37,1
DR0377,2024-W43,1
DR0377,2024-W46,1
DR0377,2024-W50,2
DR0377,2024-W52,1
DR0377,2025-W04,1
DR0377,2025-W13,1
DR0377,2025-W21,1
DR0377,2025-W22,3
DR0377,2025-W24,1
DR0377,2025-W25,2
DR0377,2025-W26,2
DR0377,2025-W32,1
DR0377,2025-W37,1
DR0377,2025-W39,2
DR0377,2025-W41,1
DR0377,2025-W50,1
DR0377,2026-W05,1
DR0377,2026-W06,1
DR0377,2026-W07,2
DR0377,2026-W09,2
DR0377,2026-W10,2
DR0377,2026-W11,1
DR0377,2026-W22,1
DR0377,2026-W25,1
DR0377,2026-W26,1
DR0377,2026-W28,1
DR0377,2026-W32,1
DR0377,2026-W35,1
DR0377,2026-W36,3
DR0378,2024-W03,1
DR0378,2024-W05,1
DR0378,2024-W07,1
DR0378,2024-W08,3
DR0378,2024-W09,1
DR0378,2024-W10,1
DR0378,2024-W11,1
DR0378,2024-W13,1
DR0378,2024-W14,1
DR0378,2024-W16,1
DR0378,2024-W17,1
DR0378,2024-W18,2
DR0378,2024-W19,3
DR0378,2024-W20,1
DR0378,2024-W21,1
DR0378,2024-W22,1
DR0378,2024-W24,1
DR0378,2024-W25,1
DR0378,2024-W28,1
DR0378,2024-W29,1
DR0378,2024-W31,1
DR0378,2024-W32,1
DR0378,2024-W33,2
DR0378,2024-W34,2
DR0378,2024-W37,2
DR0378,2024-W38,1
DR0378,2024-W40,1
DR0378,2024-W41,1
DR0378,2024-W42,1
DR0378,2024-W43,1
DR0378,2024-W44,1
DR0378,2024-W45,1
DR0378,2024-W47,1
DR0378,2024-W49,1
DR0378,2024-W50,1
DR0378,2025-W02,1
DR0378,2025-W03,3
DR0378,2025-W06,2
DR0378,2025-W08,2
DR0378,2025-W09,1
DR0378,2025-W10,1
DR0378,2025-W11,1
DR0378,2025-W12,2
DR0378,2025-W14,1
DR0378,2025-W17,1
DR0378,2025-W18,1
DR0378,2025-W19,1
DR0378,2025-W21,1
DR0378,2025-W22,1
DR0378,2025-W23,1
DR0378,2025-W25,1
DR0378,2025-W29,1
DR0378,2025-W30,2
DR0378,2025-W31,2
DR0378,2025-W32,1
DR0378,2025-W33,2
DR0378,2025-W34,1
DR0378,2025-W35,1
DR0378,2025-W38,2
DR0378,2025-W42,1
DR0378,2025-W44,1
DR0378,2025-W45,2
DR0378,2025-W46,1
DR0378,2025-W47,1
DR0378,2025-W49,2
DR0378,2025-W50,2
DR0378,2026-W01,3
DR0378,2026-W03,2
DR0378,2026-W05,2
DR0378,2026-W06,2
DR0378,2026-W11,2
DR0378,2026-W12,2
DR0378,2026-W14,1
DR0378,2026-W16,1
DR0378,2026-W17,1
DR0378,2026-W18,1
DR0378,2026-W19,1
DR0378,2026-W21,1
DR0378,2026-W22,1
DR0378,2026-W27,1
DR0378,2026-W28,1
DR0378,2026-W29,2
DR0378,2026-W30,1
DR0378,2026-W34,1
DR0378,2026-W37,1
DR0379,2024-W08,1
DR0379,2024-W09,1
DR0379,2024-W11,1
DR0379,2024-W17,1
DR0379,2024-W18,1
DR0379,2024-W19,1
DR0379,2024-W21,1
DR0379,2024-W22,1
DR0379,2024-W23,1
DR0379,2024-W25,1
DR0379,2024-W27,1
DR0379,2024-W28,1
DR0379,2024-W29,1
DR0379,2024-W32,1
DR0379,2024-W42,1
DR0379,2024-W44,1
DR0379,2024-W45,2
DR0379,2024-W48,1
DR0379,2024-W49,1
DR0379,2024-W52,1
DR0379,2025-W03,1
DR0379,2025-W09,1
DR0379,2025-W12,1
DR0379,2025-W13,1
DR0379,2025-W14,3
DR0379,2025-W15,1
DR0379,2025-W17,1
DR0379,2025-W19,1
DR0379,2025-W27,1
DR0379,2025-W31,1
DR0379,2025-W32,1
DR0379,2025-W34,1
DR0379,2025-W36,1
DR0379,2025-W37,1
DR0379,2025-W39,1
DR0379,2025-W42,1
DR0379,2025-W44,1
DR0379,2025-W51,1
DR0379,2026-W04,2
DR0379,2026-W06,1
DR0379,2026-W11,1
DR0379,2026-W14,1
DR0379,2026-W18,1
DR0379,2026-W21,2
DR0379,2026-W27,1
DR0379,2026-W35,1
DR0379,2026-W37,1
DR0379,2026-W38,1
DR0380,2024-W01,1
DR0380,2024-W02,4
DR0380,2024-W03,2
DR0380,2024-W04,2
DR0380,2024-W05,1
DR0380,2024-W06,1
DR0380,2024-W07,4
DR0380,2024-W08,1
DR0380,2024-W09,3
DR0380,2024-W10,1
DR0380,2024-W11,1
DR0380,2024-W12,1
DR0380,2024-W13,1
DR0380,2024-W14,1
DR0380,2024-W15,4
DR0380,2024-W17,1
DR0380,2024-W18,3
DR0380,2024-W19,2
DR0380,2024-W20,2
DR0380,2024-W21,5
DR0380,2024-W22,3
DR0380,2024-W23,1
DR0380,2024-W24,1
DR0380,2024-W25,1
DR0380,2024-W28,1
DR0380,2024-W29,3
DR0380,2024-W30,1
DR0380,2024-W32,1
DR0380,2024-W33,1
DR0380,2024-W34,2
DR0380,2024-W35,3
DR0380,2024-W37,3
DR0380,2024-W39,2
DR0380,2024-W40,3
DR0380,2024-W41,3
DR0380,2024-W42,2
DR0380,2024-W44,2
DR0380,2024-W46,1
DR0380,2024-W47,3
DR0380,2024-W48,2
DR0380,2024-W49,3
DR0380,2024-W50,2
DR0380,2024-W51,2
DR0380,2024-W52,2
DR0380,2024-W53,1
DR0380,2025-W00,5
DR0380,2025-W01,2
DR0380,2025-W02,3
DR0380,2025-W03,2
DR0380,2025-W04,2
DR0380,2025-W05,4
DR0380,2025-W06,1
DR0380,2025-W07,2
DR0380,2025-W08,2
DR0380,2025-W10,2
DR0380,2025-W12,1
DR0380,2025-W13,2
DR0380,2025-W14,4
DR0380,2025-W15,2
DR0380,2025-W16,3
DR0380,2025-W17,3
DR0380,2025-W18,1
DR0380,2025-W19,2
DR0380,2025-W20,4
DR0380,2025-W21,3
DR0380,2025-W22,2
DR0380,2025-W23,3
DR0380,2025-W25,3
DR0380,2025-W26,1
DR0380,2025-W27,1
DR0380,2025-W28,3
DR0380,2025-W29,1
DR0380,2025-W30,3
DR0380,2025-W31,2
DR0380,2025-W34,2
DR0380,2025-W35,2
DR0380,2025-W36,1
DR0380,2025-W37,2
DR0380,2025-W39,4
DR0380,2025-W40,2
DR0380,2025-W41,2
DR0380,2025-W42,1
DR0380,2025-W43,3
DR0380,2025-W44,2
DR0380,2025-W45,2
DR0380,2025-W46,1
DR0380,2025-W47,3
DR0380,2025-W48,2
DR0380,2025-W49,2
DR0380,2025-W51,3
DR0380,2026-W00,1
DR0380,2026-W01,3
DR0380,2026-W02,4
DR0380,2026-W03,2
DR0380,2026-W04,1
DR0380,2026-W06,3
DR0380,2026-W07,1
DR0380,2026-W08,3
DR0380,2026-W09,2
DR0380,2026-W11,2
DR0380,2026-W12,1
DR0380,2026-W13,3
DR0380,2026-W15,2
DR0380,2026-W16,1
DR0380,2026-W17,1
DR0380,2026-W18,3
DR0380,2026-W19,1
DR0380,2026-W20,2
DR0380,2026-W22,1
DR0380,2026-W23,1
DR0380,2026-W24,1
DR0380,2026-W25,5
DR0380,2026-W26,1
DR0380,2026-W28,3
DR0380,2026-W29,4
DR0380,2026-W30,2
DR0380,2026-W31,2
DR0380,2026-W32,1
DR0380,2026-W33,2
DR0380,2026-W34,3
DR0380,2026-W36,3
DR0380,2026-W37,2
DR0380,2026-W39,1
DR0381,2024-W01,2
DR0381,2024-W02,3
DR0381,2024-W03,1
DR0381,2024-W04,2
DR0381,2024-W05,2
DR0381,2024-W06,3
DR0381,2024-W07,4
DR0381,2024-W09,2
DR0381,2024-W10,3
DR0381,2024-W11,3
DR0381,2024-W13,5
DR0381,2024-W14,2
DR0381,2024-W15,2
DR0381,2024-W19,1
DR0381,2024-W20,2
DR0381,2024-W21,1
DR0381,2024-W22,1
DR0381,2024-W23,2
DR0381,2024-W24,2
DR0381,2024-W26,1
DR0381,2024-W27,3
DR0381,2024-W28,2
DR0381,2024-W29,3
DR0381,2024-W32,3
DR0381,2024-W33,1
DR0381,2024-W34,2
DR0381,2024-W37,3
DR0381,2024-W38,1
DR0381,2024-W39,1
DR0381,2024-W40,3
DR0381,2024-W41,2
DR0381,2024-W42,1
DR0381,2024-W43,1
DR0381,2024-W44,1
DR0381,2024-W46,2
DR0381,2024-W47,2
DR0381,2024-W49,1
DR0381,2024-W51,4
DR0381,2024-W52,3
DR0381,2025-W00,1
DR0381,2025-W01,3
DR0381,2025-W02,3
DR0381,2025-W03,1
DR0381,2025-W04,2
DR0381,2025-W05,5
DR0381,2025-W07,2
DR0381,2025-W08,1
DR0381,2025-W09,1
DR0381,2025-W12,3
DR0381,2025-W13,1
DR0381,2025-W14,2
DR0381,2025-W15,1
DR0381,2025-W16,2
DR0381,2025-W17,2
DR0381,2025-W18,1
DR0381,2025-W19,1
DR0381,2025-W20,2
DR0381,2025-W21,1
DR0381,2025-W22,3
DR0381,2025-W23,1
DR0381,2025-W27,1
DR0381,2025-W28,3
DR0381,2025-W30,1
DR0381,2025-W31,4
DR0381,2025-W32,1
DR0381,2025-W33,1
DR0381,2025-W35,4
DR0381,2025-W36,1
DR0381,2025-W37,2
DR0381,2025-W38,1
DR0381,2025-W39,1
DR0381,2025-W40,1
DR0381,2025-W41,2
DR0381,2025-W42,4
DR0381,2025-W43,1
DR0381,2025-W44,1
DR0381,2025-W47,2
DR0381,2025-W48,1
DR0381,2025-W49,1
DR0381,2025-W50,1
DR0381,2026-W01,3
DR0381,2026-W02,2
DR0381,2026-W03,1
DR0381,2026-W04,3
DR0381,2026-W05,3
DR0381,2026-W06,1
DR0381,2026-W07,2
DR0381,2026-W09,1
DR0381,2026-W10,1
DR0381,2026-W12,1
DR0381,2026-W13,2
DR0381,2026-W14,2
DR0381,2026-W15,1
DR0381,2026-W16,1
DR0381,2026-W17,1
DR0381,2026-W18,1
DR0381,2026-W19,4
DR0381,2026-W20,1
DR0381,2026-W21,2
DR0381,2026-W22,1
DR0381,2026-W23,1
DR0381,2026-W24,4
DR0381,2026-W25,2
DR0381,2026-W26,2
DR0381,2026-W29,3
DR0381,2026-W31,5
DR0381,2026-W33,2
DR0381,2026-W34,1
DR0381,2026-W35,1
DR0381,2026-W36,1
DR0381,2026-W37,3
DR0381,2026-W38,3
DR0382,2024-W01,3
DR0382,2024-W02,3
DR0382,2024-W03,2
DR0382,2024-W05,2
DR0382,2024-W06,4
DR0382,2024-W07,6
DR0382,2024-W08,2
DR0382,2024-W09,2
DR0382,2024-W10,2
DR0382,2024-W11,5
DR0382,2024-W13,2
DR0382,2024-W14,1
DR0382,2024-W15,1
DR0382,2024-W16,6
DR0382,2024-W17,5
DR0382,2024-W18,2
DR0382,2024-W19,2
DR0382,2024-W20,3
DR0382,2024-W21,5
DR0382,2024-W22,3
DR0382,2024-W23,3
DR0382,2024-W24,2
DR0382,2024-W25,1
DR0382,2024-W26,3
DR0382,2024-W27,2
DR0382,2024-W29,3
DR0382,2024-W30,3
DR0382,2024-W31,4
DR0382,2024-W32,2
DR0382,2024-W33,6
DR0382,2024-W34,3
DR0382,2024-W35,3
DR0382,2024-W36,2
DR0382,2024-W37,1
DR0382,2024-W38,2
DR0382,2024-W39,3
DR0382,2024-W40,3
DR0382,2024-W41,7
DR0382,2024-W42,6
DR0382,2024-W43,7
DR0382,2024-W44,5
DR0382,2024-W45,2
DR0382,2024-W46,4
DR0382,2024-W47,3
DR0382,2024-W49,1
DR0382,2024-W50,4
DR0382,2024-W51,5
DR0382,2024-W52,2
DR0382,2025-W00,1
DR0382,2025-W01,2
DR0382,2025-W02,1
DR0382,2025-W03,3
DR0382,2025-W05,4
DR0382,2025-W06,3
DR0382,2025-W07,3
DR0382,2025-W08,4
DR0382,2025-W09,4
DR0382,2025-W10,2
DR0382,2025-W12,1
DR0382,2025-W13,3
DR0382,2025-W14,2
DR0382,2025-W15,4
DR0382,2025-W16,4
DR0382,2025-W17,5
DR0382,2025-W18,1
DR0382,2025-W19,2
DR0382,2025-W20,4
DR0382,2025-W21,3
DR0382,2025-W22,2
DR0382,2025-W23,2
DR0382,2025-W24,2
DR0382,2025-W25,5
DR0382,2025-W27,3
DR0382,2025-W28,2
DR0382,2025-W29,4
DR0382,2025-W30,3
DR0382,2025-W31,3
DR0382,2025-W32,1
DR0382,2025-W33,2
DR0382,2025-W34,4
DR0382,2025-W35,2
DR0382,2025-W36,1
DR0382,2025-W37,3
DR0382,2025-W38,6
DR0382,2025-W39,2
DR0382,2025-W40,2
DR0382,2025-W41,1
DR0382,2025-W42,5
DR0382,2025-W43,2
DR0382,2025-W44,2
DR0382,2025-W45,3
DR0382,2025-W46,5
DR0382,2025-W47,5
DR0382,2025-W48,5
DR0382,2025-W49,3
DR0382,2025-W50,5
DR0382,2025-W51,1
DR0382,2026-W00,3
DR0382,2026-W01,3
DR0382,2026-W02,6
DR0382,2026-W03,5
DR0382,2026-W04,3
DR0382,2026-W05,2
DR0382,2026-W06,9
DR0382,2026-W07,1
DR0382,2026-W08,2
DR0382,2026-W09,3
DR0382,2026-W10,4
DR0382,2026-W11,2
DR0382,2026-W12,3
DR0382,2026-W13,2
DR0382,2026-W14,3
DR0382,2026-W15,2
DR0382,2026-W16,2
DR0382,2026-W17,3
DR0382,2026-W21,6
DR0382,2026-W22,2
DR0382,2026-W23,1
DR0382,2026-W24,5
DR0382,2026-W25,5
DR0382,2026-W26,2
DR0382,2026-W27,1
DR0382,2026-W28,3
DR0382,2026-W29,1
DR0382,2026-W30,2
DR0382,2026-W31,2
DR0382,2026-W32,1
DR0382,2026-W33,6
DR0382,2026-W34,5
DR0382,2026-W35,4
DR0382,2026-W36,1
DR0382,2026-W37,4
DR0383,2024-W09,1
DR0383,2024-W10,1
DR0383,2024-W11,1
DR0383,2024-W14,1
DR0383,2024-W15,2
DR0383,2024-W17,1
DR0383,2024-W18,2
DR0383,2024-W19,2
DR0383,2024-W21,1
DR0383,2024-W23,2
DR0383,2024-W24,1
DR0383,2024-W25,1
DR0383,2024-W26,1
DR0383,2024-W29,1
DR0383,2024-W31,1
DR0383,2024-W33,1
DR0383,2024-W35,1
DR0383,2024-W36,2
DR0383,2024-W38,1
DR0383,2024-W45,2
DR0383,2024-W46,1
DR0383,2024-W51,1
DR0383,2025-W01,1
DR0383,2025-W02,1
DR0383,2025-W05,1
DR0383,2025-W06,1
DR0383,2025-W07,1
DR0383,2025-W09,1
DR0383,2025-W10,1
DR0383,2025-W12,1
DR0383,2025-W15,4
DR0383,2025-W16,2
DR0383,2025-W20,2
DR0383,2025-W23,1
DR0383,2025-W27,1
DR0383,2025-W32,1
DR0383,2025-W33,1
DR0383,2025-W34,1
DR0383,2025-W37,1
DR0383,2025-W38,1
DR0383,2025-W40,1
DR0383,2025-W42,2
DR0383,2025-W44,1
DR0383,2025-W45,1
DR0383,2025-W46,1
DR0383,2025-W47,1
DR0383,2025-W48,1
DR0383,2025-W49,1
DR0383,2025-W50,3
DR0383,2026-W03,1
DR0383,2026-W04,2
DR0383,2026-W08,1
DR0383,2026-W11,1
DR0383,2026-W13,1
DR0383,2026-W15,1
DR0383,2026-W17,1
DR0383,2026-W18,1
DR0383,2026-W19,2
DR0383,2026-W27,1
DR0383,2026-W32,1
DR0383,2026-W35,1
DR0384,2024-W07,1
DR0384,2024-W36,1
DR0384,2024-W41,1
DR0384,2024-W42,1
DR0384,2024-W43,1
DR0384,2024-W45,1
DR0384,2024-W51,1
DR0384,2025-W00,1
DR0384,2025-W04,1
DR0384,2025-W12,1
DR0384,2025-W15,1
DR0384,2025-W21,1
DR0384,2025-W22,1
DR0384,2025-W23,1
DR0384,2025-W29,1
DR0384,2025-W34,1
DR0384,2025-W40,1
DR0384,2025-W43,1
DR0384,2025-W45,1
DR0384,2025-W47,1
DR0384,2026-W07,1
DR0384,2026-W14,1
DR0384,2026-W15,1
DR0384,2026-W17,1
DR0384,2026-W22,1
DR0384,2026-W24,1
DR0384,2026-W28,1
DR0384,2026-W32,1
DR0384,2026-W38,2
DR0385,2024-W01,3
DR0385,2024-W04,1
DR0385,2024-W06,1
DR0385,2024-W08,1
DR0385,2024-W09,1
DR0385,2024-W13,2
DR0385,2024-W14,2
DR0385,2024-W17,1
DR0385,2024-W18,1
DR0385,2024-W19,1
DR0385,2024-W20,1
DR0385,2024-W21,1
DR0385,2024-W23,1
DR0385,2024-W25,1
DR0385,2024-W26,1
DR0385,2024-W27,1
DR0385,2024-W29,1
DR0385,2024-W31,1
DR0385,2024-W34,1
DR0385,2024-W37,1
DR0385,2024-W38,1
DR0385,2024-W39,2
DR0385,2024-W41,1
DR0385,2024-W42,1
DR0385,2024-W45,1
DR0385,2024-W47,1
DR0385,2024-W48,1
DR0385,2024-W52,1
DR0385,2025-W01,1
DR0385,2025-W04,1
DR0385,2025-W06,1
DR0385,2025-W10,1
DR0385,2025-W16,1
DR0385,2025-W20,1
DR0385,2025-W22,1
DR0385,2025-W23,1
DR0385,2025-W26,1
DR0385,2025-W27,2
DR0385,2025-W30,1
DR0385,2025-W34,1
DR0385,2025-W35,2
DR0385,2025-W36,1
DR0385,2025-W37,1
DR0385,2025-W43,2
DR0385,2025-W44,1
DR0385,2025-W46,2
DR0385,2025-W50,2
DR0385,2025-W51,1
DR0385,2026-W00,1
DR0385,2026-W01,2
DR0385,2026-W03,1
DR0385,2026-W10,1
DR0385,2026-W12,2
DR0385,2026-W13,1
DR0385,2026-W18,2
DR0385,2026-W19,2
DR0385,2026-W20,1
DR0385,2026-W21,1
DR0385,2026-W25,1
DR0385,2026-W32,1
DR0385,2026-W34,1
DR0385,2026-W35,1
DR0385,2026-W37,1
DR0385,2026-W38,2
DR0386,2024-W01,12
DR0386,2024-W02,12
DR0386,2024-W03,17
DR0386,2024-W04,15
DR0386,2024-W05,17
DR0386,2024-W06,12
DR0386,2024-W07,12
DR0386,2024-W08,10
DR0386,2024-W09,14
DR0386,2024-W10,17
DR0386,2024-W11,14
DR0386,2024-W12,14
DR0386,2024-W13,15
DR0386,2024-W14,15
DR0386,2024-W15,10
DR0386,2024-W16,15
DR0386,2024-W17,16
DR0386,2024-W18,9
DR0386,2024-W19,17
DR0386,2024-W20,5
DR0386,2024-W21,12
DR0386,2024-W22,9
DR0386,2024-W23,15
DR0386,2024-W24,17
DR0386,2024-W25,19
DR0386,2024-W26,14
DR0386,2024-W27,9
DR0386,2024-W28,15
DR0386,2024-W29,6
DR0386,2024-W30,16
DR0386,2024-W31,12
DR0386,2024-W32,16
DR0386,2024-W33,9
DR0386,2024-W34,12
DR0386,2024-W35,14
DR0386,2024-W36,3
DR0386,2024-W37,11
DR0386,2024-W38,9
DR0386,2024-W39,15
DR0386,2024-W40,15
DR0386,2024-W41,14
DR0386,2024-W42,9
DR0386,2024-W43,12
DR0386,2024-W44,11
DR0386,2024-W45,16
DR0386,2024-W46,14
DR0386,2024-W47,12
DR0386,2024-W48,19
DR0386,2024-W49,19
DR0386,2024-W50,11
DR0386,2024-W51,18
DR0386,2024-W52,12
DR0386,2024-W53,8
DR0386,2025-W00,12
DR0386,2025-W01,11
DR0386,2025-W02,13
DR0386,2025-W03,10
DR0386,2025-W04,16
DR0386,2025-W05,13
DR0386,2025-W06,17
DR0386,2025-W07,11
DR0386,2025-W08,18
DR0386,2025-W09,16
DR0386,2025-W10,11
DR0386,2025-W11,17
DR0386,2025-W12,16
DR0386,2025-W13,20
DR0386,2025-W14,10
DR0386,2025-W15,14
DR0386,2025-W16,14
DR0386,2025-W17,20
DR0386,2025-W18,9
DR0386,2025-W19,15
DR0386,2025-W20,13
DR0386,2025-W21,20
DR0386,2025-W22,10
DR0386,2025-W23,15
DR0386,2025-W24,12
DR0386,2025-W25,13
DR0386,2025-W26,9
DR0386,2025-W27,13
DR0386,2025-W28,13
DR0386,2025-W29,8
DR0386,2025-W30,12
DR0386,2025-W31,12
DR0386,2025-W32,13
DR0386,2025-W33,11
DR0386,2025-W34,11
DR0386,2025-W35,12
DR0386,2025-W36,12
DR0386,2025-W37,14
DR0386,2025-W38,12
DR0386,2025-W39,11
DR0386,2025-W40,16
DR0386,2025-W41,20
DR0386,2025-W42,12
DR0386,2025-W43,15
DR0386,2025-W44,13
DR0386,2025-W45,12
DR0386,2025-W46,15
DR0386,2025-W47,18
DR0386,2025-W48,14
DR0386,2025-W49,12
DR0386,2025-W50,14
DR0386,2025-W51,19
DR0386,2025-W52,3
DR0386,2026-W00,4
DR0386,2026-W01,19
DR0386,2026-W02,12
DR0386,2026-W03,17
DR0386,2026-W04,11
DR0386,2026-W05,13
DR0386,2026-W06,19
DR0386,2026-W07,18
DR0386,2026-W08,10
DR0386,2026-W09,11
DR0386,2026-W10,16
DR0386,2026-W11,12
DR0386,2026-W12,16
DR0386,2026-W13,11
DR0386,2026-W14,10
DR0386,2026-W15,16
DR0386,2026-W16,11
DR0386,2026-W17,12
DR0386,2026-W18,13
DR0386,2026-W19,12
DR0386,2026-W20,9
DR0386,2026-W21,14
DR0386,2026-W22,10
DR0386,2026-W23,13
DR0386,2026-W24,12
DR0386,2026-W25,13
DR0386,2026-W26,10
DR0386,2026-W27,19
DR0386,2026-W28,14
DR0386,2026-W29,16
DR0386,2026-W30,13
DR0386,2026-W31,13
DR0386,2026-W32,14
DR0386,2026-W33,15
DR0386,2026-W34,14
DR0386,2026-W35,9
DR0386,2026-W36,14
DR0386,2026-W37,16
DR0386,2026-W38,15
DR0386,2026-W39,2
DR0387,2024-W03,1
DR0387,2024-W06,2
DR0387,2024-W07,1
DR0387,2024-W09,1
DR0387,2024-W10,1
DR0387,2024-W11,1
DR0387,2024-W19,2
DR0387,2024-W20,3
DR0387,2024-W22,1
DR0387,2024-W26,1
DR0387,2024-W33,2
DR0387,2024-W34,2
DR0387,2024-W37,2
DR0387,2024-W40,1
DR0387,2024-W41,2
DR0387,2024-W48,1
DR0387,2024-W49,2
DR0387,2024-W51,1
DR0387,2025-W02,1
DR0387,2025-W03,1
DR0387,2025-W06,1
DR0387,2025-W08,1
DR0387,2025-W10,1
DR0387,2025-W11,1
DR0387,2025-W14,1
DR0387,2025-W17,1
DR0387,2025-W18,3
DR0387,2025-W20,1
DR0387,2025-W21,1
DR0387,2025-W25,1
DR0387,2025-W26,2
DR0387,2025-W28,1
DR0387,2025-W29,2
DR0387,2025-W34,1
DR0387,2025-W35,1
DR0387,2025-W36,1
DR0387,2025-W37,1
DR0387,2025-W44,2
DR0387,2025-W45,1
DR0387,2025-W46,1
DR0387,2025-W51,1
DR0387,2026-W01,1
DR0387,2026-W02,1
DR0387,2026-W03,1
DR0387,2026-W05,1
DR0387,2026-W10,1
DR0387,2026-W11,1
DR0387,2026-W12,1
DR0387,2026-W14,1
DR0387,2026-W23,1
DR0387,2026-W24,1
DR0387,2026-W25,1
DR0387,2026-W29,1
DR0387,2026-W31,1
DR0387,2026-W35,1
DR0388,2024-W03,1
DR0388,2024-W06,1
DR0388,2024-W08,1
DR0388,2024-W09,1
DR0388,2024-W13,1
DR0388,2024-W16,1
DR0388,2024-W18,3
DR0388,2024-W19,1
DR0388,2024-W22,1
DR0388,2024-W23,3
DR0388,2024-W25,3
DR0388,2024-W26,1
DR0388,2024-W27,1
DR0388,2024-W29,1
DR0388,2024-W30,1
DR0388,2024-W32,1
DR0388,2024-W33,1
DR0388,2024-W34,2
DR0388,2024-W35,3
DR0388,2024-W37,2
DR0388,2024-W40,2
DR0388,2024-W41,2
DR0388,2024-W43,1
DR0388,2024-W47,2
DR0388,2024-W49,1
DR0388,2024-W50,1
DR0388,2024-W52,1
DR0388,2024-W53,1
DR0388,2025-W04,1
DR0388,2025-W06,1
DR0388,2025-W07,3
DR0388,2025-W08,3
DR0388,2025-W09,1
DR0388,2025-W14,1
DR0388,2025-W16,1
DR0388,2025-W22,1
DR0388,2025-W23,1
DR0388,2025-W27,1
DR0388,2025-W28,4
DR0388,2025-W30,1
DR0388,2025-W31,1
DR0388,2025-W32,1
DR0388,2025-W33,1
DR0388,2025-W34,3
DR0388,2025-W35,1
DR0388,2025-W37,1
DR0388,2025-W38,1
DR0388,2025-W39,1
DR0388,2025-W42,1
DR0388,2025-W44,1
DR0388,2025-W46,1
DR0388,2026-W01,4
DR0388,2026-W05,2
DR0388,2026-W06,1
DR0388,2026-W07,1
DR0388,2026-W09,1
DR0388,2026-W10,1
DR0388,2026-W11,1
DR0388,2026-W12,1
DR0388,2026-W13,1
DR0388,2026-W18,1
DR0388,2026-W21,2
DR0388,2026-W23,1
DR0388,2026-W24,1
DR0388,2026-W25,1
DR0388,2026-W27,2
DR0388,2026-W35,1
DR0388,2026-W36,1
DR0388,2026-W37,2
DR0389,2024-W02,1
DR0389,2024-W04,1
DR0389,2024-W05,3
DR0389,2024-W06,1
DR0389,2024-W07,1
DR0389,2024-W09,2
DR0389,2024-W11,3
DR0389,2024-W12,1
DR0389,2024-W16,2
DR0389,2024-W18,1
DR0389,2024-W19,1
DR0389,2024-W21,2
DR0389,2024-W22,1
DR0389,2024-W23,1
DR0389,2024-W25,1
DR0389,2024-W30,2
DR0389,2024-W31,2
DR0389,2024-W32,1
DR0389,2024-W35,1
DR0389,2024-W36,2
DR0389,2024-W38,3
DR0389,2024-W40,1
DR0389,2024-W49,1
DR0389,2024-W50,1
DR0389,2025-W00,1
DR0389,2025-W01,2
DR0389,2025-W03,1
DR0389,2025-W06,1
DR0389,2025-W07,2
DR0389,2025-W09,1
DR0389,2025-W10,1
DR0389,2025-W15,1
DR0389,2025-W16,1
DR0389,2025-W17,1
DR0389,2025-W19,2
DR0389,2025-W20,2
DR0389,2025-W21,1
DR0389,2025-W24,1
DR0389,2025-W26,1
DR0389,2025-W27,1
DR0389,2025-W28,1
DR0389,2025-W30,1
DR0389,2025-W32,2
DR0389,2025-W34,1
DR0389,2025-W36,4
DR0389,2025-W38,1
DR0389,2025-W40,1
DR0389,2025-W41,1
DR0389,2025-W42,1
DR0389,2025-W43,1
DR0389,2025-W44,1
DR0389,2025-W46,2
DR0389,2025-W47,1
DR0389,2025-W48,1
DR0389,2025-W51,1
DR0389,2025-W52,1
DR0389,2026-W01,2
DR0389,2026-W06,1
DR0389,2026-W08,1
DR0389,2026-W09,1
DR0389,2026-W10,1
DR0389,2026-W14,1
DR0389,2026-W16,2
DR0389,2026-W20,1
DR0389,2026-W21,2
DR0389,2026-W22,3
DR0389,2026-W23,1
DR0389,2026-W24,1
DR0389,2026-W26,1
DR0389,2026-W27,2
DR0389,2026-W29,1
DR0389,2026-W32,1
DR0389,2026-W33,1
DR0389,2026-W37,2
DR0389,2026-W38,1
DR0389,2026-W39,1
DR0390,2024-W04,1
DR0390,2024-W08,1
DR0390,2024-W11,1
DR0390,2024-W12,1
DR0390,2024-W19,1
DR0390,2024-W20,1
DR0390,2024-W23,1
DR0390,2024-W28,1
DR0390,2024-W31,1
DR0390,2024-W34,1
DR0390,2024-W35,1
DR0390,2024-W37,1
DR0390,2024-W40,1
DR0390,2024-W41,1
DR0390,2024-W43,2
DR0390,2024-W44,1
DR0390,2024-W47,2
DR0390,2024-W48,1
DR0390,2024-W49,3
DR0390,2024-W50,2
DR0390,2025-W00,1
DR0390,2025-W01,2
DR0390,2025-W03,1
DR0390,2025-W04,1
DR0390,2025-W06,1
DR0390,2025-W12,1
DR0390,2025-W13,2
DR0390,2025-W14,2
DR0390,2025-W18,1
DR0390,2025-W20,1
DR0390,2025-W21,1
DR0390,2025-W22,1
DR0390,2025-W27,1
DR0390,2025-W29,1
DR0390,2025-W32,2
DR0390,2025-W35,2
DR0390,2025-W37,1
DR0390,2025-W43,1
DR0390,2025-W45,1
DR0390,2025-W47,1
DR0390,2025-W49,1
DR0390,2026-W01,1
DR0390,2026-W02,1
DR0390,2026-W05,2
DR0390,2026-W07,3
DR0390,2026-W08,1
DR0390,2026-W09,1
DR0390,2026-W10,1
DR0390,2026-W11,1
DR0390,2026-W13,1
DR0390,2026-W15,2
DR0390,2026-W21,1
DR0390,2026-W22,1
DR0390,2026-W25,1
DR0390,2026-W27,1
DR0390,2026-W28,1
DR0390,2026-W31,2
DR0390,2026-W34,1
DR0390,2026-W35,2
DR0390,2026-W37,1
DR0390,2026-W38,1
DR0391,2024-W01,2
DR0391,2024-W04,1
DR0391,2024-W05,1
DR0391,2024-W07,1
DR0391,2024-W09,1
DR0391,2024-W14,1
DR0391,2024-W17,1
DR0391,2024-W21,2
DR0391,2024-W23,1
DR0391,2024-W28,1
DR0391,2024-W33,2
DR0391,2024-W34,2
DR0391,2024-W41,1
DR0391,2024-W42,1
DR0391,2024-W43,1
DR0391,2024-W48,1
DR0391,2024-W51,1
DR0391,2024-W53,2
DR0391,2025-W01,1
DR0391,2025-W03,1
DR0391,2025-W04,1
DR0391,2025-W07,2
DR0391,2025-W08,2
DR0391,2025-W09,1
DR0391,2025-W11,1
DR0391,2025-W14,1
DR0391,2025-W16,2
DR0391,2025-W17,1
DR0391,2025-W18,2
DR0391,2025-W20,1
DR0391,2025-W22,1
DR0391,2025-W23,2
DR0391,2025-W25,2
DR0391,2025-W27,1
DR0391,2025-W28,1
DR0391,2025-W29,1
DR0391,2025-W30,1
DR0391,2025-W31,1
DR0391,2025-W32,1
DR0391,2025-W34,2
DR0391,2025-W36,1
DR0391,2025-W37,1
DR0391,2025-W39,2
DR0391,2025-W40,1
DR0391,2025-W43,1
DR0391,2025-W46,1
DR0391,2025-W48,1
DR0391,2025-W50,1
DR0391,2025-W51,2
DR0391,2026-W00,1
DR0391,2026-W03,2
DR0391,2026-W04,1
DR0391,2026-W06,1
DR0391,2026-W10,1
DR0391,2026-W13,3
DR0391,2026-W14,1
DR0391,2026-W16,1
DR0391,2026-W21,1
DR0391,2026-W27,1
DR0391,2026-W35,1
DR0391,2026-W36,2
DR0391,2026-W37,1
DR0392,2024-W02,1
DR0392,2024-W05,2
DR0392,2024-W06,2
DR0392,2024-W09,1
DR0392,2024-W10,2
DR0392,2024-W11,2
DR0392,2024-W17,1
DR0392,2024-W18,1
DR0392,2024-W19,1
DR0392,2024-W25,2
DR0392,2024-W27,2
DR0392,2024-W28,2
DR0392,2024-W31,1
DR0392,2024-W33,1
DR0392,2024-W36,1
DR0392,2024-W40,1
DR0392,2024-W41,2
DR0392,2024-W47,3
DR0392,2024-W48,1
DR0392,2024-W49,2
DR0392,2024-W50,1
DR0392,2024-W53,1
DR0392,2025-W00,1
DR0392,2025-W02,2
DR0392,2025-W03,1
DR0392,2025-W06,1
DR0392,2025-W07,1
DR0392,2025-W08,2
DR0392,2025-W09,1
DR0392,2025-W17,2
DR0392,2025-W18,1
DR0392,2025-W20,1
DR0392,2025-W21,1
DR0392,2025-W22,1
DR0392,2025-W28,1
DR0392,2025-W29,1
DR0392,2025-W31,1
DR0392,2025-W33,3
DR0392,2025-W38,1
DR0392,2025-W39,1
DR0392,2025-W40,2
DR0392,2025-W47,1
DR0392,2025-W49,1
DR0392,2025-W51,1
DR0392,2025-W52,1
DR0392,2026-W04,1
DR0392,2026-W07,1
DR0392,2026-W09,1
DR0392,2026-W14,1
DR0392,2026-W15,1
DR0392,2026-W17,1
DR0392,2026-W18,1
DR0392,2026-W19,1
DR0392,2026-W25,2
DR0392,2026-W26,1
DR0392,2026-W29,1
DR0392,2026-W30,1
DR0392,2026-W31,1
DR0392,2026-W34,1
DR0392,2026-W37,1
DR0392,2026-W38,1
DR0393,2024-W02,2
DR0393,2024-W04,1
DR0393,2024-W05,3
DR0393,2024-W06,2
DR0393,2024-W07,4
DR0393,2024-W08,3
DR0393,2024-W10,3
DR0393,2024-W11,1
DR0393,2024-W12,2
DR0393,2024-W15,1
DR0393,2024-W16,2
DR0393,2024-W17,3
DR0393,2024-W18,3
DR0393,2024-W19,3
DR0393,2024-W20,2
DR0393,2024-W21,2
DR0393,2024-W22,2
DR0393,2024-W23,2
DR0393,2024-W24,2
DR0393,2024-W25,2
DR0393,2024-W26,1
DR0393,2024-W29,2
DR0393,2024-W30,1
DR0393,2024-W32,6
DR0393,2024-W33,2
DR0393,2024-W34,2
DR0393,2024-W35,1
DR0393,2024-W37,1
DR0393,2024-W38,1
DR0393,2024-W39,1
DR0393,2024-W40,2
DR0393,2024-W41,2
DR0393,2024-W43,3
DR0393,2024-W44,1
DR0393,2024-W45,2
DR0393,2024-W46,3
DR0393,2024-W47,3
DR0393,2024-W48,3
DR0393,2024-W49,5
DR0393,2024-W50,2
DR0393,2024-W51,1
DR0393,2024-W53,1
DR0393,2025-W01,4
DR0393,2025-W02,1
DR0393,2025-W03,3
DR0393,2025-W06,2
DR0393,2025-W08,3
DR0393,2025-W09,2
DR0393,2025-W10,1
DR0393,2025-W11,1
DR0393,2025-W12,3
DR0393,2025-W15,1
DR0393,2025-W16,1
DR0393,2025-W17,4
DR0393,2025-W18,1
DR0393,2025-W19,1
DR0393,2025-W20,2
DR0393,2025-W21,2
DR0393,2025-W22,2
DR0393,2025-W23,1
DR0393,2025-W24,2
DR0393,2025-W25,1
DR0393,2025-W27,1
DR0393,2025-W28,1
DR0393,2025-W29,5
DR0393,2025-W30,1
DR0393,2025-W31,4
DR0393,2025-W32,2
DR0393,2025-W34,6
DR0393,2025-W36,4
DR0393,2025-W37,2
DR0393,2025-W38,1
DR0393,2025-W39,2
DR0393,2025-W40,3
DR0393,2025-W42,2
DR0393,2025-W43,2
DR0393,2025-W44,1
DR0393,2025-W45,2
DR0393,2025-W46,1
DR0393,2025-W47,1
DR0393,2025-W48,1
DR0393,2025-W49,3
DR0393,2025-W50,2
DR0393,2025-W51,2
DR0393,2026-W00,2
DR0393,2026-W01,3
DR0393,2026-W02,3
DR0393,2026-W03,2
DR0393,2026-W04,1
DR0393,2026-W05,2
DR0393,2026-W06,2
DR0393,2026-W07,1
DR0393,2026-W08,4
DR0393,2026-W09,2
DR0393,2026-W11,4
DR0393,2026-W12,1
DR0393,2026-W13,1
DR0393,2026-W14,1
DR0393,2026-W15,1
DR0393,2026-W17,2
DR0393,2026-W18,5
DR0393,2026-W20,1
DR0393,2026-W21,1
DR0393,2026-W22,1
DR0393,2026-W23,1
DR0393,2026-W24,1
DR0393,2026-W25,3
DR0393,2026-W26,1
DR0393,2026-W27,4
DR0393,2026-W28,4
DR0393,2026-W30,2
DR0393,2026-W31,1
DR0393,2026-W34,4
DR0393,2026-W35,2
DR0393,2026-W36,1
DR0393,2026-W37,3
DR0393,2026-W38,2
DR0393,2026-W39,1
DR0394,2024-W04,1
DR0394,2024-W06,1
DR0394,2024-W14,1
DR0394,2024-W16,1
DR0394,2024-W18,1
DR0394,2024-W19,1
DR0394,2024-W21,1
DR0394,2024-W22,1
DR0394,2024-W29,2
DR0394,2024-W31,1
DR0394,2024-W32,1
DR0394,2024-W33,1
DR0394,2024-W37,6
DR0394,2024-W38,1
DR0394,2024-W42,1
DR0394,2024-W44,3
DR0394,2024-W45,1
DR0394,2024-W46,1
DR0394,2025-W01,1
DR0394,2025-W02,2
DR0394,2025-W04,2
DR0394,2025-W07,1
DR0394,2025-W09,2
DR0394,2025-W10,1
DR0394,2025-W13,2
DR0394,2025-W15,1
DR0394,2025-W17,3
DR0394,2025-W18,1
DR0394,2025-W20,1
DR0394,2025-W21,1
DR0394,2025-W24,1
DR0394,2025-W25,2
DR0394,2025-W26,1
DR0394,2025-W29,1
DR0394,2025-W31,1
DR0394,2025-W32,1
DR0394,2025-W33,1
DR0394,2025-W34,1
DR0394,2025-W35,1
DR0394,2025-W36,2
DR0394,2025-W38,2
DR0394,2025-W39,2
DR0394,2025-W46,1
DR0394,2025-W47,1
DR0394,2025-W49,1
DR0394,2025-W51,1
DR0394,2026-W01,1
DR0394,2026-W04,1
DR0394,2026-W05,2
DR0394,2026-W07,1
DR0394,2026-W09,2
DR0394,2026-W15,1
DR0394,2026-W16,1
DR0394,2026-W21,1
DR0394,2026-W22,1
DR0394,2026-W23,1
DR0394,2026-W25,1
DR0394,2026-W27,1
DR0394,2026-W28,1
DR0394,2026-W35,1
DR0394,2026-W36,1
DR0394,2026-W37,1
DR0394,2026-W38,1
DR0395,2024-W01,1
DR0395,2024-W02,1
DR0395,2024-W04,2
DR0395,2024-W05,1
DR0395,2024-W06,3
DR0395,2024-W07,1
DR0395,2024-W08,1
DR0395,2024-W13,3
DR0395,2024-W15,1
DR0395,2024-W16,2
DR0395,2024-W21,2
DR0395,2024-W22,1
DR0395,2024-W24,1
DR0395,2024-W25,1
DR0395,2024-W26,1
DR0395,2024-W27,2
DR0395,2024-W29,1
DR0395,2024-W30,2
DR0395,2024-W32,1
DR0395,2024-W33,1
DR0395,2024-W35,2
DR0395,2024-W37,2
DR0395,2024-W40,1
DR0395,2024-W41,1
DR0395,2024-W43,3
DR0395,2024-W45,1
DR0395,2024-W46,2
DR0395,2024-W47,1
DR0395,2024-W48,2
DR0395,2024-W50,1
DR0395,2024-W51,4
DR0395,2024-W52,1
DR0395,2024-W53,1
DR0395,2025-W01,2
DR0395,2025-W02,1
DR0395,2025-W03,2
DR0395,2025-W04,1
DR0395,2025-W05,1
DR0395,2025-W06,2
DR0395,2025-W07,1
DR0395,2025-W08,1
DR0395,2025-W09,2
DR0395,2025-W10,1
DR0395,2025-W11,1
DR0395,2025-W13,1
DR0395,2025-W14,1
DR0395,2025-W17,1
DR0395,2025-W19,2
DR0395,2025-W20,1
DR0395,2025-W21,2
DR0395,2025-W22,1
DR0395,2025-W29,1
DR0395,2025-W31,2
DR0395,2025-W32,3
DR0395,2025-W33,1
DR0395,2025-W34,2
DR0395,2025-W35,1
DR0395,2025-W36,3
DR0395,2025-W38,4
DR0395,2025-W41,1
DR0395,2025-W42,1
DR0395,2025-W43,1
DR0395,2025-W44,1
DR0395,2025-W45,1
DR0395,2025-W46,2
DR0395,2025-W47,2
DR0395,2025-W49,1
DR0395,2025-W50,1
DR0395,2025-W51,2
DR0395,2026-W00,1
DR0395,2026-W01,1
DR0395,2026-W03,3
DR0395,2026-W05,1
DR0395,2026-W06,2
DR0395,2026-W08,1
DR0395,2026-W09,1
DR0395,2026-W10,1
DR0395,2026-W11,2
DR0395,2026-W16,1
DR0395,2026-W18,1
DR0395,2026-W19,1
DR0395,2026-W20,2
DR0395,2026-W23,3
DR0395,2026-W24,1
DR0395,2026-W25,1
DR0395,2026-W29,1
DR0395,2026-W30,4
DR0395,2026-W32,2
DR0395,2026-W33,3
DR0395,2026-W35,1
DR0395,2026-W37,1
DR0395,2026-W38,1
DR0396,2024-W05,1
DR0396,2024-W14,1
DR0396,2024-W15,1
DR0396,2024-W20,1
DR0396,2024-W22,1
DR0396,2024-W24,1
DR0396,2024-W28,1
DR0396,2024-W32,1
DR0396,2024-W33,1
DR0396,2024-W46,1
DR0396,2024-W47,1
DR0396,2025-W01,1
DR0396,2025-W07,2
DR0396,2025-W09,1
DR0396,2025-W10,1
DR0396,2025-W12,1
DR0396,2025-W17,1
DR0396,2025-W21,1
DR0396,2025-W27,1
DR0396,2025-W31,1
DR0396,2025-W32,1
DR0396,2025-W33,1
DR0396,2025-W38,1
DR0396,2025-W41,1
DR0396,2025-W46,1
DR0396,2025-W51,1
DR0396,2026-W01,1
DR0396,2026-W16,1
DR0396,2026-W18,1
DR0396,2026-W27,2
DR0396,2026-W28,1
DR0396,2026-W30,1
DR0396,2026-W31,1
DR0396,2026-W32,2
DR0396,2026-W33,1
DR0396,2026-W34,1
DR0397,2024-W01,3
DR0397,2024-W02,1
DR0397,2024-W03,3
DR0397,2024-W04,4
DR0397,2024-W05,6
DR0397,2024-W06,5
DR0397,2024-W07,5
DR0397,2024-W08,7
DR0397,2024-W09,4
DR0397,2024-W10,4
DR0397,2024-W11,5
DR0397,2024-W12,3
DR0397,2024-W13,5
DR0397,2024-W14,1
DR0397,2024-W15,6
DR0397,2024-W16,2
DR0397,2024-W17,5
DR0397,2024-W18,1
DR0397,2024-W19,2
DR0397,2024-W20,4
DR0397,2024-W21,2
DR0397,2024-W22,2
DR0397,2024-W23,5
DR0397,2024-W24,2
DR0397,2024-W25,2
DR0397,2024-W26,3
DR0397,2024-W27,6
DR0397,2024-W28,2
DR0397,2024-W29,1
DR0397,2024-W30,1
DR0397,2024-W31,1
DR0397,2024-W32,4
DR0397,2024-W33,4
DR0397,2024-W34,5
DR0397,2024-W35,6
DR0397,2024-W36,2
DR0397,2024-W37,2
DR0397,2024-W38,6
DR0397,2024-W39,3
DR0397,2024-W40,5
DR0397,2024-W41,4
DR0397,2024-W42,2
DR0397,2024-W43,3
DR0397,2024-W44,3
DR0397,2024-W45,4
DR0397,2024-W46,3
DR0397,2024-W47,6
DR0397,2024-W48,4
DR0397,2024-W49,4
DR0397,2024-W50,6
DR0397,2024-W51,4
DR0397,2024-W52,5
DR0397,2025-W00,6
DR0397,2025-W01,3
DR0397,2025-W02,3
DR0397,2025-W03,4
DR0397,2025-W04,4
DR0397,2025-W05,3
DR0397,2025-W06,5
DR0397,2025-W07,2
DR0397,2025-W08,6
DR0397,2025-W09,5
DR0397,2025-W10,2
DR0397,2025-W11,2
DR0397,2025-W12,5
DR0397,2025-W13,4
DR0397,2025-W15,1
DR0397,2025-W16,1
DR0397,2025-W17,5
DR0397,2025-W18,1
DR0397,2025-W19,4
DR0397,2025-W20,4
DR0397,2025-W21,5
DR0397,2025-W22,1
DR0397,2025-W23,2
DR0397,2025-W24,1
DR0397,2025-W25,3
DR0397,2025-W26,2
DR0397,2025-W27,5
DR0397,2025-W28,3
DR0397,2025-W29,5
DR0397,2025-W30,2
DR0397,2025-W31,3
DR0397,2025-W32,3
DR0397,2025-W33,5
DR0397,2025-W34,2
DR0397,2025-W36,2
DR0397,2025-W37,2
DR0397,2025-W38,3
DR0397,2025-W39,5
DR0397,2025-W40,1
DR0397,2025-W41,1
DR0397,2025-W42,5
DR0397,2025-W43,4
DR0397,2025-W44,5
DR0397,2025-W45,4
DR0397,2025-W46,1
DR0397,2025-W47,8
DR0397,2025-W48,2
DR0397,2025-W49,3
DR0397,2025-W50,5
DR0397,2025-W51,6
DR0397,2025-W52,2
DR0397,2026-W00,2
DR0397,2026-W01,2
DR0397,2026-W02,4
DR0397,2026-W03,5
DR0397,2026-W04,2
DR0397,2026-W05,5
DR0397,2026-W06,8
DR0397,2026-W07,3
DR0397,2026-W08,2
DR0397,2026-W09,9
DR0397,2026-W10,1
DR0397,2026-W11,1
DR0397,2026-W12,4
DR0397,2026-W13,2
DR0397,2026-W14,6
DR0397,2026-W15,1
DR0397,2026-W16,3
DR0397,2026-W17,6
DR0397,2026-W18,5
DR0397,2026-W19,4
DR0397,2026-W20,5
DR0397,2026-W21,3
DR0397,2026-W22,6
DR0397,2026-W23,3
DR0397,2026-W24,2
DR0397,2026-W25,3
DR0397,2026-W26,1
DR0397,2026-W27,5
DR0397,2026-W28,5
DR0397,2026-W29,1
DR0397,2026-W30,4
DR0397,2026-W31,2
DR0397,2026-W32,5
DR0397,2026-W33,5
DR0397,2026-W34,4
DR0397,2026-W35,3
DR0397,2026-W36,6
DR0397,2026-W37,3
DR0397,2026-W39,1
DR0398,2024-W02,2
DR0398,2024-W03,2
DR0398,2024-W04,2
DR0398,2024-W08,2
DR0398,2024-W11,3
DR0398,2024-W12,3
DR0398,2024-W13,1
DR0398,2024-W14,1
DR0398,2024-W15,1
DR0398,2024-W16,2
DR0398,2024-W17,2
DR0398,2024-W18,2
DR0398,2024-W20,2
DR0398,2024-W21,1
DR0398,2024-W22,1
DR0398,2024-W23,1
DR0398,2024-W27,1
DR0398,2024-W28,1
DR0398,2024-W29,2
DR0398,2024-W30,1
DR0398,2024-W32,1
DR0398,2024-W37,2
DR0398,2024-W38,3
DR0398,2024-W39,1
DR0398,2024-W40,2
DR0398,2024-W41,1
DR0398,2024-W42,1
DR0398,2024-W43,2
DR0398,2024-W44,1
DR0398,2024-W46,2
DR0398,2024-W47,1
DR0398,2024-W48,2
DR0398,2024-W49,1
DR0398,2024-W50,1
DR0398,2024-W52,2
DR0398,2024-W53,1
DR0398,2025-W00,1
DR0398,2025-W01,1
DR0398,2025-W04,1
DR0398,2025-W08,1
DR0398,2025-W10,1
DR0398,2025-W12,1
DR0398,2025-W14,2
DR0398,2025-W16,1
DR0398,2025-W18,2
DR0398,2025-W19,1
DR0398,2025-W21,5
DR0398,2025-W23,1
DR0398,2025-W27,1
DR0398,2025-W28,1
DR0398,2025-W30,2
DR0398,2025-W32,1
DR0398,2025-W35,1
DR0398,2025-W37,1
DR0398,2025-W39,3
DR0398,2025-W40,1
DR0398,2025-W41,1
DR0398,2025-W44,1
DR0398,2025-W45,2
DR0398,2025-W46,3
DR0398,2025-W47,1
DR0398,2025-W49,1
DR0398,2025-W50,2
DR0398,2025-W51,2
DR0398,2026-W01,1
DR0398,2026-W03,1
DR0398,2026-W06,2
DR0398,2026-W07,1
DR0398,2026-W10,1
DR0398,2026-W14,1
DR0398,2026-W16,2
DR0398,2026-W18,1
DR0398,2026-W19,1
DR0398,2026-W22,1
DR0398,2026-W24,2
DR0398,2026-W25,1
DR0398,2026-W26,2
DR0398,2026-W27,1
DR0398,2026-W28,2
DR0398,2026-W30,2
DR0398,2026-W34,1
DR0398,2026-W36,4
DR0398,2026-W38,1
DR0399,2024-W08,1
DR0399,2024-W10,1
DR0399,2024-W11,1
DR0399,2024-W20,1
DR0399,2024-W21,1
DR0399,2024-W23,1
DR0399,2024-W26,1
DR0399,2024-W28,1
DR0399,2024-W30,1
DR0399,2024-W40,2
DR0399,2024-W42,1
DR0399,2024-W45,1
DR0399,2024-W50,2
DR0399,2025-W03,1
DR0399,2025-W07,2
DR0399,2025-W08,1
DR0399,2025-W09,1
DR0399,2025-W11,1
DR0399,2025-W12,1
DR0399,2025-W15,1
DR0399,2025-W24,2
DR0399,2025-W35,1
DR0399,2025-W36,1
DR0399,2025-W39,1
DR0399,2025-W40,1
DR0399,2025-W42,1
DR0399,2025-W47,2
DR0399,2026-W02,1
DR0399,2026-W11,2
DR0399,2026-W13,1
DR0399,2026-W24,1
DR0399,2026-W31,2
DR0400,2024-W02,2
DR0400,2024-W04,1
DR0400,2024-W05,1
DR0400,2024-W07,1
DR0400,2024-W08,1
DR0400,2024-W11,1
DR0400,2024-W12,1
DR0400,2024-W13,1
DR0400,2024-W14,1
DR0400,2024-W15,1
DR0400,2024-W19,2
DR0400,2024-W21,1
DR0400,2024-W22,1
DR0400,2024-W23,2
DR0400,2024-W25,1
DR0400,2024-W29,2
DR0400,2024-W30,1
DR0400,2024-W37,1
DR0400,2024-W38,1
DR0400,2024-W39,1
DR0400,2024-W43,1
DR0400,2024-W44,1
DR0400,2024-W47,1
DR0400,2024-W49,1
DR0400,2024-W51,1
DR0400,2024-W53,1
DR0400,2025-W02,1
DR0400,2025-W06,2
DR0400,2025-W07,1
DR0400,2025-W10,1
DR0400,2025-W13,1
DR0400,2025-W14,1
DR0400,2025-W20,1
DR0400,2025-W23,1
DR0400,2025-W24,1
DR0400,2025-W28,2
DR0400,2025-W29,2
DR0400,2025-W31,2
DR0400,2025-W33,1
DR0400,2025-W36,1
DR0400,2025-W40,1
DR0400,2025-W41,2
DR0400,2025-W43,2
DR0400,2025-W44,1
DR0400,2025-W47,1
DR0400,2025-W49,2
DR0400,2025-W51,1
DR0400,2026-W00,1
DR0400,2026-W02,1
DR0400,2026-W05,2
DR0400,2026-W06,1
DR0400,2026-W07,1
DR0400,2026-W10,1
DR0400,2026-W11,1
DR0400,2026-W12,1
DR0400,2026-W14,1
DR0400,2026-W15,3
DR0400,2026-W19,1
DR0400,2026-W21,1
DR0400,2026-W22,2
DR0400,2026-W23,1
DR0400,2026-W24,1
DR0400,2026-W25,2
DR0400,2026-W29,1
DR0400,2026-W31,1
DR0400,2026-W32,1
DR0400,2026-W33,2
DR0400,2026-W34,2
DR0400,2026-W38,1
DR0401,2024-W01,2
DR0401,2024-W03,3
DR0401,2024-W05,1
DR0401,2024-W07,1
DR0401,2024-W08,1
DR0401,2024-W10,1
DR0401,2024-W11,1
DR0401,2024-W14,1
DR0401,2024-W15,2
DR0401,2024-W17,1
DR0401,2024-W18,1
DR0401,2024-W19,2
DR0401,2024-W21,2
DR0401,2024-W23,3
DR0401,2024-W25,1
DR0401,2024-W31,1
DR0401,2024-W32,1
DR0401,2024-W34,1
DR0401,2024-W37,2
DR0401,2024-W38,1
DR0401,2024-W39,2
DR0401,2024-W40,1
DR0401,2024-W41,1
DR0401,2024-W43,2
DR0401,2024-W47,1
DR0401,2024-W48,3
DR0401,2024-W49,3
DR0401,2024-W50,3
DR0401,2024-W51,1
DR0401,2025-W00,1
DR0401,2025-W01,3
DR0401,2025-W02,5
DR0401,2025-W03,3
DR0401,2025-W05,1
DR0401,2025-W06,1
DR0401,2025-W08,2
DR0401,2025-W09,4
DR0401,2025-W10,2
DR0401,2025-W11,1
DR0401,2025-W12,1
DR0401,2025-W15,1
DR0401,2025-W16,1
DR0401,2025-W18,1
DR0401,2025-W19,1
DR0401,2025-W21,4
DR0401,2025-W24,1
DR0401,2025-W26,1
DR0401,2025-W29,3
DR0401,2025-W30,2
DR0401,2025-W31,2
DR0401,2025-W32,2
DR0401,2025-W34,1
DR0401,2025-W36,1
DR0401,2025-W37,2
DR0401,2025-W38,2
DR0401,2025-W41,1
DR0401,2025-W43,2
DR0401,2025-W45,1
DR0401,2025-W46,2
DR0401,2025-W52,2
DR0401,2026-W00,2
DR0401,2026-W01,2
DR0401,2026-W02,2
DR0401,2026-W03,1
DR0401,2026-W04,1
DR0401,2026-W07,2
DR0401,2026-W08,4
DR0401,2026-W09,1
DR0401,2026-W11,3
DR0401,2026-W12,2
DR0401,2026-W15,1
DR0401,2026-W16,1
DR0401,2026-W18,1
DR0401,2026-W19,3
DR0401,2026-W20,2
DR0401,2026-W21,2
DR0401,2026-W23,2
DR0401,2026-W26,1
DR0401,2026-W27,1
DR0401,2026-W29,1
DR0401,2026-W31,1
DR0401,2026-W32,3
DR0401,2026-W33,1
DR0401,2026-W35,1
DR0402,2024-W01,1
DR0402,2024-W03,1
DR0402,2024-W05,2
DR0402,2024-W07,1
DR0402,2024-W11,1
DR0402,2024-W12,1
DR0402,2024-W13,1
DR0402,2024-W14,1
DR0402,2024-W15,1
DR0402,2024-W17,1
DR0402,2024-W20,1
DR0402,2024-W21,2
DR0402,2024-W22,1
DR0402,2024-W24,1
DR0402,2024-W26,1
DR0402,2024-W27,2
DR0402,2024-W28,2
DR0402,2024-W29,1
DR0402,2024-W31,1
DR0402,2024-W32,1
DR0402,2024-W33,1
DR0402,2024-W34,2
DR0402,2024-W35,1
DR0402,2024-W40,2
DR0402,2024-W42,3
DR0402,2024-W43,3
DR0402,2024-W45,2
DR0402,2024-W46,2
DR0402,2024-W48,1
DR0402,2024-W49,1
DR0402,2024-W50,2
DR0402,2024-W51,2
DR0402,2024-W53,1
DR0402,2025-W00,1
DR0402,2025-W01,2
DR0402,2025-W05,2
DR0402,2025-W06,3
DR0402,2025-W07,1
DR0402,2025-W09,4
DR0402,2025-W11,1
DR0402,2025-W14,1
DR0402,2025-W15,1
DR0402,2025-W17,1
DR0402,2025-W18,4
DR0402,2025-W19,1
DR0402,2025-W20,1
DR0402,2025-W22,1
DR0402,2025-W23,2
DR0402,2025-W24,1
DR0402,2025-W25,2
DR0402,2025-W26,1
DR0402,2025-W27,1
DR0402,2025-W29,1
DR0402,2025-W31,1
DR0402,2025-W35,3
DR0402,2025-W38,1
DR0402,2025-W39,1
DR0402,2025-W41,2
DR0402,2025-W42,3
DR0402,2025-W43,3
DR0402,2025-W44,1
DR0402,2025-W46,2
DR0402,2025-W47,2
DR0402,2025-W48,2
DR0402,2025-W51,1
DR0402,2025-W52,1
DR0402,2026-W01,2
DR0402,2026-W03,2
DR0402,2026-W04,1
DR0402,2026-W05,2
DR0402,2026-W07,2
DR0402,2026-W08,1
DR0402,2026-W09,2
DR0402,2026-W10,3
DR0402,2026-W13,1
DR0402,2026-W14,2
DR0402,2026-W15,2
DR0402,2026-W19,3
DR0402,2026-W21,1
DR0402,2026-W22,1
DR0402,2026-W23,1
DR0402,2026-W24,1
DR0402,2026-W25,1
DR0402,2026-W26,2
DR0402,2026-W27,3
DR0402,2026-W28,2
DR0402,2026-W29,1
DR0402,2026-W31,2
DR0402,2026-W32,2
DR0402,2026-W33,2
DR0402,2026-W34,1
DR0402,2026-W36,1
DR0403,2024-W02,1
DR0403,2024-W03,1
DR0403,2024-W04,1
DR0403,2024-W05,2
DR0403,2024-W06,2
DR0403,2024-W07,1
DR0403,2024-W08,4
DR0403,2024-W12,1
DR0403,2024-W16,1
DR0403,2024-W17,1
DR0403,2024-W18,2
DR0403,2024-W19,1
DR0403,2024-W20,2
DR0403,2024-W21,1
DR0403,2024-W22,1
DR0403,2024-W23,1
DR0403,2024-W26,2
DR0403,2024-W30,2
DR0403,2024-W31,1
DR0403,2024-W32,1
DR0403,2024-W33,1
DR0403,2024-W34,1
DR0403,2024-W35,3
DR0403,2024-W37,2
DR0403,2024-W38,2
DR0403,2024-W39,1
DR0403,2024-W41,3
DR0403,2024-W44,1
DR0403,2024-W45,3
DR0403,2024-W46,3
DR0403,2024-W47,2
DR0403,2024-W48,3
DR0403,2024-W49,2
DR0403,2024-W50,1
DR0403,2024-W51,4
DR0403,2024-W52,2
DR0403,2024-W53,2
DR0403,2025-W01,2
DR0403,2025-W02,2
DR0403,2025-W03,3
DR0403,2025-W04,2
DR0403,2025-W05,1
DR0403,2025-W06,3
DR0403,2025-W07,3
DR0403,2025-W08,2
DR0403,2025-W10,2
DR0403,2025-W11,1
DR0403,2025-W13,1
DR0403,2025-W14,1
DR0403,2025-W16,1
DR0403,2025-W18,3
DR0403,2025-W19,4
DR0403,2025-W20,2
DR0403,2025-W23,1
DR0403,2025-W24,1
DR0403,2025-W25,1
DR0403,2025-W27,1
DR0403,2025-W28,2
DR0403,2025-W29,1
DR0403,2025-W30,2
DR0403,2025-W31,2
DR0403,2025-W32,2
DR0403,2025-W33,2
DR0403,2025-W34,1
DR0403,2025-W35,1
DR0403,2025-W36,1
DR0403,2025-W37,1
DR0403,2025-W38,2
DR0403,2025-W39,1
DR0403,2025-W40,1
DR0403,2025-W41,2
DR0403,2025-W43,1
DR0403,2025-W44,1
DR0403,2025-W45,3
DR0403,2025-W46,3
DR0403,2025-W47,3
DR0403,2025-W48,3
DR0403,2025-W49,1
DR0403,2025-W51,1
DR0403,2026-W00,1
DR0403,2026-W01,1
DR0403,2026-W02,1
DR0403,2026-W07,1
DR0403,2026-W08,1
DR0403,2026-W09,3
DR0403,2026-W10,1
DR0403,2026-W11,1
DR0403,2026-W13,2
DR0403,2026-W14,1
DR0403,2026-W15,3
DR0403,2026-W18,1
DR0403,2026-W19,2
DR0403,2026-W21,3
DR0403,2026-W22,2
DR0403,2026-W23,2
DR0403,2026-W24,1
DR0403,2026-W29,1
DR0403,2026-W31,2
DR0403,2026-W32,1
DR0403,2026-W34,1
DR0403,2026-W35,3
DR0403,2026-W36,1
DR0403,2026-W37,1
DR0403,2026-W38,1
DR0404,2024-W01,3
DR0404,2024-W02,4
DR0404,2024-W03,8
DR0404,2024-W04,7
DR0404,2024-W05,1
DR0404,2024-W06,7
DR0404,2024-W07,6
DR0404,2024-W08,5
DR0404,2024-W09,4
DR0404,2024-W10,5
DR0404,2024-W11,3
DR0404,2024-W12,2
DR0404,2024-W13,8
DR0404,2024-W14,4
DR0404,2024-W15,3
DR0404,2024-W16,5
DR0404,2024-W17,2
DR0404,2024-W18,2
DR0404,2024-W19,1
DR0404,2024-W20,5
DR0404,2024-W21,3
DR0404,2024-W22,8
DR0404,2024-W23,5
DR0404,2024-W24,6
DR0404,2024-W25,2
DR0404,2024-W26,8
DR0404,2024-W27,3
DR0404,2024-W28,4
DR0404,2024-W29,7
DR0404,2024-W30,6
DR0404,2024-W31,4
DR0404,2024-W32,1
DR0404,2024-W33,4
DR0404,2024-W34,6
DR0404,2024-W35,2
DR0404,2024-W36,8
DR0404,2024-W37,4
DR0404,2024-W38,6
DR0404,2024-W39,4
DR0404,2024-W40,4
DR0404,2024-W41,3
DR0404,2024-W42,2
DR0404,2024-W43,5
DR0404,2024-W44,5
DR0404,2024-W45,4
DR0404,2024-W46,7
DR0404,2024-W47,3
DR0404,2024-W48,1
DR0404,2024-W49,8
DR0404,2024-W50,5
DR0404,2024-W51,6
DR0404,2024-W52,7
DR0404,2025-W00,2
DR0404,2025-W01,5
DR0404,2025-W02,4
DR0404,2025-W03,5
DR0404,2025-W04,2
DR0404,2025-W05,3
DR0404,2025-W06,5
DR0404,2025-W07,2
DR0404,2025-W08,7
DR0404,2025-W09,2
DR0404,2025-W10,6
DR0404,2025-W11,3
DR0404,2025-W12,3
DR0404,2025-W13,3
DR0404,2025-W14,7
DR0404,2025-W15,6
DR0404,2025-W16,5
DR0404,2025-W17,3
DR0404,2025-W18,1
DR0404,2025-W19,6
DR0404,2025-W20,3
DR0404,2025-W21,9
DR0404,2025-W22,2
DR0404,2025-W23,3
DR0404,2025-W24,4
DR0404,2025-W25,2
DR0404,2025-W26,6
DR0404,2025-W27,7
DR0404,2025-W28,4
DR0404,2025-W29,1
DR0404,2025-W30,4
DR0404,2025-W31,3
DR0404,2025-W32,3
DR0404,2025-W33,6
DR0404,2025-W34,5
DR0404,2025-W35,3
DR0404,2025-W36,6
DR0404,2025-W37,3
DR0404,2025-W38,4
DR0404,2025-W39,3
DR0404,2025-W40,2
DR0404,2025-W41,4
DR0404,2025-W42,3
DR0404,2025-W43,5
DR0404,2025-W44,6
DR0404,2025-W45,11
DR0404,2025-W46,6
DR0404,2025-W47,8
DR0404,2025-W48,3
DR0404,2025-W49,6
DR0404,2025-W50,6
DR0404,2025-W51,7
DR0404,2025-W52,4
DR0404,2026-W00,3
DR0404,2026-W01,1
DR0404,2026-W02,3
DR0404,2026-W03,3
DR0404,2026-W04,7
DR0404,2026-W05,2
DR0404,2026-W06,5
DR0404,2026-W07,10
DR0404,2026-W08,2
DR0404,2026-W09,2
DR0404,2026-W10,3
DR0404,2026-W11,2
DR0404,2026-W12,5
DR0404,2026-W13,5
DR0404,2026-W14,3
DR0404,2026-W15,4
DR0404,2026-W16,4
DR0404,2026-W17,6
DR0404,2026-W18,5
DR0404,2026-W19,8
DR0404,2026-W20,4
DR0404,2026-W21,3
DR0404,2026-W22,9
DR0404,2026-W23,4
DR0404,2026-W24,2
DR0404,2026-W25,6
DR0404,2026-W26,1
DR0404,2026-W27,2
DR0404,2026-W28,3
DR0404,2026-W29,3
DR0404,2026-W30,5
DR0404,2026-W31,6
DR0404,2026-W32,1
DR0404,2026-W33,5
DR0404,2026-W34,2
DR0404,2026-W35,2
DR0404,2026-W36,2
DR0404,2026-W37,7
DR0404,2026-W38,7
DR0404,2026-W39,1
DR0405,2024-W01,1
DR0405,2024-W02,2
DR0405,2024-W03,1
DR0405,2024-W04,1
DR0405,2024-W05,2
DR0405,2024-W08,1
DR0405,2024-W09,1
DR0405,2024-W11,2
DR0405,2024-W12,2
DR0405,2024-W13,2
DR0405,2024-W14,1
DR0405,2024-W15,1
DR0405,2024-W16,1
DR0405,2024-W19,2
DR0405,2024-W20,3
DR0405,2024-W21,2
DR0405,2024-W22,2
DR0405,2024-W23,2
DR0405,2024-W24,4
DR0405,2024-W25,1
DR0405,2024-W27,2
DR0405,2024-W28,1
DR0405,2024-W30,1
DR0405,2024-W31,1
DR0405,2024-W33,1
DR0405,2024-W34,3
DR0405,2024-W35,2
DR0405,2024-W36,1
DR0405,2024-W37,2
DR0405,2024-W38,2
DR0405,2024-W39,1
DR0405,2024-W40,1
DR0405,2024-W41,1
DR0405,2024-W43,1
DR0405,2024-W44,4
DR0405,2024-W45,1
DR0405,2024-W46,2
DR0405,2024-W47,1
DR0405,2024-W48,1
DR0405,2024-W50,2
DR0405,2024-W51,2
DR0405,2024-W52,2
DR0405,2024-W53,2
DR0405,2025-W01,2
DR0405,2025-W02,2
DR0405,2025-W03,1
DR0405,2025-W05,2
DR0405,2025-W06,1
DR0405,2025-W07,1
DR0405,2025-W08,1
DR0405,2025-W09,2
DR0405,2025-W11,3
DR0405,2025-W12,3
DR0405,2025-W15,2
DR0405,2025-W16,2
DR0405,2025-W17,2
DR0405,2025-W18,2
DR0405,2025-W21,1
DR0405,2025-W22,1
DR0405,2025-W23,1
DR0405,2025-W25,1
DR0405,2025-W26,4
DR0405,2025-W28,2
DR0405,2025-W29,1
DR0405,2025-W30,2
DR0405,2025-W31,1
DR0405,2025-W32,1
DR0405,2025-W33,1
DR0405,2025-W34,1
DR0405,2025-W35,1
DR0405,2025-W36,2
DR0405,2025-W37,3
DR0405,2025-W38,2
DR0405,2025-W39,1
DR0405,2025-W41,1
DR0405,2025-W42,2
DR0405,2025-W47,3
DR0405,2025-W48,2
DR0405,2025-W49,2
DR0405,2025-W50,1
DR0405,2025-W51,1
DR0405,2026-W00,1
DR0405,2026-W01,2
DR0405,2026-W02,2
DR0405,2026-W03,5
DR0405,2026-W04,1
DR0405,2026-W05,4
DR0405,2026-W06,2
DR0405,2026-W07,2
DR0405,2026-W08,1
DR0405,2026-W09,1
DR0405,2026-W10,1
DR0405,2026-W13,1
DR0405,2026-W16,1
DR0405,2026-W18,2
DR0405,2026-W19,1
DR0405,2026-W20,1
DR0405,2026-W23,2
DR0405,2026-W24,1
DR0405,2026-W26,1
DR0405,2026-W27,1
DR0405,2026-W29,2
DR0405,2026-W30,2
DR0405,2026-W32,1
DR0405,2026-W33,2
DR0405,2026-W34,2
DR0405,2026-W35,2
DR0405,2026-W36,2
DR0405,2026-W37,2
DR0405,2026-W38,2
DR0406,2024-W01,1
DR0406,2024-W04,1
DR0406,2024-W06,1
DR0406,2024-W11,1
DR0406,2024-W17,1
DR0406,2024-W18,1
DR0406,2024-W20,1
DR0406,2024-W26,1
DR0406,2024-W27,1
DR0406,2024-W28,1
DR0406,2024-W32,3
DR0406,2024-W34,1
DR0406,2024-W35,1
DR0406,2024-W37,2
DR0406,2024-W40,1
DR0406,2024-W41,1
DR0406,2024-W44,2
DR0406,2024-W45,1
DR0406,2024-W49,1
DR0406,2024-W51,1
DR0406,2025-W01,1
DR0406,2025-W02,1
DR0406,2025-W05,1
DR0406,2025-W09,1
DR0406,2025-W12,1
DR0406,2025-W14,1
DR0406,2025-W17,1
DR0406,2025-W18,1
DR0406,2025-W21,2
DR0406,2025-W23,1
DR0406,2025-W26,1
DR0406,2025-W28,1
DR0406,2025-W32,1
DR0406,2025-W33,2
DR0406,2025-W34,1
DR0406,2025-W35,1
DR0406,2025-W36,1
DR0406,2025-W41,1
DR0406,2025-W42,1
DR0406,2025-W43,1
DR0406,2025-W47,1
DR0406,2026-W04,1
DR0406,2026-W06,1
DR0406,2026-W08,1
DR0406,2026-W09,1
DR0406,2026-W10,1
DR0406,2026-W13,1
DR0406,2026-W14,2
DR0406,2026-W15,2
DR0406,2026-W16,1
DR0406,2026-W19,2
DR0406,2026-W20,1
DR0406,2026-W21,1
DR0406,2026-W29,1
DR0406,2026-W30,1
DR0406,2026-W33,1
DR0406,2026-W34,1
DR0406,2026-W36,1
DR0406,2026-W38,2
DR0407,2024-W01,3
DR0407,2024-W02,1
DR0407,2024-W03,1
DR0407,2024-W04,3
DR0407,2024-W05,1
DR0407,2024-W06,1
DR0407,2024-W07,1
DR0407,2024-W08,2
DR0407,2024-W09,1
DR0407,2024-W10,1
DR0407,2024-W11,6
DR0407,2024-W12,2
DR0407,2024-W13,2
DR0407,2024-W14,1
DR0407,2024-W15,2
DR0407,2024-W16,4
DR0407,2024-W17,3
DR0407,2024-W18,1
DR0407,2024-W19,1
DR0407,2024-W21,3
DR0407,2024-W22,1
DR0407,2024-W24,2
DR0407,2024-W25,1
DR0407,2024-W26,1
DR0407,2024-W27,2
DR0407,2024-W28,1
DR0407,2024-W31,2
DR0407,2024-W32,3
DR0407,2024-W33,2
DR0407,2024-W34,1
DR0407,2024-W35,1
DR0407,2024-W36,3
DR0407,2024-W37,3
DR0407,2024-W38,4
DR0407,2024-W40,2
DR0407,2024-W41,1
DR0407,2024-W42,2
DR0407,2024-W43,3
DR0407,2024-W44,5
DR0407,2024-W45,1
DR0407,2024-W46,3
DR0407,2024-W47,3
DR0407,2024-W48,3
DR0407,2024-W49,3
DR0407,2024-W50,2
DR0407,2024-W51,3
DR0407,2024-W52,3
DR0407,2024-W53,1
DR0407,2025-W00,2
DR0407,2025-W01,1
DR0407,2025-W02,2
DR0407,2025-W04,2
DR0407,2025-W05,1
DR0407,2025-W06,6
DR0407,2025-W07,1
DR0407,2025-W08,7
DR0407,2025-W10,1
DR0407,2025-W11,2
DR0407,2025-W12,1
DR0407,2025-W13,3
DR0407,2025-W14,2
DR0407,2025-W15,3
DR0407,2025-W16,7
DR0407,2025-W18,1
DR0407,2025-W19,5
DR0407,2025-W23,2
DR0407,2025-W25,1
DR0407,2025-W26,7
DR0407,2025-W27,2
DR0407,2025-W29,1
DR0407,2025-W30,4
DR0407,2025-W31,4
DR0407,2025-W32,1
DR0407,2025-W33,3
DR0407,2025-W34,3
DR0407,2025-W36,2
DR0407,2025-W37,2
DR0407,2025-W38,1
DR0407,2025-W39,2
DR0407,2025-W41,1
DR0407,2025-W43,4
DR0407,2025-W45,7
DR0407,2025-W46,2
DR0407,2025-W47,2
DR0407,2025-W48,3
DR0407,2025-W49,2
DR0407,2025-W50,1
DR0407,2025-W51,5
DR0407,2025-W52,1
DR0407,2026-W00,3
DR0407,2026-W03,3
DR0407,2026-W04,1
DR0407,2026-W05,4
DR0407,2026-W06,2
DR0407,2026-W07,2
DR0407,2026-W08,3
DR0407,2026-W09,3
DR0407,2026-W10,2
DR0407,2026-W11,3
DR0407,2026-W12,2
DR0407,2026-W13,3
DR0407,2026-W14,1
DR0407,2026-W15,2
DR0407,2026-W16,3
DR0407,2026-W17,1
DR0407,2026-W18,4
DR0407,2026-W19,2
DR0407,2026-W20,2
DR0407,2026-W21,3
DR0407,2026-W22,3
DR0407,2026-W23,2
DR0407,2026-W25,2
DR0407,2026-W26,2
DR0407,2026-W27,4
DR0407,2026-W28,1
DR0407,2026-W30,3
DR0407,2026-W32,2
DR0407,2026-W34,5
DR0407,2026-W35,2
DR0407,2026-W36,1
DR0407,2026-W37,3
DR0408,2024-W06,2
DR0408,2024-W09,1
DR0408,2024-W10,1
DR0408,2024-W11,1
DR0408,2024-W13,1
DR0408,2024-W15,1
DR0408,2024-W17,1
DR0408,2024-W19,1
DR0408,2024-W26,2
DR0408,2024-W27,1
DR0408,2024-W28,1
DR0408,2024-W29,1
DR0408,2024-W30,1
DR0408,2024-W31,1
DR0408,2024-W34,1
DR0408,2024-W40,1
DR0408,2024-W44,1
DR0408,2024-W46,1
DR0408,2024-W47,1
DR0408,2024-W50,1
DR0408,2025-W00,1
DR0408,2025-W01,1
DR0408,2025-W02,1
DR0408,2025-W05,1
DR0408,2025-W06,2
DR0408,2025-W07,1
DR0408,2025-W09,1
DR0408,2025-W12,1
DR0408,2025-W13,1
DR0408,2025-W16,1
DR0408,2025-W20,1
DR0408,2025-W23,1
DR0408,2025-W25,1
DR0408,2025-W26,1
DR0408,2025-W27,1
DR0408,2025-W31,2
DR0408,2025-W34,1
DR0408,2025-W35,1
DR0408,2025-W40,2
DR0408,2025-W41,1
DR0408,2025-W42,1
DR0408,2025-W46,1
DR0408,2025-W49,1
DR0408,2025-W50,1
DR0408,2026-W01,1
DR0408,2026-W02,1
DR0408,2026-W03,1
DR0408,2026-W06,1
DR0408,2026-W11,1
DR0408,2026-W14,1
DR0408,2026-W15,1
DR0408,2026-W16,1
DR0408,2026-W19,2
DR0408,2026-W24,2
DR0408,2026-W25,1
DR0408,2026-W26,2
DR0408,2026-W31,2
DR0408,2026-W32,1
DR0408,2026-W33,1
DR0408,2026-W34,2
DR0408,2026-W36,1
DR0408,2026-W38,1
DR0409,2024-W01,1
DR0409,2024-W02,1
DR0409,2024-W03,2
DR0409,2024-W04,3
DR0409,2024-W05,2
DR0409,2024-W06,1
DR0409,2024-W07,3
DR0409,2024-W08,1
DR0409,2024-W09,1
DR0409,2024-W10,2
DR0409,2024-W11,1
DR0409,2024-W12,5
DR0409,2024-W13,1
DR0409,2024-W14,2
DR0409,2024-W15,2
DR0409,2024-W16,1
DR0409,2024-W17,2
DR0409,2024-W18,6
DR0409,2024-W20,1
DR0409,2024-W22,2
DR0409,2024-W23,2
DR0409,2024-W24,1
DR0409,2024-W25,2
DR0409,2024-W28,3
DR0409,2024-W29,2
DR0409,2024-W30,1
DR0409,2024-W31,4
DR0409,2024-W32,1
DR0409,2024-W33,1
DR0409,2024-W34,2
DR0409,2024-W35,2
DR0409,2024-W36,2
DR0409,2024-W38,1
DR0409,2024-W39,3
DR0409,2024-W40,2
DR0409,2024-W41,2
DR0409,2024-W42,1
DR0409,2024-W43,1
DR0409,2024-W44,1
DR0409,2024-W45,2
DR0409,2024-W46,1
DR0409,2024-W47,1
DR0409,2024-W48,1
DR0409,2024-W49,1
DR0409,2024-W50,3
DR0409,2024-W51,1
DR0409,2024-W52,5
DR0409,2025-W00,1
DR0409,2025-W01,1
DR0409,2025-W02,3
DR0409,2025-W03,1
DR0409,2025-W04,3
DR0409,2025-W06,1
DR0409,2025-W07,2
DR0409,2025-W08,3
DR0409,2025-W09,2
DR0409,2025-W10,3
DR0409,2025-W11,2
DR0409,2025-W12,1
DR0409,2025-W13,1
DR0409,2025-W15,1
DR0409,2025-W16,3
DR0409,2025-W17,1
DR0409,2025-W18,2
DR0409,2025-W20,2
DR0409,2025-W21,2
DR0409,2025-W22,1
DR0409,2025-W23,4
DR0409,2025-W24,3
DR0409,2025-W25,1
DR0409,2025-W26,2
DR0409,2025-W27,1
DR0409,2025-W28,1
DR0409,2025-W30,1
DR0409,2025-W31,1
DR0409,2025-W34,2
DR0409,2025-W37,1
DR0409,2025-W38,3
DR0409,2025-W39,3
DR0409,2025-W41,1
DR0409,2025-W43,2
DR0409,2025-W44,1
DR0409,2025-W45,2
DR0409,2025-W46,1
DR0409,2025-W47,3
DR0409,2025-W48,1
DR0409,2025-W49,2
DR0409,2025-W51,1
DR0409,2025-W52,1
DR0409,2026-W00,2
DR0409,2026-W04,2
DR0409,2026-W05,2
DR0409,2026-W06,2
DR0409,2026-W08,2
DR0409,2026-W09,3
DR0409,2026-W10,1
DR0409,2026-W12,2
DR0409,2026-W13,1
DR0409,2026-W14,1
DR0409,2026-W15,2
DR0409,2026-W16,1
DR0409,2026-W17,6
DR0409,2026-W19,1
DR0409,2026-W20,1
DR0409,2026-W21,1
DR0409,2026-W22,1
DR0409,2026-W23,3
DR0409,2026-W24,2
DR0409,2026-W25,1
DR0409,2026-W26,1
DR0409,2026-W27,4
DR0409,2026-W28,2
DR0409,2026-W29,1
DR0409,2026-W30,1
DR0409,2026-W31,2
DR0409,2026-W33,2
DR0409,2026-W34,2
DR0409,2026-W35,1
DR0409,2026-W36,1
DR0410,2024-W02,1
DR0410,2024-W03,2
DR0410,2024-W04,2
DR0410,2024-W05,1
DR0410,2024-W06,1
DR0410,2024-W07,3
DR0410,2024-W08,1
DR0410,2024-W09,1
DR0410,2024-W10,1
DR0410,2024-W11,6
DR0410,2024-W14,2
DR0410,2024-W15,1
DR0410,2024-W16,5
DR0410,2024-W18,1
DR0410,2024-W20,1
DR0410,2024-W21,1
DR0410,2024-W23,1
DR0410,2024-W24,1
DR0410,2024-W25,3
DR0410,2024-W26,3
DR0410,2024-W28,1
DR0410,2024-W30,1
DR0410,2024-W31,2
DR0410,2024-W33,2
DR0410,2024-W34,1
DR0410,2024-W35,3
DR0410,2024-W36,2
DR0410,2024-W37,1
DR0410,2024-W38,1
DR0410,2024-W39,2
DR0410,2024-W41,1
DR0410,2024-W43,1
DR0410,2024-W44,2
DR0410,2024-W45,2
DR0410,2024-W46,3
DR0410,2024-W47,1
DR0410,2024-W48,3
DR0410,2024-W49,2
DR0410,2024-W50,1
DR0410,2024-W51,3
DR0410,2024-W52,3
DR0410,2024-W53,2
DR0410,2025-W00,3
DR0410,2025-W01,2
DR0410,2025-W02,2
DR0410,2025-W03,1
DR0410,2025-W05,1
DR0410,2025-W06,4
DR0410,2025-W07,2
DR0410,2025-W08,3
DR0410,2025-W09,1
DR0410,2025-W10,3
DR0410,2025-W11,1
DR0410,2025-W12,3
DR0410,2025-W13,1
DR0410,2025-W14,2
DR0410,2025-W15,1
DR0410,2025-W16,2
DR0410,2025-W18,2
DR0410,2025-W19,3
DR0410,2025-W20,2
DR0410,2025-W21,3
DR0410,2025-W23,1
DR0410,2025-W24,3
DR0410,2025-W25,1
DR0410,2025-W26,4
DR0410,2025-W27,2
DR0410,2025-W29,1
DR0410,2025-W30,2
DR0410,2025-W31,1
DR0410,2025-W32,4
DR0410,2025-W33,1
DR0410,2025-W34,1
DR0410,2025-W35,1
DR0410,2025-W37,1
DR0410,2025-W38,3
DR0410,2025-W39,2
DR0410,2025-W41,2
DR0410,2025-W42,2
DR0410,2025-W43,2
DR0410,2025-W44,4
DR0410,2025-W45,1
DR0410,2025-W46,3
DR0410,2025-W47,1
DR0410,2025-W48,5
DR0410,2025-W49,1
DR0410,2025-W50,3
DR0410,2025-W51,1
DR0410,2025-W52,1
DR0410,2026-W00,1
DR0410,2026-W01,2
DR0410,2026-W02,2
DR0410,2026-W03,3
DR0410,2026-W04,1
DR0410,2026-W05,2
DR0410,2026-W06,1
DR0410,2026-W07,1
DR0410,2026-W08,2
DR0410,2026-W09,2
DR0410,2026-W10,1
DR0410,2026-W11,2
DR0410,2026-W12,3
DR0410,2026-W13,1
DR0410,2026-W14,2
DR0410,2026-W15,1
DR0410,2026-W17,1
DR0410,2026-W19,2
DR0410,2026-W20,1
DR0410,2026-W22,1
DR0410,2026-W24,3
DR0410,2026-W25,1
DR0410,2026-W26,1
DR0410,2026-W27,1
DR0410,2026-W28,4
DR0410,2026-W31,3
DR0410,2026-W32,4
DR0410,2026-W33,1
DR0410,2026-W34,2
DR0410,2026-W36,2
DR0410,2026-W37,1
DR0410,2026-W38,1
DR0410,2026-W39,1
DR0411,2024-W01,1
DR0411,2024-W04,1
DR0411,2024-W11,1
DR0411,2024-W16,1
DR0411,2024-W18,1
DR0411,2024-W21,1
DR0411,2024-W23,1
DR0411,2024-W29,1
DR0411,2024-W47,1
DR0411,2025-W04,1
DR0411,2025-W31,1
DR0411,2025-W32,2
DR0411,2026-W08,1
DR0411,2026-W16,1
DR0411,2026-W18,1
DR0411,2026-W20,1
DR0411,2026-W28,1
DR0411,2026-W34,1
DR0411,2026-W36,1
DR0412,2024-W01,1
DR0412,2024-W02,1
DR0412,2024-W07,2
DR0412,2024-W08,3
DR0412,2024-W09,2
DR0412,2024-W16,1
DR0412,2024-W17,1
DR0412,2024-W19,3
DR0412,2024-W20,1
DR0412,2024-W24,2
DR0412,2024-W27,2
DR0412,2024-W28,1
DR0412,2024-W29,2
DR0412,2024-W30,2
DR0412,2024-W31,3
DR0412,2024-W32,2
DR0412,2024-W35,1
DR0412,2024-W36,2
DR0412,2024-W37,1
DR0412,2024-W39,1
DR0412,2024-W41,1
DR0412,2024-W42,2
DR0412,2024-W43,1
DR0412,2024-W44,1
DR0412,2024-W45,2
DR0412,2024-W47,1
DR0412,2024-W48,2
DR0412,2024-W50,2
DR0412,2024-W51,2
DR0412,2025-W00,2
DR0412,2025-W01,1
DR0412,2025-W04,2
DR0412,2025-W07,3
DR0412,2025-W08,4
DR0412,2025-W10,2
DR0412,2025-W11,1
DR0412,2025-W12,1
DR0412,2025-W16,2
DR0412,2025-W18,1
DR0412,2025-W20,2
DR0412,2025-W23,1
DR0412,2025-W24,1
DR0412,2025-W25,2
DR0412,2025-W26,1
DR0412,2025-W27,1
DR0412,2025-W29,3
DR0412,2025-W30,1
DR0412,2025-W32,3
DR0412,2025-W33,1
DR0412,2025-W35,1
DR0412,2025-W36,1
DR0412,2025-W37,1
DR0412,2025-W38,1
DR0412,2025-W40,1
DR0412,2025-W41,1
DR0412,2025-W45,1
DR0412,2025-W46,1
DR0412,2025-W48,5
DR0412,2025-W49,1
DR0412,2025-W50,2
DR0412,2025-W51,2
DR0412,2026-W01,1
DR0412,2026-W02,1
DR0412,2026-W04,2
DR0412,2026-W05,1
DR0412,2026-W06,1
DR0412,2026-W07,1
DR0412,2026-W11,1
DR0412,2026-W12,1
DR0412,2026-W13,1
DR0412,2026-W15,1
DR0412,2026-W16,1
DR0412,2026-W18,2
DR0412,2026-W19,1
DR0412,2026-W20,3
DR0412,2026-W22,2
DR0412,2026-W23,1
DR0412,2026-W24,1
DR0412,2026-W25,1
DR0412,2026-W26,1
DR0412,2026-W27,1
DR0412,2026-W28,1
DR0412,2026-W31,1
DR0412,2026-W32,1
DR0412,2026-W33,1
DR0412,2026-W34,2
DR0412,2026-W35,1
DR0412,2026-W38,2
DR0412,2026-W39,1
DR0413,2024-W01,2
DR0413,2024-W02,1
DR0413,2024-W03,1
DR0413,2024-W04,2
DR0413,2024-W05,1
DR0413,2024-W06,4
DR0413,2024-W07,1
DR0413,2024-W08,2
DR0413,2024-W09,1
DR0413,2024-W10,2
DR0413,2024-W12,1
DR0413,2024-W13,1
DR0413,2024-W15,1
DR0413,2024-W19,2
DR0413,2024-W20,1
DR0413,2024-W21,3
DR0413,2024-W22,3
DR0413,2024-W27,1
DR0413,2024-W28,1
DR0413,2024-W29,2
DR0413,2024-W36,1
DR0413,2024-W37,1
DR0413,2024-W38,2
DR0413,2024-W39,1
DR0413,2024-W40,1
DR0413,2024-W42,1
DR0413,2024-W49,1
DR0413,2024-W50,2
DR0413,2024-W51,2
DR0413,2024-W52,1
DR0413,2024-W53,1
DR0413,2025-W01,1
DR0413,2025-W02,1
DR0413,2025-W03,1
DR0413,2025-W07,2
DR0413,2025-W09,2
DR0413,2025-W11,2
DR0413,2025-W13,2
DR0413,2025-W14,2
DR0413,2025-W20,2
DR0413,2025-W21,3
DR0413,2025-W22,1
DR0413,2025-W23,2
DR0413,2025-W25,1
DR0413,2025-W26,2
DR0413,2025-W28,3
DR0413,2025-W30,2
DR0413,2025-W36,2
DR0413,2025-W37,1
DR0413,2025-W38,2
DR0413,2025-W39,1
DR0413,2025-W42,1
DR0413,2025-W43,1
DR0413,2025-W44,1
DR0413,2025-W45,3
DR0413,2025-W46,2
DR0413,2025-W47,1
DR0413,2025-W48,2
DR0413,2025-W49,1
DR0413,2025-W50,3
DR0413,2025-W51,1
DR0413,2025-W52,1
DR0413,2026-W03,3
DR0413,2026-W04,1
DR0413,2026-W06,1
DR0413,2026-W08,2
DR0413,2026-W09,1
DR0413,2026-W10,1
DR0413,2026-W12,3
DR0413,2026-W13,1
DR0413,2026-W14,1
DR0413,2026-W17,1
DR0413,2026-W18,1
DR0413,2026-W20,3
DR0413,2026-W21,2
DR0413,2026-W24,1
DR0413,2026-W26,3
DR0413,2026-W28,3
DR0413,2026-W29,2
DR0413,2026-W32,2
DR0413,2026-W33,1
DR0413,2026-W34,1
DR0414,2024-W02,1
DR0414,2024-W05,2
DR0414,2024-W06,2
DR0414,2024-W17,2
DR0414,2024-W33,1
DR0414,2024-W35,1
DR0414,2024-W40,1
DR0414,2024-W43,1
DR0414,2024-W47,1
DR0414,2024-W48,1
DR0414,2024-W49,2
DR0414,2024-W52,1
DR0414,2025-W03,2
DR0414,2025-W15,1
DR0414,2025-W21,1
DR0414,2025-W22,2
DR0414,2025-W27,1
DR0414,2025-W36,1
DR0414,2025-W40,1
DR0414,2025-W42,1
DR0414,2025-W43,1
DR0414,2025-W46,1
DR0414,2025-W47,1
DR0414,2025-W48,1
DR0414,2026-W02,1
DR0414,2026-W08,2
DR0414,2026-W13,1
DR0414,2026-W25,1
DR0414,2026-W33,1
DR0414,2026-W37,1
DR0414,2026-W38,1
DR0415,2024-W01,3
DR0415,2024-W03,1
DR0415,2024-W04,3
DR0415,2024-W05,1
DR0415,2024-W06,4
DR0415,2024-W09,1
DR0415,2024-W13,1
DR0415,2024-W14,1
DR0415,2024-W16,2
DR0415,2024-W17,2
DR0415,2024-W18,1
DR0415,2024-W19,3
DR0415,2024-W21,1
DR0415,2024-W22,2
DR0415,2024-W24,1
DR0415,2024-W25,2
DR0415,2024-W29,1
DR0415,2024-W30,2
DR0415,2024-W32,1
DR0415,2024-W35,1
DR0415,2024-W37,1
DR0415,2024-W38,2
DR0415,2024-W39,1
DR0415,2024-W45,1
DR0415,2024-W46,1
DR0415,2024-W47,2
DR0415,2024-W48,1
DR0415,2024-W50,1
DR0415,2024-W51,2
DR0415,2024-W52,2
DR0415,2025-W00,1
DR0415,2025-W01,1
DR0415,2025-W04,2
DR0415,2025-W06,1
DR0415,2025-W07,1
DR0415,2025-W10,1
DR0415,2025-W11,1
DR0415,2025-W12,1
DR0415,2025-W14,2
DR0415,2025-W17,1
DR0415,2025-W18,2
DR0415,2025-W19,2
DR0415,2025-W20,1
DR0415,2025-W21,2
DR0415,2025-W22,1
DR0415,2025-W23,1
DR0415,2025-W24,1
DR0415,2025-W25,1
DR0415,2025-W27,2
DR0415,2025-W29,1
DR0415,2025-W30,1
DR0415,2025-W31,1
DR0415,2025-W33,1
DR0415,2025-W34,1
DR0415,2025-W35,1
DR0415,2025-W36,2
DR0415,2025-W39,1
DR0415,2025-W40,1
DR0415,2025-W42,1
DR0415,2025-W43,1
DR0415,2025-W45,1
DR0415,2025-W46,1
DR0415,2025-W48,1
DR0415,2025-W49,1
DR0415,2025-W50,2
DR0415,2025-W51,1
DR0415,2026-W00,1
DR0415,2026-W01,1
DR0415,2026-W04,2
DR0415,2026-W05,3
DR0415,2026-W06,1
DR0415,2026-W07,1
DR0415,2026-W08,2
DR0415,2026-W10,1
DR0415,2026-W11,4
DR0415,2026-W15,1
DR0415,2026-W16,3
DR0415,2026-W20,1
DR0415,2026-W21,3
DR0415,2026-W22,1
DR0415,2026-W23,1
DR0415,2026-W25,1
DR0415,2026-W26,1
DR0415,2026-W28,2
DR0415,2026-W30,1
DR0415,2026-W32,1
DR0415,2026-W36,2
DR0415,2026-W38,1
DR0416,2024-W01,4
DR0416,2024-W02,3
DR0416,2024-W03,4
DR0416,2024-W04,4
DR0416,2024-W05,2
DR0416,2024-W06,2
DR0416,2024-W07,3
DR0416,2024-W08,1
DR0416,2024-W09,4
DR0416,2024-W10,3
DR0416,2024-W11,5
DR0416,2024-W12,2
DR0416,2024-W13,5
DR0416,2024-W14,3
DR0416,2024-W15,3
DR0416,2024-W17,2
DR0416,2024-W18,4
DR0416,2024-W19,4
DR0416,2024-W20,3
DR0416,2024-W21,2
DR0416,2024-W22,4
DR0416,2024-W23,5
DR0416,2024-W24,5
DR0416,2024-W25,1
DR0416,2024-W26,3
DR0416,2024-W27,3
DR0416,2024-W28,3
DR0416,2024-W29,1
DR0416,2024-W30,5
DR0416,2024-W31,4
DR0416,2024-W32,2
DR0416,2024-W33,4
DR0416,2024-W34,2
DR0416,2024-W36,1
DR0416,2024-W37,1
DR0416,2024-W38,3
DR0416,2024-W39,4
DR0416,2024-W40,4
DR0416,2024-W41,3
DR0416,2024-W42,2
DR0416,2024-W43,9
DR0416,2024-W44,4
DR0416,2024-W45,1
DR0416,2024-W46,5
DR0416,2024-W47,3
DR0416,2024-W48,2
DR0416,2024-W50,2
DR0416,2024-W51,5
DR0416,2024-W52,2
DR0416,2025-W00,1
DR0416,2025-W01,5
DR0416,2025-W02,4
DR0416,2025-W03,7
DR0416,2025-W04,1
DR0416,2025-W05,1
DR0416,2025-W06,5
DR0416,2025-W07,5
DR0416,2025-W08,4
DR0416,2025-W09,3
DR0416,2025-W10,1
DR0416,2025-W11,1
DR0416,2025-W12,3
DR0416,2025-W13,6
DR0416,2025-W14,1
DR0416,2025-W15,6
DR0416,2025-W16,2
DR0416,2025-W17,2
DR0416,2025-W18,1
DR0416,2025-W19,3
DR0416,2025-W20,2
DR0416,2025-W21,4
DR0416,2025-W22,4
DR0416,2025-W23,2
DR0416,2025-W24,2
DR0416,2025-W25,4
DR0416,2025-W26,1
DR0416,2025-W27,4
DR0416,2025-W29,2
DR0416,2025-W30,4
DR0416,2025-W31,4
DR0416,2025-W32,3
DR0416,2025-W33,2
DR0416,2025-W34,4
DR0416,2025-W35,3
DR0416,2025-W36,3
DR0416,2025-W37,1
DR0416,2025-W38,3
DR0416,2025-W39,1
DR0416,2025-W40,5
DR0416,2025-W41,4
DR0416,2025-W42,1
DR0416,2025-W43,1
DR0416,2025-W44,2
DR0416,2025-W45,3
DR0416,2025-W46,4
DR0416,2025-W47,6
DR0416,2025-W49,2
DR0416,2025-W50,3
DR0416,2025-W51,6
DR0416,2026-W00,4
DR0416,2026-W01,2
DR0416,2026-W02,3
DR0416,2026-W03,2
DR0416,2026-W04,4
DR0416,2026-W05,3
DR0416,2026-W06,2
DR0416,2026-W07,3
DR0416,2026-W08,4
DR0416,2026-W09,4
DR0416,2026-W10,2
DR0416,2026-W11,1
DR0416,2026-W12,4
DR0416,2026-W13,8
DR0416,2026-W14,3
DR0416,2026-W15,5
DR0416,2026-W16,3
DR0416,2026-W17,2
DR0416,2026-W18,2
DR0416,2026-W19,1
DR0416,2026-W20,3
DR0416,2026-W21,5
DR0416,2026-W22,5
DR0416,2026-W23,6
DR0416,2026-W24,2
DR0416,2026-W25,2
DR0416,2026-W26,6
DR0416,2026-W27,1
DR0416,2026-W28,4
DR0416,2026-W29,1
DR0416,2026-W30,4
DR0416,2026-W31,2
DR0416,2026-W32,7
DR0416,2026-W33,2
DR0416,2026-W34,5
DR0416,2026-W35,5
DR0416,2026-W36,5
DR0416,2026-W37,4
DR0416,2026-W38,3
DR0416,2026-W39,2
DR0417,2024-W01,3
DR0417,2024-W02,3
DR0417,2024-W03,4
DR0417,2024-W05,3
DR0417,2024-W07,2
DR0417,2024-W08,1
DR0417,2024-W09,1
DR0417,2024-W10,1
DR0417,2024-W12,1
DR0417,2024-W13,2
DR0417,2024-W14,2
DR0417,2024-W15,1
DR0417,2024-W16,5
DR0417,2024-W17,6
DR0417,2024-W18,1
DR0417,2024-W20,1
DR0417,2024-W23,2
DR0417,2024-W25,3
DR0417,2024-W28,4
DR0417,2024-W29,3
DR0417,2024-W30,1
DR0417,2024-W31,1
DR0417,2024-W32,1
DR0417,2024-W34,3
DR0417,2024-W35,3
DR0417,2024-W36,2
DR0417,2024-W37,2
DR0417,2024-W38,3
DR0417,2024-W39,1
DR0417,2024-W40,1
DR0417,2024-W41,3
DR0417,2024-W43,1
DR0417,2024-W45,2
DR0417,2024-W47,2
DR0417,2024-W49,1
DR0417,2024-W50,3
DR0417,2024-W51,2
DR0417,2024-W52,2
DR0417,2024-W53,1
DR0417,2025-W00,1
DR0417,2025-W01,3
DR0417,2025-W02,1
DR0417,2025-W04,2
DR0417,2025-W05,2
DR0417,2025-W06,3
DR0417,2025-W07,1
DR0417,2025-W08,3
DR0417,2025-W09,1
DR0417,2025-W10,1
DR0417,2025-W11,1
DR0417,2025-W13,1
DR0417,2025-W14,2
DR0417,2025-W15,1
DR0417,2025-W18,5
DR0417,2025-W19,1
DR0417,2025-W20,1
DR0417,2025-W21,1
DR0417,2025-W22,3
DR0417,2025-W23,2
DR0417,2025-W24,1
DR0417,2025-W25,1
DR0417,2025-W26,3
DR0417,2025-W28,1
DR0417,2025-W30,5
DR0417,2025-W31,1
DR0417,2025-W32,2
DR0417,2025-W33,3
DR0417,2025-W34,1
DR0417,2025-W35,2
DR0417,2025-W36,1
DR0417,2025-W37,3
DR0417,2025-W38,2
DR0417,2025-W39,2
DR0417,2025-W40,1
DR0417,2025-W41,3
DR0417,2025-W42,3
DR0417,2025-W44,1
DR0417,2025-W45,3
DR0417,2025-W46,1
DR0417,2025-W48,1
DR0417,2025-W49,4
DR0417,2025-W50,1
DR0417,2025-W51,5
DR0417,2025-W52,1
DR0417,2026-W00,1
DR0417,2026-W01,3
DR0417,2026-W02,3
DR0417,2026-W03,2
DR0417,2026-W04,3
DR0417,2026-W05,2
DR0417,2026-W06,2
DR0417,2026-W08,2
DR0417,2026-W10,1
DR0417,2026-W12,2
DR0417,2026-W13,1
DR0417,2026-W14,1
DR0417,2026-W15,2
DR0417,2026-W16,2
DR0417,2026-W17,1
DR0417,2026-W18,2
DR0417,2026-W19,2
DR0417,2026-W20,1
DR0417,2026-W22,3
DR0417,2026-W23,1
DR0417,2026-W25,3
DR0417,2026-W26,3
DR0417,2026-W27,1
DR0417,2026-W28,2
DR0417,2026-W29,1
DR0417,2026-W30,1
DR0417,2026-W31,2
DR0417,2026-W32,3
DR0417,2026-W33,1
DR0417,2026-W34,1
DR0417,2026-W35,2
DR0417,2026-W37,1
DR0418,2024-W07,1
DR0418,2024-W12,1
DR0418,2024-W19,1
DR0418,2024-W20,1
DR0418,2024-W29,1
DR0418,2024-W36,1
DR0418,2024-W44,1
DR0418,2024-W48,1
DR0418,2025-W02,1
DR0418,2025-W07,1
DR0418,2025-W08,2
DR0418,2025-W10,1
DR0418,2025-W18,1
DR0418,2025-W23,1
DR0418,2025-W32,1
DR0418,2025-W38,1
DR0418,2025-W48,3
DR0418,2026-W05,1
DR0418,2026-W06,1
DR0418,2026-W08,2
DR0418,2026-W19,1
DR0418,2026-W20,2
DR0418,2026-W26,1
DR0419,2024-W01,2
DR0419,2024-W02,1
DR0419,2024-W03,1
DR0419,2024-W04,6
DR0419,2024-W05,5
DR0419,2024-W06,4
DR0419,2024-W07,2
DR0419,2024-W08,5
DR0419,2024-W09,3
DR0419,2024-W10,1
DR0419,2024-W11,2
DR0419,2024-W12,2
DR0419,2024-W13,4
DR0419,2024-W14,1
DR0419,2024-W15,3
DR0419,2024-W16,4
DR0419,2024-W17,1
DR0419,2024-W18,1
DR0419,2024-W19,2
DR0419,2024-W20,1
DR0419,2024-W21,4
DR0419,2024-W22,4
DR0419,2024-W23,2
DR0419,2024-W24,2
DR0419,2024-W25,4
DR0419,2024-W26,2
DR0419,2024-W28,4
DR0419,2024-W29,1
DR0419,2024-W30,4
DR0419,2024-W31,2
DR0419,2024-W32,1
DR0419,2024-W34,5
DR0419,2024-W35,7
DR0419,2024-W36,1
DR0419,2024-W37,1
DR0419,2024-W39,3
DR0419,2024-W40,6
DR0419,2024-W41,2
DR0419,2024-W42,3
DR0419,2024-W43,2
DR0419,2024-W44,4
DR0419,2024-W45,4
DR0419,2024-W46,3
DR0419,2024-W47,3
DR0419,2024-W48,3
DR0419,2024-W49,4
DR0419,2024-W50,3
DR0419,2024-W52,3
DR0419,2024-W53,1
DR0419,2025-W00,2
DR0419,2025-W01,5
DR0419,2025-W02,2
DR0419,2025-W03,1
DR0419,2025-W04,1
DR0419,2025-W05,3
DR0419,2025-W06,3
DR0419,2025-W07,2
DR0419,2025-W08,1
DR0419,2025-W09,1
DR0419,2025-W10,4
DR0419,2025-W11,1
DR0419,2025-W12,2
DR0419,2025-W13,2
DR0419,2025-W14,3
DR0419,2025-W15,3
DR0419,2025-W16,2
DR0419,2025-W17,2
DR0419,2025-W18,2
DR0419,2025-W19,3
DR0419,2025-W20,2
DR0419,2025-W21,1
DR0419,2025-W22,2
DR0419,2025-W24,1
DR0419,2025-W25,5
DR0419,2025-W26,1
DR0419,2025-W28,1
DR0419,2025-W29,1
DR0419,2025-W30,3
DR0419,2025-W31,1
DR0419,2025-W32,1
DR0419,2025-W33,2
DR0419,2025-W34,2
DR0419,2025-W35,2
DR0419,2025-W36,1
DR0419,2025-W38,4
DR0419,2025-W39,2
DR0419,2025-W40,1
DR0419,2025-W41,4
DR0419,2025-W43,1
DR0419,2025-W44,1
DR0419,2025-W45,1
DR0419,2025-W46,1
DR0419,2025-W47,3
DR0419,2025-W49,1
DR0419,2025-W50,2
DR0419,2025-W51,1
DR0419,2026-W00,1
DR0419,2026-W01,3
DR0419,2026-W02,1
DR0419,2026-W03,2
DR0419,2026-W04,3
DR0419,2026-W05,3
DR0419,2026-W08,5
DR0419,2026-W09,1
DR0419,2026-W10,1
DR0419,2026-W11,1
DR0419,2026-W12,3
DR0419,2026-W13,1
DR0419,2026-W14,1
DR0419,2026-W15,2
DR0419,2026-W16,5
DR0419,2026-W17,1
DR0419,2026-W19,1
DR0419,2026-W20,3
DR0419,2026-W21,2
DR0419,2026-W22,1
DR0419,2026-W23,1
DR0419,2026-W24,2
DR0419,2026-W25,1
DR0419,2026-W26,2
DR0419,2026-W27,2
DR0419,2026-W28,1
DR0419,2026-W29,4
DR0419,2026-W30,4
DR0419,2026-W32,3
DR0419,2026-W33,1
DR0419,2026-W34,4
DR0419,2026-W35,2
DR0419,2026-W36,2
DR0419,2026-W37,3
DR0419,2026-W38,3
DR0420,2024-W01,2
DR0420,2024-W02,1
DR0420,2024-W03,1
DR0420,2024-W05,1
DR0420,2024-W14,1
DR0420,2024-W18,2
DR0420,2024-W20,2
DR0420,2024-W22,1
DR0420,2024-W29,1
DR0420,2024-W33,1
DR0420,2024-W35,2
DR0420,2024-W37,3
DR0420,2024-W39,2
DR0420,2024-W42,1
DR0420,2024-W44,1
DR0420,2024-W45,2
DR0420,2024-W46,1
DR0420,2024-W47,1
DR0420,2024-W48,1
DR0420,2024-W53,1
DR0420,2025-W02,1
DR0420,2025-W05,1
DR0420,2025-W06,1
DR0420,2025-W09,1
DR0420,2025-W10,1
DR0420,2025-W11,1
DR0420,2025-W13,1
DR0420,2025-W16,1
DR0420,2025-W19,2
DR0420,2025-W21,2
DR0420,2025-W22,1
DR0420,2025-W24,1
DR0420,2025-W25,3
DR0420,2025-W26,1
DR0420,2025-W30,1
DR0420,2025-W34,3
DR0420,2025-W37,1
DR0420,2025-W39,1
DR0420,2025-W40,1
DR0420,2025-W43,1
DR0420,2025-W44,1
DR0420,2025-W46,1
DR0420,2025-W48,1
DR0420,2025-W50,1
DR0420,2025-W51,1
DR0420,2026-W00,1
DR0420,2026-W04,3
DR0420,2026-W05,2
DR0420,2026-W08,3
DR0420,2026-W12,1
DR0420,2026-W14,1
DR0420,2026-W20,2
DR0420,2026-W25,2
DR0420,2026-W26,1
DR0420,2026-W31,1
DR0420,2026-W32,1
DR0420,2026-W34,2
DR0420,2026-W36,1
DR0421,2024-W02,2
DR0421,2024-W03,1
DR0421,2024-W06,1
DR0421,2024-W07,1
DR0421,2024-W08,1
DR0421,2024-W11,2
DR0421,2024-W12,1
DR0421,2024-W16,1
DR0421,2024-W17,1
DR0421,2024-W19,1
DR0421,2024-W20,2
DR0421,2024-W25,2
DR0421,2024-W26,1
DR0421,2024-W30,1
DR0421,2024-W31,1
DR0421,2024-W35,1
DR0421,2024-W37,1
DR0421,2024-W41,1
DR0421,2024-W45,1
DR0421,2024-W48,1
DR0421,2024-W50,1
DR0421,2024-W51,1
DR0421,2024-W52,1
DR0421,2025-W02,2
DR0421,2025-W08,1
DR0421,2025-W14,2
DR0421,2025-W24,1
DR0421,2025-W25,1
DR0421,2025-W26,1
DR0421,2025-W27,1
DR0421,2025-W28,1
DR0421,2025-W29,1
DR0421,2025-W33,1
DR0421,2025-W34,1
DR0421,2025-W39,1
DR0421,2025-W42,1
DR0421,2025-W43,2
DR0421,2025-W47,1
DR0421,2025-W50,1
DR0421,2026-W05,1
DR0421,2026-W11,1
DR0421,2026-W15,1
DR0421,2026-W17,1
DR0421,2026-W19,1
DR0421,2026-W26,1
DR0422,2024-W02,2
DR0422,2024-W04,1
DR0422,2024-W07,1
DR0422,2024-W15,1
DR0422,2024-W17,1
DR0422,2024-W18,2
DR0422,2024-W20,2
DR0422,2024-W21,1
DR0422,2024-W26,1
DR0422,2024-W27,1
DR0422,2024-W29,1
DR0422,2024-W30,1
DR0422,2024-W31,2
DR0422,2024-W32,1
DR0422,2024-W33,1
DR0422,2024-W34,3
DR0422,2024-W36,1
DR0422,2024-W39,1
DR0422,2024-W42,1
DR0422,2024-W44,1
DR0422,2024-W46,1
DR0422,2024-W48,1
DR0422,2024-W49,1
DR0422,2024-W51,2
DR0422,2024-W52,1
DR0422,2025-W02,1
DR0422,2025-W03,1
DR0422,2025-W08,1
DR0422,2025-W09,1
DR0422,2025-W11,1
DR0422,2025-W14,2
DR0422,2025-W18,1
DR0422,2025-W19,1
DR0422,2025-W23,1
DR0422,2025-W27,2
DR0422,2025-W32,1
DR0422,2025-W36,1
DR0422,2025-W38,2
DR0422,2025-W40,1
DR0422,2025-W42,2
DR0422,2025-W47,3
DR0422,2025-W50,1
DR0422,2025-W51,1
DR0422,2025-W52,1
DR0422,2026-W00,1
DR0422,2026-W03,1
DR0422,2026-W04,2
DR0422,2026-W08,1
DR0422,2026-W12,1
DR0422,2026-W14,1
DR0422,2026-W15,2
DR0422,2026-W16,2
DR0422,2026-W17,2
DR0422,2026-W18,2
DR0422,2026-W21,1
DR0422,2026-W26,1
DR0422,2026-W34,1
DR0422,2026-W36,1
DR0422,2026-W37,1
DR0422,2026-W38,1
DR0422,2026-W39,1
DR0423,2024-W02,1
DR0423,2024-W03,3
DR0423,2024-W06,1
DR0423,2024-W09,1
DR0423,2024-W11,1
DR0423,2024-W13,1
DR0423,2024-W14,1
DR0423,2024-W21,1
DR0423,2024-W22,1
DR0423,2024-W23,1
DR0423,2024-W24,3
DR0423,2024-W25,2
DR0423,2024-W28,1
DR0423,2024-W30,1
DR0423,2024-W32,1
DR0423,2024-W33,1
DR0423,2024-W37,1
DR0423,2024-W41,1
DR0423,2024-W42,1
DR0423,2024-W44,2
DR0423,2024-W45,1
DR0423,2024-W47,2
DR0423,2024-W50,3
DR0423,2024-W51,2
DR0423,2024-W53,1
DR0423,2025-W03,1
DR0423,2025-W06,1
DR0423,2025-W11,1
DR0423,2025-W13,1
DR0423,2025-W14,1
DR0423,2025-W17,1
DR0423,2025-W19,1
DR0423,2025-W20,1
DR0423,2025-W21,1
DR0423,2025-W24,1
DR0423,2025-W25,3
DR0423,2025-W28,1
DR0423,2025-W33,1
DR0423,2025-W38,1
DR0423,2025-W39,1
DR0423,2025-W41,1
DR0423,2025-W43,1
DR0423,2025-W44,3
DR0423,2025-W45,2
DR0423,2025-W46,2
DR0423,2025-W47,2
DR0423,2025-W49,2
DR0423,2025-W50,1
DR0423,2025-W52,1
DR0423,2026-W04,1
DR0423,2026-W05,1
DR0423,2026-W11,1
DR0423,2026-W12,2
DR0423,2026-W13,1
DR0423,2026-W14,1
DR0423,2026-W17,1
DR0423,2026-W18,1
DR0423,2026-W20,1
DR0423,2026-W21,1
DR0423,2026-W22,1
DR0423,2026-W23,1
DR0423,2026-W24,1
DR0423,2026-W28,2
DR0423,2026-W29,1
DR0423,2026-W34,1
DR0423,2026-W35,2
DR0424,2024-W01,1
DR0424,2024-W04,2
DR0424,2024-W07,1
DR0424,2024-W08,1
DR0424,2024-W12,1
DR0424,2024-W13,2
DR0424,2024-W15,1
DR0424,2024-W18,1
DR0424,2024-W24,5
DR0424,2024-W25,1
DR0424,2024-W26,2
DR0424,2024-W32,1
DR0424,2024-W34,1
DR0424,2024-W36,2
DR0424,2024-W37,1
DR0424,2024-W38,1
DR0424,2024-W40,1
DR0424,2024-W43,3
DR0424,2024-W44,2
DR0424,2024-W45,3
DR0424,2024-W46,1
DR0424,2024-W51,1
DR0424,2024-W52,2
DR0424,2025-W01,1
DR0424,2025-W03,2
DR0424,2025-W05,1
DR0424,2025-W06,1
DR0424,2025-W09,1
DR0424,2025-W15,2
DR0424,2025-W16,1
DR0424,2025-W17,1
DR0424,2025-W19,1
DR0424,2025-W20,1
DR0424,2025-W23,1
DR0424,2025-W27,1
DR0424,2025-W29,1
DR0424,2025-W35,1
DR0424,2025-W37,1
DR0424,2025-W38,1
DR0424,2025-W42,1
DR0424,2025-W44,3
DR0424,2025-W45,3
DR0424,2025-W48,2
DR0424,2025-W49,1
DR0424,2025-W51,1
DR0424,2026-W02,2
DR0424,2026-W05,2
DR0424,2026-W06,1
DR0424,2026-W08,2
DR0424,2026-W11,1
DR0424,2026-W13,1
DR0424,2026-W14,1
DR0424,2026-W16,1
DR0424,2026-W18,1
DR0424,2026-W20,1
DR0424,2026-W21,1
DR0424,2026-W23,2
DR0424,2026-W25,1
DR0424,2026-W28,1
DR0424,2026-W29,1
DR0424,2026-W31,1
DR0424,2026-W32,1
DR0424,2026-W33,1
DR0424,2026-W34,1
DR0424,2026-W36,1
DR0424,2026-W37,1
DR0425,2024-W01,3
DR0425,2024-W02,2
DR0425,2024-W03,2
DR0425,2024-W04,1
DR0425,2024-W05,1
DR0425,2024-W06,2
DR0425,2024-W07,2
DR0425,2024-W08,2
DR0425,2024-W09,3
DR0425,2024-W12,1
DR0425,2024-W13,2
DR0425,2024-W16,2
DR0425,2024-W18,2
DR0425,2024-W19,2
DR0425,2024-W20,2
DR0425,2024-W21,1
DR0425,2024-W24,1
DR0425,2024-W25,3
DR0425,2024-W26,1
DR0425,2024-W28,3
DR0425,2024-W30,1
DR0425,2024-W32,1
DR0425,2024-W33,2
DR0425,2024-W35,1
DR0425,2024-W36,1
DR0425,2024-W37,2
DR0425,2024-W41,2
DR0425,2024-W43,1
DR0425,2024-W45,1
DR0425,2024-W48,3
DR0425,2024-W49,1
DR0425,2024-W50,1
DR0425,2024-W51,1
DR0425,2025-W00,1
DR0425,2025-W02,3
DR0425,2025-W03,1
DR0425,2025-W05,3
DR0425,2025-W06,1
DR0425,2025-W08,3
DR0425,2025-W09,3
DR0425,2025-W10,2
DR0425,2025-W11,1
DR0425,2025-W15,1
DR0425,2025-W17,3
DR0425,2025-W19,2
DR0425,2025-W21,1
DR0425,2025-W22,2
DR0425,2025-W23,5
DR0425,2025-W24,1
DR0425,2025-W25,2
DR0425,2025-W26,1
DR0425,2025-W27,1
DR0425,2025-W29,3
DR0425,2025-W30,1
DR0425,2025-W33,1
DR0425,2025-W34,3
DR0425,2025-W35,1
DR0425,2025-W38,1
DR0425,2025-W43,1
DR0425,2025-W44,1
DR0425,2025-W45,1
DR0425,2025-W47,1
DR0425,2025-W48,1
DR0425,2025-W51,3
DR0425,2025-W52,1
DR0425,2026-W00,1
DR0425,2026-W01,4
DR0425,2026-W02,3
DR0425,2026-W03,2
DR0425,2026-W05,2
DR0425,2026-W06,1
DR0425,2026-W07,2
DR0425,2026-W09,1
DR0425,2026-W11,2
DR0425,2026-W12,1
DR0425,2026-W13,1
DR0425,2026-W15,1
DR0425,2026-W18,1
DR0425,2026-W20,2
DR0425,2026-W21,1
DR0425,2026-W22,4
DR0425,2026-W23,2
DR0425,2026-W24,2
DR0425,2026-W25,1
DR0425,2026-W27,1
DR0425,2026-W28,2
DR0425,2026-W29,2
DR0425,2026-W32,1
DR0425,2026-W35,1
DR0425,2026-W36,3
DR0425,2026-W37,1
DR0425,2026-W38,1
DR0426,2024-W01,1
DR0426,2024-W02,1
DR0426,2024-W08,1
DR0426,2024-W09,2
DR0426,2024-W14,3
DR0426,2024-W16,1
DR0426,2024-W17,1
DR0426,2024-W18,1
DR0426,2024-W24,1
DR0426,2024-W26,1
DR0426,2024-W27,3
DR0426,2024-W30,1
DR0426,2024-W33,1
DR0426,2024-W35,1
DR0426,2024-W37,1
DR0426,2024-W41,1
DR0426,2024-W42,1
DR0426,2024-W48,1
DR0426,2024-W49,2
DR0426,2024-W51,1
DR0426,2024-W52,1
DR0426,2025-W04,1
DR0426,2025-W05,1
DR0426,2025-W10,1
DR0426,2025-W13,1
DR0426,2025-W17,1
DR0426,2025-W21,1
DR0426,2025-W24,1
DR0426,2025-W25,2
DR0426,2025-W26,1
DR0426,2025-W32,1
DR0426,2025-W33,2
DR0426,2025-W34,1
DR0426,2025-W35,1
DR0426,2025-W36,1
DR0426,2025-W48,1
DR0426,2026-W04,1
DR0426,2026-W06,1
DR0426,2026-W07,1
DR0426,2026-W09,1
DR0426,2026-W10,1
DR0426,2026-W13,2
DR0426,2026-W16,1
DR0426,2026-W17,1
DR0426,2026-W20,1
DR0426,2026-W22,1
DR0426,2026-W23,1
DR0426,2026-W24,1
DR0426,2026-W25,1
DR0426,2026-W36,1
DR0427,2024-W01,2
DR0427,2024-W04,3
DR0427,2024-W05,1
DR0427,2024-W07,2
DR0427,2024-W08,1
DR0427,2024-W09,2
DR0427,2024-W10,1
DR0427,2024-W11,2
DR0427,2024-W12,2
DR0427,2024-W13,1
DR0427,2024-W14,1
DR0427,2024-W15,1
DR0427,2024-W19,4
DR0427,2024-W20,1
DR0427,2024-W22,1
DR0427,2024-W23,1
DR0427,2024-W24,1
DR0427,2024-W26,1
DR0427,2024-W29,1
DR0427,2024-W30,2
DR0427,2024-W31,2
DR0427,2024-W32,2
DR0427,2024-W33,2
DR0427,2024-W37,2
DR0427,2024-W38,2
DR0427,2024-W39,1
DR0427,2024-W40,1
DR0427,2024-W41,1
DR0427,2024-W42,1
DR0427,2024-W43,1
DR0427,2024-W44,1
DR0427,2024-W46,1
DR0427,2024-W47,1
DR0427,2024-W48,1
DR0427,2024-W49,2
DR0427,2024-W50,2
DR0427,2024-W51,1
DR0427,2024-W52,1
DR0427,2025-W00,2
DR0427,2025-W02,1
DR0427,2025-W03,1
DR0427,2025-W04,1
DR0427,2025-W05,3
DR0427,2025-W07,2
DR0427,2025-W09,1
DR0427,2025-W11,1
DR0427,2025-W12,2
DR0427,2025-W15,2
DR0427,2025-W16,2
DR0427,2025-W18,1
DR0427,2025-W22,3
DR0427,2025-W23,2
DR0427,2025-W25,3
DR0427,2025-W26,1
DR0427,2025-W27,1
DR0427,2025-W28,1
DR0427,2025-W30,1
DR0427,2025-W31,1
DR0427,2025-W33,2
DR0427,2025-W34,1
DR0427,2025-W35,1
DR0427,2025-W39,1
DR0427,2025-W40,1
DR0427,2025-W41,1
DR0427,2025-W42,1
DR0427,2025-W43,1
DR0427,2025-W44,2
DR0427,2025-W46,1
DR0427,2025-W47,2
DR0427,2025-W49,1
DR0427,2025-W51,1
DR0427,2026-W01,1
DR0427,2026-W03,3
DR0427,2026-W04,1
DR0427,2026-W05,1
DR0427,2026-W09,1
DR0427,2026-W10,2
DR0427,2026-W16,1
DR0427,2026-W17,1
DR0427,2026-W20,1
DR0427,2026-W24,1
DR0427,2026-W25,1
DR0427,2026-W26,1
DR0427,2026-W28,1
DR0427,2026-W29,3
DR0427,2026-W30,1
DR0427,2026-W31,1
DR0427,2026-W32,2
DR0427,2026-W33,1
DR0427,2026-W34,1
DR0427,2026-W35,3
DR0427,2026-W37,2
DR0427,2026-W38,1
DR0428,2024-W01,2
DR0428,2024-W02,4
DR0428,2024-W03,1
DR0428,2024-W04,2
DR0428,2024-W05,2
DR0428,2024-W06,1
DR0428,2024-W07,5
DR0428,2024-W09,5
DR0428,2024-W10,2
DR0428,2024-W11,5
DR0428,2024-W12,3
DR0428,2024-W13,4
DR0428,2024-W14,2
DR0428,2024-W15,3
DR0428,2024-W16,2
DR0428,2024-W17,7
DR0428,2024-W18,3
DR0428,2024-W19,4
DR0428,2024-W21,3
DR0428,2024-W22,2
DR0428,2024-W23,5
DR0428,2024-W24,2
DR0428,2024-W25,3
DR0428,2024-W26,1
DR0428,2024-W27,1
DR0428,2024-W28,5
DR0428,2024-W29,5
DR0428,2024-W31,3
DR0428,2024-W32,2
DR0428,2024-W33,3
DR0428,2024-W34,3
DR0428,2024-W35,2
DR0428,2024-W36,2
DR0428,2024-W37,1
DR0428,2024-W38,3
DR0428,2024-W39,5
DR0428,2024-W40,2
DR0428,2024-W41,4
DR0428,2024-W42,2
DR0428,2024-W43,2
DR0428,2024-W44,2
DR0428,2024-W45,4
DR0428,2024-W46,3
DR0428,2024-W47,1
DR0428,2024-W48,4
DR0428,2024-W50,7
DR0428,2024-W51,4
DR0428,2024-W52,2
DR0428,2024-W53,1
DR0428,2025-W00,1
DR0428,2025-W01,2
DR0428,2025-W02,3
DR0428,2025-W03,2
DR0428,2025-W04,3
DR0428,2025-W05,2
DR0428,2025-W06,1
DR0428,2025-W07,1
DR0428,2025-W08,1
DR0428,2025-W09,1
DR0428,2025-W10,3
DR0428,2025-W11,2
DR0428,2025-W12,1
DR0428,2025-W13,4
DR0428,2025-W14,4
DR0428,2025-W15,4
DR0428,2025-W16,2
DR0428,2025-W17,2
DR0428,2025-W18,1
DR0428,2025-W19,1
DR0428,2025-W20,1
DR0428,2025-W21,1
DR0428,2025-W22,2
DR0428,2025-W23,1
DR0428,2025-W25,2
DR0428,2025-W26,1
DR0428,2025-W27,4
DR0428,2025-W28,5
DR0428,2025-W31,3
DR0428,2025-W33,3
DR0428,2025-W34,1
DR0428,2025-W35,1
DR0428,2025-W36,5
DR0428,2025-W37,1
DR0428,2025-W38,2
DR0428,2025-W39,3
DR0428,2025-W40,4
DR0428,2025-W41,1
DR0428,2025-W42,4
DR0428,2025-W43,1
DR0428,2025-W44,2
DR0428,2025-W45,2
DR0428,2025-W46,2
DR0428,2025-W47,4
DR0428,2025-W48,1
DR0428,2025-W49,1
DR0428,2025-W50,3
DR0428,2025-W51,3
DR0428,2026-W00,1
DR0428,2026-W01,4
DR0428,2026-W02,7
DR0428,2026-W03,4
DR0428,2026-W04,4
DR0428,2026-W06,1
DR0428,2026-W07,5
DR0428,2026-W08,2
DR0428,2026-W09,2
DR0428,2026-W10,3
DR0428,2026-W11,4
DR0428,2026-W12,3
DR0428,2026-W13,3
DR0428,2026-W14,1
DR0428,2026-W15,3
DR0428,2026-W16,2
DR0428,2026-W17,6
DR0428,2026-W18,4
DR0428,2026-W19,2
DR0428,2026-W20,1
DR0428,2026-W21,3
DR0428,2026-W22,4
DR0428,2026-W23,4
DR0428,2026-W25,2
DR0428,2026-W26,3
DR0428,2026-W28,1
DR0428,2026-W29,2
DR0428,2026-W30,2
DR0428,2026-W31,1
DR0428,2026-W33,3
DR0428,2026-W34,1
DR0428,2026-W35,4
DR0428,2026-W36,4
DR0428,2026-W37,1
DR0428,2026-W38,3
DR0429,2024-W01,1
DR0429,2024-W02,1
DR0429,2024-W07,3
DR0429,2024-W09,1
DR0429,2024-W10,1
DR0429,2024-W12,3
DR0429,2024-W28,2
DR0429,2024-W32,1
DR0429,2024-W34,1
DR0429,2024-W42,1
DR0429,2024-W44,1
DR0429,2024-W46,1
DR0429,2024-W52,1
DR0429,2025-W07,1
DR0429,2025-W08,1
DR0429,2025-W12,1
DR0429,2025-W15,1
DR0429,2025-W24,2
DR0429,2025-W25,1
DR0429,2025-W33,1
DR0429,2025-W35,1
DR0429,2025-W37,1
DR0429,2025-W39,1
DR0429,2025-W41,1
DR0429,2025-W42,1
DR0429,2025-W43,1
DR0429,2025-W45,1
DR0429,2025-W48,1
DR0429,2026-W02,1
DR0429,2026-W03,2
DR0429,2026-W07,1
DR0429,2026-W08,1
DR0429,2026-W11,1
DR0429,2026-W13,1
DR0429,2026-W16,2
DR0429,2026-W18,1
DR0429,2026-W20,2
DR0429,2026-W26,1
DR0429,2026-W30,1
DR0429,2026-W34,1
DR0429,2026-W36,1
DR0430,2024-W01,1
DR0430,2024-W02,1
DR0430,2024-W03,1
DR0430,2024-W05,3
DR0430,2024-W06,1
DR0430,2024-W07,1
DR0430,2024-W08,2
DR0430,2024-W09,1
DR0430,2024-W10,1
DR0430,2024-W12,1
DR0430,2024-W13,1
DR0430,2024-W15,2
DR0430,2024-W16,2
DR0430,2024-W17,1
DR0430,2024-W18,1
DR0430,2024-W19,2
DR0430,2024-W20,1
DR0430,2024-W22,1
DR0430,2024-W24,2
DR0430,2024-W26,1
DR0430,2024-W27,1
DR0430,2024-W29,3
DR0430,2024-W31,2
DR0430,2024-W34,1
DR0430,2024-W36,2
DR0430,2024-W37,1
DR0430,2024-W38,2
DR0430,2024-W39,5
DR0430,2024-W41,1
DR0430,2024-W42,1
DR0430,2024-W43,2
DR0430,2024-W48,2
DR0430,2024-W49,1
DR0430,2024-W51,1
DR0430,2024-W52,1
DR0430,2024-W53,1
DR0430,2025-W01,1
DR0430,2025-W02,2
DR0430,2025-W04,2
DR0430,2025-W05,1
DR0430,2025-W07,1
DR0430,2025-W08,1
DR0430,2025-W09,1
DR0430,2025-W10,1
DR0430,2025-W11,1
DR0430,2025-W12,1
DR0430,2025-W14,6
DR0430,2025-W15,1
DR0430,2025-W16,1
DR0430,2025-W20,1
DR0430,2025-W21,1
DR0430,2025-W22,1
DR0430,2025-W23,1
DR0430,2025-W26,2
DR0430,2025-W27,1
DR0430,2025-W28,1
DR0430,2025-W32,2
DR0430,2025-W35,1
DR0430,2025-W36,1
DR0430,2025-W39,2
DR0430,2025-W40,2
DR0430,2025-W41,1
DR0430,2025-W42,2
DR0430,2025-W43,1
DR0430,2025-W44,1
DR0430,2025-W46,2
DR0430,2025-W47,1
DR0430,2025-W48,1
DR0430,2025-W49,1
DR0430,2025-W50,1
DR0430,2025-W51,2
DR0430,2025-W52,1
DR0430,2026-W00,1
DR0430,2026-W01,1
DR0430,2026-W03,2
DR0430,2026-W05,2
DR0430,2026-W07,2
DR0430,2026-W08,3
DR0430,2026-W10,3
DR0430,2026-W12,2
DR0430,2026-W14,2
DR0430,2026-W15,1
DR0430,2026-W17,1
DR0430,2026-W19,1
DR0430,2026-W20,1
DR0430,2026-W21,1
DR0430,2026-W22,1
DR0430,2026-W25,1
DR0430,2026-W26,1
DR0430,2026-W27,2
DR0430,2026-W30,2
DR0430,2026-W31,1
DR0430,2026-W32,3
DR0430,2026-W33,2
DR0430,2026-W34,2
DR0430,2026-W35,1
DR0430,2026-W36,2
DR0430,2026-W38,2
DR0430,2026-W39,2
DR0431,2024-W01,5
DR0431,2024-W03,2
DR0431,2024-W04,2
DR0431,2024-W06,2
DR0431,2024-W07,1
DR0431,2024-W08,3
DR0431,2024-W09,5
DR0431,2024-W10,3
DR0431,2024-W11,3
DR0431,2024-W12,1
DR0431,2024-W13,5
DR0431,2024-W14,3
DR0431,2024-W15,3
DR0431,2024-W16,5
DR0431,2024-W17,1
DR0431,2024-W18,4
DR0431,2024-W19,1
DR0431,2024-W20,3
DR0431,2024-W21,2
DR0431,2024-W22,2
DR0431,2024-W23,1
DR0431,2024-W24,2
DR0431,2024-W25,1
DR0431,2024-W26,2
DR0431,2024-W27,3
DR0431,2024-W29,2
DR0431,2024-W30,2
DR0431,2024-W31,2
DR0431,2024-W32,7
DR0431,2024-W33,2
DR0431,2024-W34,1
DR0431,2024-W35,4
DR0431,2024-W36,1
DR0431,2024-W37,1
DR0431,2024-W38,2
DR0431,2024-W40,4
DR0431,2024-W41,1
DR0431,2024-W42,2
DR0431,2024-W43,1
DR0431,2024-W44,1
DR0431,2024-W45,4
DR0431,2024-W46,6
DR0431,2024-W47,5
DR0431,2024-W48,2
DR0431,2024-W49,1
DR0431,2024-W50,7
DR0431,2024-W51,4
DR0431,2024-W52,3
DR0431,2024-W53,2
DR0431,2025-W00,1
DR0431,2025-W02,1
DR0431,2025-W03,3
DR0431,2025-W04,3
DR0431,2025-W05,8
DR0431,2025-W06,4
DR0431,2025-W08,1
DR0431,2025-W09,2
DR0431,2025-W11,4
DR0431,2025-W12,2
DR0431,2025-W13,2
DR0431,2025-W14,6
DR0431,2025-W15,4
DR0431,2025-W16,1
DR0431,2025-W17,2
DR0431,2025-W18,1
DR0431,2025-W19,3
DR0431,2025-W20,2
DR0431,2025-W21,2
DR0431,2025-W22,4
DR0431,2025-W23,5
DR0431,2025-W24,4
DR0431,2025-W25,1
DR0431,2025-W26,6
DR0431,2025-W27,2
DR0431,2025-W28,6
DR0431,2025-W29,3
DR0431,2025-W30,4
DR0431,2025-W31,1
DR0431,2025-W32,3
DR0431,2025-W33,2
DR0431,2025-W35,3
DR0431,2025-W36,3
DR0431,2025-W37,4
DR0431,2025-W39,5
DR0431,2025-W40,5
DR0431,2025-W41,3
DR0431,2025-W42,6
DR0431,2025-W43,1
DR0431,2025-W44,3
DR0431,2025-W45,2
DR0431,2025-W46,3
DR0431,2025-W48,5
DR0431,2025-W49,2
DR0431,2025-W51,3
DR0431,2025-W52,2
DR0431,2026-W00,2
DR0431,2026-W01,4
DR0431,2026-W02,3
DR0431,2026-W03,1
DR0431,2026-W04,1
DR0431,2026-W05,2
DR0431,2026-W06,2
DR0431,2026-W07,1
DR0431,2026-W08,2
DR0431,2026-W09,1
DR0431,2026-W10,1
DR0431,2026-W11,1
DR0431,2026-W12,3
DR0431,2026-W13,4
DR0431,2026-W14,3
DR0431,2026-W15,1
DR0431,2026-W16,2
DR0431,2026-W17,3
DR0431,2026-W18,1
DR0431,2026-W19,2
DR0431,2026-W20,3
DR0431,2026-W21,3
DR0431,2026-W23,1
DR0431,2026-W24,2
DR0431,2026-W25,1
DR0431,2026-W26,2
DR0431,2026-W27,1
DR0431,2026-W28,3
DR0431,2026-W29,2
DR0431,2026-W31,4
DR0431,2026-W32,2
DR0431,2026-W33,1
DR0431,2026-W34,2
DR0431,2026-W35,2
DR0431,2026-W36,2
DR0431,2026-W37,4
DR0431,2026-W38,2
DR0431,2026-W39,3
DR0432,2024-W05,1
DR0432,2024-W09,1
DR0432,2024-W10,1
DR0432,2024-W13,1
DR0432,2024-W17,1
DR0432,2024-W18,1
DR0432,2024-W19,2
DR0432,2024-W22,2
DR0432,2024-W24,1
DR0432,2024-W25,1
DR0432,2024-W28,1
DR0432,2024-W31,1
DR0432,2024-W32,1
DR0432,2024-W39,1
DR0432,2024-W44,1
DR0432,2024-W48,1
DR0432,2024-W50,1
DR0432,2024-W51,2
DR0432,2024-W52,1
DR0432,2025-W05,1
DR0432,2025-W07,1
DR0432,2025-W08,1
DR0432,2025-W11,1
DR0432,2025-W12,1
DR0432,2025-W15,1
DR0432,2025-W20,1
DR0432,2025-W22,1
DR0432,2025-W25,1
DR0432,2025-W30,1
DR0432,2025-W33,2
DR0432,2025-W34,1
DR0432,2025-W36,1
DR0432,2025-W37,1
DR0432,2025-W38,1
DR0432,2025-W39,1
DR0432,2025-W41,1
DR0432,2025-W46,1
DR0432,2025-W47,1
DR0432,2025-W48,1
DR0432,2025-W49,1
DR0432,2025-W51,1
DR0432,2025-W52,1
DR0432,2026-W00,1
DR0432,2026-W03,1
DR0432,2026-W07,1
DR0432,2026-W11,1
DR0432,2026-W27,1
DR0432,2026-W29,2
DR0432,2026-W31,2
DR0432,2026-W32,1
DR0432,2026-W33,1
DR0432,2026-W34,1
DR0433,2024-W01,2
DR0433,2024-W02,2
DR0433,2024-W03,2
DR0433,2024-W04,1
DR0433,2024-W07,1
DR0433,2024-W10,2
DR0433,2024-W13,3
DR0433,2024-W14,1
DR0433,2024-W15,2
DR0433,2024-W16,2
DR0433,2024-W17,1
DR0433,2024-W18,1
DR0433,2024-W19,1
DR0433,2024-W21,2
DR0433,2024-W22,2
DR0433,2024-W23,1
DR0433,2024-W24,2
DR0433,2024-W26,2
DR0433,2024-W28,1
DR0433,2024-W29,3
DR0433,2024-W31,1
DR0433,2024-W32,1
DR0433,2024-W36,1
DR0433,2024-W37,3
DR0433,2024-W38,2
DR0433,2024-W39,1
DR0433,2024-W40,1
DR0433,2024-W41,1
DR0433,2024-W42,2
DR0433,2024-W43,1
DR0433,2024-W44,5
DR0433,2024-W45,1
DR0433,2024-W46,4
DR0433,2024-W47,1
DR0433,2024-W48,1
DR0433,2024-W51,2
DR0433,2024-W52,3
DR0433,2025-W00,2
DR0433,2025-W01,4
DR0433,2025-W05,1
DR0433,2025-W06,1
DR0433,2025-W07,3
DR0433,2025-W08,2
DR0433,2025-W09,2
DR0433,2025-W10,1
DR0433,2025-W11,1
DR0433,2025-W12,3
DR0433,2025-W16,1
DR0433,2025-W17,1
DR0433,2025-W18,1
DR0433,2025-W21,1
DR0433,2025-W22,1
DR0433,2025-W24,1
DR0433,2025-W25,1
DR0433,2025-W26,3
DR0433,2025-W27,2
DR0433,2025-W28,2
DR0433,2025-W30,3
DR0433,2025-W31,2
DR0433,2025-W32,4
DR0433,2025-W34,1
DR0433,2025-W35,1
DR0433,2025-W36,1
DR0433,2025-W37,1
DR0433,2025-W41,1
DR0433,2025-W42,2
DR0433,2025-W43,1
DR0433,2025-W44,1
DR0433,2025-W45,1
DR0433,2025-W47,4
DR0433,2025-W48,1
DR0433,2025-W49,1
DR0433,2025-W50,1
DR0433,2025-W51,3
DR0433,2025-W52,1
DR0433,2026-W01,2
DR0433,2026-W03,1
DR0433,2026-W04,3
DR0433,2026-W05,1
DR0433,2026-W07,1
DR0433,2026-W08,2
DR0433,2026-W10,1
DR0433,2026-W11,1
DR0433,2026-W12,1
DR0433,2026-W13,1
DR0433,2026-W14,1
DR0433,2026-W15,2
DR0433,2026-W16,1
DR0433,2026-W17,1
DR0433,2026-W18,2
DR0433,2026-W19,2
DR0433,2026-W20,1
DR0433,2026-W21,2
DR0433,2026-W22,1
DR0433,2026-W25,1
DR0433,2026-W27,1
DR0433,2026-W31,1
DR0433,2026-W32,3
DR0433,2026-W33,1
DR0433,2026-W34,1
DR0433,2026-W35,1
DR0433,2026-W37,3
DR0433,2026-W38,3
DR0434,2024-W01,1
DR0434,2024-W02,1
DR0434,2024-W04,2
DR0434,2024-W05,1
DR0434,2024-W06,2
DR0434,2024-W11,2
DR0434,2024-W12,2
DR0434,2024-W14,1
DR0434,2024-W15,1
DR0434,2024-W17,1
DR0434,2024-W18,1
DR0434,2024-W19,1
DR0434,2024-W20,1
DR0434,2024-W21,1
DR0434,2024-W22,1
DR0434,2024-W23,1
DR0434,2024-W24,1
DR0434,2024-W25,1
DR0434,2024-W26,1
DR0434,2024-W28,2
DR0434,2024-W29,1
DR0434,2024-W31,3
DR0434,2024-W32,1
DR0434,2024-W33,1
DR0434,2024-W34,1
DR0434,2024-W35,1
DR0434,2024-W37,2
DR0434,2024-W38,2
DR0434,2024-W43,2
DR0434,2024-W45,2
DR0434,2024-W46,1
DR0434,2024-W48,2
DR0434,2024-W50,1
DR0434,2024-W51,1
DR0434,2025-W00,2
DR0434,2025-W02,2
DR0434,2025-W03,1
DR0434,2025-W06,1
DR0434,2025-W08,1
DR0434,2025-W10,1
DR0434,2025-W13,1
DR0434,2025-W15,1
DR0434,2025-W16,1
DR0434,2025-W18,1
DR0434,2025-W19,1
DR0434,2025-W20,1
DR0434,2025-W21,2
DR0434,2025-W22,3
DR0434,2025-W23,3
DR0434,2025-W25,2
DR0434,2025-W26,3
DR0434,2025-W28,1
DR0434,2025-W29,2
DR0434,2025-W30,2
DR0434,2025-W32,1
DR0434,2025-W33,2
DR0434,2025-W34,1
DR0434,2025-W35,2
DR0434,2025-W36,1
DR0434,2025-W37,1
DR0434,2025-W41,3
DR0434,2025-W42,1
DR0434,2025-W45,2
DR0434,2025-W46,1
DR0434,2025-W47,2
DR0434,2025-W49,1
DR0434,2025-W50,2
DR0434,2025-W51,1
DR0434,2026-W00,1
DR0434,2026-W02,1
DR0434,2026-W06,1
DR0434,2026-W08,3
DR0434,2026-W10,1
DR0434,2026-W11,1
DR0434,2026-W12,1
DR0434,2026-W13,1
DR0434,2026-W16,1
DR0434,2026-W17,1
DR0434,2026-W19,3
DR0434,2026-W21,2
DR0434,2026-W25,2
DR0434,2026-W26,1
DR0434,2026-W27,1
DR0434,2026-W30,1
DR0434,2026-W31,2
DR0434,2026-W34,1
DR0434,2026-W35,2
DR0434,2026-W36,2
DR0434,2026-W39,1
DR0435,2024-W01,2
DR0435,2024-W06,1
DR0435,2024-W07,2
DR0435,2024-W09,2
DR0435,2024-W11,1
DR0435,2024-W12,1
DR0435,2024-W13,1
DR0435,2024-W16,2
DR0435,2024-W17,1
DR0435,2024-W19,1
DR0435,2024-W20,1
DR0435,2024-W22,2
DR0435,2024-W23,1
DR0435,2024-W24,3
DR0435,2024-W26,2
DR0435,2024-W27,1
DR0435,2024-W28,1
DR0435,2024-W30,2
DR0435,2024-W33,1
DR0435,2024-W34,1
DR0435,2024-W35,2
DR0435,2024-W36,1
DR0435,2024-W39,2
DR0435,2024-W40,1
DR0435,2024-W42,2
DR0435,2024-W43,1
DR0435,2024-W47,2
DR0435,2024-W50,1
DR0435,2024-W51,3
DR0435,2024-W53,1
DR0435,2025-W01,1
DR0435,2025-W02,4
DR0435,2025-W04,1
DR0435,2025-W05,1
DR0435,2025-W09,1
DR0435,2025-W10,4
DR0435,2025-W12,1
DR0435,2025-W19,1
DR0435,2025-W21,1
DR0435,2025-W22,1
DR0435,2025-W23,1
DR0435,2025-W26,1
DR0435,2025-W28,1
DR0435,2025-W29,1
DR0435,2025-W30,1
DR0435,2025-W31,1
DR0435,2025-W32,1
DR0435,2025-W33,2
DR0435,2025-W34,1
DR0435,2025-W35,1
DR0435,2025-W38,1
DR0435,2025-W39,2
DR0435,2025-W40,1
DR0435,2025-W42,1
DR0435,2025-W43,2
DR0435,2025-W45,1
DR0435,2025-W47,2
DR0435,2025-W49,2
DR0435,2025-W52,1
DR0435,2026-W02,1
DR0435,2026-W04,1
DR0435,2026-W05,3
DR0435,2026-W06,1
DR0435,2026-W07,1
DR0435,2026-W09,1
DR0435,2026-W12,1
DR0435,2026-W16,1
DR0435,2026-W19,2
DR0435,2026-W22,2
DR0435,2026-W23,1
DR0435,2026-W24,2
DR0435,2026-W27,1
DR0435,2026-W29,2
DR0435,2026-W30,2
DR0435,2026-W31,2
DR0435,2026-W34,1
DR0435,2026-W36,2
DR0435,2026-W38,4
DR0436,2024-W03,1
DR0436,2024-W06,1
DR0436,2024-W10,3
DR0436,2024-W13,1
DR0436,2024-W15,2
DR0436,2024-W17,1
DR0436,2024-W19,1
DR0436,2024-W20,1
DR0436,2024-W21,1
DR0436,2024-W22,2
DR0436,2024-W23,1
DR0436,2024-W24,1
DR0436,2024-W30,2
DR0436,2024-W31,1
DR0436,2024-W33,1
DR0436,2024-W34,1
DR0436,2024-W36,1
DR0436,2024-W39,2
DR0436,2024-W40,3
DR0436,2024-W41,1
DR0436,2024-W45,2
DR0436,2024-W49,1
DR0436,2025-W03,1
DR0436,2025-W04,1
DR0436,2025-W05,1
DR0436,2025-W06,2
DR0436,2025-W11,1
DR0436,2025-W12,2
DR0436,2025-W15,1
DR0436,2025-W18,1
DR0436,2025-W24,1
DR0436,2025-W28,2
DR0436,2025-W29,1
DR0436,2025-W30,1
DR0436,2025-W31,1
DR0436,2025-W32,2
DR0436,2025-W33,1
DR0436,2025-W36,2
DR0436,2025-W37,1
DR0436,2025-W38,1
DR0436,2025-W39,1
DR0436,2025-W41,1
DR0436,2025-W48,2
DR0436,2025-W49,2
DR0436,2025-W50,1
DR0436,2025-W51,1
DR0436,2026-W00,1
DR0436,2026-W01,1
DR0436,2026-W02,1
DR0436,2026-W03,1
DR0436,2026-W05,1
DR0436,2026-W07,1
DR0436,2026-W10,1
DR0436,2026-W13,1
DR0436,2026-W16,1
DR0436,2026-W17,1
DR0436,2026-W18,1
DR0436,2026-W19,2
DR0436,2026-W20,1
DR0436,2026-W21,1
DR0436,2026-W22,1
DR0436,2026-W23,1
DR0436,2026-W24,1
DR0436,2026-W25,2
DR0436,2026-W26,1
DR0436,2026-W29,1
DR0436,2026-W31,1
DR0436,2026-W32,1
DR0436,2026-W34,1
DR0436,2026-W36,1
DR0436,2026-W38,1
DR0437,2024-W01,2
DR0437,2024-W03,3
DR0437,2024-W04,1
DR0437,2024-W05,2
DR0437,2024-W06,2
DR0437,2024-W07,1
DR0437,2024-W08,3
DR0437,2024-W09,3
DR0437,2024-W10,3
DR0437,2024-W11,3
DR0437,2024-W12,1
DR0437,2024-W13,1
DR0437,2024-W14,2
DR0437,2024-W15,1
DR0437,2024-W16,3
DR0437,2024-W17,1
DR0437,2024-W18,2
DR0437,2024-W19,3
DR0437,2024-W20,1
DR0437,2024-W21,4
DR0437,2024-W22,5
DR0437,2024-W23,2
DR0437,2024-W24,4
DR0437,2024-W26,2
DR0437,2024-W28,5
DR0437,2024-W29,1
DR0437,2024-W30,3
DR0437,2024-W31,2
DR0437,2024-W33,3
DR0437,2024-W35,2
DR0437,2024-W36,1
DR0437,2024-W37,1
DR0437,2024-W38,1
DR0437,2024-W39,5
DR0437,2024-W40,1
DR0437,2024-W41,4
DR0437,2024-W42,3
DR0437,2024-W43,3
DR0437,2024-W44,2
DR0437,2024-W45,3
DR0437,2024-W46,1
DR0437,2024-W48,1
DR0437,2024-W49,2
DR0437,2024-W50,2
DR0437,2024-W51,1
DR0437,2024-W52,2
DR0437,2024-W53,1
DR0437,2025-W00,1
DR0437,2025-W01,1
DR0437,2025-W02,5
DR0437,2025-W03,3
DR0437,2025-W04,4
DR0437,2025-W05,1
DR0437,2025-W06,2
DR0437,2025-W07,2
DR0437,2025-W08,1
DR0437,2025-W09,1
DR0437,2025-W10,3
DR0437,2025-W11,5
DR0437,2025-W12,2
DR0437,2025-W13,3
DR0437,2025-W14,2
DR0437,2025-W15,1
DR0437,2025-W16,1
DR0437,2025-W17,2
DR0437,2025-W18,2
DR0437,2025-W19,2
DR0437,2025-W20,4
DR0437,2025-W21,3
DR0437,2025-W22,2
DR0437,2025-W24,4
DR0437,2025-W25,1
DR0437,2025-W26,2
DR0437,2025-W29,5
DR0437,2025-W30,1
DR0437,2025-W31,3
DR0437,2025-W32,1
DR0437,2025-W33,2
DR0437,2025-W34,3
DR0437,2025-W35,5
DR0437,2025-W36,1
DR0437,2025-W37,4
DR0437,2025-W38,4
DR0437,2025-W39,2
DR0437,2025-W41,1
DR0437,2025-W42,3
DR0437,2025-W43,1
DR0437,2025-W44,2
DR0437,2025-W45,1
DR0437,2025-W46,2
DR0437,2025-W47,2
DR0437,2025-W48,1
DR0437,2025-W49,3
DR0437,2025-W50,3
DR0437,2025-W51,1
DR0437,2025-W52,2
DR0437,2026-W00,2
DR0437,2026-W01,2
DR0437,2026-W02,1
DR0437,2026-W03,2
DR0437,2026-W04,2
DR0437,2026-W05,4
DR0437,2026-W06,3
DR0437,2026-W08,2
DR0437,2026-W09,2
DR0437,2026-W10,5
DR0437,2026-W11,1
DR0437,2026-W13,2
DR0437,2026-W14,3
DR0437,2026-W16,2
DR0437,2026-W17,1
DR0437,2026-W18,1
DR0437,2026-W19,1
DR0437,2026-W20,3
DR0437,2026-W22,3
DR0437,2026-W23,2
DR0437,2026-W24,1
DR0437,2026-W25,2
DR0437,2026-W26,2
DR0437,2026-W27,1
DR0437,2026-W28,2
DR0437,2026-W29,1
DR0437,2026-W31,4
DR0437,2026-W32,1
DR0437,2026-W33,1
DR0437,2026-W34,2
DR0437,2026-W35,2
DR0437,2026-W36,2
DR0437,2026-W37,2
DR0437,2026-W38,6
DR0437,2026-W39,1
DR0438,2024-W01,3
DR0438,2024-W02,1
DR0438,2024-W03,1
DR0438,2024-W04,3
DR0438,2024-W05,2
DR0438,2024-W07,1
DR0438,2024-W08,1
DR0438,2024-W09,4
DR0438,2024-W10,1
DR0438,2024-W12,1
DR0438,2024-W14,2
DR0438,2024-W15,4
DR0438,2024-W16,2
DR0438,2024-W17,1
DR0438,2024-W18,2
DR0438,2024-W19,1
DR0438,2024-W20,2
DR0438,2024-W21,3
DR0438,2024-W22,3
DR0438,2024-W23,2
DR0438,2024-W24,1
DR0438,2024-W25,2
DR0438,2024-W26,2
DR0438,2024-W28,1
DR0438,2024-W29,1
DR0438,2024-W30,2
DR0438,2024-W31,3
DR0438,2024-W32,4
DR0438,2024-W33,2
DR0438,2024-W34,2
DR0438,2024-W36,4
DR0438,2024-W37,3
DR0438,2024-W38,4
DR0438,2024-W39,2
DR0438,2024-W40,3
DR0438,2024-W41,3
DR0438,2024-W42,4
DR0438,2024-W43,2
DR0438,2024-W45,2
DR0438,2024-W46,1
DR0438,2024-W48,2
DR0438,2024-W49,2
DR0438,2024-W50,5
DR0438,2024-W51,1
DR0438,2024-W52,2
DR0438,2024-W53,1
DR0438,2025-W01,1
DR0438,2025-W02,4
DR0438,2025-W03,3
DR0438,2025-W04,2
DR0438,2025-W05,1
DR0438,2025-W06,3
DR0438,2025-W07,1
DR0438,2025-W08,1
DR0438,2025-W09,1
DR0438,2025-W10,1
DR0438,2025-W11,2
DR0438,2025-W12,1
DR0438,2025-W13,1
DR0438,2025-W14,2
DR0438,2025-W16,1
DR0438,2025-W17,3
DR0438,2025-W18,2
DR0438,2025-W20,3
DR0438,2025-W21,1
DR0438,2025-W22,2
DR0438,2025-W23,1
DR0438,2025-W24,3
DR0438,2025-W25,4
DR0438,2025-W26,2
DR0438,2025-W27,4
DR0438,2025-W28,2
DR0438,2025-W29,2
DR0438,2025-W30,6
DR0438,2025-W31,2
DR0438,2025-W32,2
DR0438,2025-W33,1
DR0438,2025-W34,2
DR0438,2025-W35,1
DR0438,2025-W36,3
DR0438,2025-W37,6
DR0438,2025-W38,3
DR0438,2025-W39,4
DR0438,2025-W40,1
DR0438,2025-W41,4
DR0438,2025-W42,1
DR0438,2025-W45,3
DR0438,2025-W46,2
DR0438,2025-W47,3
DR0438,2025-W49,2
DR0438,2025-W50,2
DR0438,2025-W51,2
DR0438,2025-W52,1
DR0438,2026-W00,1
DR0438,2026-W01,3
DR0438,2026-W02,2
DR0438,2026-W03,1
DR0438,2026-W04,5
DR0438,2026-W05,3
DR0438,2026-W06,3
DR0438,2026-W07,3
DR0438,2026-W08,5
DR0438,2026-W09,1
DR0438,2026-W11,1
DR0438,2026-W12,3
DR0438,2026-W13,1
DR0438,2026-W14,3
DR0438,2026-W15,1
DR0438,2026-W16,2
DR0438,2026-W17,3
DR0438,2026-W18,2
DR0438,2026-W19,3
DR0438,2026-W20,4
DR0438,2026-W22,5
DR0438,2026-W23,1
DR0438,2026-W24,3
DR0438,2026-W25,2
DR0438,2026-W26,3
DR0438,2026-W29,1
DR0438,2026-W30,2
DR0438,2026-W31,1
DR0438,2026-W32,4
DR0438,2026-W33,1
DR0438,2026-W34,3
DR0438,2026-W35,3
DR0438,2026-W37,4
DR0438,2026-W38,2
DR0438,2026-W39,1
DR0439,2024-W02,4
DR0439,2024-W03,2
DR0439,2024-W04,1
DR0439,2024-W05,1
DR0439,2024-W08,1
DR0439,2024-W09,1
DR0439,2024-W10,2
DR0439,2024-W11,1
DR0439,2024-W13,1
DR0439,2024-W15,2
DR0439,2024-W18,1
DR0439,2024-W22,1
DR0439,2024-W25,1
DR0439,2024-W27,1
DR0439,2024-W29,1
DR0439,2024-W31,1
DR0439,2024-W32,1
DR0439,2024-W33,2
DR0439,2024-W37,2
DR0439,2024-W38,4
DR0439,2024-W39,1
DR0439,2024-W40,1
DR0439,2024-W42,1
DR0439,2024-W43,1
DR0439,2024-W45,2
DR0439,2024-W46,1
DR0439,2024-W47,2
DR0439,2024-W49,2
DR0439,2024-W50,2
DR0439,2024-W51,2
DR0439,2024-W52,2
DR0439,2025-W00,2
DR0439,2025-W03,1
DR0439,2025-W04,2
DR0439,2025-W08,1
DR0439,2025-W09,2
DR0439,2025-W11,1
DR0439,2025-W12,1
DR0439,2025-W13,3
DR0439,2025-W15,1
DR0439,2025-W16,2
DR0439,2025-W18,2
DR0439,2025-W20,1
DR0439,2025-W21,3
DR0439,2025-W22,1
DR0439,2025-W23,1
DR0439,2025-W24,1
DR0439,2025-W29,1
DR0439,2025-W30,2
DR0439,2025-W32,1
DR0439,2025-W33,1
DR0439,2025-W35,1
DR0439,2025-W36,1
DR0439,2025-W37,2
DR0439,2025-W38,2
DR0439,2025-W40,2
DR0439,2025-W41,1
DR0439,2025-W43,2
DR0439,2025-W44,1
DR0439,2025-W45,1
DR0439,2025-W47,3
DR0439,2025-W50,1
DR0439,2025-W51,1
DR0439,2026-W00,1
DR0439,2026-W01,1
DR0439,2026-W03,1
DR0439,2026-W04,2
DR0439,2026-W05,1
DR0439,2026-W06,1
DR0439,2026-W07,2
DR0439,2026-W09,1
DR0439,2026-W11,1
DR0439,2026-W15,1
DR0439,2026-W18,1
DR0439,2026-W19,3
DR0439,2026-W22,2
DR0439,2026-W23,1
DR0439,2026-W24,3
DR0439,2026-W25,1
DR0439,2026-W26,2
DR0439,2026-W28,1
DR0439,2026-W30,2
DR0439,2026-W31,2
DR0439,2026-W32,1
DR0439,2026-W33,2
DR0439,2026-W36,2
DR0439,2026-W37,1
DR0440,2024-W02,1
DR0440,2024-W03,2
DR0440,2024-W05,2
DR0440,2024-W06,1
DR0440,2024-W07,1
DR0440,2024-W08,2
DR0440,2024-W09,1
DR0440,2024-W10,1
DR0440,2024-W12,2
DR0440,2024-W15,2
DR0440,2024-W16,2
DR0440,2024-W19,2
DR0440,2024-W20,1
DR0440,2024-W21,1
DR0440,2024-W22,1
DR0440,2024-W23,1
DR0440,2024-W25,1
DR0440,2024-W27,2
DR0440,2024-W28,1
DR0440,2024-W29,1
DR0440,2024-W33,1
DR0440,2024-W34,1
DR0440,2024-W38,2
DR0440,2024-W40,1
DR0440,2024-W42,1
DR0440,2024-W44,1
DR0440,2024-W45,1
DR0440,2024-W46,2
DR0440,2024-W48,1
DR0440,2024-W49,3
DR0440,2024-W50,1
DR0440,2024-W51,1
DR0440,2024-W52,1
DR0440,2025-W01,1
DR0440,2025-W03,1
DR0440,2025-W04,2
DR0440,2025-W06,1
DR0440,2025-W08,1
DR0440,2025-W09,2
DR0440,2025-W10,1
DR0440,2025-W11,1
DR0440,2025-W13,1
DR0440,2025-W14,1
DR0440,2025-W16,3
DR0440,2025-W17,1
DR0440,2025-W20,4
DR0440,2025-W22,2
DR0440,2025-W23,1
DR0440,2025-W26,1
DR0440,2025-W28,2
DR0440,2025-W29,1
DR0440,2025-W30,2
DR0440,2025-W34,1
DR0440,2025-W37,1
DR0440,2025-W40,2
DR0440,2025-W41,1
DR0440,2025-W43,1
DR0440,2025-W48,1
DR0440,2025-W49,1
DR0440,2025-W50,2
DR0440,2026-W00,1
DR0440,2026-W01,1
DR0440,2026-W02,5
DR0440,2026-W03,1
DR0440,2026-W05,1
DR0440,2026-W07,1
DR0440,2026-W09,2
DR0440,2026-W16,2
DR0440,2026-W18,1
DR0440,2026-W19,1
DR0440,2026-W22,1
DR0440,2026-W23,1
DR0440,2026-W24,1
DR0440,2026-W25,1
DR0440,2026-W28,2
DR0440,2026-W35,2
DR0440,2026-W37,1
DR0441,2024-W03,2
DR0441,2024-W06,1
DR0441,2024-W08,1
DR0441,2024-W11,1
DR0441,2024-W20,1
DR0441,2024-W21,1
DR0441,2024-W22,2
DR0441,2024-W25,1
DR0441,2024-W26,1
DR0441,2024-W28,1
DR0441,2024-W39,1
DR0441,2024-W40,1
DR0441,2024-W44,2
DR0441,2024-W45,2
DR0441,2024-W47,1
DR0441,2024-W48,2
DR0441,2024-W51,1
DR0441,2024-W53,2
DR0441,2025-W01,2
DR0441,2025-W02,1
DR0441,2025-W08,1
DR0441,2025-W10,1
DR0441,2025-W12,1
DR0441,2025-W15,1
DR0441,2025-W17,1
DR0441,2025-W18,1
DR0441,2025-W19,2
DR0441,2025-W20,3
DR0441,2025-W23,1
DR0441,2025-W24,1
DR0441,2025-W27,1
DR0441,2025-W31,2
DR0441,2025-W32,1
DR0441,2025-W33,1
DR0441,2025-W35,1
DR0441,2025-W38,1
DR0441,2025-W40,2
DR0441,2025-W41,2
DR0441,2025-W44,2
DR0441,2025-W46,1
DR0441,2025-W47,2
DR0441,2025-W49,1
DR0441,2025-W50,1
DR0441,2025-W52,1
DR0441,2026-W01,1
DR0441,2026-W03,1
DR0441,2026-W04,2
DR0441,2026-W05,1
DR0441,2026-W06,1
DR0441,2026-W07,1
DR0441,2026-W08,1
DR0441,2026-W10,1
DR0441,2026-W11,1
DR0441,2026-W12,2
DR0441,2026-W14,1
DR0441,2026-W16,1
DR0441,2026-W17,1
DR0441,2026-W19,1
DR0441,2026-W21,1
DR0441,2026-W22,1
DR0441,2026-W24,1
DR0441,2026-W26,2
DR0441,2026-W27,1
DR0441,2026-W28,1
DR0441,2026-W29,2
DR0441,2026-W31,2
DR0441,2026-W32,1
DR0441,2026-W34,1
DR0441,2026-W35,1
DR0441,2026-W37,1
DR0442,2024-W01,3
DR0442,2024-W04,2
DR0442,2024-W05,3
DR0442,2024-W06,5
DR0442,2024-W08,3
DR0442,2024-W09,2
DR0442,2024-W11,2
DR0442,2024-W12,1
DR0442,2024-W16,1
DR0442,2024-W18,1
DR0442,2024-W20,1
DR0442,2024-W21,1
DR0442,2024-W22,2
DR0442,2024-W24,2
DR0442,2024-W26,1
DR0442,2024-W27,2
DR0442,2024-W29,1
DR0442,2024-W31,1
DR0442,2024-W33,1
DR0442,2024-W34,1
DR0442,2024-W35,1
DR0442,2024-W39,2
DR0442,2024-W40,1
DR0442,2024-W41,2
DR0442,2024-W42,2
DR0442,2024-W43,1
DR0442,2024-W44,2
DR0442,2024-W45,1
DR0442,2024-W48,1
DR0442,2024-W49,2
DR0442,2024-W50,1
DR0442,2024-W51,4
DR0442,2024-W52,1
DR0442,2024-W53,2
DR0442,2025-W00,1
DR0442,2025-W01,2
DR0442,2025-W02,2
DR0442,2025-W03,2
DR0442,2025-W04,1
DR0442,2025-W05,1
DR0442,2025-W06,1
DR0442,2025-W07,1
DR0442,2025-W08,1
DR0442,2025-W12,1
DR0442,2025-W14,3
DR0442,2025-W15,2
DR0442,2025-W16,1
DR0442,2025-W17,2
DR0442,2025-W18,3
DR0442,2025-W19,2
DR0442,2025-W24,3
DR0442,2025-W26,1
DR0442,2025-W29,3
DR0442,2025-W30,2
DR0442,2025-W31,1
DR0442,2025-W32,1
DR0442,2025-W33,1
DR0442,2025-W36,1
DR0442,2025-W37,1
DR0442,2025-W38,1
DR0442,2025-W39,1
DR0442,2025-W41,2
DR0442,2025-W42,1
DR0442,2025-W45,2
DR0442,2025-W46,2
DR0442,2025-W47,2
DR0442,2025-W48,2
DR0442,2025-W49,1
DR0442,2025-W50,1
DR0442,2026-W00,1
DR0442,2026-W03,2
DR0442,2026-W04,1
DR0442,2026-W07,2
DR0442,2026-W08,1
DR0442,2026-W11,1
DR0442,2026-W12,1
DR0442,2026-W14,2
DR0442,2026-W15,1
DR0442,2026-W17,1
DR0442,2026-W19,1
DR0442,2026-W21,2
DR0442,2026-W23,1
DR0442,2026-W27,1
DR0442,2026-W29,1
DR0442,2026-W32,1
DR0442,2026-W34,2
DR0442,2026-W35,1
DR0442,2026-W36,1
DR0442,2026-W37,3
DR0442,2026-W38,2
DR0443,2024-W01,3
DR0443,2024-W02,3
DR0443,2024-W03,2
DR0443,2024-W04,6
DR0443,2024-W05,9
DR0443,2024-W06,3
DR0443,2024-W07,3
DR0443,2024-W08,2
DR0443,2024-W09,3
DR0443,2024-W10,3
DR0443,2024-W11,2
DR0443,2024-W12,3
DR0443,2024-W13,7
DR0443,2024-W14,4
DR0443,2024-W15,5
DR0443,2024-W16,3
DR0443,2024-W17,1
DR0443,2024-W18,1
DR0443,2024-W19,5
DR0443,2024-W20,6
DR0443,2024-W21,3
DR0443,2024-W22,1
DR0443,2024-W23,3
DR0443,2024-W24,3
DR0443,2024-W25,6
DR0443,2024-W26,1
DR0443,2024-W27,4
DR0443,2024-W29,3
DR0443,2024-W31,5
DR0443,2024-W32,2
DR0443,2024-W33,5
DR0443,2024-W34,2
DR0443,2024-W35,3
DR0443,2024-W36,2
DR0443,2024-W37,3
DR0443,2024-W38,6
DR0443,2024-W39,1
DR0443,2024-W40,3
DR0443,2024-W41,4
DR0443,2024-W42,3
DR0443,2024-W43,2
DR0443,2024-W44,6
DR0443,2024-W45,5
DR0443,2024-W46,1
DR0443,2024-W47,2
DR0443,2024-W48,4
DR0443,2024-W49,3
DR0443,2024-W50,2
DR0443,2024-W51,2
DR0443,2024-W52,3
DR0443,2025-W00,2
DR0443,2025-W01,5
DR0443,2025-W02,2
DR0443,2025-W03,3
DR0443,2025-W05,3
DR0443,2025-W06,5
DR0443,2025-W08,3
DR0443,2025-W09,2
DR0443,2025-W10,2
DR0443,2025-W11,4
DR0443,2025-W12,1
DR0443,2025-W13,1
DR0443,2025-W14,1
DR0443,2025-W15,4
DR0443,2025-W16,2
DR0443,2025-W17,2
DR0443,2025-W18,1
DR0443,2025-W19,3
DR0443,2025-W20,1
DR0443,2025-W22,3
DR0443,2025-W23,7
DR0443,2025-W24,4
DR0443,2025-W25,3
DR0443,2025-W26,6
DR0443,2025-W27,4
DR0443,2025-W28,9
DR0443,2025-W29,5
DR0443,2025-W30,4
DR0443,2025-W31,1
DR0443,2025-W32,3
DR0443,2025-W33,3
DR0443,2025-W34,2
DR0443,2025-W35,1
DR0443,2025-W36,3
DR0443,2025-W37,4
DR0443,2025-W38,4
DR0443,2025-W39,3
DR0443,2025-W40,3
DR0443,2025-W42,1
DR0443,2025-W43,2
DR0443,2025-W44,3
DR0443,2025-W45,2
DR0443,2025-W46,2
DR0443,2025-W47,1
DR0443,2025-W48,2
DR0443,2025-W49,3
DR0443,2025-W50,7
DR0443,2025-W51,1
DR0443,2025-W52,1
DR0443,2026-W00,1
DR0443,2026-W01,3
DR0443,2026-W02,4
DR0443,2026-W03,2
DR0443,2026-W04,2
DR0443,2026-W05,3
DR0443,2026-W07,5
DR0443,2026-W08,3
DR0443,2026-W09,4
DR0443,2026-W10,4
DR0443,2026-W11,4
DR0443,2026-W12,1
DR0443,2026-W13,11
DR0443,2026-W14,3
DR0443,2026-W15,4
DR0443,2026-W16,2
DR0443,2026-W17,2
DR0443,2026-W18,2
DR0443,2026-W19,4
DR0443,2026-W20,1
DR0443,2026-W21,3
DR0443,2026-W22,3
DR0443,2026-W23,3
DR0443,2026-W24,3
DR0443,2026-W25,4
DR0443,2026-W26,2
DR0443,2026-W27,3
DR0443,2026-W28,3
DR0443,2026-W29,3
DR0443,2026-W30,3
DR0443,2026-W31,1
DR0443,2026-W32,3
DR0443,2026-W33,1
DR0443,2026-W34,4
DR0443,2026-W35,5
DR0443,2026-W36,3
DR0443,2026-W37,4
DR0443,2026-W38,3
DR0443,2026-W39,3
DR0444,2024-W01,1
DR0444,2024-W02,2
DR0444,2024-W03,1
DR0444,2024-W06,2
DR0444,2024-W08,1
DR0444,2024-W10,1
DR0444,2024-W12,1
DR0444,2024-W13,1
DR0444,2024-W14,2
DR0444,2024-W17,1
DR0444,2024-W18,1
DR0444,2024-W24,1
DR0444,2024-W25,1
DR0444,2024-W26,2
DR0444,2024-W27,1
DR0444,2024-W30,1
DR0444,2024-W32,2
DR0444,2024-W33,1
DR0444,2024-W34,1
DR0444,2024-W37,1
DR0444,2024-W38,1
DR0444,2024-W40,1
DR0444,2024-W41,1
DR0444,2024-W42,1
DR0444,2024-W43,1
DR0444,2024-W46,1
DR0444,2024-W49,1
DR0444,2025-W01,1
DR0444,2025-W04,2
DR0444,2025-W13,1
DR0444,2025-W14,1
DR0444,2025-W17,2
DR0444,2025-W27,1
DR0444,2025-W30,1
DR0444,2025-W33,1
DR0444,2025-W34,1
DR0444,2025-W35,1
DR0444,2025-W36,1
DR0444,2025-W39,1
DR0444,2025-W42,1
DR0444,2025-W50,1
DR0444,2026-W02,1
DR0444,2026-W08,1
DR0444,2026-W09,1
DR0444,2026-W18,1
DR0444,2026-W22,1
DR0444,2026-W25,1
DR0444,2026-W31,2
DR0444,2026-W34,1
DR0444,2026-W37,1
DR0445,2024-W01,2
DR0445,2024-W04,1
DR0445,2024-W06,1
DR0445,2024-W07,1
DR0445,2024-W08,3
DR0445,2024-W12,1
DR0445,2024-W13,1
DR0445,2024-W17,1
DR0445,2024-W20,1
DR0445,2024-W21,1
DR0445,2024-W23,1
DR0445,2024-W24,1
DR0445,2024-W25,1
DR0445,2024-W28,1
DR0445,2024-W31,1
DR0445,2024-W36,2
DR0445,2024-W41,1
DR0445,2024-W42,2
DR0445,2024-W47,1
DR0445,2024-W50,1
DR0445,2025-W05,2
DR0445,2025-W06,1
DR0445,2025-W10,2
DR0445,2025-W13,2
DR0445,2025-W14,1
DR0445,2025-W16,1
DR0445,2025-W17,1
DR0445,2025-W18,1
DR0445,2025-W21,2
DR0445,2025-W22,1
DR0445,2025-W25,1
DR0445,2025-W28,1
DR0445,2025-W31,2
DR0445,2025-W35,2
DR0445,2025-W43,2
DR0445,2025-W44,1
DR0445,2025-W47,1
DR0445,2025-W49,2
DR0445,2025-W51,1
DR0445,2026-W03,1
DR0445,2026-W04,1
DR0445,2026-W06,1
DR0445,2026-W10,2
DR0445,2026-W12,1
DR0445,2026-W15,1
DR0445,2026-W25,1
DR0445,2026-W27,1
DR0445,2026-W30,3
DR0445,2026-W31,2
DR0445,2026-W33,1
DR0445,2026-W35,1
DR0445,2026-W36,2
DR0445,2026-W37,1
DR0446,2024-W02,3
DR0446,2024-W03,1
DR0446,2024-W06,3
DR0446,2024-W07,1
DR0446,2024-W08,1
DR0446,2024-W09,1
DR0446,2024-W10,1
DR0446,2024-W12,1
DR0446,2024-W16,1
DR0446,2024-W17,2
DR0446,2024-W18,1
DR0446,2024-W19,1
DR0446,2024-W21,1
DR0446,2024-W25,1
DR0446,2024-W27,1
DR0446,2024-W28,1
DR0446,2024-W29,5
DR0446,2024-W30,1
DR0446,2024-W35,4
DR0446,2024-W36,2
DR0446,2024-W38,2
DR0446,2024-W39,1
DR0446,2024-W40,4
DR0446,2024-W41,1
DR0446,2024-W44,2
DR0446,2024-W45,2
DR0446,2024-W46,3
DR0446,2024-W47,2
DR0446,2024-W48,1
DR0446,2024-W50,2
DR0446,2024-W51,3
DR0446,2025-W01,6
DR0446,2025-W04,4
DR0446,2025-W05,1
DR0446,2025-W06,1
DR0446,2025-W07,1
DR0446,2025-W08,1
DR0446,2025-W09,1
DR0446,2025-W10,1
DR0446,2025-W11,2
DR0446,2025-W14,1
DR0446,2025-W15,1
DR0446,2025-W16,3
DR0446,2025-W17,2
DR0446,2025-W20,2
DR0446,2025-W21,2
DR0446,2025-W22,3
DR0446,2025-W23,2
DR0446,2025-W25,2
DR0446,2025-W29,1
DR0446,2025-W31,1
DR0446,2025-W32,3
DR0446,2025-W33,2
DR0446,2025-W34,4
DR0446,2025-W35,2
DR0446,2025-W36,1
DR0446,2025-W37,3
DR0446,2025-W38,2
DR0446,2025-W39,1
DR0446,2025-W41,1
DR0446,2025-W42,4
DR0446,2025-W43,2
DR0446,2025-W46,3
DR0446,2025-W47,3
DR0446,2025-W50,1
DR0446,2025-W51,1
DR0446,2026-W00,2
DR0446,2026-W01,4
DR0446,2026-W03,3
DR0446,2026-W05,1
DR0446,2026-W06,2
DR0446,2026-W07,1
DR0446,2026-W09,2
DR0446,2026-W10,2
DR0446,2026-W11,1
DR0446,2026-W13,1
DR0446,2026-W14,1
DR0446,2026-W15,2
DR0446,2026-W20,1
DR0446,2026-W21,2
DR0446,2026-W25,1
DR0446,2026-W26,2
DR0446,2026-W27,1
DR0446,2026-W29,1
DR0446,2026-W30,1
DR0446,2026-W31,1
DR0446,2026-W32,2
DR0446,2026-W33,1
DR0446,2026-W34,1
DR0446,2026-W35,1
DR0446,2026-W39,1
DR0447,2024-W01,1
DR0447,2024-W06,1
DR0447,2024-W07,1
DR0447,2024-W08,1
DR0447,2024-W11,1
DR0447,2024-W12,2
DR0447,2024-W13,1
DR0447,2024-W14,1
DR0447,2024-W15,1
DR0447,2024-W18,1
DR0447,2024-W19,1
DR0447,2024-W20,1
DR0447,2024-W21,1
DR0447,2024-W23,2
DR0447,2024-W27,2
DR0447,2024-W29,1
DR0447,2024-W36,2
DR0447,2024-W40,1
DR0447,2024-W42,1
DR0447,2024-W44,1
DR0447,2024-W45,1
DR0447,2024-W46,3
DR0447,2024-W47,1
DR0447,2024-W51,2
DR0447,2025-W00,1
DR0447,2025-W01,1
DR0447,2025-W02,1
DR0447,2025-W04,1
DR0447,2025-W06,1
DR0447,2025-W09,1
DR0447,2025-W10,1
DR0447,2025-W13,1
DR0447,2025-W16,1
DR0447,2025-W17,1
DR0447,2025-W22,1
DR0447,2025-W23,2
DR0447,2025-W24,1
DR0447,2025-W25,2
DR0447,2025-W29,1
DR0447,2025-W32,1
DR0447,2025-W35,2
DR0447,2025-W36,3
DR0447,2025-W37,1
DR0447,2025-W43,2
DR0447,2025-W45,1
DR0447,2025-W48,1
DR0447,2025-W49,2
DR0447,2025-W51,1
DR0447,2026-W02,2
DR0447,2026-W05,1
DR0447,2026-W06,2
DR0447,2026-W09,1
DR0447,2026-W15,2
DR0447,2026-W19,1
DR0447,2026-W23,1
DR0447,2026-W25,1
DR0447,2026-W31,2
DR0447,2026-W32,1
DR0447,2026-W33,1
DR0447,2026-W34,2
DR0447,2026-W35,2
DR0447,2026-W36,1
DR0447,2026-W39,1
DR0448,2024-W03,2
DR0448,2024-W05,2
DR0448,2024-W08,1
DR0448,2024-W11,1
DR0448,2024-W12,1
DR0448,2024-W15,3
DR0448,2024-W17,2
DR0448,2024-W23,2
DR0448,2024-W33,1
DR0448,2024-W35,1
DR0448,2024-W37,1
DR0448,2024-W38,1
DR0448,2024-W40,1
DR0448,2024-W42,1
DR0448,2024-W46,1
DR0448,2024-W47,2
DR0448,2024-W48,2
DR0448,2024-W49,1
DR0448,2024-W50,2
DR0448,2025-W00,1
DR0448,2025-W10,1
DR0448,2025-W11,1
DR0448,2025-W14,1
DR0448,2025-W18,1
DR0448,2025-W21,1
DR0448,2025-W27,1
DR0448,2025-W34,1
DR0448,2025-W39,1
DR0448,2025-W42,1
DR0448,2025-W46,1
DR0448,2025-W48,1
DR0448,2025-W49,1
DR0448,2025-W50,1
DR0448,2025-W51,1
DR0448,2026-W05,1
DR0448,2026-W11,1
DR0448,2026-W12,1
DR0448,2026-W13,2
DR0448,2026-W16,1
DR0448,2026-W18,1
DR0448,2026-W21,1
DR0448,2026-W22,1
DR0448,2026-W25,1
DR0448,2026-W26,1
DR0448,2026-W29,1
DR0448,2026-W30,1
DR0448,2026-W31,1
DR0448,2026-W34,1
DR0448,2026-W37,2
DR0449,2024-W02,1
DR0449,2024-W03,2
DR0449,2024-W04,1
DR0449,2024-W06,1
DR0449,2024-W08,1
DR0449,2024-W13,4
DR0449,2024-W17,1
DR0449,2024-W22,1
DR0449,2024-W23,1
DR0449,2024-W24,1
DR0449,2024-W27,1
DR0449,2024-W31,1
DR0449,2024-W32,2
DR0449,2024-W42,1
DR0449,2024-W45,1
DR0449,2024-W48,1
DR0449,2025-W00,1
DR0449,2025-W02,1
DR0449,2025-W03,1
DR0449,2025-W05,1
DR0449,2025-W07,1
DR0449,2025-W17,1
DR0449,2025-W19,1
DR0449,2025-W23,1
DR0449,2025-W25,1
DR0449,2025-W28,1
DR0449,2025-W36,2
DR0449,2025-W37,1
DR0449,2025-W38,1
DR0449,2025-W44,1
DR0449,2025-W48,1
DR0449,2025-W50,1
DR0449,2025-W51,1
DR0449,2026-W00,2
DR0449,2026-W04,1
DR0449,2026-W07,1
DR0449,2026-W08,2
DR0449,2026-W10,1
DR0449,2026-W11,1
DR0449,2026-W14,2
DR0449,2026-W17,2
DR0449,2026-W18,1
DR0449,2026-W19,1
DR0449,2026-W20,1
DR0449,2026-W26,1
DR0449,2026-W30,1
DR0449,2026-W37,2
DR0450,2024-W01,2
DR0450,2024-W07,1
DR0450,2024-W09,2
DR0450,2024-W12,1
DR0450,2024-W14,1
DR0450,2024-W16,2
DR0450,2024-W21,2
DR0450,2024-W22,1
DR0450,2024-W24,1
DR0450,2024-W25,2
DR0450,2024-W27,1
DR0450,2024-W29,1
DR0450,2024-W30,1
DR0450,2024-W32,1
DR0450,2024-W33,2
DR0450,2024-W34,4
DR0450,2024-W35,1
DR0450,2024-W39,2
DR0450,2024-W40,2
DR0450,2024-W42,1
DR0450,2024-W43,1
DR0450,2024-W46,1
DR0450,2024-W47,1
DR0450,2024-W48,1
DR0450,2024-W49,2
DR0450,2024-W50,1
DR0450,2024-W51,2
DR0450,2024-W53,1
DR0450,2025-W01,3
DR0450,2025-W02,2
DR0450,2025-W03,3
DR0450,2025-W04,1
DR0450,2025-W05,1
DR0450,2025-W07,1
DR0450,2025-W08,2
DR0450,2025-W10,2
DR0450,2025-W11,1
DR0450,2025-W12,1
DR0450,2025-W13,1
DR0450,2025-W14,2
DR0450,2025-W15,2
DR0450,2025-W16,1
DR0450,2025-W18,1
DR0450,2025-W19,1
DR0450,2025-W20,1
DR0450,2025-W21,2
DR0450,2025-W22,1
DR0450,2025-W23,1
DR0450,2025-W26,1
DR0450,2025-W27,1
DR0450,2025-W28,1
DR0450,2025-W30,2
DR0450,2025-W32,1
DR0450,2025-W33,1
DR0450,2025-W35,1
DR0450,2025-W38,3
DR0450,2025-W40,1
DR0450,2025-W41,1
DR0450,2025-W42,1
DR0450,2025-W45,1
DR0450,2025-W46,2
DR0450,2025-W47,1
DR0450,2025-W48,1
DR0450,2025-W49,1
DR0450,2025-W50,2
DR0450,2025-W51,1
DR0450,2026-W01,2
DR0450,2026-W03,3
DR0450,2026-W04,1
DR0450,2026-W05,2
DR0450,2026-W07,1
DR0450,2026-W08,1
DR0450,2026-W09,1
DR0450,2026-W10,1
DR0450,2026-W11,2
DR0450,2026-W12,5
DR0450,2026-W13,1
DR0450,2026-W14,1
DR0450,2026-W16,2
DR0450,2026-W17,1
DR0450,2026-W26,1
DR0450,2026-W27,1
DR0450,2026-W28,2
DR0450,2026-W31,1
DR0450,2026-W32,1
DR0450,2026-W33,2
DR0450,2026-W34,1
DR0450,2026-W35,1
DR0450,2026-W37,2
