Provider_ID,Primary_Procedure_Code,proc_claims,total_claims,procedure_share_pct
DR0277,PR020,30,86,34.88
DR0002,PR019,17,50,34.0
DR0317,PR025,18,53,33.96
DR0023,PR006,41,124,33.06
DR0056,PR003,17,52,32.69
DR0358,PR001,21,65,32.31
DR0237,PR003,17,53,32.08
DR0270,PR004,24,75,32.0
DR0121,PR001,19,60,31.67
DR0214,PR003,42,139,30.22
DR0379,PR005,16,53,30.19
DR0255,PR001,25,83,30.12
DR0004,PR006,18,60,30.0
DR0324,PR020,30,100,30.0
DR0429,PR001,15,50,30.0
DR0388,PR020,29,98,29.59
DR0064,PR001,28,95,29.47
DR0117,PR001,29,99,29.29
DR0042,PR003,31,106,29.25
DR0155,PR001,16,55,29.09
DR0420,PR003,23,80,28.75
DR0180,PR020,39,136,28.68
DR0034,PR006,56,197,28.43
DR0310,PR020,21,74,28.38
DR0292,PR003,19,67,28.36
DR0121,PR020,17,60,28.33
DR0127,PR021,17,60,28.33
DR0237,PR019,15,53,28.3
DR0345,PR001,32,114,28.07
DR0080,PR001,23,82,28.05
DR0106,PR025,14,50,28.0
DR0015,PR006,26,93,27.96
DR0412,PR001,38,136,27.94
DR0069,PR020,22,79,27.85
DR0321,PR001,23,83,27.71
DR0366,PR003,26,94,27.66
DR0253,PR001,37,134,27.61
DR0222,PR006,16,58,27.59
DR0449,PR025,16,58,27.59
DR0108,PR001,43,156,27.56
DR0387,PR001,19,69,27.54
DR0440,PR017,30,109,27.52
DR0098,PR007,25,91,27.47
DR0007,PR003,28,102,27.45
DR0333,PR001,23,84,27.38
DR0168,PR001,27,99,27.27
DR0188,PR006,30,110,27.27
DR0104,PR025,48,177,27.12
DR0085,PR003,62,229,27.07
DR0122,PR003,23,85,27.06
DR0279,PR005,20,74,27.03
DR0113,PR001,28,104,26.92
DR0157,PR001,28,104,26.92
DR0167,PR003,18,67,26.87
DR0356,PR001,72,269,26.77
DR0402,PR021,39,146,26.71
DR0274,PR020,16,60,26.67
DR0440,PR020,29,109,26.61
DR0385,PR006,21,79,26.58
DR0319,PR015,17,64,26.56
DR0028,PR001,47,177,26.55
DR0378,PR001,30,113,26.55
DR0388,PR006,26,98,26.53
DR0066,PR001,57,215,26.51
DR0371,PR001,22,83,26.51
DR0007,PR001,27,102,26.47
DR0350,PR006,27,102,26.47
DR0020,PR001,23,87,26.44
DR0042,PR001,28,106,26.42
DR0203,PR006,14,53,26.42
DR0260,PR025,19,72,26.39
DR0225,PR006,26,99,26.26
DR0340,PR006,21,80,26.25
DR0340,PR020,21,80,26.25
DR0395,PR006,37,141,26.24
DR0368,PR017,33,126,26.19
DR0129,PR001,17,65,26.15
DR0362,PR025,23,88,26.14
DR0118,PR001,27,104,25.96
DR0231,PR001,27,104,25.96
DR0328,PR006,15,58,25.86
DR0432,PR005,15,58,25.86
DR0323,PR001,16,62,25.81
DR0330,PR001,16,62,25.81
DR0316,PR021,25,97,25.77
DR0279,PR007,19,74,25.68
DR0005,PR025,21,82,25.61
DR0049,PR005,22,86,25.58
DR0434,PR001,33,129,25.58
DR0105,PR015,24,94,25.53
DR0236,PR003,25,98,25.51
DR0271,PR025,53,208,25.48
DR0223,PR001,14,55,25.45
DR0298,PR001,15,59,25.42
DR0426,PR023,15,59,25.42
DR0197,PR001,47,185,25.41
DR0450,PR001,33,130,25.38
DR0020,PR019,22,87,25.29
DR0351,PR001,23,91,25.27
DR0281,PR007,77,305,25.25
DR0217,PR006,26,103,25.24
DR0217,PR020,26,103,25.24
DR0032,PR020,36,143,25.17
DR0240,PR001,225,899,25.03
DR0075,PR003,15,60,25.0
DR0076,PR003,111,444,25.0
DR0114,PR005,35,140,25.0
DR0274,PR017,15,60,25.0
DR0340,PR001,20,80,25.0
DR0362,PR006,22,88,25.0
DR0401,PR006,36,144,25.0
DR0408,PR006,18,72,25.0
DR0089,PR001,83,335,24.78
DR0382,PR001,100,404,24.75
DR0307,PR001,59,239,24.69
DR0390,PR003,19,77,24.68
DR0390,PR020,19,77,24.68
DR0361,PR020,35,142,24.65
DR0387,PR006,17,69,24.64
DR0358,PR006,16,65,24.62
DR0162,PR001,76,309,24.6
DR0173,PR001,107,435,24.6
DR0220,PR005,46,187,24.6
DR0348,PR006,15,61,24.59
DR0248,PR006,29,118,24.58
DR0120,PR001,14,57,24.56
DR0252,PR001,14,57,24.56
DR0252,PR003,14,57,24.56
DR0215,PR006,27,110,24.55
DR0221,PR006,41,167,24.55
DR0293,PR018,13,53,24.53
DR0214,PR020,34,139,24.46
DR0275,PR001,45,184,24.46
DR0049,PR004,21,86,24.42
DR0277,PR001,21,86,24.42
DR0099,PR012,20,82,24.39
DR0108,PR020,38,156,24.36
DR0278,PR025,28,115,24.35
DR0154,PR001,16,66,24.24
DR0225,PR005,24,99,24.24
DR0367,PR001,31,128,24.22
DR0147,PR001,37,153,24.18
DR0430,PR004,36,149,24.16
DR0009,PR001,57,236,24.15
DR0397,PR001,121,501,24.15
DR0444,PR025,14,58,24.14
DR0321,PR003,20,83,24.1
DR0394,PR003,20,83,24.1
DR0377,PR006,13,54,24.07
DR0074,PR001,19,79,24.05
DR0074,PR020,19,79,24.05
DR0392,PR001,19,79,24.05
DR0019,PR025,44,183,24.04
DR0002,PR007,12,50,24.0
DR0270,PR005,18,75,24.0
DR0369,PR003,18,75,24.0
DR0375,PR025,48,200,24.0
DR0445,PR003,17,71,23.94
DR0445,PR005,17,71,23.94
DR0131,PR003,137,573,23.91
DR0378,PR003,27,113,23.89
DR0071,PR006,36,151,23.84
DR0063,PR006,20,84,23.81
DR0303,PR006,59,248,23.79
DR0262,PR002,29,122,23.77
DR0391,PR008,19,80,23.75
DR0391,PR020,19,80,23.75
DR0057,PR002,42,177,23.73
DR0172,PR005,14,59,23.73
DR0326,PR006,14,59,23.73
DR0082,PR020,69,291,23.71
DR0215,PR020,26,110,23.64
DR0223,PR003,13,55,23.64
DR0060,PR003,34,144,23.61
DR0286,PR025,42,178,23.6
DR0042,PR020,25,106,23.58
DR0123,PR003,25,106,23.58
DR0125,PR005,29,123,23.58
DR0114,PR007,33,140,23.57
DR0290,PR005,33,140,23.57
DR0261,PR025,41,174,23.56
DR0102,PR018,57,242,23.55
DR0045,PR001,28,119,23.53
DR0045,PR006,28,119,23.53
DR0050,PR025,12,51,23.53
DR0192,PR001,12,51,23.53
DR0192,PR003,12,51,23.53
DR0132,PR020,23,98,23.47
DR0236,PR011,23,98,23.47
DR0051,PR008,15,64,23.44
DR0047,PR017,26,111,23.42
DR0341,PR003,22,94,23.4
DR0341,PR007,22,94,23.4
DR0366,PR007,22,94,23.4
DR0039,PR006,18,77,23.38
DR0103,PR005,90,385,23.38
DR0186,PR001,102,437,23.34
DR0075,PR023,14,60,23.33
DR0169,PR001,14,60,23.33
DR0284,PR025,14,60,23.33
DR0355,PR020,28,120,23.33
DR0448,PR020,14,60,23.33
DR0343,PR018,24,103,23.3
DR0010,PR008,17,73,23.29
DR0360,PR001,44,189,23.28
DR0052,PR020,79,340,23.24
DR0338,PR005,58,250,23.2
DR0406,PR001,16,69,23.19
DR0102,PR003,56,242,23.14
DR0056,PR006,12,52,23.08
DR0157,PR006,24,104,23.08
DR0347,PR008,15,65,23.08
DR0421,PR001,12,52,23.08
DR0421,PR020,12,52,23.08
DR0082,PR003,67,291,23.02
DR0086,PR004,32,139,23.02
DR0214,PR001,32,139,23.02
DR0175,PR025,46,200,23.0
DR0261,PR003,40,174,22.99
DR0380,PR001,60,261,22.99
DR0423,PR003,20,87,22.99
DR0037,PR003,17,74,22.97
DR0037,PR017,17,74,22.97
DR0189,PR017,79,344,22.97
DR0427,PR025,31,135,22.96
DR0397,PR003,115,501,22.95
DR0060,PR020,33,144,22.92
DR0147,PR003,35,153,22.88
DR0034,PR004,45,197,22.84
DR0275,PR025,42,184,22.83
DR0335,PR003,29,127,22.83
DR0170,PR003,57,250,22.8
DR0029,PR001,31,136,22.79
DR0128,PR006,31,136,22.79
DR0412,PR006,31,136,22.79
DR0190,PR025,18,79,22.78
DR0058,PR025,23,101,22.77
DR0243,PR025,46,202,22.77
DR0154,PR003,15,66,22.73
DR0215,PR015,25,110,22.73
DR0327,PR018,20,88,22.73
DR0353,PR006,15,66,22.73
DR0185,PR006,32,141,22.7
DR0395,PR020,32,141,22.7
DR0300,PR020,54,238,22.69
DR0234,PR008,17,75,22.67
DR0369,PR002,17,75,22.67
DR0052,PR015,77,340,22.65
DR0306,PR003,12,53,22.64
DR0306,PR020,12,53,22.64
DR0031,PR003,110,486,22.63
DR0281,PR003,69,305,22.62
DR0333,PR003,19,84,22.62
DR0198,PR003,26,115,22.61
DR0198,PR006,26,115,22.61
DR0278,PR003,26,115,22.61
DR0307,PR006,54,239,22.59
DR0156,PR025,42,186,22.58
DR0247,PR002,23,102,22.55
DR0287,PR003,23,102,22.55
DR0047,PR003,25,111,22.52
DR0076,PR006,100,444,22.52
DR0008,PR001,18,80,22.5
DR0008,PR020,18,80,22.5
DR0288,PR003,82,365,22.47
DR0009,PR019,53,236,22.46
DR0222,PR003,13,58,22.41
DR0432,PR003,13,58,22.41
DR0432,PR021,13,58,22.41
DR0292,PR018,15,67,22.39
DR0032,PR003,32,143,22.38
DR0189,PR003,77,344,22.38
DR0196,PR020,34,152,22.37
DR0001,PR003,19,85,22.35
DR0171,PR008,21,94,22.34
DR0025,PR006,46,206,22.33
DR0061,PR020,23,103,22.33
DR0312,PR003,50,224,22.32
DR0312,PR020,50,224,22.32
DR0151,PR002,27,121,22.31
DR0086,PR006,31,139,22.3
DR0046,PR003,35,157,22.29
DR0227,PR025,35,157,22.29
DR0021,PR003,58,261,22.22
DR0117,PR019,22,99,22.22
DR0241,PR009,36,162,22.22
DR0260,PR020,16,72,22.22
DR0264,PR001,42,189,22.22
DR0349,PR001,40,180,22.22
DR0441,PR012,20,90,22.22
DR0206,PR004,111,500,22.2
DR0290,PR007,31,140,22.14
DR0016,PR025,40,181,22.1
DR0039,PR001,17,77,22.08
DR0238,PR008,17,77,22.08
DR0390,PR018,17,77,22.08
DR0249,PR001,32,145,22.07
DR0029,PR019,30,136,22.06
DR0180,PR003,30,136,22.06
DR0412,PR020,30,136,22.06
DR0178,PR020,41,186,22.04
DR0028,PR003,39,177,22.03
DR0068,PR025,52,236,22.03
DR0109,PR020,26,118,22.03
DR0130,PR020,13,59,22.03
DR0295,PR020,13,59,22.03
DR0295,PR025,13,59,22.03
DR0326,PR003,13,59,22.03
DR0426,PR002,13,59,22.03
DR0048,PR008,48,218,22.02
DR0131,PR020,126,573,21.99
DR0281,PR019,67,305,21.97
DR0202,PR006,56,255,21.96
DR0204,PR003,23,105,21.9
DR0204,PR020,23,105,21.9
DR0051,PR020,14,64,21.88
DR0067,PR006,21,96,21.88
DR0370,PR006,21,96,21.88
DR0370,PR025,21,96,21.88
DR0071,PR025,33,151,21.85
DR0020,PR003,19,87,21.84
DR0116,PR025,19,87,21.84
DR0297,PR020,19,87,21.84
DR0423,PR001,19,87,21.84
DR0085,PR001,50,229,21.83
DR0223,PR006,12,55,21.82
DR0031,PR017,106,486,21.81
DR0413,PR020,29,133,21.8
DR0089,PR006,73,335,21.79
DR0013,PR020,54,248,21.77
DR0110,PR025,25,115,21.74
DR0194,PR017,30,138,21.74
DR0198,PR020,25,115,21.74
DR0387,PR020,15,69,21.74
DR0159,PR003,48,221,21.72
DR0394,PR021,18,83,21.69
DR0115,PR025,44,203,21.67
DR0448,PR015,13,60,21.67
DR0046,PR006,34,157,21.66
DR0407,PR001,63,291,21.65
DR0218,PR010,29,134,21.64
DR0218,PR015,29,134,21.64
DR0047,PR018,24,111,21.62
DR0405,PR001,40,185,21.62
DR0327,PR020,19,88,21.59
DR0258,PR006,22,102,21.57
DR0272,PR006,11,51,21.57
DR0287,PR025,22,102,21.57
DR0103,PR003,83,385,21.56
DR0103,PR021,83,385,21.56
DR0129,PR007,14,65,21.54
DR0096,PR001,17,79,21.52
DR0392,PR025,17,79,21.52
DR0422,PR006,17,79,21.52
DR0425,PR006,34,158,21.52
DR0189,PR018,74,344,21.51
DR0242,PR006,177,823,21.51
DR0267,PR003,43,200,21.5
DR0374,PR020,103,479,21.5
DR0114,PR006,30,140,21.43
DR0132,PR017,21,98,21.43
DR0179,PR003,18,84,21.43
DR0280,PR001,24,112,21.43
DR0315,PR003,12,56,21.43
DR0315,PR020,12,56,21.43
DR0339,PR025,33,154,21.43
DR0217,PR003,22,103,21.36
DR0436,PR001,19,89,21.35
DR0224,PR025,54,253,21.34
DR0216,PR004,48,225,21.33
DR0029,PR007,29,136,21.32
DR0407,PR020,62,291,21.31
DR0243,PR006,43,202,21.29
DR0171,PR003,20,94,21.28
DR0366,PR001,20,94,21.28
DR0395,PR001,30,141,21.28
DR0062,PR025,108,508,21.26
DR0242,PR020,175,823,21.26
DR0335,PR025,27,127,21.26
DR0398,PR003,27,127,21.26
DR0398,PR025,27,127,21.26
DR0415,PR005,27,127,21.26
DR0415,PR007,27,127,21.26
DR0240,PR006,191,899,21.25
DR0117,PR007,21,99,21.21
DR0206,PR006,106,500,21.2
DR0109,PR005,25,118,21.19
DR0122,PR020,18,85,21.18
DR0113,PR019,22,104,21.15
DR0118,PR003,22,104,21.15
DR0266,PR002,11,52,21.15
DR0126,PR025,52,246,21.14
DR0361,PR021,30,142,21.13
DR0445,PR020,15,71,21.13
DR0090,PR010,57,270,21.11
DR0107,PR003,54,256,21.09
DR0148,PR006,54,256,21.09
DR0345,PR020,24,114,21.05
DR0136,PR001,25,119,21.01
DR0194,PR003,29,138,21.01
DR0194,PR020,29,138,21.01
DR0267,PR017,42,200,21.0
DR0031,PR020,102,486,20.99
DR0312,PR018,47,224,20.98
DR0013,PR017,52,248,20.97
DR0023,PR004,26,124,20.97
DR0330,PR020,13,62,20.97
DR0085,PR019,48,229,20.96
DR0221,PR010,35,167,20.96
DR0307,PR020,50,239,20.92
DR0028,PR020,37,177,20.9
DR0218,PR020,28,134,20.9
DR0253,PR003,28,134,20.9
DR0268,PR006,14,67,20.9
DR0292,PR020,14,67,20.9
DR0438,PR025,61,292,20.89
DR0143,PR025,24,115,20.87
DR0417,PR020,48,230,20.87
DR0060,PR006,30,144,20.83
DR0251,PR006,60,288,20.83
DR0355,PR001,25,120,20.83
DR0408,PR002,15,72,20.83
DR0022,PR006,26,125,20.8
DR0166,PR003,26,125,20.8
DR0338,PR003,52,250,20.8
DR0058,PR003,21,101,20.79
DR0314,PR006,21,101,20.79
DR0238,PR003,16,77,20.78
DR0203,PR001,11,53,20.75
DR0293,PR003,11,53,20.75
DR0293,PR017,11,53,20.75
DR0379,PR004,11,53,20.75
DR0099,PR001,17,82,20.73
DR0357,PR006,40,193,20.73
DR0357,PR007,40,193,20.73
DR0162,PR006,64,309,20.71
DR0222,PR001,12,58,20.69
DR0222,PR020,12,58,20.69
DR0297,PR025,18,87,20.69
DR0328,PR025,12,58,20.69
DR0423,PR006,18,87,20.69
DR0083,PR006,50,242,20.66
DR0177,PR025,51,247,20.65
DR0077,PR025,26,126,20.63
DR0232,PR020,26,126,20.63
DR0368,PR020,26,126,20.63
DR0316,PR005,20,97,20.62
DR0407,PR025,60,291,20.62
DR0029,PR003,28,136,20.59
DR0180,PR001,28,136,20.59
DR0186,PR019,90,437,20.59
DR0350,PR020,21,102,20.59
DR0161,PR001,51,248,20.56
DR0349,PR003,37,180,20.56
DR0397,PR006,103,501,20.56
DR0043,PR011,15,73,20.55
DR0084,PR020,60,292,20.55
DR0331,PR001,60,292,20.55
DR0332,PR001,104,506,20.55
DR0402,PR003,30,146,20.55
DR0402,PR020,30,146,20.55
DR0197,PR003,38,185,20.54
DR0280,PR020,23,112,20.54
DR0280,PR025,23,112,20.54
DR0382,PR003,83,404,20.54
DR0137,PR025,40,195,20.51
DR0038,PR001,49,239,20.5
DR0267,PR018,41,200,20.5
DR0375,PR006,41,200,20.5
DR0285,PR003,25,122,20.49
DR0164,PR008,17,83,20.48
DR0255,PR020,17,83,20.48
DR0066,PR025,44,215,20.47
DR0163,PR015,54,264,20.45
DR0356,PR007,55,269,20.45
DR0439,PR025,27,132,20.45
DR0216,PR006,46,225,20.44
DR0216,PR007,46,225,20.44
DR0156,PR006,38,186,20.43
DR0158,PR001,39,191,20.42
DR0361,PR003,29,142,20.42
DR0170,PR001,51,250,20.4
DR0338,PR021,51,250,20.4
DR0162,PR020,63,309,20.39
DR0202,PR025,52,255,20.39
DR0217,PR001,21,103,20.39
DR0343,PR003,21,103,20.39
DR0241,PR008,33,162,20.37
DR0377,PR001,11,54,20.37
DR0221,PR020,34,167,20.36
DR0240,PR020,183,899,20.36
DR0104,PR003,36,177,20.34
DR0109,PR003,24,118,20.34
DR0130,PR006,12,59,20.34
DR0130,PR015,12,59,20.34
DR0248,PR003,24,118,20.34
DR0295,PR003,12,59,20.34
DR0298,PR003,12,59,20.34
DR0403,PR003,36,177,20.34
DR0125,PR003,25,123,20.33
DR0229,PR025,76,374,20.32
DR0363,PR003,77,379,20.32
DR0406,PR020,14,69,20.29
DR0032,PR005,29,143,20.28
DR0409,PR003,44,217,20.28
DR0037,PR018,15,74,20.27
DR0076,PR001,90,444,20.27
DR0144,PR001,47,232,20.26
DR0033,PR020,16,79,20.25
DR0074,PR003,16,79,20.25
DR0096,PR003,16,79,20.25
DR0385,PR025,16,79,20.25
DR0386,PR001,389,1921,20.25
DR0063,PR007,17,84,20.24
DR0179,PR001,17,84,20.24
DR0428,PR003,71,351,20.23
DR0153,PR009,36,178,20.22
DR0436,PR020,18,89,20.22
DR0026,PR006,39,193,20.21
DR0331,PR020,59,292,20.21
DR0113,PR003,21,104,20.19
DR0389,PR002,21,104,20.19
DR0393,PR002,50,248,20.16
DR0211,PR008,30,149,20.13
DR0430,PR005,30,149,20.13
DR0264,PR025,38,189,20.11
DR0374,PR006,96,479,20.04
DR0001,PR008,17,85,20.0
DR0006,PR009,67,335,20.0
DR0008,PR006,16,80,20.0
DR0036,PR006,18,90,20.0
DR0064,PR006,19,95,20.0
DR0075,PR025,12,60,20.0
DR0090,PR015,54,270,20.0
DR0106,PR006,10,50,20.0
DR0111,PR003,36,180,20.0
DR0122,PR001,17,85,20.0
DR0129,PR019,13,65,20.0
DR0137,PR006,39,195,20.0
DR0143,PR001,23,115,20.0
DR0169,PR020,12,60,20.0
DR0175,PR001,40,200,20.0
DR0181,PR008,19,95,20.0
DR0197,PR006,37,185,20.0
DR0216,PR005,45,225,20.0
DR0274,PR003,12,60,20.0
DR0284,PR020,12,60,20.0
DR0290,PR004,28,140,20.0
DR0290,PR006,28,140,20.0
DR0337,PR006,85,425,20.0
DR0405,PR006,37,185,20.0
DR0427,PR001,27,135,20.0
DR0448,PR008,12,60,20.0
DR0450,PR020,26,130,20.0
DR0160,PR020,65,326,19.94
DR0428,PR001,70,351,19.94
DR0354,PR006,58,291,19.93
DR0068,PR006,47,236,19.92
DR0126,PR002,49,246,19.92
DR0178,PR003,37,186,19.89
DR0178,PR018,37,186,19.89
DR0344,PR001,36,181,19.89
DR0112,PR006,147,740,19.86
DR0235,PR003,58,292,19.86
DR0336,PR006,103,519,19.85
DR0077,PR001,25,126,19.84
DR0077,PR003,25,126,19.84
DR0079,PR006,47,237,19.83
DR0220,PR006,37,187,19.79
DR0098,PR019,18,91,19.78
DR0139,PR006,55,278,19.78
DR0424,PR003,18,91,19.78
DR0104,PR001,35,177,19.77
DR0210,PR001,17,86,19.77
DR0210,PR012,17,86,19.77
DR0277,PR003,17,86,19.77
DR0201,PR008,49,248,19.76
DR0199,PR003,62,314,19.75
DR0313,PR003,31,157,19.75
DR0352,PR006,47,238,19.75
DR0352,PR020,47,238,19.75
DR0226,PR003,92,467,19.7
DR0356,PR019,53,269,19.7
DR0439,PR002,26,132,19.7
DR0240,PR003,177,899,19.69
DR0357,PR004,38,193,19.69
DR0415,PR004,25,127,19.69
DR0088,PR020,48,244,19.67
DR0285,PR001,24,122,19.67
DR0285,PR006,24,122,19.67
DR0348,PR001,12,61,19.67
DR0348,PR003,12,61,19.67
DR0153,PR006,35,178,19.66
DR0312,PR017,44,224,19.64
DR0315,PR001,11,56,19.64
DR0090,PR020,53,270,19.63
DR0250,PR020,32,163,19.63
DR0425,PR020,31,158,19.62
DR0050,PR002,10,51,19.61
DR0050,PR006,10,51,19.61
DR0050,PR023,10,51,19.61
DR0192,PR019,10,51,19.61
DR0272,PR003,10,51,19.61
DR0350,PR010,20,102,19.61
DR0191,PR001,49,250,19.6
DR0017,PR003,18,92,19.57
DR0423,PR020,17,87,19.54
DR0367,PR020,25,128,19.53
DR0084,PR006,57,292,19.52
DR0005,PR002,16,82,19.51
DR0126,PR023,48,246,19.51
DR0140,PR011,32,164,19.51
DR0267,PR020,39,200,19.5
DR0039,PR003,15,77,19.48
DR0339,PR020,30,154,19.48
DR0419,PR009,60,308,19.48
DR0378,PR006,22,113,19.47
DR0159,PR001,43,221,19.46
DR0197,PR020,36,185,19.46
DR0211,PR006,29,149,19.46
DR0081,PR001,148,761,19.45
DR0093,PR006,77,396,19.44
DR0093,PR020,77,396,19.44
DR0242,PR010,160,823,19.44
DR0177,PR002,48,247,19.43
DR0061,PR003,20,103,19.42
DR0083,PR003,47,242,19.42
DR0343,PR020,20,103,19.42
DR0372,PR025,135,695,19.42
DR0079,PR025,46,237,19.41
DR0167,PR020,13,67,19.4
DR0253,PR007,26,134,19.4
DR0268,PR003,13,67,19.4
DR0268,PR020,13,67,19.4
DR0443,PR001,84,433,19.4
DR0065,PR006,25,129,19.38
DR0158,PR020,37,191,19.37
DR0259,PR009,37,191,19.37
DR0013,PR018,48,248,19.35
DR0178,PR017,36,186,19.35
DR0201,PR009,48,248,19.35
DR0344,PR003,35,181,19.34
DR0136,PR003,23,119,19.33
DR0356,PR003,52,269,19.33
DR0242,PR015,159,823,19.32
DR0305,PR006,34,176,19.32
DR0327,PR003,17,88,19.32
DR0382,PR006,78,404,19.31
DR0382,PR020,78,404,19.31
DR0030,PR001,22,114,19.3
DR0120,PR006,11,57,19.3
DR0120,PR025,11,57,19.3
DR0252,PR020,11,57,19.3
DR0034,PR007,38,197,19.29
DR0164,PR006,16,83,19.28
DR0164,PR020,16,83,19.28
DR0371,PR003,16,83,19.28
DR0048,PR001,42,218,19.27
DR0070,PR002,53,275,19.27
DR0336,PR020,100,519,19.27
DR0088,PR006,47,244,19.26
DR0133,PR011,26,135,19.26
DR0220,PR007,36,187,19.25
DR0082,PR017,56,291,19.24
DR0108,PR003,30,156,19.23
DR0231,PR025,20,104,19.23
DR0266,PR003,10,52,19.23
DR0421,PR025,10,52,19.23
DR0103,PR020,74,385,19.22
DR0186,PR003,84,437,19.22
DR0186,PR007,84,437,19.22
DR0374,PR010,92,479,19.21
DR0131,PR021,110,573,19.2
DR0170,PR025,48,250,19.2
DR0117,PR003,19,99,19.19
DR0168,PR012,19,99,19.19
DR0043,PR020,14,73,19.18
DR0438,PR003,56,292,19.18
DR0171,PR001,18,94,19.15
DR0341,PR019,18,94,19.15
DR0431,PR025,68,355,19.15
DR0107,PR001,49,256,19.14
DR0148,PR001,49,256,19.14
DR0148,PR003,49,256,19.14
DR0019,PR006,35,183,19.13
DR0143,PR003,22,115,19.13
DR0417,PR001,44,230,19.13
DR0417,PR012,44,230,19.13
DR0018,PR002,26,136,19.12
DR0052,PR006,65,340,19.12
DR0180,PR006,26,136,19.12
DR0089,PR003,64,335,19.1
DR0436,PR008,17,89,19.1
DR0162,PR003,59,309,19.09
DR0265,PR001,95,498,19.08
DR0009,PR003,45,236,19.07
DR0232,PR008,24,126,19.05
DR0368,PR003,24,126,19.05
DR0410,PR003,44,231,19.05
DR0209,PR025,123,646,19.04
DR0102,PR017,46,242,19.01
DR0404,PR020,119,626,19.01
DR0159,PR020,42,221,19.0
DR0324,PR003,19,100,19.0
DR0033,PR001,15,79,18.99
DR0069,PR006,15,79,18.99
DR0069,PR025,15,79,18.99
DR0096,PR020,15,79,18.99
DR0190,PR001,15,79,18.99
DR0372,PR002,132,695,18.99
DR0385,PR002,15,79,18.99
DR0003,PR006,77,406,18.97
DR0003,PR025,77,406,18.97
DR0449,PR002,11,58,18.97
DR0013,PR003,47,248,18.95
DR0161,PR006,47,248,18.95
DR0093,PR001,75,396,18.94
DR0439,PR003,25,132,18.94
DR0037,PR020,14,74,18.92
DR0112,PR025,140,740,18.92
DR0310,PR001,14,74,18.92
DR0405,PR008,35,185,18.92
DR0140,PR001,31,164,18.9
DR0140,PR020,31,164,18.9
DR0354,PR001,55,291,18.9
DR0354,PR008,55,291,18.9
DR0209,PR003,122,646,18.89
DR0302,PR003,92,487,18.89
DR0302,PR006,92,487,18.89
DR0349,PR020,34,180,18.89
DR0441,PR003,17,90,18.89
DR0123,PR008,20,106,18.87
DR0123,PR020,20,106,18.87
DR0203,PR025,10,53,18.87
DR0306,PR018,10,53,18.87
DR0317,PR002,10,53,18.87
DR0379,PR006,10,53,18.87
DR0285,PR025,23,122,18.85
DR0235,PR001,55,292,18.84
DR0246,PR008,13,69,18.84
DR0246,PR009,13,69,18.84
DR0387,PR003,13,69,18.84
DR0307,PR003,45,239,18.83
DR0339,PR003,29,154,18.83
DR0337,PR020,80,425,18.82
DR0058,PR020,19,101,18.81
DR0413,PR008,25,133,18.8
DR0199,PR008,59,314,18.79
DR0211,PR020,28,149,18.79
DR0344,PR025,34,181,18.78
DR0301,PR003,64,341,18.77
DR0397,PR020,94,501,18.76
DR0051,PR001,12,64,18.75
DR0067,PR001,18,96,18.75
DR0067,PR020,18,96,18.75
DR0271,PR003,39,208,18.75
DR0363,PR025,71,379,18.73
DR0086,PR005,26,139,18.71
DR0139,PR001,52,278,18.71
DR0139,PR025,52,278,18.71
DR0160,PR001,61,326,18.71
DR0125,PR020,23,123,18.7
DR0125,PR021,23,123,18.7
DR0098,PR001,17,91,18.68
DR0244,PR003,48,257,18.68
DR0351,PR006,17,91,18.68
DR0424,PR008,17,91,18.68
DR0234,PR006,14,75,18.67
DR0369,PR006,14,75,18.67
DR0081,PR025,142,761,18.66
DR0294,PR006,25,134,18.66
DR0294,PR015,25,134,18.66
DR0028,PR006,33,177,18.64
DR0295,PR001,11,59,18.64
DR0376,PR008,33,177,18.64
DR0007,PR006,19,102,18.63
DR0287,PR002,19,102,18.63
DR0410,PR020,43,231,18.61
DR0049,PR007,16,86,18.6
DR0189,PR020,64,344,18.6
DR0346,PR008,16,86,18.6
DR0434,PR003,24,129,18.6
DR0108,PR006,29,156,18.59
DR0228,PR003,37,199,18.59
DR0228,PR020,37,199,18.59
DR0228,PR025,37,199,18.59
DR0431,PR001,66,355,18.59
DR0019,PR003,34,183,18.58
DR0161,PR020,46,248,18.55
DR0241,PR015,30,162,18.52
DR0377,PR003,10,54,18.52
DR0377,PR008,10,54,18.52
DR0427,PR003,25,135,18.52
DR0089,PR020,62,335,18.51
DR0017,PR020,17,92,18.48
DR0076,PR020,82,444,18.47
DR0227,PR006,29,157,18.47
DR0313,PR011,29,157,18.47
DR0347,PR001,12,65,18.46
DR0347,PR003,12,65,18.46
DR0347,PR020,12,65,18.46
DR0358,PR003,12,65,18.46
DR0358,PR020,12,65,18.46
DR0061,PR001,19,103,18.45
DR0229,PR006,69,374,18.45
DR0202,PR001,47,255,18.43
DR0409,PR002,40,217,18.43
DR0022,PR001,23,125,18.4
DR0022,PR008,23,125,18.4
DR0022,PR020,23,125,18.4
DR0191,PR003,46,250,18.4
DR0251,PR020,53,288,18.4
DR0338,PR020,46,250,18.4
DR0021,PR025,48,261,18.39
DR0116,PR002,16,87,18.39
DR0261,PR006,32,174,18.39
DR0380,PR006,48,261,18.39
DR0018,PR003,25,136,18.38
DR0018,PR006,25,136,18.38
DR0111,PR006,33,180,18.33
DR0111,PR023,33,180,18.33
DR0127,PR020,11,60,18.33
DR0284,PR001,11,60,18.33
DR0349,PR011,33,180,18.33
DR0355,PR025,22,120,18.33
DR0282,PR001,123,672,18.3
DR0080,PR020,15,82,18.29
DR0140,PR003,30,164,18.29
DR0015,PR020,17,93,18.28
DR0113,PR007,19,104,18.27
DR0271,PR023,38,208,18.27
DR0198,PR001,21,115,18.26
DR0016,PR006,33,181,18.23
DR0016,PR020,33,181,18.23
DR0115,PR006,37,203,18.23
DR0009,PR007,43,236,18.22
DR0068,PR002,43,236,18.22
DR0363,PR001,69,379,18.21
DR0206,PR005,91,500,18.2
DR0102,PR020,44,242,18.18
DR0154,PR007,12,66,18.18
DR0154,PR019,12,66,18.18
DR0155,PR003,10,55,18.18
DR0215,PR010,20,110,18.18
DR0225,PR004,18,99,18.18
DR0301,PR001,62,341,18.18
DR0327,PR017,16,88,18.18
DR0353,PR004,12,66,18.18
DR0353,PR005,12,66,18.18
DR0446,PR003,30,165,18.18
DR0318,PR020,77,424,18.16
DR0438,PR023,53,292,18.15
DR0026,PR001,35,193,18.13
DR0311,PR006,60,331,18.13
DR0059,PR003,25,138,18.12
DR0059,PR006,25,138,18.12
DR0398,PR006,23,127,18.11
DR0415,PR006,23,127,18.11
DR0204,PR001,19,105,18.1
DR0403,PR001,32,177,18.08
DR0403,PR006,32,177,18.08
DR0302,PR025,88,487,18.07
DR0371,PR025,15,83,18.07
DR0394,PR005,15,83,18.07
DR0394,PR020,15,83,18.07
DR0386,PR003,347,1921,18.06
DR0408,PR025,13,72,18.06
DR0019,PR020,33,183,18.03
DR0262,PR025,22,122,18.03
DR0281,PR001,55,305,18.03
DR0416,PR020,80,444,18.02
DR0002,PR003,9,50,18.0
DR0106,PR020,9,50,18.0
DR0145,PR002,27,150,18.0
DR0145,PR003,27,150,18.0
DR0145,PR025,27,150,18.0
DR0175,PR003,36,200,18.0
DR0191,PR006,45,250,18.0
DR0429,PR020,9,50,18.0
DR0264,PR020,34,189,17.99
DR0107,PR012,46,256,17.97
DR0101,PR003,14,78,17.95
DR0101,PR011,14,78,17.95
DR0101,PR012,14,78,17.95
DR0363,PR006,68,379,17.94
DR0275,PR003,33,184,17.93
DR0062,PR001,91,508,17.91
DR0218,PR006,24,134,17.91
DR0253,PR019,24,134,17.91
DR0048,PR006,39,218,17.89
DR0404,PR009,112,626,17.89
DR0063,PR004,15,84,17.86
DR0063,PR005,15,84,17.86
DR0114,PR004,25,140,17.86
DR0315,PR006,10,56,17.86
DR0065,PR025,23,129,17.83
DR0199,PR006,56,314,17.83
DR0084,PR001,52,292,17.81
DR0158,PR008,34,191,17.8
DR0259,PR020,34,191,17.8
DR0160,PR008,58,326,17.79
DR0224,PR002,45,253,17.79
DR0036,PR025,16,90,17.78
DR0083,PR025,43,242,17.77
DR0196,PR015,27,152,17.76
DR0374,PR015,85,479,17.75
DR0201,PR006,44,248,17.74
DR0323,PR020,11,62,17.74
DR0336,PR003,92,519,17.73
DR0033,PR003,14,79,17.72
DR0033,PR025,14,79,17.72
DR0062,PR006,90,508,17.72
DR0079,PR003,42,237,17.72
DR0190,PR020,14,79,17.72
DR0422,PR009,14,79,17.72
DR0067,PR003,17,96,17.71
DR0370,PR020,17,96,17.71
DR0378,PR020,20,113,17.7
DR0093,PR003,70,396,17.68
DR0122,PR006,15,85,17.65
DR0247,PR003,18,102,17.65
DR0247,PR025,18,102,17.65
DR0258,PR020,18,102,17.65
DR0272,PR001,9,51,17.65
DR0272,PR020,9,51,17.65
DR0350,PR015,18,102,17.65
DR0131,PR005,101,573,17.63
DR0305,PR002,31,176,17.61
DR0228,PR001,35,199,17.59
DR0098,PR003,16,91,17.58
DR0351,PR008,16,91,17.58
DR0446,PR001,29,165,17.58
DR0038,PR006,42,239,17.57
DR0279,PR006,13,74,17.57
DR0404,PR008,110,626,17.57
DR0282,PR006,118,672,17.56
DR0120,PR003,10,57,17.54
DR0252,PR006,10,57,17.54
DR0316,PR003,17,97,17.53
DR0316,PR020,17,97,17.53
DR0419,PR020,54,308,17.53
DR0057,PR003,31,177,17.51
DR0244,PR002,45,257,17.51
DR0244,PR025,45,257,17.51
DR0376,PR015,31,177,17.51
DR0376,PR020,31,177,17.51
DR0403,PR008,31,177,17.51
DR0391,PR001,14,80,17.5
DR0420,PR006,14,80,17.5
DR0209,PR023,113,646,17.49
DR0081,PR003,133,761,17.48
DR0235,PR020,51,292,17.47
DR0232,PR003,22,126,17.46
DR0360,PR012,33,189,17.46
DR0431,PR020,62,355,17.46
DR0070,PR003,48,275,17.45
DR0070,PR006,48,275,17.45
DR0302,PR001,85,487,17.45
DR0137,PR003,34,195,17.44
DR0210,PR020,15,86,17.44
DR0346,PR006,15,86,17.44
DR0346,PR009,15,86,17.44
DR0440,PR018,19,109,17.43
DR0337,PR008,74,425,17.41
DR0017,PR025,16,92,17.39
DR0059,PR002,24,138,17.39
DR0110,PR001,20,115,17.39
DR0143,PR006,20,115,17.39
DR0246,PR020,12,69,17.39
DR0332,PR003,88,506,17.39
DR0406,PR006,12,69,17.39
DR0229,PR002,65,374,17.38
DR0083,PR001,42,242,17.36
DR0083,PR020,42,242,17.36
DR0151,PR003,21,121,17.36
DR0401,PR025,25,144,17.36
DR0132,PR003,17,98,17.35
DR0132,PR018,17,98,17.35
DR0303,PR020,43,248,17.34
DR0062,PR003,88,508,17.32
DR0410,PR001,40,231,17.32
DR0443,PR008,75,433,17.32
DR0443,PR020,75,433,17.32
DR0056,PR001,9,52,17.31
DR0118,PR020,18,104,17.31
DR0231,PR020,18,104,17.31
DR0266,PR006,9,52,17.31
DR0389,PR025,18,104,17.31
DR0421,PR006,9,52,17.31
DR0112,PR020,128,740,17.3
DR0158,PR003,33,191,17.28
DR0139,PR020,48,278,17.27
DR0115,PR003,35,203,17.24
DR0249,PR020,25,145,17.24
DR0261,PR020,30,174,17.24
DR0328,PR003,10,58,17.24
DR0444,PR003,10,58,17.24
DR0300,PR003,41,238,17.23
DR0352,PR015,41,238,17.23
DR0311,PR008,57,331,17.22
DR0419,PR006,53,308,17.21
DR0419,PR008,53,308,17.21
DR0191,PR020,43,250,17.2
DR0227,PR023,27,157,17.2
DR0313,PR001,27,157,17.2
DR0148,PR008,44,256,17.19
DR0319,PR008,11,64,17.19
DR0332,PR012,87,506,17.19
DR0209,PR002,111,646,17.18
DR0250,PR009,28,163,17.18
DR0354,PR003,50,291,17.18
DR0168,PR003,17,99,17.17
DR0225,PR007,17,99,17.17
DR0016,PR003,31,181,17.13
DR0226,PR020,80,467,17.13
DR0047,PR020,19,111,17.12
DR0196,PR008,26,152,17.11
DR0357,PR005,33,193,17.1
DR0070,PR025,47,275,17.09
DR0443,PR003,74,433,17.09
DR0443,PR006,74,433,17.09
DR0031,PR018,83,486,17.08
DR0005,PR003,14,82,17.07
DR0265,PR012,85,498,17.07
DR0305,PR025,30,176,17.05
DR0409,PR023,37,217,17.05
DR0090,PR006,46,270,17.04
DR0133,PR001,23,135,17.04
DR0133,PR003,23,135,17.04
DR0427,PR006,23,135,17.04
DR0112,PR001,126,740,17.03
DR0105,PR006,16,94,17.02
DR0105,PR010,16,94,17.02
DR0171,PR020,16,94,17.02
DR0185,PR002,24,141,17.02
DR0395,PR003,24,141,17.02
DR0251,PR001,49,288,17.01
DR0224,PR006,43,253,17.0
DR0332,PR020,86,506,17.0
DR0025,PR003,35,206,16.99
DR0123,PR001,18,106,16.98
DR0372,PR003,118,695,16.98
DR0446,PR008,28,165,16.97
DR0446,PR020,28,165,16.97
DR0280,PR006,19,112,16.96
DR0282,PR008,114,672,16.96
DR0172,PR006,10,59,16.95
DR0172,PR007,10,59,16.95
DR0248,PR001,20,118,16.95
DR0326,PR001,10,59,16.95
DR0426,PR025,10,59,16.95
DR0201,PR020,42,248,16.94
DR0303,PR008,42,248,16.94
DR0337,PR001,72,425,16.94
DR0393,PR003,42,248,16.94
DR0137,PR023,33,195,16.92
DR0311,PR009,56,331,16.92
DR0311,PR015,56,331,16.92
DR0128,PR002,23,136,16.91
DR0412,PR003,23,136,16.91
DR0416,PR006,75,444,16.89
DR0416,PR015,75,444,16.89
DR0238,PR006,13,77,16.88
DR0410,PR012,39,231,16.88
DR0164,PR001,14,83,16.87
DR0321,PR020,14,83,16.87
DR0371,PR020,14,83,16.87
DR0286,PR003,30,178,16.85
DR0436,PR003,15,89,16.85
DR0436,PR006,15,89,16.85
DR0263,PR006,80,475,16.84
DR0263,PR020,80,475,16.84
DR0314,PR015,17,101,16.83
DR0282,PR020,113,672,16.82
DR0136,PR020,20,119,16.81
DR0144,PR012,39,232,16.81
DR0300,PR011,40,238,16.81
DR0166,PR001,21,125,16.8
DR0166,PR020,21,125,16.8
DR0332,PR011,85,506,16.8
DR0235,PR008,49,292,16.78
DR0221,PR015,28,167,16.77
DR0405,PR020,31,185,16.76
DR0003,PR023,68,406,16.75
DR0115,PR002,34,203,16.75
DR0318,PR008,71,424,16.75
DR0288,PR011,61,365,16.71
DR0226,PR008,78,467,16.7
DR0081,PR020,127,761,16.69
DR0004,PR003,10,60,16.67
DR0004,PR008,10,60,16.67
DR0036,PR003,15,90,16.67
DR0059,PR025,23,138,16.67
DR0077,PR006,21,126,16.67
DR0101,PR001,13,78,16.67
DR0111,PR025,30,180,16.67
DR0127,PR005,10,60,16.67
DR0156,PR003,31,186,16.67
DR0169,PR003,10,60,16.67
DR0179,PR012,14,84,16.67
DR0260,PR006,12,72,16.67
DR0265,PR011,83,498,16.67
DR0353,PR007,11,66,16.67
DR0368,PR018,21,126,16.67
DR0416,PR008,74,444,16.67
DR0441,PR011,15,90,16.67
DR0386,PR008,320,1921,16.66
DR0302,PR020,81,487,16.63
DR0431,PR006,59,355,16.62
DR0177,PR003,41,247,16.6
DR0026,PR020,32,193,16.58
DR0228,PR006,33,199,16.58
DR0336,PR001,86,519,16.57
DR0249,PR008,24,145,16.55
DR0335,PR002,21,127,16.54
DR0398,PR020,21,127,16.54
DR0413,PR003,22,133,16.54
DR0151,PR025,20,121,16.53
DR0393,PR025,41,248,16.53
DR0110,PR003,19,115,16.52
DR0143,PR020,19,115,16.52
DR0278,PR002,19,115,16.52
DR0282,PR003,111,672,16.52
DR0428,PR025,58,351,16.52
DR0003,PR003,67,406,16.5
DR0343,PR017,17,103,16.5
DR0112,PR003,122,740,16.49
DR0226,PR006,77,467,16.49
DR0305,PR003,29,176,16.48
DR0305,PR023,29,176,16.48
DR0380,PR020,43,261,16.48
DR0424,PR001,15,91,16.48
DR0001,PR006,14,85,16.47
DR0265,PR003,82,498,16.47
DR0337,PR003,70,425,16.47
DR0033,PR006,13,79,16.46
DR0069,PR001,13,79,16.46
DR0190,PR003,13,79,16.46
DR0392,PR003,13,79,16.46
DR0392,PR006,13,79,16.46
DR0425,PR008,26,158,16.46
DR0010,PR020,12,73,16.44
DR0331,PR003,48,292,16.44
DR0331,PR012,48,292,16.44
DR0006,PR006,55,335,16.42
DR0006,PR020,55,335,16.42
DR0167,PR011,11,67,16.42
DR0263,PR008,78,475,16.42
DR0268,PR008,11,67,16.42
DR0294,PR008,22,134,16.42
DR0294,PR009,22,134,16.42
DR0367,PR006,21,128,16.41
DR0206,PR007,82,500,16.4
DR0088,PR003,40,244,16.39
DR0262,PR003,20,122,16.39
DR0188,PR008,18,110,16.36
DR0188,PR015,18,110,16.36
DR0157,PR025,17,104,16.35
DR0231,PR003,17,104,16.35
DR0386,PR020,314,1921,16.35
DR0147,PR025,25,153,16.34
DR0243,PR003,33,202,16.34
DR0388,PR015,16,98,16.33
DR0038,PR008,39,239,16.32
DR0173,PR008,71,435,16.32
DR0229,PR003,61,374,16.31
DR0275,PR020,30,184,16.3
DR0286,PR001,29,178,16.29
DR0049,PR006,14,86,16.28
DR0065,PR023,21,129,16.28
DR0066,PR006,35,215,16.28
DR0265,PR020,81,498,16.27
DR0428,PR006,57,351,16.24
DR0158,PR006,31,191,16.23
DR0259,PR006,31,191,16.23
DR0339,PR001,25,154,16.23
DR0310,PR011,12,74,16.22
DR0224,PR023,41,253,16.21
DR0204,PR006,17,105,16.19
DR0386,PR006,311,1921,16.19
DR0336,PR008,84,519,16.18
DR0082,PR018,47,291,16.15
DR0156,PR001,30,186,16.13
DR0161,PR003,40,248,16.13
DR0301,PR020,55,341,16.13
DR0303,PR001,40,248,16.13
DR0323,PR008,10,62,16.13
DR0330,PR003,10,62,16.13
DR0393,PR006,40,248,16.13
DR0409,PR025,35,217,16.13
DR0430,PR006,24,149,16.11
DR0109,PR021,19,118,16.1
DR0116,PR003,14,87,16.09
DR0116,PR006,14,87,16.09
DR0297,PR006,14,87,16.09
DR0280,PR003,18,112,16.07
DR0431,PR003,57,355,16.06
DR0318,PR009,68,424,16.04
DR0079,PR001,38,237,16.03
DR0025,PR025,33,206,16.02
DR0148,PR020,41,256,16.02
DR0106,PR001,8,50,16.0
DR0145,PR006,24,150,16.0
DR0175,PR006,32,200,16.0
DR0234,PR020,12,75,16.0
DR0324,PR018,16,100,16.0
DR0088,PR001,39,244,15.98
DR0088,PR008,39,244,15.98
DR0045,PR020,19,119,15.97
DR0401,PR002,23,144,15.97
DR0105,PR020,15,94,15.96
DR0144,PR003,37,232,15.95
DR0250,PR006,26,163,15.95
DR0250,PR008,26,163,15.95
DR0250,PR015,26,163,15.95
DR0046,PR002,25,157,15.92
DR0046,PR025,25,157,15.92
DR0199,PR001,50,314,15.92
DR0227,PR003,25,157,15.92
DR0093,PR025,63,396,15.91
DR0163,PR006,42,264,15.91
DR0163,PR020,42,264,15.91
DR0362,PR003,14,88,15.91
DR0038,PR020,38,239,15.9
DR0071,PR003,24,151,15.89
DR0288,PR001,58,365,15.89
DR0232,PR006,20,126,15.87
DR0264,PR006,30,189,15.87
DR0271,PR006,33,208,15.87
DR0360,PR011,30,189,15.87
DR0249,PR003,23,145,15.86
DR0226,PR001,74,467,15.85
DR0243,PR001,32,202,15.84
DR0301,PR011,54,341,15.84
DR0086,PR007,22,139,15.83
DR0139,PR003,44,278,15.83
DR0057,PR025,28,177,15.82
DR0030,PR012,18,114,15.79
DR0030,PR020,18,114,15.79
DR0064,PR008,15,95,15.79
DR0181,PR006,15,95,15.79
DR0181,PR015,15,95,15.79
DR0196,PR006,24,152,15.79
DR0345,PR025,18,114,15.79
DR0229,PR023,59,374,15.78
DR0081,PR006,120,761,15.77
DR0446,PR006,26,165,15.76
DR0335,PR006,20,127,15.75
DR0438,PR006,46,292,15.75
DR0286,PR020,28,178,15.73
DR0393,PR023,39,248,15.73
DR0007,PR020,16,102,15.69
DR0147,PR020,24,153,15.69
DR0192,PR007,8,51,15.69
DR0202,PR003,40,255,15.69
DR0258,PR003,16,102,15.69
DR0272,PR025,8,51,15.69
DR0372,PR006,109,695,15.68
DR0164,PR003,13,83,15.66
DR0255,PR003,13,83,15.66
DR0255,PR025,13,83,15.66
DR0321,PR006,13,83,15.66
DR0404,PR006,98,626,15.65
DR0417,PR011,36,230,15.65
DR0160,PR003,51,326,15.64
DR0051,PR003,10,64,15.63
DR0173,PR006,68,435,15.63
DR0319,PR006,10,64,15.63
DR0370,PR003,15,96,15.63
DR0079,PR020,37,237,15.61
DR0440,PR003,17,109,15.6
DR0238,PR020,12,77,15.58
DR0036,PR002,14,90,15.56
DR0062,PR020,79,508,15.55
DR0061,PR008,16,103,15.53
DR0144,PR011,36,232,15.52
DR0328,PR002,9,58,15.52
DR0444,PR002,9,58,15.52
DR0444,PR006,9,58,15.52
DR0065,PR003,20,129,15.5
DR0375,PR023,31,200,15.5
DR0434,PR006,20,129,15.5
DR0434,PR020,20,129,15.5
DR0445,PR021,11,71,15.49
DR0179,PR020,13,84,15.48
DR0333,PR006,13,84,15.48
DR0344,PR020,28,181,15.47
DR0126,PR003,38,246,15.45
DR0128,PR025,21,136,15.44
DR0211,PR003,23,149,15.44
DR0224,PR003,39,253,15.42
DR0084,PR003,45,292,15.41
DR0173,PR020,67,435,15.4
DR0372,PR023,107,695,15.4
DR0032,PR021,22,143,15.38
DR0056,PR020,8,52,15.38
DR0118,PR025,16,104,15.38
DR0177,PR006,38,247,15.38
DR0266,PR023,8,52,15.38
DR0351,PR020,14,91,15.38
DR0389,PR003,16,104,15.38
DR0424,PR006,14,91,15.38
DR0428,PR020,54,351,15.38
DR0263,PR009,73,475,15.37
DR0066,PR020,33,215,15.35
DR0288,PR012,56,365,15.34
DR0021,PR006,40,261,15.33
DR0145,PR023,23,150,15.33
DR0023,PR007,19,124,15.32
DR0303,PR003,38,248,15.32
DR0416,PR009,68,444,15.32
DR0236,PR001,15,98,15.31
DR0001,PR020,13,85,15.29
DR0199,PR020,48,314,15.29
DR0313,PR020,24,157,15.29
DR0060,PR001,22,144,15.28
DR0251,PR025,44,288,15.28
DR0260,PR003,11,72,15.28
DR0401,PR023,22,144,15.28
DR0408,PR023,11,72,15.28
DR0057,PR023,27,177,15.25
DR0068,PR003,36,236,15.25
DR0172,PR004,9,59,15.25
DR0248,PR008,18,118,15.25
DR0298,PR020,9,59,15.25
DR0376,PR006,27,177,15.25
DR0426,PR006,9,59,15.25
DR0017,PR001,14,92,15.22
DR0194,PR018,21,138,15.22
DR0022,PR003,19,125,15.2
DR0170,PR006,38,250,15.2
DR0074,PR006,12,79,15.19
DR0392,PR020,12,79,15.19
DR0425,PR001,24,158,15.19
DR0259,PR008,29,191,15.18
DR0404,PR015,95,626,15.18
DR0286,PR006,27,178,15.17
DR0210,PR011,13,86,15.12
DR0311,PR020,50,331,15.11
DR0144,PR020,35,232,15.09
DR0237,PR001,8,53,15.09
DR0293,PR020,8,53,15.09
DR0317,PR003,8,53,15.09
DR0317,PR006,8,53,15.09
DR0318,PR006,64,424,15.09
DR0379,PR007,8,53,15.09
DR0043,PR001,11,73,15.07
DR0043,PR012,11,73,15.07
DR0363,PR020,57,379,15.04
DR0413,PR001,20,133,15.04
DR0026,PR008,29,193,15.03
DR0209,PR006,97,646,15.02
DR0004,PR001,9,60,15.0
DR0121,PR006,9,60,15.0
DR0127,PR003,9,60,15.0
DR0175,PR020,30,200,15.0
DR0284,PR006,9,60,15.0
DR0324,PR017,15,100,15.0
DR0391,PR003,12,80,15.0
DR0420,PR001,12,80,15.0
DR0420,PR008,12,80,15.0
DR0448,PR006,9,60,15.0
DR0220,PR004,28,187,14.97
DR0116,PR023,13,87,14.94
DR0297,PR003,13,87,14.94
DR0030,PR003,17,114,14.91
DR0202,PR020,38,255,14.9
DR0185,PR023,21,141,14.89
DR0185,PR025,21,141,14.89
DR0151,PR006,18,121,14.88
DR0137,PR002,29,195,14.87
DR0310,PR012,11,74,14.86
DR0314,PR009,15,101,14.85
DR0367,PR003,19,128,14.84
DR0133,PR020,20,135,14.81
DR0264,PR003,28,189,14.81
DR0360,PR003,28,189,14.81
DR0244,PR006,38,257,14.79
DR0003,PR002,60,406,14.78
DR0110,PR006,17,115,14.78
DR0163,PR008,39,264,14.77
DR0430,PR007,22,149,14.77
DR0285,PR020,18,122,14.75
DR0181,PR020,14,95,14.74
DR0065,PR002,19,129,14.73
DR0084,PR008,43,292,14.73
DR0410,PR011,34,231,14.72
DR0128,PR003,20,136,14.71
DR0300,PR001,35,238,14.71
DR0376,PR009,26,177,14.69
DR0234,PR009,11,75,14.67
DR0270,PR007,11,75,14.67
DR0005,PR023,12,82,14.63
DR0140,PR012,24,164,14.63
DR0450,PR003,19,130,14.62
DR0450,PR011,19,130,14.62
DR0071,PR002,22,151,14.57
DR0025,PR023,30,206,14.56
DR0380,PR008,38,261,14.56
DR0155,PR006,8,55,14.55
DR0156,PR020,27,186,14.52
DR0026,PR003,28,193,14.51
DR0059,PR023,20,138,14.49
DR0246,PR015,10,69,14.49
DR0406,PR008,10,69,14.49
DR0159,PR012,32,221,14.48
DR0173,PR003,63,435,14.48
DR0249,PR006,21,145,14.48
DR0196,PR009,22,152,14.47
DR0111,PR002,26,180,14.44
DR0441,PR001,13,90,14.44
DR0407,PR006,42,291,14.43
DR0157,PR003,15,104,14.42
DR0389,PR006,15,104,14.42
DR0052,PR010,49,340,14.41
DR0248,PR020,17,118,14.41
DR0166,PR012,18,125,14.4
DR0439,PR023,19,132,14.39
DR0331,PR011,42,292,14.38
DR0438,PR002,42,292,14.38
DR0301,PR012,49,341,14.37
DR0243,PR020,29,202,14.36
DR0039,PR025,11,77,14.29
DR0077,PR020,18,126,14.29
DR0136,PR006,17,119,14.29
DR0136,PR025,17,119,14.29
DR0179,PR011,12,84,14.29
DR0352,PR008,34,238,14.29
DR0409,PR006,31,217,14.29
DR0424,PR020,13,91,14.29
DR0251,PR003,41,288,14.24
DR0021,PR002,37,261,14.18
DR0021,PR023,37,261,14.18
DR0070,PR023,39,275,14.18
DR0185,PR003,20,141,14.18
DR0355,PR003,17,120,14.17
DR0398,PR001,18,127,14.17
DR0001,PR001,12,85,14.12
DR0161,PR008,35,248,14.11
DR0263,PR015,67,475,14.11
DR0101,PR020,11,78,14.1
DR0211,PR001,21,149,14.09
DR0407,PR003,41,291,14.09
DR0361,PR005,20,142,14.08
DR0151,PR023,17,121,14.05
DR0345,PR006,16,114,14.04
DR0163,PR009,37,264,14.02
DR0313,PR012,22,157,14.01
DR0002,PR001,7,50,14.0
DR0429,PR003,7,50,14.0
DR0429,PR006,7,50,14.0
DR0288,PR020,51,365,13.97
DR0210,PR003,12,86,13.95
DR0190,PR006,11,79,13.92
DR0058,PR001,14,101,13.86
DR0171,PR006,13,94,13.83
DR0126,PR006,34,246,13.82
DR0016,PR001,25,181,13.81
DR0344,PR006,25,181,13.81
DR0020,PR007,12,87,13.79
DR0115,PR023,28,203,13.79
DR0297,PR001,12,87,13.79
DR0432,PR020,8,58,13.79
DR0444,PR023,8,58,13.79
DR0449,PR003,8,58,13.79
DR0177,PR023,34,247,13.77
DR0048,PR003,30,218,13.76
DR0340,PR003,11,80,13.75
DR0420,PR020,11,80,13.75
DR0006,PR008,46,335,13.73
DR0247,PR023,14,102,13.73
DR0258,PR001,14,102,13.73
DR0034,PR005,27,197,13.71
DR0010,PR006,10,73,13.7
DR0010,PR009,10,73,13.7
DR0235,PR006,40,292,13.7
DR0064,PR020,13,95,13.68
DR0181,PR009,13,95,13.68
DR0439,PR006,18,132,13.64
DR0244,PR023,35,257,13.62
DR0166,PR011,17,125,13.6
DR0191,PR008,34,250,13.6
DR0061,PR006,14,103,13.59
DR0241,PR020,22,162,13.58
DR0057,PR006,24,177,13.56
DR0104,PR020,24,177,13.56
DR0298,PR006,8,59,13.56
DR0153,PR015,24,178,13.48
DR0153,PR020,24,178,13.48
DR0231,PR006,14,104,13.46
DR0266,PR025,7,52,13.46
DR0045,PR008,16,119,13.45
DR0318,PR015,57,424,13.44
DR0006,PR015,45,335,13.43
DR0167,PR001,9,67,13.43
DR0080,PR003,11,82,13.41
DR0080,PR008,11,82,13.41
DR0099,PR011,11,82,13.41
DR0099,PR020,11,82,13.41
DR0335,PR023,17,127,13.39
DR0121,PR003,8,60,13.33
DR0169,PR006,8,60,13.33
DR0169,PR008,8,60,13.33
DR0234,PR015,10,75,13.33
DR0270,PR006,10,75,13.33
DR0355,PR006,16,120,13.33
DR0369,PR025,10,75,13.33
DR0441,PR020,12,90,13.33
DR0419,PR015,41,308,13.31
DR0388,PR010,13,98,13.27
DR0071,PR023,20,151,13.25
DR0018,PR023,18,136,13.24
DR0128,PR023,18,136,13.24
DR0203,PR003,7,53,13.21
DR0306,PR017,7,53,13.21
DR0160,PR006,43,326,13.19
DR0401,PR003,19,144,13.19
DR0262,PR006,16,122,13.11
DR0348,PR020,8,61,13.11
DR0017,PR006,12,92,13.04
DR0380,PR003,34,261,13.03
DR0375,PR002,26,200,13.0
DR0039,PR020,10,77,12.99
DR0377,PR020,7,54,12.96
DR0214,PR006,18,139,12.95
DR0153,PR008,23,178,12.92
DR0015,PR008,12,93,12.9
DR0015,PR009,12,93,12.9
DR0023,PR005,16,124,12.9
DR0314,PR008,13,101,12.87
DR0314,PR020,13,101,12.87
DR0247,PR006,13,102,12.75
DR0287,PR006,13,102,12.75
DR0149,PR002,7,55,12.73
DR0188,PR009,14,110,12.73
DR0223,PR025,7,55,12.73
DR0096,PR011,10,79,12.66
DR0385,PR023,10,79,12.66
DR0422,PR015,10,79,12.66
DR0422,PR020,10,79,12.66
DR0425,PR003,20,158,12.66
DR0300,PR012,30,238,12.61
DR0417,PR003,29,230,12.61
DR0259,PR015,24,191,12.57
DR0066,PR003,27,215,12.56
DR0008,PR003,10,80,12.5
DR0107,PR011,32,256,12.5
DR0118,PR006,13,104,12.5
DR0157,PR020,13,104,12.5
DR0201,PR015,31,248,12.5
DR0260,PR001,9,72,12.5
DR0375,PR003,25,200,12.5
DR0391,PR006,10,80,12.5
DR0403,PR020,22,177,12.43
DR0405,PR003,23,185,12.43
DR0170,PR020,31,250,12.4
DR0434,PR008,16,129,12.4
DR0048,PR020,27,218,12.39
DR0204,PR008,13,105,12.38
DR0339,PR006,19,154,12.34
DR0010,PR015,9,73,12.33
DR0402,PR005,18,146,12.33
DR0129,PR003,8,65,12.31
DR0347,PR006,8,65,12.31
DR0042,PR006,13,106,12.26
DR0123,PR006,13,106,12.26
DR0085,PR007,28,229,12.23
DR0099,PR003,10,82,12.2
DR0352,PR009,29,238,12.18
DR0278,PR006,14,115,12.17
DR0025,PR002,25,206,12.14
DR0449,PR023,7,58,12.07
DR0354,PR020,35,291,12.03
DR0019,PR001,22,183,12.02
DR0429,PR008,6,50,12.0
DR0167,PR012,8,67,11.94
DR0268,PR001,8,67,11.94
DR0292,PR017,8,67,11.94
DR0294,PR020,16,134,11.94
DR0333,PR020,10,84,11.9
DR0058,PR006,12,101,11.88
DR0130,PR010,7,59,11.86
DR0276,PR001,7,59,11.86
DR0298,PR008,7,59,11.86
DR0326,PR020,7,59,11.86
DR0133,PR012,16,135,11.85
DR0427,PR020,16,135,11.85
DR0018,PR025,16,136,11.76
DR0045,PR003,14,119,11.76
DR0107,PR020,30,256,11.72
DR0341,PR001,11,94,11.7
DR0075,PR002,7,60,11.67
DR0075,PR006,7,60,11.67
DR0150,PR001,7,60,11.67
DR0274,PR018,7,60,11.67
DR0284,PR003,7,60,11.67
DR0448,PR009,7,60,11.67
DR0346,PR015,10,86,11.63
DR0346,PR020,10,86,11.63
DR0406,PR003,8,69,11.59
DR0064,PR003,11,95,11.58
DR0421,PR003,6,52,11.54
DR0450,PR012,15,130,11.54
DR0262,PR023,14,122,11.48
DR0348,PR025,7,61,11.48
DR0046,PR023,18,157,11.46
DR0067,PR008,11,96,11.46
DR0227,PR002,18,157,11.46
DR0370,PR001,11,96,11.46
DR0275,PR006,21,184,11.41
DR0030,PR011,13,114,11.4
DR0345,PR003,13,114,11.4
DR0069,PR003,9,79,11.39
DR0096,PR012,9,79,11.39
DR0362,PR001,10,88,11.36
DR0362,PR020,10,88,11.36
DR0159,PR011,25,221,11.31
DR0323,PR003,7,62,11.29
DR0323,PR006,7,62,11.29
DR0323,PR025,7,62,11.29
DR0330,PR006,7,62,11.29
DR0036,PR023,10,90,11.11
DR0168,PR020,11,99,11.11
DR0241,PR006,18,162,11.11
DR0334,PR006,7,63,11.11
DR0005,PR006,9,82,10.98
DR0319,PR009,7,64,10.94
DR0261,PR001,19,174,10.92
DR0149,PR006,6,55,10.91
DR0155,PR008,6,55,10.91
DR0155,PR020,6,55,10.91
DR0255,PR006,9,83,10.84
DR0371,PR006,9,83,10.84
DR0279,PR004,8,74,10.81
DR0258,PR008,11,102,10.78
DR0287,PR023,11,102,10.78
DR0015,PR015,10,93,10.75
DR0369,PR023,8,75,10.67
DR0329,PR025,10,94,10.64
DR0366,PR019,10,94,10.64
DR0389,PR023,11,104,10.58
DR0381,PR025,23,218,10.55
DR0120,PR020,6,57,10.53
DR0433,PR001,18,171,10.53
DR0147,PR006,16,153,10.46
DR0383,PR025,8,77,10.39
DR0449,PR006,6,58,10.34
DR0236,PR020,10,98,10.2
DR0068,PR023,24,236,10.17
DR0295,PR006,6,59,10.17
DR0055,PR001,7,69,10.14
DR0055,PR016,7,69,10.14
DR0055,PR025,7,69,10.14
DR0385,PR003,8,79,10.13
DR0422,PR001,8,79,10.13
DR0422,PR008,8,79,10.13
DR0168,PR011,10,99,10.1
DR0271,PR002,21,208,10.1
DR0360,PR020,19,189,10.05
DR0038,PR003,24,239,10.04
DR0004,PR020,6,60,10.0
DR0008,PR008,8,80,10.0
DR0106,PR003,5,50,10.0
DR0150,PR018,6,60,10.0
DR0188,PR020,11,110,10.0
DR0413,PR006,13,133,9.77
DR0296,PR003,9,93,9.68
DR0330,PR008,6,62,9.68
DR0447,PR002,8,83,9.64
DR0056,PR025,5,52,9.62
DR0365,PR001,5,52,9.62
DR0043,PR003,7,73,9.59
DR0043,PR025,7,73,9.59
DR0110,PR020,11,115,9.57
DR0278,PR023,11,115,9.57
DR0040,PR020,10,105,9.52
DR0232,PR001,12,126,9.52
DR0435,PR001,11,116,9.48
DR0435,PR006,11,116,9.48
DR0195,PR020,7,74,9.46
DR0310,PR003,7,74,9.46
DR0349,PR012,17,180,9.44
DR0203,PR020,5,53,9.43
DR0237,PR007,5,53,9.43
DR0237,PR025,5,53,9.43
DR0317,PR023,5,53,9.43
DR0051,PR006,6,64,9.38
DR0367,PR008,12,128,9.38
DR0342,PR002,22,235,9.36
DR0277,PR006,8,86,9.3
DR0200,PR001,10,108,9.26
DR0200,PR025,10,108,9.26
DR0400,PR001,8,87,9.2
DR0236,PR012,9,98,9.18
DR0054,PR025,9,99,9.09
DR0238,PR001,7,77,9.09
DR0315,PR025,5,56,8.93
DR0351,PR003,8,91,8.79
DR0232,PR025,11,126,8.73
DR0055,PR003,6,69,8.7
DR0193,PR001,5,58,8.62
DR0193,PR004,5,58,8.62
DR0193,PR014,5,58,8.62
DR0328,PR023,5,58,8.62
DR0449,PR001,5,58,8.62
DR0184,PR025,12,141,8.51
DR0276,PR006,5,59,8.47
DR0326,PR008,5,59,8.47
DR0426,PR003,5,59,8.47
DR0325,PR001,26,308,8.44
DR0447,PR025,7,83,8.43
DR0014,PR001,16,190,8.42
DR0014,PR025,16,190,8.42
DR0063,PR001,7,84,8.33
DR0150,PR012,5,60,8.33
DR0289,PR001,7,85,8.24
DR0289,PR025,7,85,8.24
DR0187,PR002,19,231,8.23
DR0141,PR004,9,110,8.18
DR0141,PR025,9,110,8.18
DR0400,PR016,7,87,8.05
DR0027,PR001,23,288,7.99
DR0078,PR025,15,188,7.98
DR0269,PR025,23,289,7.96
DR0334,PR002,5,63,7.94
DR0334,PR004,5,63,7.94
DR0309,PR005,6,76,7.89
DR0309,PR008,6,76,7.89
DR0309,PR020,6,76,7.89
DR0050,PR003,4,51,7.84
DR0319,PR020,5,64,7.81
DR0367,PR025,10,128,7.81
DR0381,PR003,17,218,7.8
DR0383,PR009,6,77,7.79
DR0383,PR014,6,77,7.79
DR0390,PR017,6,77,7.79
DR0036,PR001,7,90,7.78
DR0435,PR002,9,116,7.76
DR0435,PR003,9,116,7.76
DR0101,PR025,6,78,7.69
DR0129,PR025,5,65,7.69
DR0365,PR004,4,52,7.69
DR0342,PR025,18,235,7.66
DR0027,PR025,22,288,7.64
DR0433,PR025,13,171,7.6
DR0306,PR001,4,53,7.55
DR0296,PR002,7,93,7.53
DR0296,PR022,7,93,7.53
DR0325,PR025,23,308,7.47
DR0329,PR011,7,94,7.45
DR0329,PR018,7,94,7.45
DR0152,PR001,11,149,7.38
DR0014,PR004,14,190,7.37
DR0014,PR011,14,190,7.37
DR0245,PR025,23,312,7.37
DR0080,PR006,6,82,7.32
DR0141,PR001,8,110,7.27
DR0141,PR005,8,110,7.27
DR0149,PR001,4,55,7.27
DR0149,PR005,4,55,7.27
DR0149,PR017,4,55,7.27
DR0149,PR025,4,55,7.27
DR0155,PR025,4,55,7.27
DR0223,PR020,4,55,7.27
DR0176,PR001,15,207,7.25
DR0246,PR001,5,69,7.25
DR0246,PR006,5,69,7.25
DR0183,PR025,25,350,7.14
DR0213,PR003,5,70,7.14
DR0213,PR008,5,70,7.14
DR0213,PR012,5,70,7.14
DR0213,PR022,5,70,7.14
DR0283,PR025,29,406,7.14
DR0184,PR002,10,141,7.09
DR0291,PR025,16,226,7.08
DR0054,PR002,7,99,7.07
DR0054,PR009,7,99,7.07
DR0054,PR021,7,99,7.07
DR0289,PR017,6,85,7.06
DR0289,PR019,6,85,7.06
DR0252,PR002,4,57,7.02
DR0433,PR003,12,171,7.02
DR0433,PR009,12,171,7.02
DR0408,PR003,5,72,6.94
DR0233,PR001,7,101,6.93
DR0233,PR008,7,101,6.93
DR0233,PR021,7,101,6.93
DR0233,PR022,7,101,6.93
DR0314,PR025,7,101,6.93
DR0078,PR001,13,188,6.91
DR0078,PR003,13,188,6.91
DR0299,PR002,17,246,6.91
DR0193,PR016,4,58,6.9
DR0283,PR002,28,406,6.9
DR0328,PR001,4,58,6.9
DR0400,PR002,6,87,6.9
DR0400,PR005,6,87,6.9
DR0400,PR007,6,87,6.9
DR0432,PR001,4,58,6.9
DR0183,PR008,24,350,6.86
DR0010,PR001,5,73,6.85
DR0437,PR001,20,292,6.85
DR0014,PR002,13,190,6.84
DR0035,PR025,106,1552,6.83
DR0342,PR004,16,235,6.81
DR0130,PR003,4,59,6.78
DR0172,PR020,4,59,6.78
DR0276,PR005,4,59,6.78
DR0276,PR013,4,59,6.78
DR0276,PR014,4,59,6.78
DR0326,PR025,4,59,6.78
DR0176,PR025,14,207,6.76
DR0195,PR004,5,74,6.76
DR0195,PR012,5,74,6.76
DR0195,PR021,5,74,6.76
DR0245,PR002,21,312,6.73
DR0152,PR025,10,149,6.71
DR0257,PR001,11,164,6.71
DR0257,PR012,11,164,6.71
DR0430,PR025,10,149,6.71
DR0040,PR002,7,105,6.67
DR0040,PR008,7,105,6.67
DR0150,PR003,4,60,6.67
DR0150,PR016,4,60,6.67
DR0169,PR025,4,60,6.67
DR0291,PR001,15,226,6.64
DR0424,PR025,6,91,6.59
DR0309,PR016,5,76,6.58
DR0309,PR017,5,76,6.58
DR0183,PR001,23,350,6.57
DR0269,PR001,19,289,6.57
DR0059,PR001,9,138,6.52
DR0437,PR025,19,292,6.51
DR0187,PR016,15,231,6.49
DR0238,PR025,5,77,6.49
DR0383,PR017,5,77,6.49
DR0383,PR020,5,77,6.49
DR0390,PR025,5,77,6.49
DR0200,PR010,7,108,6.48
DR0200,PR016,7,108,6.48
DR0296,PR004,6,93,6.45
DR0296,PR010,6,93,6.45
DR0296,PR025,6,93,6.45
DR0330,PR025,4,62,6.45
DR0433,PR020,11,171,6.43
DR0078,PR002,12,188,6.38
DR0078,PR007,12,188,6.38
DR0184,PR012,9,141,6.38
DR0329,PR015,6,94,6.38
DR0341,PR025,6,94,6.38
DR0313,PR025,10,157,6.37
DR0141,PR003,7,110,6.36
DR0334,PR003,4,63,6.35
DR0334,PR012,4,63,6.35
DR0334,PR025,4,63,6.35
DR0135,PR020,9,143,6.29
DR0135,PR021,9,143,6.29
DR0135,PR025,9,143,6.29
DR0442,PR021,9,143,6.29
DR0027,PR003,18,288,6.25
DR0027,PR008,18,288,6.25
DR0269,PR017,18,289,6.23
DR0026,PR025,12,193,6.22
DR0104,PR006,11,177,6.21
DR0030,PR025,7,114,6.14
DR0080,PR025,5,82,6.1
DR0099,PR025,5,82,6.1
DR0257,PR003,10,164,6.1
DR0245,PR003,19,312,6.09
DR0245,PR016,19,312,6.09
DR0163,PR025,16,264,6.06
DR0187,PR020,14,231,6.06
DR0353,PR001,4,66,6.06
DR0353,PR025,4,66,6.06
DR0435,PR016,7,116,6.03
DR0435,PR020,7,116,6.03
DR0447,PR003,5,83,6.02
DR0447,PR011,5,83,6.02
DR0447,PR014,5,83,6.02
DR0447,PR020,5,83,6.02
DR0002,PR025,3,50,6.0
DR0183,PR007,21,350,6.0
DR0294,PR001,8,134,5.97
DR0233,PR006,6,101,5.94
DR0233,PR020,6,101,5.94
DR0233,PR023,6,101,5.94
DR0233,PR025,6,101,5.94
DR0035,PR006,92,1552,5.93
DR0090,PR001,16,270,5.93
DR0007,PR025,6,102,5.88
DR0018,PR001,8,136,5.88
DR0192,PR013,3,51,5.88
DR0289,PR003,5,85,5.88
DR0289,PR024,5,85,5.88
DR0350,PR001,6,102,5.88
DR0038,PR025,14,239,5.86
DR0078,PR023,11,188,5.85
DR0433,PR008,10,171,5.85
DR0082,PR025,17,291,5.84
DR0325,PR002,18,308,5.84
DR0325,PR003,18,308,5.84
DR0035,PR001,90,1552,5.8
DR0055,PR013,4,69,5.8
DR0055,PR018,4,69,5.8
DR0194,PR001,8,138,5.8
DR0387,PR025,4,69,5.8
DR0365,PR003,3,52,5.77
DR0365,PR005,3,52,5.77
DR0365,PR008,3,52,5.77
DR0365,PR011,3,52,5.77
DR0365,PR016,3,52,5.77
DR0365,PR025,3,52,5.77
DR0291,PR002,13,226,5.75
DR0291,PR005,13,226,5.75
DR0291,PR013,13,226,5.75
DR0291,PR024,13,226,5.75
DR0400,PR012,5,87,5.75
DR0400,PR015,5,87,5.75
DR0040,PR006,6,105,5.71
DR0040,PR025,6,105,5.71
DR0213,PR001,4,70,5.71
DR0213,PR002,4,70,5.71
DR0213,PR004,4,70,5.71
DR0213,PR006,4,70,5.71
DR0213,PR021,4,70,5.71
DR0357,PR025,11,193,5.7
DR0299,PR025,14,246,5.69
DR0327,PR001,5,88,5.68
DR0184,PR001,8,141,5.67
DR0184,PR006,8,141,5.67
DR0184,PR024,8,141,5.67
DR0293,PR001,3,53,5.66
DR0293,PR009,3,53,5.66
DR0023,PR025,7,124,5.65
DR0032,PR001,8,143,5.59
DR0135,PR022,8,143,5.59
DR0442,PR002,8,143,5.59
DR0442,PR003,8,143,5.59
DR0442,PR006,8,143,5.59
DR0442,PR012,8,143,5.59
DR0442,PR025,8,143,5.59
DR0027,PR004,16,288,5.56
DR0200,PR002,6,108,5.56
DR0200,PR007,6,108,5.56
DR0200,PR019,6,108,5.56
DR0441,PR025,5,90,5.56
DR0269,PR020,16,289,5.54
DR0342,PR005,13,235,5.53
DR0342,PR024,13,235,5.53
DR0415,PR001,7,127,5.51
DR0267,PR001,11,200,5.5
DR0381,PR007,12,218,5.5
DR0381,PR016,12,218,5.5
DR0381,PR017,12,218,5.5
DR0257,PR002,9,164,5.49
DR0257,PR005,9,164,5.49
DR0257,PR021,9,164,5.49
DR0437,PR006,16,292,5.48
DR0437,PR016,16,292,5.48
DR0437,PR019,16,292,5.48
DR0070,PR001,15,275,5.45
DR0141,PR008,6,110,5.45
DR0149,PR004,3,55,5.45
DR0149,PR013,3,55,5.45
DR0149,PR018,3,55,5.45
DR0149,PR019,3,55,5.45
DR0149,PR020,3,55,5.45
DR0223,PR016,3,55,5.45
DR0245,PR010,17,312,5.45
DR0017,PR002,5,92,5.43
DR0283,PR001,22,406,5.42
DR0195,PR003,4,74,5.41
DR0195,PR005,4,74,5.41
DR0195,PR008,4,74,5.41
DR0195,PR014,4,74,5.41
DR0195,PR016,4,74,5.41
DR0197,PR025,10,185,5.41
DR0296,PR007,5,93,5.38
DR0296,PR008,5,93,5.38
DR0152,PR002,8,149,5.37
DR0152,PR005,8,149,5.37
DR0152,PR011,8,149,5.37
DR0152,PR015,8,149,5.37
DR0152,PR016,8,149,5.37
DR0152,PR024,8,149,5.37
DR0315,PR002,3,56,5.36
DR0035,PR008,83,1552,5.35
DR0220,PR025,10,187,5.35
DR0025,PR001,11,206,5.34
DR0270,PR001,4,75,5.33
DR0270,PR025,4,75,5.33
DR0369,PR001,4,75,5.33
DR0078,PR005,10,188,5.32
DR0329,PR001,5,94,5.32
DR0329,PR002,5,94,5.32
DR0329,PR008,5,94,5.32
DR0329,PR009,5,94,5.32
DR0366,PR025,5,94,5.32
DR0176,PR002,11,207,5.31
DR0176,PR008,11,207,5.31
DR0176,PR017,11,207,5.31
DR0176,PR022,11,207,5.31
DR0291,PR012,12,226,5.31
DR0439,PR001,7,132,5.3
DR0299,PR001,13,246,5.28
DR0299,PR005,13,246,5.28
DR0299,PR009,13,246,5.28
DR0299,PR012,13,246,5.28
DR0014,PR003,10,190,5.26
DR0014,PR021,10,190,5.26
DR0309,PR007,4,76,5.26
DR0309,PR009,4,76,5.26
DR0309,PR025,4,76,5.26
DR0433,PR002,9,171,5.26
DR0259,PR001,10,191,5.24
DR0218,PR001,7,134,5.22
DR0133,PR025,7,135,5.19
DR0187,PR003,12,231,5.19
DR0187,PR008,12,231,5.19
DR0187,PR009,12,231,5.19
DR0269,PR006,15,289,5.19
DR0325,PR015,16,308,5.19
DR0383,PR001,4,77,5.19
DR0383,PR002,4,77,5.19
DR0383,PR008,4,77,5.19
DR0383,PR019,4,77,5.19
DR0193,PR003,3,58,5.17
DR0193,PR007,3,58,5.17
DR0193,PR011,3,58,5.17
DR0193,PR012,3,58,5.17
DR0193,PR013,3,58,5.17
DR0193,PR020,3,58,5.17
DR0193,PR025,3,58,5.17
DR0283,PR007,21,406,5.17
DR0435,PR007,6,116,5.17
DR0435,PR018,6,116,5.17
DR0435,PR025,6,116,5.17
DR0035,PR003,80,1552,5.15
DR0226,PR025,24,467,5.14
DR0311,PR025,17,331,5.14
DR0437,PR002,15,292,5.14
DR0437,PR005,15,292,5.14
DR0437,PR013,15,292,5.14
DR0437,PR020,15,292,5.14
DR0245,PR001,16,312,5.13
DR0132,PR001,5,98,5.1
DR0388,PR025,5,98,5.1
DR0034,PR001,10,197,5.08
DR0130,PR001,3,59,5.08
DR0172,PR025,3,59,5.08
DR0276,PR008,3,59,5.08
DR0276,PR011,3,59,5.08
DR0276,PR016,3,59,5.08
DR0276,PR020,3,59,5.08
DR0276,PR025,3,59,5.08
DR0425,PR025,8,158,5.06
DR0054,PR001,5,99,5.05
DR0054,PR003,5,99,5.05
DR0054,PR014,5,99,5.05
DR0381,PR001,11,218,5.05
DR0127,PR008,3,60,5.0
DR0150,PR008,3,60,5.0
DR0150,PR010,3,60,5.0
DR0150,PR013,3,60,5.0
DR0150,PR017,3,60,5.0
DR0150,PR021,3,60,5.0
DR0324,PR001,5,100,5.0
DR0102,PR001,12,242,4.96
DR0184,PR008,7,141,4.96
DR0184,PR018,7,141,4.96
DR0184,PR021,7,141,4.96
DR0233,PR011,5,101,4.95
DR0233,PR014,5,101,4.95
DR0314,PR001,5,101,4.95
DR0241,PR025,8,162,4.94
DR0250,PR001,8,163,4.91
DR0035,PR002,76,1552,4.9
DR0135,PR001,7,143,4.9
DR0135,PR002,7,143,4.9
DR0135,PR004,7,143,4.9
DR0135,PR006,7,143,4.9
DR0135,PR012,7,143,4.9
DR0135,PR016,7,143,4.9
DR0287,PR001,5,102,4.9
DR0350,PR025,5,102,4.9
DR0442,PR001,7,143,4.9
DR0442,PR014,7,143,4.9
DR0442,PR020,7,143,4.9
DR0125,PR016,6,123,4.88
DR0257,PR006,8,164,4.88
DR0257,PR019,8,164,4.88
DR0257,PR025,8,164,4.88
DR0299,PR006,12,246,4.88
DR0299,PR016,12,246,4.88
DR0291,PR004,11,226,4.87
DR0291,PR009,11,226,4.87
DR0291,PR016,11,226,4.87
DR0325,PR010,15,308,4.87
DR0027,PR006,14,288,4.86
DR0343,PR025,5,103,4.85
DR0446,PR025,8,165,4.85
DR0269,PR008,14,289,4.84
DR0176,PR003,10,207,4.83
DR0176,PR006,10,207,4.83
DR0176,PR016,10,207,4.83
DR0176,PR018,10,207,4.83
DR0321,PR008,4,83,4.82
DR0321,PR025,4,83,4.82
DR0447,PR006,4,83,4.82
DR0447,PR015,4,83,4.82
DR0245,PR015,15,312,4.81
DR0078,PR022,9,188,4.79
DR0437,PR003,14,292,4.79
DR0089,PR025,16,335,4.78
DR0040,PR001,5,105,4.76
DR0040,PR015,5,105,4.76
DR0040,PR017,5,105,4.76
DR0040,PR019,5,105,4.76
DR0040,PR023,5,105,4.76
DR0187,PR012,11,231,4.76
DR0333,PR025,4,84,4.76
DR0334,PR001,3,63,4.76
DR0334,PR005,3,63,4.76
DR0334,PR007,3,63,4.76
DR0334,PR019,3,63,4.76
DR0334,PR020,3,63,4.76
DR0334,PR024,3,63,4.76
DR0368,PR025,6,126,4.76
DR0014,PR008,9,190,4.74
DR0144,PR025,11,232,4.74
DR0289,PR002,4,85,4.71
DR0289,PR008,4,85,4.71
DR0289,PR010,4,85,4.71
DR0289,PR012,4,85,4.71
DR0289,PR014,4,85,4.71
DR0152,PR004,7,149,4.7
DR0152,PR018,7,149,4.7
DR0051,PR025,3,64,4.69
DR0319,PR002,3,64,4.69
DR0319,PR003,3,64,4.69
DR0283,PR016,19,406,4.68
DR0283,PR019,19,406,4.68
DR0283,PR020,19,406,4.68
DR0342,PR003,11,235,4.68
DR0342,PR016,11,235,4.68
DR0342,PR021,11,235,4.68
DR0342,PR023,11,235,4.68
DR0433,PR015,8,171,4.68
DR0433,PR022,8,171,4.68
DR0433,PR023,8,171,4.68
DR0244,PR001,12,257,4.67
DR0009,PR025,11,236,4.66
DR0065,PR001,6,129,4.65
DR0346,PR025,4,86,4.65
DR0200,PR003,5,108,4.63
DR0200,PR004,5,108,4.63
DR0200,PR006,5,108,4.63
DR0200,PR022,5,108,4.63
DR0263,PR025,22,475,4.63
DR0352,PR025,11,238,4.62
DR0400,PR006,4,87,4.6
DR0400,PR009,4,87,4.6
DR0400,PR018,4,87,4.6
DR0400,PR021,4,87,4.6
DR0400,PR025,4,87,4.6
DR0423,PR021,4,87,4.6
DR0374,PR001,22,479,4.59
DR0183,PR016,16,350,4.57
DR0141,PR002,5,110,4.55
DR0141,PR007,5,110,4.55
DR0141,PR014,5,110,4.55
DR0141,PR016,5,110,4.55
DR0141,PR017,5,110,4.55
DR0141,PR020,5,110,4.55
DR0188,PR025,5,110,4.55
DR0325,PR006,14,308,4.55
DR0325,PR018,14,308,4.55
DR0057,PR001,8,177,4.52
DR0376,PR001,8,177,4.52
DR0088,PR025,11,244,4.51
DR0413,PR002,6,133,4.51
DR0245,PR007,14,312,4.49
DR0245,PR009,14,312,4.49
DR0245,PR013,14,312,4.49
DR0245,PR020,14,312,4.49
DR0167,PR002,3,67,4.48
DR0292,PR001,3,67,4.48
DR0299,PR007,11,246,4.47
DR0299,PR008,11,246,4.47
DR0299,PR011,11,246,4.47
DR0299,PR017,11,246,4.47
DR0282,PR025,30,672,4.46
DR0312,PR001,10,224,4.46
DR0035,PR020,69,1552,4.45
DR0437,PR017,13,292,4.45
DR0283,PR003,18,406,4.43
DR0283,PR014,18,406,4.43
DR0283,PR022,18,406,4.43
DR0291,PR020,10,226,4.42
DR0029,PR025,6,136,4.41
DR0055,PR012,3,69,4.35
DR0055,PR014,3,69,4.35
DR0055,PR021,3,69,4.35
DR0176,PR021,9,207,4.35
DR0176,PR023,9,207,4.35
DR0198,PR025,5,115,4.35
DR0246,PR025,3,69,4.35
DR0187,PR001,10,231,4.33
DR0187,PR004,10,231,4.33
DR0187,PR018,10,231,4.33
DR0187,PR025,10,231,4.33
DR0435,PR014,5,116,4.31
DR0015,PR001,4,93,4.3
DR0296,PR005,4,93,4.3
DR0296,PR013,4,93,4.3
DR0296,PR023,4,93,4.3
DR0183,PR003,15,350,4.29
DR0183,PR022,15,350,4.29
DR0213,PR014,3,70,4.29
DR0213,PR015,3,70,4.29
DR0213,PR016,3,70,4.29
DR0213,PR017,3,70,4.29
DR0213,PR018,3,70,4.29
DR0213,PR025,3,70,4.29
DR0257,PR004,7,164,4.27
DR0257,PR024,7,164,4.27
DR0078,PR014,8,188,4.26
DR0078,PR020,8,188,4.26
DR0078,PR024,8,188,4.26
DR0105,PR025,4,94,4.26
DR0184,PR013,6,141,4.26
DR0184,PR019,6,141,4.26
DR0329,PR003,4,94,4.26
DR0329,PR006,4,94,4.26
DR0329,PR012,4,94,4.26
DR0329,PR021,4,94,4.26
DR0341,PR008,4,94,4.26
DR0342,PR001,10,235,4.26
DR0342,PR006,10,235,4.26
DR0342,PR010,10,235,4.26
DR0342,PR012,10,235,4.26
DR0318,PR001,18,424,4.25
DR0109,PR001,5,118,4.24
DR0109,PR025,5,118,4.24
DR0325,PR008,13,308,4.22
DR0014,PR005,8,190,4.21
DR0014,PR016,8,190,4.21
DR0021,PR001,11,261,4.21
DR0382,PR025,17,404,4.21
DR0135,PR003,6,143,4.2
DR0135,PR009,6,143,4.2
DR0135,PR010,6,143,4.2
DR0135,PR015,6,143,4.2
DR0135,PR017,6,143,4.2
DR0136,PR016,5,119,4.2
DR0442,PR004,6,143,4.2
DR0442,PR008,6,143,4.2
DR0442,PR009,6,143,4.2
DR0442,PR010,6,143,4.2
DR0442,PR016,6,143,4.2
DR0442,PR018,6,143,4.2
DR0442,PR019,6,143,4.2
DR0442,PR024,6,143,4.2
DR0283,PR004,17,406,4.19
DR0006,PR025,14,335,4.18
DR0027,PR005,12,288,4.17
DR0027,PR009,12,288,4.17
DR0027,PR011,12,288,4.17
DR0027,PR020,12,288,4.17
DR0027,PR023,12,288,4.17
DR0060,PR025,6,144,4.17
DR0067,PR025,4,96,4.17
DR0245,PR019,13,312,4.17
DR0408,PR001,3,72,4.17
DR0269,PR003,12,289,4.15
DR0269,PR010,12,289,4.15
DR0269,PR012,12,289,4.15
DR0269,PR014,12,289,4.15
DR0357,PR001,8,193,4.15
DR0249,PR025,6,145,4.14
DR0381,PR005,9,218,4.13
DR0381,PR011,9,218,4.13
DR0381,PR015,9,218,4.13
DR0381,PR022,9,218,4.13
DR0035,PR005,64,1552,4.12
DR0035,PR016,64,1552,4.12
DR0316,PR025,4,97,4.12
DR0354,PR025,12,291,4.12
DR0010,PR025,3,73,4.11
DR0437,PR004,12,292,4.11
DR0437,PR007,12,292,4.11
DR0437,PR023,12,292,4.11
DR0262,PR001,5,122,4.1
DR0433,PR019,7,171,4.09
DR0132,PR006,4,98,4.08
DR0132,PR025,4,98,4.08
DR0236,PR025,4,98,4.08
DR0388,PR001,4,98,4.08
DR0125,PR001,5,123,4.07
DR0195,PR011,3,74,4.05
DR0195,PR017,3,74,4.05
DR0195,PR022,3,74,4.05
DR0195,PR024,3,74,4.05
DR0195,PR025,3,74,4.05
DR0279,PR003,3,74,4.05
DR0279,PR025,3,74,4.05
DR0310,PR006,3,74,4.05
DR0054,PR004,4,99,4.04
DR0054,PR008,4,99,4.04
DR0054,PR011,4,99,4.04
DR0054,PR018,4,99,4.04
DR0054,PR019,4,99,4.04
DR0054,PR023,4,99,4.04
DR0168,PR025,4,99,4.04
DR0013,PR025,10,248,4.03
DR0152,PR003,6,149,4.03
DR0152,PR006,6,149,4.03
DR0152,PR007,6,149,4.03
DR0152,PR010,6,149,4.03
DR0152,PR019,6,149,4.03
DR0152,PR020,6,149,4.03
DR0211,PR025,6,149,4.03
DR0430,PR001,6,149,4.03
DR0106,PR008,2,50,4.0
DR0106,PR016,2,50,4.0
DR0183,PR005,14,350,4.0
DR0183,PR015,14,350,4.0
DR0183,PR017,14,350,4.0
DR0183,PR019,14,350,4.0
DR0183,PR021,14,350,4.0
DR0234,PR001,3,75,4.0
DR0291,PR014,9,226,3.98
DR0077,PR002,5,126,3.97
DR0058,PR016,4,101,3.96
DR0233,PR002,4,101,3.96
DR0233,PR004,4,101,3.96
DR0233,PR016,4,101,3.96
DR0233,PR018,4,101,3.96
DR0314,PR002,4,101,3.96
DR0314,PR007,4,101,3.96
DR0028,PR025,7,177,3.95
DR0309,PR001,3,76,3.95
DR0309,PR002,3,76,3.95
DR0309,PR004,3,76,3.95
DR0309,PR006,3,76,3.95
DR0309,PR011,3,76,3.95
DR0309,PR014,3,76,3.95
DR0309,PR022,3,76,3.95
DR0309,PR023,3,76,3.95
DR0309,PR024,3,76,3.95
DR0403,PR002,7,177,3.95
DR0283,PR008,16,406,3.94
DR0283,PR013,16,406,3.94
DR0283,PR018,16,406,3.94
DR0283,PR021,16,406,3.94
DR0085,PR025,9,229,3.93
DR0050,PR016,2,51,3.92
DR0192,PR020,2,51,3.92
DR0192,PR025,2,51,3.92
DR0258,PR002,4,102,3.92
DR0148,PR025,10,256,3.91
DR0367,PR016,5,128,3.91
DR0417,PR025,9,230,3.91
DR0187,PR013,9,231,3.9
DR0187,PR019,9,231,3.9
DR0325,PR020,12,308,3.9
DR0325,PR021,12,308,3.9
DR0339,PR002,6,154,3.9
DR0383,PR003,3,77,3.9
DR0383,PR004,3,77,3.9
DR0383,PR005,3,77,3.9
DR0383,PR015,3,77,3.9
DR0383,PR016,3,77,3.9
DR0383,PR024,3,77,3.9
DR0390,PR001,3,77,3.9
DR0162,PR025,12,309,3.88
DR0343,PR016,4,103,3.88
DR0035,PR021,60,1552,3.87
DR0101,PR008,3,78,3.85
DR0365,PR002,2,52,3.85
DR0365,PR007,2,52,3.85
DR0365,PR009,2,52,3.85
DR0365,PR012,2,52,3.85
DR0365,PR013,2,52,3.85
DR0365,PR017,2,52,3.85
DR0365,PR018,2,52,3.85
DR0365,PR020,2,52,3.85
DR0365,PR024,2,52,3.85
DR0389,PR001,4,104,3.85
DR0389,PR020,4,104,3.85
DR0450,PR025,5,130,3.85
DR0027,PR016,11,288,3.82
DR0027,PR018,11,288,3.82
DR0027,PR021,11,288,3.82
DR0046,PR001,6,157,3.82
DR0052,PR001,13,340,3.82
DR0040,PR010,4,105,3.81
DR0040,PR012,4,105,3.81
DR0040,PR014,4,105,3.81
DR0040,PR016,4,105,3.81
DR0040,PR021,4,105,3.81
DR0204,PR025,4,105,3.81
DR0269,PR002,11,289,3.81
DR0269,PR018,11,289,3.81
DR0269,PR021,11,289,3.81
DR0035,PR022,59,1552,3.8
DR0074,PR002,3,79,3.8
DR0074,PR016,3,79,3.8
DR0074,PR025,3,79,3.8
DR0096,PR025,3,79,3.8
DR0392,PR002,3,79,3.8
DR0203,PR007,2,53,3.77
DR0235,PR025,11,292,3.77
DR0242,PR001,31,823,3.77
DR0379,PR002,2,53,3.77
DR0437,PR011,11,292,3.77
DR0437,PR014,11,292,3.77
DR0413,PR016,5,133,3.76
DR0413,PR025,5,133,3.76
DR0008,PR025,3,80,3.75
DR0340,PR025,3,80,3.75
DR0220,PR001,7,187,3.74
DR0253,PR025,5,134,3.73
DR0078,PR011,7,188,3.72
DR0078,PR018,7,188,3.72
DR0183,PR006,13,350,3.71
DR0183,PR009,13,350,3.71
DR0133,PR008,5,135,3.7
DR0200,PR008,4,108,3.7
DR0200,PR011,4,108,3.7
DR0200,PR020,4,108,3.7
DR0283,PR006,15,406,3.69
DR0283,PR023,15,406,3.69
DR0014,PR020,7,190,3.68
DR0018,PR016,5,136,3.68
DR0160,PR025,12,326,3.68
DR0173,PR025,16,435,3.68
DR0035,PR024,57,1552,3.67
DR0381,PR009,8,218,3.67
DR0381,PR019,8,218,3.67
DR0381,PR023,8,218,3.67
DR0080,PR021,3,82,3.66
DR0126,PR001,9,246,3.66
DR0257,PR013,6,164,3.66
DR0257,PR014,6,164,3.66
DR0257,PR020,6,164,3.66
DR0299,PR003,9,246,3.66
DR0299,PR021,9,246,3.66
DR0242,PR025,30,823,3.65
DR0103,PR001,14,385,3.64
DR0141,PR006,4,110,3.64
DR0141,PR009,4,110,3.64
DR0141,PR012,4,110,3.64
DR0141,PR024,4,110,3.64
DR0149,PR003,2,55,3.64
DR0149,PR016,2,55,3.64
DR0155,PR014,2,55,3.64
DR0303,PR025,9,248,3.63
DR0393,PR001,9,248,3.63
DR0194,PR016,5,138,3.62
DR0194,PR025,5,138,3.62
DR0035,PR014,56,1552,3.61
DR0035,PR019,56,1552,3.61
DR0164,PR021,3,83,3.61
DR0255,PR002,3,83,3.61
DR0394,PR025,3,83,3.61
DR0447,PR004,3,83,3.61
DR0447,PR005,3,83,3.61
DR0447,PR007,3,83,3.61
DR0447,PR009,3,83,3.61
DR0447,PR012,3,83,3.61
DR0447,PR013,3,83,3.61
DR0447,PR016,3,83,3.61
DR0447,PR021,3,83,3.61
DR0047,PR025,4,111,3.6
DR0086,PR025,5,139,3.6
DR0006,PR001,12,335,3.58
DR0179,PR025,3,84,3.57
DR0325,PR007,11,308,3.57
DR0325,PR016,11,308,3.57
DR0325,PR017,11,308,3.57
DR0162,PR002,11,309,3.56
DR0209,PR001,23,646,3.56
DR0216,PR001,8,225,3.56
DR0184,PR004,5,141,3.55
DR0184,PR005,5,141,3.55
DR0184,PR016,5,141,3.55
DR0184,PR020,5,141,3.55
DR0184,PR022,5,141,3.55
DR0185,PR004,5,141,3.55
DR0374,PR002,17,479,3.55
DR0395,PR025,5,141,3.55
DR0035,PR007,55,1552,3.54
DR0291,PR003,8,226,3.54
DR0291,PR015,8,226,3.54
DR0291,PR017,8,226,3.54
DR0291,PR019,8,226,3.54
DR0001,PR025,3,85,3.53
DR0122,PR002,3,85,3.53
DR0289,PR005,3,85,3.53
DR0289,PR006,3,85,3.53
DR0289,PR007,3,85,3.53
DR0289,PR020,3,85,3.53
DR0289,PR022,3,85,3.53
DR0289,PR023,3,85,3.53
DR0301,PR025,12,341,3.52
DR0361,PR025,5,142,3.52
DR0030,PR008,4,114,3.51
DR0433,PR011,6,171,3.51
DR0433,PR016,6,171,3.51
DR0433,PR024,6,171,3.51
DR0031,PR025,17,486,3.5
DR0032,PR025,5,143,3.5
DR0135,PR008,5,143,3.5
DR0135,PR014,5,143,3.5
DR0135,PR023,5,143,3.5
DR0375,PR001,7,200,3.5
DR0442,PR007,5,143,3.5
DR0049,PR020,3,86,3.49
DR0085,PR002,8,229,3.49
DR0277,PR025,3,86,3.49
DR0346,PR001,3,86,3.49
DR0346,PR016,3,86,3.49
DR0035,PR013,54,1552,3.48
DR0035,PR018,54,1552,3.48
DR0229,PR001,13,374,3.48
DR0278,PR001,4,115,3.48
DR0027,PR002,10,288,3.47
DR0027,PR015,10,288,3.47
DR0187,PR005,8,231,3.46
DR0187,PR010,8,231,3.46
DR0187,PR023,8,231,3.46
DR0269,PR005,10,289,3.46
DR0269,PR007,10,289,3.46
DR0269,PR009,10,289,3.46
DR0269,PR011,10,289,3.46
DR0269,PR016,10,289,3.46
DR0443,PR025,15,433,3.46
DR0020,PR025,3,87,3.45
DR0193,PR005,2,58,3.45
DR0193,PR008,2,58,3.45
DR0193,PR015,2,58,3.45
DR0193,PR017,2,58,3.45
DR0193,PR018,2,58,3.45
DR0193,PR019,2,58,3.45
DR0193,PR022,2,58,3.45
DR0283,PR012,14,406,3.45
DR0297,PR009,3,87,3.45
DR0372,PR001,24,695,3.45
DR0400,PR004,3,87,3.45
DR0400,PR020,3,87,3.45
DR0400,PR022,3,87,3.45
DR0400,PR023,3,87,3.45
DR0423,PR002,3,87,3.45
DR0432,PR006,2,58,3.45
DR0432,PR025,2,58,3.45
DR0435,PR004,4,116,3.45
DR0435,PR009,4,116,3.45
DR0435,PR017,4,116,3.45
DR0435,PR023,4,116,3.45
DR0435,PR024,4,116,3.45
DR0444,PR001,2,58,3.45
DR0444,PR005,2,58,3.45
DR0183,PR002,12,350,3.43
DR0183,PR004,12,350,3.43
DR0183,PR012,12,350,3.43
DR0183,PR020,12,350,3.43
DR0331,PR025,10,292,3.42
DR0402,PR001,5,146,3.42
DR0402,PR006,5,146,3.42
DR0437,PR009,10,292,3.42
DR0437,PR010,10,292,3.42
DR0035,PR004,53,1552,3.41
DR0327,PR002,3,88,3.41
DR0327,PR025,3,88,3.41
DR0206,PR001,17,500,3.4
DR0206,PR025,17,500,3.4
DR0342,PR014,8,235,3.4
DR0130,PR002,2,59,3.39
DR0172,PR001,2,59,3.39
DR0172,PR002,2,59,3.39
DR0276,PR002,2,59,3.39
DR0276,PR007,2,59,3.39
DR0276,PR010,2,59,3.39
DR0276,PR012,2,59,3.39
DR0276,PR017,2,59,3.39
DR0276,PR019,2,59,3.39
DR0276,PR022,2,59,3.39
DR0295,PR016,2,59,3.39
DR0326,PR021,2,59,3.39
DR0376,PR025,6,177,3.39
DR0426,PR001,2,59,3.39
DR0176,PR004,7,207,3.38
DR0176,PR007,7,207,3.38
DR0176,PR011,7,207,3.38
DR0176,PR012,7,207,3.38
DR0176,PR014,7,207,3.38
DR0416,PR001,15,444,3.38
DR0153,PR004,6,178,3.37
DR0152,PR009,5,149,3.36
DR0152,PR012,5,149,3.36
DR0300,PR025,8,238,3.36
DR0430,PR020,5,149,3.36
DR0035,PR011,52,1552,3.35
DR0038,PR002,8,239,3.35
DR0240,PR025,30,899,3.34
DR0374,PR025,16,479,3.34
DR0004,PR014,2,60,3.33
DR0036,PR020,3,90,3.33
DR0075,PR001,2,60,3.33
DR0111,PR001,6,180,3.33
DR0121,PR022,2,60,3.33
DR0121,PR025,2,60,3.33
DR0127,PR025,2,60,3.33
DR0145,PR001,5,150,3.33
DR0150,PR004,2,60,3.33
DR0150,PR005,2,60,3.33
DR0150,PR009,2,60,3.33
DR0150,PR011,2,60,3.33
DR0150,PR020,2,60,3.33
DR0150,PR025,2,60,3.33
DR0274,PR001,2,60,3.33
DR0274,PR009,2,60,3.33
DR0274,PR025,2,60,3.33
DR0284,PR021,2,60,3.33
DR0386,PR025,64,1921,3.33
DR0448,PR025,2,60,3.33
DR0131,PR001,19,573,3.32
DR0098,PR002,3,91,3.3
DR0098,PR006,3,91,3.3
DR0098,PR025,3,91,3.3
DR0351,PR025,3,91,3.3
DR0196,PR025,5,152,3.29
DR0288,PR025,12,365,3.29
DR0348,PR021,2,61,3.28
DR0299,PR004,8,246,3.25
DR0299,PR010,8,246,3.25
DR0299,PR015,8,246,3.25
DR0299,PR018,8,246,3.25
DR0299,PR022,8,246,3.25
DR0299,PR023,8,246,3.25
DR0325,PR005,10,308,3.25
DR0325,PR009,10,308,3.25
DR0325,PR014,10,308,3.25
DR0325,PR023,10,308,3.25
DR0325,PR024,10,308,3.25
DR0023,PR001,4,124,3.23
DR0178,PR001,6,186,3.23
DR0178,PR025,6,186,3.23
DR0201,PR025,8,248,3.23
DR0296,PR001,3,93,3.23
DR0296,PR011,3,93,3.23
DR0296,PR015,3,93,3.23
DR0296,PR016,3,93,3.23
DR0296,PR021,3,93,3.23
DR0323,PR012,2,62,3.23
DR0330,PR002,2,62,3.23
DR0330,PR019,2,62,3.23
DR0048,PR025,7,218,3.21
DR0245,PR005,10,312,3.21
DR0245,PR008,10,312,3.21
DR0245,PR014,10,312,3.21
DR0245,PR023,10,312,3.21
DR0265,PR025,16,498,3.21
DR0381,PR008,7,218,3.21
DR0381,PR014,7,218,3.21
DR0381,PR018,7,218,3.21
DR0381,PR020,7,218,3.21
DR0166,PR004,4,125,3.2
DR0189,PR025,11,344,3.2
DR0191,PR002,8,250,3.2
DR0338,PR025,8,250,3.2
DR0078,PR006,6,188,3.19
DR0078,PR012,6,188,3.19
DR0078,PR019,6,188,3.19
DR0105,PR003,3,94,3.19
DR0105,PR008,3,94,3.19
DR0105,PR009,3,94,3.19
DR0329,PR004,3,94,3.19
DR0329,PR005,3,94,3.19
DR0329,PR013,3,94,3.19
DR0329,PR019,3,94,3.19
DR0341,PR016,3,94,3.19
DR0366,PR006,3,94,3.19
DR0366,PR020,3,94,3.19
DR0334,PR010,2,63,3.17
DR0334,PR015,2,63,3.17
DR0334,PR021,2,63,3.17
DR0334,PR022,2,63,3.17
DR0334,PR023,2,63,3.17
DR0360,PR002,6,189,3.17
DR0368,PR001,4,126,3.17
DR0014,PR006,6,190,3.16
DR0014,PR010,6,190,3.16
DR0014,PR017,6,190,3.16
DR0014,PR018,6,190,3.16
DR0014,PR019,6,190,3.16
DR0014,PR023,6,190,3.16
DR0035,PR012,49,1552,3.16
DR0064,PR004,3,95,3.16
DR0181,PR001,3,95,3.16
DR0181,PR024,3,95,3.16
DR0224,PR001,8,253,3.16
DR0415,PR003,4,127,3.15
DR0415,PR025,4,127,3.15
DR0131,PR025,18,573,3.14
DR0183,PR013,11,350,3.14
DR0183,PR014,11,350,3.14
DR0183,PR024,11,350,3.14
DR0259,PR025,6,191,3.14
DR0027,PR010,9,288,3.13
DR0027,PR013,9,288,3.13
DR0027,PR017,9,288,3.13
DR0051,PR007,2,64,3.13
DR0107,PR025,8,256,3.13
DR0319,PR016,2,64,3.13
DR0319,PR025,2,64,3.13
DR0216,PR020,7,225,3.11
DR0269,PR019,9,289,3.11
DR0269,PR022,9,289,3.11
DR0291,PR006,7,226,3.1
DR0291,PR018,7,226,3.1
DR0434,PR016,4,129,3.1
DR0031,PR001,15,486,3.09
DR0082,PR001,9,291,3.09
DR0316,PR008,3,97,3.09
DR0437,PR012,9,292,3.08
DR0437,PR024,9,292,3.08
DR0318,PR002,13,424,3.07
DR0318,PR003,13,424,3.07
DR0132,PR002,3,98,3.06
DR0132,PR007,3,98,3.06
DR0236,PR002,3,98,3.06
DR0337,PR025,13,425,3.06
DR0257,PR008,5,164,3.05
DR0257,PR010,5,164,3.05
DR0257,PR011,5,164,3.05
DR0257,PR015,5,164,3.05
DR0257,PR016,5,164,3.05
DR0257,PR017,5,164,3.05
DR0404,PR001,19,626,3.04
DR0035,PR017,47,1552,3.03
DR0054,PR005,3,99,3.03
DR0054,PR006,3,99,3.03
DR0054,PR010,3,99,3.03
DR0054,PR012,3,99,3.03
DR0054,PR022,3,99,3.03
DR0054,PR024,3,99,3.03
DR0117,PR002,3,99,3.03
DR0154,PR002,2,66,3.03
DR0154,PR005,2,66,3.03
DR0154,PR008,2,66,3.03
DR0187,PR006,7,231,3.03
DR0187,PR014,7,231,3.03
DR0187,PR015,7,231,3.03
DR0353,PR002,2,66,3.03
DR0288,PR002,11,365,3.01
DR0267,PR025,6,200,3.0
DR0324,PR012,3,100,3.0
DR0221,PR001,5,167,2.99
DR0221,PR002,5,167,2.99
DR0294,PR003,4,134,2.99
DR0294,PR025,4,134,2.99
DR0397,PR025,15,501,2.99
DR0186,PR025,13,437,2.97
DR0233,PR003,3,101,2.97
DR0233,PR013,3,101,2.97
DR0233,PR015,3,101,2.97
DR0035,PR015,46,1552,2.96
DR0283,PR011,12,406,2.96
DR0263,PR003,14,475,2.95
DR0018,PR021,4,136,2.94
DR0128,PR001,4,136,2.94
DR0180,PR002,4,136,2.94
DR0180,PR025,4,136,2.94
DR0247,PR001,3,102,2.94
DR0258,PR004,3,102,2.94
DR0258,PR011,3,102,2.94
DR0258,PR025,3,102,2.94
DR0038,PR016,7,239,2.93
DR0307,PR025,7,239,2.93
DR0325,PR011,9,308,2.92
DR0419,PR001,9,308,2.92
DR0419,PR025,9,308,2.92
DR0433,PR006,5,171,2.92
DR0433,PR007,5,171,2.92
DR0433,PR012,5,171,2.92
DR0061,PR025,3,103,2.91
DR0189,PR001,10,344,2.91
DR0343,PR001,3,103,2.91
DR0035,PR009,45,1552,2.9
DR0055,PR002,2,69,2.9
DR0055,PR004,2,69,2.9
DR0055,PR006,2,69,2.9
DR0055,PR007,2,69,2.9
DR0055,PR009,2,69,2.9
DR0055,PR010,2,69,2.9
DR0055,PR011,2,69,2.9
DR0055,PR017,2,69,2.9
DR0055,PR019,2,69,2.9
DR0055,PR020,2,69,2.9
DR0055,PR023,2,69,2.9
DR0055,PR024,2,69,2.9
DR0176,PR013,6,207,2.9
DR0176,PR015,6,207,2.9
DR0176,PR024,6,207,2.9
DR0194,PR006,4,138,2.9
DR0246,PR003,2,69,2.9
DR0246,PR007,2,69,2.9
DR0246,PR016,2,69,2.9
DR0102,PR025,7,242,2.89
DR0086,PR001,4,139,2.88
DR0086,PR003,4,139,2.88
DR0113,PR006,3,104,2.88
DR0113,PR020,3,104,2.88
DR0113,PR025,3,104,2.88
DR0245,PR006,9,312,2.88
DR0245,PR012,9,312,2.88
DR0245,PR017,9,312,2.88
DR0245,PR018,9,312,2.88
DR0245,PR024,9,312,2.88
DR0389,PR004,3,104,2.88
DR0389,PR014,3,104,2.88
DR0199,PR025,9,314,2.87
DR0040,PR004,3,105,2.86
DR0040,PR005,3,105,2.86
DR0040,PR007,3,105,2.86
DR0040,PR009,3,105,2.86
DR0040,PR011,3,105,2.86
DR0040,PR013,3,105,2.86
DR0040,PR022,3,105,2.86
DR0114,PR003,4,140,2.86
DR0114,PR020,4,140,2.86
DR0204,PR014,3,105,2.86
DR0213,PR007,2,70,2.86
DR0213,PR011,2,70,2.86
DR0213,PR013,2,70,2.86
DR0213,PR024,2,70,2.86
DR0290,PR001,4,140,2.86
DR0290,PR020,4,140,2.86
DR0299,PR013,7,246,2.85
DR0299,PR014,7,246,2.85
DR0299,PR024,7,246,2.85
DR0184,PR003,4,141,2.84
DR0184,PR007,4,141,2.84
DR0184,PR014,4,141,2.84
DR0184,PR015,4,141,2.84
DR0185,PR001,4,141,2.84
DR0185,PR008,4,141,2.84
DR0123,PR002,3,106,2.83
DR0318,PR025,12,424,2.83
DR0013,PR001,7,248,2.82
DR0057,PR016,5,177,2.82
DR0104,PR016,5,177,2.82
DR0104,PR021,5,177,2.82
DR0161,PR025,7,248,2.82
DR0201,PR001,7,248,2.82
DR0361,PR016,4,142,2.82
DR0445,PR002,2,71,2.82
DR0445,PR004,2,71,2.82
DR0445,PR006,2,71,2.82
DR0445,PR025,2,71,2.82
DR0153,PR003,5,178,2.81
DR0032,PR002,4,143,2.8
DR0135,PR011,4,143,2.8
DR0135,PR018,4,143,2.8
DR0191,PR025,7,250,2.8
DR0338,PR001,7,250,2.8
DR0442,PR011,4,143,2.8
DR0442,PR022,4,143,2.8
DR0027,PR024,8,288,2.78
DR0060,PR016,4,144,2.78
DR0200,PR013,3,108,2.78
DR0200,PR014,3,108,2.78
DR0200,PR015,3,108,2.78
DR0200,PR024,3,108,2.78
DR0251,PR016,8,288,2.78
DR0401,PR001,4,144,2.78
DR0408,PR007,2,72,2.78
DR0408,PR016,2,72,2.78
DR0408,PR020,2,72,2.78
DR0035,PR010,43,1552,2.77
DR0269,PR004,8,289,2.77
DR0269,PR015,8,289,2.77
DR0269,PR024,8,289,2.77
DR0016,PR002,5,181,2.76
DR0016,PR008,5,181,2.76
DR0249,PR002,4,145,2.76
DR0048,PR002,6,218,2.75
DR0381,PR002,6,218,2.75
DR0381,PR006,6,218,2.75
DR0381,PR010,6,218,2.75
DR0381,PR012,6,218,2.75
DR0381,PR013,6,218,2.75
DR0440,PR025,3,109,2.75
DR0010,PR014,2,73,2.74
DR0010,PR021,2,73,2.74
DR0235,PR002,8,292,2.74
DR0402,PR002,4,146,2.74
DR0402,PR025,4,146,2.74
DR0438,PR001,8,292,2.74
DR0107,PR016,7,256,2.73
DR0141,PR010,3,110,2.73
DR0141,PR015,3,110,2.73
DR0141,PR018,3,110,2.73
DR0141,PR021,3,110,2.73
DR0148,PR002,7,256,2.73
DR0188,PR002,3,110,2.73
DR0188,PR012,3,110,2.73
DR0188,PR021,3,110,2.73
DR0035,PR023,42,1552,2.71
DR0159,PR025,6,221,2.71
DR0283,PR005,11,406,2.71
DR0283,PR009,11,406,2.71
DR0037,PR001,2,74,2.7
DR0037,PR025,2,74,2.7
DR0047,PR008,3,111,2.7
DR0047,PR016,3,111,2.7
DR0195,PR001,2,74,2.7
DR0195,PR007,2,74,2.7
DR0195,PR009,2,74,2.7
DR0195,PR013,2,74,2.7
DR0195,PR018,2,74,2.7
DR0195,PR023,2,74,2.7
DR0310,PR025,2,74,2.7
DR0006,PR002,9,335,2.69
DR0021,PR004,7,261,2.68
DR0152,PR023,4,149,2.68
DR0211,PR004,4,149,2.68
DR0380,PR025,7,261,2.68
DR0145,PR016,4,150,2.67
DR0234,PR003,2,75,2.67
DR0234,PR025,2,75,2.67
DR0078,PR004,5,188,2.66
DR0078,PR009,5,188,2.66
DR0078,PR010,5,188,2.66
DR0078,PR015,5,188,2.66
DR0078,PR021,5,188,2.66
DR0052,PR025,9,340,2.65
DR0071,PR001,4,151,2.65
DR0163,PR001,7,264,2.65
DR0163,PR016,7,264,2.65
DR0264,PR002,5,189,2.65
DR0291,PR008,6,226,2.65
DR0291,PR023,6,226,2.65
DR0360,PR007,5,189,2.65
DR0378,PR008,3,113,2.65
DR0014,PR015,5,190,2.63
DR0014,PR022,5,190,2.63
DR0030,PR004,3,114,2.63
DR0309,PR012,2,76,2.63
DR0309,PR018,2,76,2.63
DR0345,PR016,3,114,2.63
DR0281,PR025,8,305,2.62
DR0110,PR005,3,115,2.61
DR0143,PR002,3,115,2.61
DR0278,PR016,3,115,2.61
DR0103,PR025,10,385,2.6
DR0187,PR007,6,231,2.6
DR0187,PR011,6,231,2.6
DR0187,PR017,6,231,2.6
DR0187,PR024,6,231,2.6
DR0206,PR002,13,500,2.6
DR0238,PR002,2,77,2.6
DR0325,PR004,8,308,2.6
DR0325,PR012,8,308,2.6
DR0325,PR019,8,308,2.6
DR0383,PR010,2,77,2.6
DR0383,PR012,2,77,2.6
DR0383,PR018,2,77,2.6
DR0383,PR023,2,77,2.6
DR0390,PR002,2,77,2.6
DR0390,PR008,2,77,2.6
DR0390,PR021,2,77,2.6
DR0410,PR025,6,231,2.6
DR0419,PR002,8,308,2.6
DR0090,PR025,7,270,2.59
DR0435,PR008,3,116,2.59
DR0435,PR013,3,116,2.59
DR0183,PR010,9,350,2.57
DR0183,PR018,9,350,2.57
DR0183,PR023,9,350,2.57
DR0101,PR007,2,78,2.56
DR0245,PR011,8,312,2.56
DR0245,PR022,8,312,2.56
DR0046,PR016,4,157,2.55
DR0342,PR007,6,235,2.55
DR0342,PR008,6,235,2.55
DR0342,PR009,6,235,2.55
DR0342,PR013,6,235,2.55
DR0342,PR015,6,235,2.55
DR0342,PR017,6,235,2.55
DR0342,PR019,6,235,2.55
DR0342,PR022,6,235,2.55
DR0034,PR016,5,197,2.54
DR0034,PR025,5,197,2.54
DR0068,PR001,6,236,2.54
DR0248,PR025,3,118,2.54
DR0431,PR002,9,355,2.54
DR0069,PR021,2,79,2.53
DR0074,PR014,2,79,2.53
DR0079,PR002,6,237,2.53
DR0079,PR008,6,237,2.53
DR0096,PR006,2,79,2.53
DR0096,PR007,2,79,2.53
DR0190,PR012,2,79,2.53
DR0263,PR001,12,475,2.53
DR0385,PR001,2,79,2.53
DR0385,PR016,2,79,2.53
DR0422,PR002,2,79,2.53
DR0422,PR016,2,79,2.53
DR0307,PR016,6,239,2.51
DR0336,PR025,13,519,2.5
DR0355,PR016,3,120,2.5
DR0420,PR021,2,80,2.5
DR0151,PR001,3,121,2.48
DR0151,PR020,3,121,2.48
DR0151,PR021,3,121,2.48
DR0241,PR001,4,162,2.47
DR0241,PR002,4,162,2.47
DR0003,PR001,10,406,2.46
DR0115,PR001,5,203,2.46
DR0115,PR020,5,203,2.46
DR0262,PR020,3,122,2.46
DR0283,PR017,10,406,2.46
DR0285,PR002,3,122,2.46
DR0005,PR017,2,82,2.44
DR0005,PR021,2,82,2.44
DR0099,PR002,2,82,2.44
DR0099,PR007,2,82,2.44
DR0125,PR025,3,123,2.44
DR0140,PR025,4,164,2.44
DR0257,PR007,4,164,2.44
DR0257,PR018,4,164,2.44
DR0257,PR022,4,164,2.44
DR0257,PR023,4,164,2.44
DR0025,PR020,5,206,2.43
DR0027,PR007,7,288,2.43
DR0027,PR022,7,288,2.43
DR0177,PR001,6,247,2.43
DR0023,PR020,3,124,2.42
DR0176,PR005,5,207,2.42
DR0176,PR009,5,207,2.42
DR0176,PR019,5,207,2.42
DR0176,PR020,5,207,2.42
DR0164,PR025,2,83,2.41
DR0321,PR002,2,83,2.41
DR0354,PR002,7,291,2.41
DR0371,PR008,2,83,2.41
DR0394,PR001,2,83,2.41
DR0394,PR002,2,83,2.41
DR0447,PR001,2,83,2.41
DR0447,PR008,2,83,2.41
DR0447,PR010,2,83,2.41
DR0447,PR019,2,83,2.41
DR0447,PR022,2,83,2.41
DR0447,PR023,2,83,2.41
DR0447,PR024,2,83,2.41
DR0022,PR002,3,125,2.4
DR0166,PR008,3,125,2.4
DR0166,PR025,3,125,2.4
DR0170,PR016,6,250,2.4
DR0206,PR008,12,500,2.4
DR0221,PR025,4,167,2.4
DR0437,PR018,7,292,2.4
DR0063,PR002,2,84,2.38
DR0063,PR003,2,84,2.38
DR0179,PR002,2,84,2.38
DR0179,PR021,2,84,2.38
DR0232,PR016,3,126,2.38
DR0333,PR002,2,84,2.38
DR0333,PR004,2,84,2.38
DR0333,PR016,2,84,2.38
DR0333,PR021,2,84,2.38
DR0333,PR024,2,84,2.38
DR0368,PR002,3,126,2.38
DR0368,PR006,3,126,2.38
DR0224,PR016,6,253,2.37
DR0335,PR021,3,127,2.36
DR0398,PR007,3,127,2.36
DR0001,PR002,2,85,2.35
DR0052,PR003,8,340,2.35
DR0122,PR012,2,85,2.35
DR0122,PR014,2,85,2.35
DR0122,PR025,2,85,2.35
DR0202,PR002,6,255,2.35
DR0289,PR004,2,85,2.35
DR0289,PR011,2,85,2.35
DR0289,PR015,2,85,2.35
DR0289,PR016,2,85,2.35
DR0103,PR006,9,385,2.34
DR0240,PR002,21,899,2.34
DR0367,PR002,3,128,2.34
DR0433,PR005,4,171,2.34
DR0433,PR021,4,171,2.34
DR0049,PR001,2,86,2.33
DR0049,PR003,2,86,2.33
DR0049,PR016,2,86,2.33
DR0065,PR009,3,129,2.33
DR0065,PR016,3,129,2.33
DR0210,PR004,2,86,2.33
DR0210,PR013,2,86,2.33
DR0277,PR002,2,86,2.33
DR0277,PR008,2,86,2.33
DR0346,PR004,2,86,2.33
DR0346,PR011,2,86,2.33
DR0346,PR012,2,86,2.33
DR0020,PR006,2,87,2.3
DR0116,PR001,2,87,2.3
DR0297,PR019,2,87,2.3
DR0400,PR014,2,87,2.3
DR0400,PR017,2,87,2.3
DR0400,PR019,2,87,2.3
DR0400,PR024,2,87,2.3
DR0409,PR020,5,217,2.3
DR0381,PR021,5,218,2.29
DR0305,PR001,4,176,2.27
DR0305,PR016,4,176,2.27
DR0325,PR013,7,308,2.27
DR0362,PR008,2,88,2.27
DR0362,PR016,2,88,2.27
DR0439,PR012,3,132,2.27
DR0028,PR002,4,177,2.26
DR0104,PR002,4,177,2.26
DR0104,PR008,4,177,2.26
DR0376,PR016,4,177,2.26
DR0403,PR025,4,177,2.26
DR0076,PR004,10,444,2.25
DR0076,PR021,10,444,2.25
DR0076,PR025,10,444,2.25
DR0286,PR002,4,178,2.25
DR0416,PR002,10,444,2.25
DR0416,PR003,10,444,2.25
DR0416,PR025,10,444,2.25
DR0436,PR025,2,89,2.25
DR0218,PR002,3,134,2.24
DR0253,PR020,3,134,2.24
DR0404,PR003,14,626,2.24
DR0404,PR025,14,626,2.24
DR0081,PR002,17,761,2.23
DR0036,PR016,2,90,2.22
DR0036,PR021,2,90,2.22
DR0090,PR003,6,270,2.22
DR0090,PR021,6,270,2.22
DR0283,PR010,9,406,2.22
DR0283,PR015,9,406,2.22
DR0349,PR002,4,180,2.22
DR0349,PR006,4,180,2.22
DR0441,PR008,2,90,2.22
DR0029,PR020,3,136,2.21
DR0128,PR020,3,136,2.21
DR0265,PR002,11,498,2.21
DR0291,PR007,5,226,2.21
DR0291,PR011,5,226,2.21
DR0291,PR022,5,226,2.21
DR0344,PR002,4,181,2.21
DR0344,PR016,4,181,2.21
DR0412,PR002,3,136,2.21
DR0098,PR016,2,91,2.2
DR0098,PR021,2,91,2.2
DR0206,PR003,11,500,2.2
DR0351,PR024,2,91,2.2
DR0424,PR002,2,91,2.2
DR0070,PR016,6,275,2.18
DR0085,PR020,5,229,2.18
DR0017,PR008,2,92,2.17
DR0017,PR016,2,92,2.17
DR0086,PR002,3,139,2.16
DR0187,PR022,5,231,2.16
DR0214,PR002,3,139,2.16
DR0405,PR025,4,185,2.16
DR0410,PR002,5,231,2.16
DR0015,PR007,2,93,2.15
DR0015,PR014,2,93,2.15
DR0015,PR021,2,93,2.15
DR0156,PR004,4,186,2.15
DR0178,PR006,4,186,2.15
DR0178,PR008,4,186,2.15
DR0296,PR006,2,93,2.15
DR0296,PR009,2,93,2.15
DR0296,PR012,2,93,2.15
DR0296,PR017,2,93,2.15
DR0296,PR020,2,93,2.15
DR0296,PR024,2,93,2.15
DR0220,PR003,4,187,2.14
DR0220,PR020,4,187,2.14
DR0226,PR016,10,467,2.14
DR0290,PR003,3,140,2.14
DR0078,PR016,4,188,2.13
DR0105,PR001,2,94,2.13
DR0105,PR017,2,94,2.13
DR0184,PR009,3,141,2.13
DR0184,PR010,3,141,2.13
DR0184,PR023,3,141,2.13
DR0185,PR016,3,141,2.13
DR0329,PR007,2,94,2.13
DR0329,PR010,2,94,2.13
DR0329,PR014,2,94,2.13
DR0329,PR016,2,94,2.13
DR0329,PR020,2,94,2.13
DR0329,PR022,2,94,2.13
DR0329,PR024,2,94,2.13
DR0341,PR004,2,94,2.13
DR0341,PR009,2,94,2.13
DR0342,PR011,5,235,2.13
DR0342,PR020,5,235,2.13
DR0366,PR023,2,94,2.13
DR0395,PR004,3,141,2.13
DR0009,PR002,5,236,2.12
DR0068,PR008,5,236,2.12
DR0360,PR008,4,189,2.12
DR0360,PR025,4,189,2.12
DR0014,PR009,4,190,2.11
DR0014,PR024,4,190,2.11
DR0181,PR002,2,95,2.11
DR0181,PR003,2,95,2.11
DR0181,PR005,2,95,2.11
DR0181,PR025,2,95,2.11
DR0311,PR001,7,331,2.11
DR0311,PR003,7,331,2.11
DR0361,PR001,3,142,2.11
DR0363,PR002,8,379,2.11
DR0032,PR016,3,143,2.1
DR0135,PR007,3,143,2.1
DR0135,PR013,3,143,2.1
DR0135,PR024,3,143,2.1
DR0300,PR006,5,238,2.1
DR0300,PR016,5,238,2.1
DR0352,PR004,5,238,2.1
DR0442,PR015,3,143,2.1
DR0442,PR017,3,143,2.1
DR0006,PR016,7,335,2.09
DR0259,PR016,4,191,2.09
DR0259,PR021,4,191,2.09
DR0307,PR002,5,239,2.09
DR0027,PR012,6,288,2.08
DR0060,PR002,3,144,2.08
DR0251,PR002,6,288,2.08
DR0269,PR013,6,289,2.08
DR0370,PR008,2,96,2.08
DR0026,PR002,4,193,2.07
DR0026,PR007,4,193,2.07
DR0173,PR002,9,435,2.07
DR0249,PR016,3,145,2.07
DR0357,PR003,4,193,2.07
DR0082,PR002,6,291,2.06
DR0186,PR002,9,437,2.06
DR0316,PR009,2,97,2.06
DR0316,PR014,2,97,2.06
DR0316,PR022,2,97,2.06
DR0402,PR014,3,146,2.05
DR0438,PR016,6,292,2.05
DR0236,PR007,2,98,2.04
DR0236,PR021,2,98,2.04
DR0388,PR002,2,98,2.04
DR0388,PR007,2,98,2.04
DR0299,PR020,5,246,2.03
DR0054,PR007,2,99,2.02
DR0054,PR013,2,99,2.02
DR0054,PR015,2,99,2.02
DR0054,PR016,2,99,2.02
DR0054,PR017,2,99,2.02
DR0054,PR020,2,99,2.02
DR0161,PR002,5,248,2.02
DR0168,PR006,2,99,2.02
DR0168,PR008,2,99,2.02
DR0168,PR016,2,99,2.02
DR0168,PR021,2,99,2.02
DR0201,PR003,5,248,2.02
DR0225,PR001,2,99,2.02
DR0225,PR002,2,99,2.02
DR0225,PR016,2,99,2.02
DR0225,PR025,2,99,2.02
DR0303,PR002,5,248,2.02
DR0393,PR016,5,248,2.02
DR0152,PR013,3,149,2.01
DR0152,PR014,3,149,2.01
DR0152,PR017,3,149,2.01
DR0152,PR021,3,149,2.01
DR0430,PR003,3,149,2.01
DR0002,PR004,1,50,2.0
DR0002,PR020,1,50,2.0
DR0170,PR002,5,250,2.0
DR0175,PR008,4,200,2.0
DR0183,PR011,7,350,2.0
DR0324,PR007,2,100,2.0
DR0324,PR016,2,100,2.0
DR0324,PR025,2,100,2.0
DR0375,PR016,4,200,2.0
DR0375,PR020,4,200,2.0
DR0375,PR021,4,200,2.0
DR0429,PR004,1,50,2.0
DR0429,PR005,1,50,2.0
DR0429,PR007,1,50,2.0
DR0429,PR014,1,50,2.0
DR0429,PR019,1,50,2.0
DR0429,PR025,1,50,2.0
DR0233,PR005,2,101,1.98
DR0233,PR009,2,101,1.98
DR0233,PR010,2,101,1.98
DR0233,PR012,2,101,1.98
DR0233,PR017,2,101,1.98
DR0233,PR019,2,101,1.98
DR0233,PR024,2,101,1.98
DR0332,PR025,10,506,1.98
DR0062,PR021,10,508,1.97
DR0281,PR002,6,305,1.97
DR0281,PR020,6,305,1.97
DR0283,PR024,8,406,1.97
DR0007,PR009,2,102,1.96
DR0050,PR001,1,51,1.96
DR0050,PR008,1,51,1.96
DR0050,PR020,1,51,1.96
DR0192,PR008,1,51,1.96
DR0192,PR021,1,51,1.96
DR0247,PR005,2,102,1.96
DR0247,PR008,2,102,1.96
DR0247,PR009,2,102,1.96
DR0247,PR016,2,102,1.96
DR0258,PR005,2,102,1.96
DR0272,PR010,1,51,1.96
DR0272,PR016,1,51,1.96
DR0272,PR021,1,51,1.96
DR0272,PR024,1,51,1.96
DR0287,PR016,2,102,1.96
DR0287,PR021,2,102,1.96
DR0350,PR004,2,102,1.96
DR0107,PR002,5,256,1.95
DR0244,PR020,5,257,1.95
DR0339,PR008,3,154,1.95
DR0061,PR022,2,103,1.94
DR0217,PR016,2,103,1.94
DR0343,PR010,2,103,1.94
DR0021,PR020,5,261,1.92
DR0056,PR008,1,52,1.92
DR0108,PR025,3,156,1.92
DR0113,PR016,2,104,1.92
DR0118,PR008,2,104,1.92
DR0118,PR016,2,104,1.92
DR0131,PR002,11,573,1.92
DR0157,PR002,2,104,1.92
DR0157,PR005,2,104,1.92
DR0231,PR002,2,104,1.92
DR0231,PR016,2,104,1.92
DR0245,PR004,6,312,1.92
DR0245,PR021,6,312,1.92
DR0266,PR001,1,52,1.92
DR0266,PR005,1,52,1.92
DR0266,PR008,1,52,1.92
DR0266,PR016,1,52,1.92
DR0266,PR018,1,52,1.92
DR0266,PR020,1,52,1.92
DR0266,PR021,1,52,1.92
DR0288,PR016,7,365,1.92
DR0365,PR006,1,52,1.92
DR0365,PR014,1,52,1.92
DR0365,PR015,1,52,1.92
DR0365,PR019,1,52,1.92
DR0365,PR021,1,52,1.92
DR0365,PR022,1,52,1.92
DR0365,PR023,1,52,1.92
DR0380,PR009,5,261,1.92
DR0380,PR016,5,261,1.92
DR0389,PR008,2,104,1.92
DR0389,PR019,2,104,1.92
DR0421,PR002,1,52,1.92
DR0421,PR012,1,52,1.92
DR0421,PR024,1,52,1.92
DR0046,PR004,3,157,1.91
DR0227,PR001,3,157,1.91
DR0227,PR020,3,157,1.91
DR0313,PR002,3,157,1.91
DR0313,PR008,3,157,1.91
DR0313,PR021,3,157,1.91
DR0040,PR003,2,105,1.9
DR0425,PR014,3,158,1.9
DR0425,PR016,3,158,1.9
DR0042,PR025,2,106,1.89
DR0123,PR004,2,106,1.89
DR0163,PR003,5,264,1.89
DR0203,PR002,1,53,1.89
DR0203,PR004,1,53,1.89
DR0203,PR019,1,53,1.89
DR0203,PR021,1,53,1.89
DR0237,PR002,1,53,1.89
DR0237,PR006,1,53,1.89
DR0237,PR014,1,53,1.89
DR0293,PR002,1,53,1.89
DR0293,PR011,1,53,1.89
DR0293,PR014,1,53,1.89
DR0293,PR025,1,53,1.89
DR0306,PR002,1,53,1.89
DR0306,PR006,1,53,1.89
DR0306,PR008,1,53,1.89
DR0306,PR010,1,53,1.89
DR0306,PR011,1,53,1.89
DR0306,PR016,1,53,1.89
DR0306,PR024,1,53,1.89
DR0306,PR025,1,53,1.89
DR0317,PR008,1,53,1.89
DR0317,PR009,1,53,1.89
DR0317,PR010,1,53,1.89
DR0317,PR013,1,53,1.89
DR0379,PR003,1,53,1.89
DR0379,PR008,1,53,1.89
DR0379,PR014,1,53,1.89
DR0379,PR020,1,53,1.89
DR0379,PR021,1,53,1.89
DR0379,PR025,1,53,1.89
DR0066,PR002,4,215,1.86
DR0356,PR025,5,269,1.86
DR0090,PR002,5,270,1.85
DR0200,PR005,2,108,1.85
DR0200,PR009,2,108,1.85
DR0200,PR012,2,108,1.85
DR0200,PR018,2,108,1.85
DR0200,PR021,2,108,1.85
DR0241,PR003,3,162,1.85
DR0363,PR016,7,379,1.85
DR0377,PR002,1,54,1.85
DR0377,PR004,1,54,1.85
DR0377,PR022,1,54,1.85
DR0173,PR016,8,435,1.84
DR0250,PR002,3,163,1.84
DR0250,PR003,3,163,1.84
DR0250,PR025,3,163,1.84
DR0409,PR001,4,217,1.84
DR0048,PR016,4,218,1.83
DR0186,PR006,8,437,1.83
DR0186,PR020,8,437,1.83
DR0257,PR009,3,164,1.83
DR0381,PR004,4,218,1.83
DR0381,PR024,4,218,1.83
DR0440,PR002,2,109,1.83
DR0440,PR006,2,109,1.83
DR0440,PR014,2,109,1.83
DR0141,PR022,2,110,1.82
DR0149,PR007,1,55,1.82
DR0149,PR008,1,55,1.82
DR0149,PR009,1,55,1.82
DR0149,PR011,1,55,1.82
DR0149,PR015,1,55,1.82
DR0149,PR022,1,55,1.82
DR0149,PR024,1,55,1.82
DR0155,PR004,1,55,1.82
DR0155,PR010,1,55,1.82
DR0155,PR019,1,55,1.82
DR0215,PR001,2,110,1.82
DR0215,PR002,2,110,1.82
DR0215,PR025,2,110,1.82
DR0223,PR005,1,55,1.82
DR0223,PR022,1,55,1.82
DR0242,PR003,15,823,1.82
DR0446,PR002,3,165,1.82
DR0446,PR016,3,165,1.82
DR0139,PR008,5,278,1.8
DR0139,PR021,5,278,1.8
DR0206,PR016,9,500,1.8
DR0221,PR008,3,167,1.8
DR0397,PR008,9,501,1.8
DR0282,PR002,12,672,1.79
DR0312,PR016,4,224,1.79
DR0315,PR007,1,56,1.79
DR0315,PR023,1,56,1.79
DR0315,PR024,1,56,1.79
DR0216,PR002,4,225,1.78
DR0062,PR002,9,508,1.77
DR0093,PR016,7,396,1.77
DR0291,PR021,4,226,1.77
DR0378,PR002,2,113,1.77
DR0378,PR007,2,113,1.77
DR0378,PR016,2,113,1.77
DR0301,PR002,6,341,1.76
DR0301,PR006,6,341,1.76
DR0030,PR005,2,114,1.75
DR0030,PR006,2,114,1.75
DR0030,PR007,2,114,1.75
DR0030,PR016,2,114,1.75
DR0085,PR016,4,229,1.75
DR0120,PR002,1,57,1.75
DR0120,PR004,1,57,1.75
DR0120,PR008,1,57,1.75
DR0120,PR018,1,57,1.75
DR0120,PR019,1,57,1.75
DR0252,PR004,1,57,1.75
DR0252,PR014,1,57,1.75
DR0252,PR018,1,57,1.75
DR0252,PR025,1,57,1.75
DR0345,PR008,2,114,1.75
DR0433,PR004,3,171,1.75
DR0433,PR017,3,171,1.75
DR0433,PR018,3,171,1.75
DR0027,PR014,5,288,1.74
DR0110,PR002,2,115,1.74
DR0110,PR004,2,115,1.74
DR0110,PR008,2,115,1.74
DR0110,PR012,2,115,1.74
DR0110,PR016,2,115,1.74
DR0110,PR023,2,115,1.74
DR0198,PR002,2,115,1.74
DR0198,PR008,2,115,1.74
DR0198,PR014,2,115,1.74
DR0251,PR005,5,288,1.74
DR0278,PR004,2,115,1.74
DR0278,PR022,2,115,1.74
DR0187,PR021,4,231,1.73
DR0269,PR023,5,289,1.73
DR0336,PR016,9,519,1.73
DR0382,PR002,7,404,1.73
DR0410,PR021,4,231,1.73
DR0003,PR016,7,406,1.72
DR0003,PR020,7,406,1.72
DR0082,PR021,5,291,1.72
DR0144,PR002,4,232,1.72
DR0144,PR016,4,232,1.72
DR0193,PR006,1,58,1.72
DR0193,PR009,1,58,1.72
DR0193,PR010,1,58,1.72
DR0193,PR024,1,58,1.72
DR0222,PR008,1,58,1.72
DR0222,PR014,1,58,1.72
DR0222,PR016,1,58,1.72
DR0222,PR021,1,58,1.72
DR0222,PR024,1,58,1.72
DR0328,PR011,1,58,1.72
DR0328,PR014,1,58,1.72
DR0328,PR016,1,58,1.72
DR0407,PR008,5,291,1.72
DR0432,PR016,1,58,1.72
DR0435,PR005,2,116,1.72
DR0435,PR010,2,116,1.72
DR0435,PR011,2,116,1.72
DR0435,PR012,2,116,1.72
DR0435,PR015,2,116,1.72
DR0435,PR021,2,116,1.72
DR0444,PR007,1,58,1.72
DR0444,PR011,1,58,1.72
DR0444,PR012,1,58,1.72
DR0444,PR016,1,58,1.72
DR0449,PR005,1,58,1.72
DR0449,PR008,1,58,1.72
DR0449,PR009,1,58,1.72
DR0449,PR016,1,58,1.72
DR0449,PR020,1,58,1.72
DR0081,PR008,13,761,1.71
DR0084,PR004,5,292,1.71
DR0084,PR025,5,292,1.71
DR0235,PR004,5,292,1.71
DR0331,PR006,5,292,1.71
DR0331,PR016,5,292,1.71
DR0428,PR002,6,351,1.71
DR0428,PR008,6,351,1.71
DR0437,PR008,5,292,1.71
DR0209,PR020,11,646,1.7
DR0305,PR008,3,176,1.7
DR0028,PR014,3,177,1.69
DR0109,PR002,2,118,1.69
DR0109,PR004,2,118,1.69
DR0109,PR015,2,118,1.69
DR0109,PR016,2,118,1.69
DR0130,PR004,1,59,1.69
DR0130,PR005,1,59,1.69
DR0130,PR008,1,59,1.69
DR0130,PR013,1,59,1.69
DR0130,PR014,1,59,1.69
DR0130,PR025,1,59,1.69
DR0153,PR001,3,178,1.69
DR0153,PR014,3,178,1.69
DR0153,PR016,3,178,1.69
DR0153,PR025,3,178,1.69
DR0172,PR003,1,59,1.69
DR0172,PR008,1,59,1.69
DR0172,PR012,1,59,1.69
DR0172,PR018,1,59,1.69
DR0172,PR019,1,59,1.69
DR0248,PR002,2,118,1.69
DR0276,PR009,1,59,1.69
DR0276,PR015,1,59,1.69
DR0276,PR018,1,59,1.69
DR0276,PR021,1,59,1.69
DR0276,PR023,1,59,1.69
DR0276,PR024,1,59,1.69
DR0286,PR016,3,178,1.69
DR0286,PR021,3,178,1.69
DR0295,PR002,1,59,1.69
DR0295,PR005,1,59,1.69
DR0298,PR004,1,59,1.69
DR0298,PR005,1,59,1.69
DR0298,PR009,1,59,1.69
DR0298,PR012,1,59,1.69
DR0298,PR013,1,59,1.69
DR0298,PR021,1,59,1.69
DR0298,PR022,1,59,1.69
DR0298,PR025,1,59,1.69
DR0326,PR004,1,59,1.69
DR0326,PR012,1,59,1.69
DR0326,PR014,1,59,1.69
DR0326,PR022,1,59,1.69
DR0403,PR016,3,177,1.69
DR0426,PR005,1,59,1.69
DR0426,PR008,1,59,1.69
DR0426,PR010,1,59,1.69
DR0426,PR018,1,59,1.69
DR0426,PR021,1,59,1.69
DR0431,PR008,6,355,1.69
DR0045,PR002,2,119,1.68
DR0045,PR013,2,119,1.68
DR0045,PR025,2,119,1.68
DR0136,PR002,2,119,1.68
DR0136,PR004,2,119,1.68
DR0136,PR009,2,119,1.68
DR0263,PR002,8,475,1.68
DR0263,PR004,8,475,1.68
DR0263,PR016,8,475,1.68
DR0300,PR002,4,238,1.68
DR0352,PR001,4,238,1.68
DR0352,PR021,4,238,1.68
DR0004,PR004,1,60,1.67
DR0004,PR005,1,60,1.67
DR0004,PR018,1,60,1.67
DR0004,PR022,1,60,1.67
DR0004,PR024,1,60,1.67
DR0075,PR008,1,60,1.67
DR0075,PR016,1,60,1.67
DR0075,PR021,1,60,1.67
DR0121,PR002,1,60,1.67
DR0121,PR007,1,60,1.67
DR0121,PR008,1,60,1.67
DR0127,PR001,1,60,1.67
DR0127,PR006,1,60,1.67
DR0127,PR012,1,60,1.67
DR0127,PR014,1,60,1.67
DR0127,PR016,1,60,1.67
DR0127,PR019,1,60,1.67
DR0127,PR022,1,60,1.67
DR0127,PR024,1,60,1.67
DR0150,PR002,1,60,1.67
DR0150,PR006,1,60,1.67
DR0150,PR007,1,60,1.67
DR0150,PR015,1,60,1.67
DR0150,PR019,1,60,1.67
DR0150,PR023,1,60,1.67
DR0150,PR024,1,60,1.67
DR0169,PR005,1,60,1.67
DR0169,PR010,1,60,1.67
DR0169,PR011,1,60,1.67
DR0169,PR014,1,60,1.67
DR0274,PR002,1,60,1.67
DR0274,PR005,1,60,1.67
DR0274,PR006,1,60,1.67
DR0274,PR016,1,60,1.67
DR0284,PR002,1,60,1.67
DR0284,PR004,1,60,1.67
DR0284,PR009,1,60,1.67
DR0284,PR018,1,60,1.67
DR0284,PR022,1,60,1.67
DR0349,PR021,3,180,1.67
DR0349,PR025,3,180,1.67
DR0374,PR008,8,479,1.67
DR0448,PR001,1,60,1.67
DR0448,PR002,1,60,1.67
DR0448,PR016,1,60,1.67
DR0016,PR016,3,181,1.66
DR0344,PR008,3,181,1.66
DR0344,PR009,3,181,1.66
DR0031,PR008,8,486,1.65
DR0083,PR002,4,242,1.65
DR0083,PR021,4,242,1.65
DR0151,PR008,2,121,1.65
DR0151,PR016,2,121,1.65
DR0088,PR002,4,244,1.64
DR0262,PR004,2,122,1.64
DR0262,PR016,2,122,1.64
DR0262,PR019,2,122,1.64
DR0262,PR021,2,122,1.64
DR0302,PR002,8,487,1.64
DR0348,PR004,1,61,1.64
DR0348,PR009,1,61,1.64
DR0348,PR010,1,61,1.64
DR0348,PR016,1,61,1.64
DR0348,PR022,1,61,1.64
DR0125,PR009,2,123,1.63
DR0125,PR012,2,123,1.63
DR0125,PR019,2,123,1.63
DR0275,PR014,3,184,1.63
DR0275,PR024,3,184,1.63
DR0177,PR004,4,247,1.62
DR0177,PR007,4,247,1.62
DR0177,PR021,4,247,1.62
DR0197,PR005,3,185,1.62
DR0405,PR002,3,185,1.62
DR0405,PR016,3,185,1.62
DR0013,PR008,4,248,1.61
DR0013,PR021,4,248,1.61
DR0023,PR002,2,124,1.61
DR0023,PR008,2,124,1.61
DR0156,PR002,3,186,1.61
DR0156,PR016,3,186,1.61
DR0161,PR016,4,248,1.61
DR0178,PR002,3,186,1.61
DR0265,PR016,8,498,1.61
DR0323,PR017,1,62,1.61
DR0323,PR024,1,62,1.61
DR0330,PR005,1,62,1.61
DR0330,PR024,1,62,1.61
DR0393,PR020,4,248,1.61
DR0022,PR025,2,125,1.6
DR0078,PR008,3,188,1.6
DR0078,PR017,3,188,1.6
DR0166,PR002,2,125,1.6
DR0166,PR006,2,125,1.6
DR0166,PR016,2,125,1.6
DR0170,PR009,4,250,1.6
DR0220,PR002,3,187,1.6
DR0220,PR016,3,187,1.6
DR0220,PR021,3,187,1.6
DR0338,PR002,4,250,1.6
DR0338,PR007,4,250,1.6
DR0077,PR016,2,126,1.59
DR0199,PR002,5,314,1.59
DR0199,PR016,5,314,1.59
DR0232,PR007,2,126,1.59
DR0264,PR008,3,189,1.59
DR0334,PR008,1,63,1.59
DR0334,PR013,1,63,1.59
DR0334,PR014,1,63,1.59
DR0334,PR016,1,63,1.59
DR0334,PR017,1,63,1.59
DR0334,PR018,1,63,1.59
DR0360,PR014,3,189,1.59
DR0368,PR014,2,126,1.59
DR0014,PR007,3,190,1.58
DR0014,PR013,3,190,1.58
DR0014,PR014,3,190,1.58
DR0332,PR008,8,506,1.58
DR0416,PR016,7,444,1.58
DR0158,PR016,3,191,1.57
DR0259,PR010,3,191,1.57
DR0335,PR001,2,127,1.57
DR0335,PR008,2,127,1.57
DR0398,PR004,2,127,1.57
DR0398,PR009,2,127,1.57
DR0415,PR002,2,127,1.57
DR0415,PR021,2,127,1.57
DR0415,PR024,2,127,1.57
DR0051,PR014,1,64,1.56
DR0051,PR017,1,64,1.56
DR0107,PR006,4,256,1.56
DR0244,PR005,4,257,1.56
DR0244,PR016,4,257,1.56
DR0319,PR001,1,64,1.56
DR0319,PR017,1,64,1.56
DR0319,PR021,1,64,1.56
DR0319,PR024,1,64,1.56
DR0065,PR004,2,129,1.55
DR0065,PR008,2,129,1.55
DR0065,PR020,2,129,1.55
DR0357,PR016,3,193,1.55
DR0357,PR020,3,193,1.55
DR0434,PR002,2,129,1.55
DR0434,PR007,2,129,1.55
DR0434,PR012,2,129,1.55
DR0434,PR014,2,129,1.55
DR0434,PR021,2,129,1.55
DR0434,PR025,2,129,1.55
DR0129,PR004,1,65,1.54
DR0129,PR005,1,65,1.54
DR0129,PR006,1,65,1.54
DR0129,PR008,1,65,1.54
DR0129,PR014,1,65,1.54
DR0129,PR018,1,65,1.54
DR0129,PR021,1,65,1.54
DR0129,PR022,1,65,1.54
DR0137,PR001,3,195,1.54
DR0137,PR020,3,195,1.54
DR0137,PR024,3,195,1.54
DR0347,PR002,1,65,1.54
DR0347,PR004,1,65,1.54
DR0347,PR007,1,65,1.54
DR0347,PR010,1,65,1.54
DR0347,PR016,1,65,1.54
DR0347,PR025,1,65,1.54
DR0358,PR002,1,65,1.54
DR0358,PR004,1,65,1.54
DR0358,PR021,1,65,1.54
DR0358,PR022,1,65,1.54
DR0450,PR016,2,130,1.54
DR0021,PR007,4,261,1.53
DR0160,PR002,5,326,1.53
DR0380,PR005,4,261,1.53
DR0380,PR007,4,261,1.53
DR0154,PR006,1,66,1.52
DR0154,PR010,1,66,1.52
DR0154,PR016,1,66,1.52
DR0154,PR024,1,66,1.52
DR0154,PR025,1,66,1.52
DR0163,PR002,4,264,1.52
DR0163,PR021,4,264,1.52
DR0353,PR003,1,66,1.52
DR0353,PR009,1,66,1.52
DR0353,PR010,1,66,1.52
DR0353,PR014,1,66,1.52
DR0353,PR018,1,66,1.52
DR0353,PR020,1,66,1.52
DR0439,PR007,2,132,1.52
DR0228,PR004,3,199,1.51
DR0228,PR011,3,199,1.51
DR0228,PR016,3,199,1.51
DR0311,PR016,5,331,1.51
DR0175,PR002,3,200,1.5
DR0267,PR004,3,200,1.5
DR0267,PR006,3,200,1.5
DR0375,PR007,3,200,1.5
DR0375,PR014,3,200,1.5
DR0413,PR004,2,133,1.5
DR0413,PR007,2,133,1.5
DR0006,PR003,5,335,1.49
DR0112,PR008,11,740,1.49
DR0167,PR006,1,67,1.49
DR0167,PR008,1,67,1.49
DR0167,PR014,1,67,1.49
DR0167,PR016,1,67,1.49
DR0167,PR025,1,67,1.49
DR0218,PR016,2,134,1.49
DR0218,PR021,2,134,1.49
DR0218,PR025,2,134,1.49
DR0243,PR004,3,202,1.49
DR0253,PR002,2,134,1.49
DR0253,PR004,2,134,1.49
DR0268,PR002,1,67,1.49
DR0268,PR004,1,67,1.49
DR0268,PR005,1,67,1.49
DR0268,PR017,1,67,1.49
DR0268,PR019,1,67,1.49
DR0268,PR022,1,67,1.49
DR0268,PR024,1,67,1.49
DR0268,PR025,1,67,1.49
DR0282,PR016,10,672,1.49
DR0292,PR002,1,67,1.49
DR0292,PR004,1,67,1.49
DR0292,PR006,1,67,1.49
DR0292,PR008,1,67,1.49
DR0292,PR012,1,67,1.49
DR0292,PR019,1,67,1.49
DR0292,PR024,1,67,1.49
DR0292,PR025,1,67,1.49
DR0294,PR004,2,134,1.49
DR0356,PR011,4,269,1.49
DR0090,PR005,4,270,1.48
DR0115,PR004,3,203,1.48
DR0133,PR002,2,135,1.48
DR0133,PR015,2,135,1.48
DR0133,PR016,2,135,1.48
DR0133,PR022,2,135,1.48
DR0427,PR002,2,135,1.48
DR0427,PR011,2,135,1.48
DR0018,PR012,2,136,1.47
DR0018,PR020,2,136,1.47
DR0029,PR008,2,136,1.47
DR0052,PR004,5,340,1.47
DR0052,PR008,5,340,1.47
DR0052,PR016,5,340,1.47
DR0128,PR004,2,136,1.47
DR0128,PR005,2,136,1.47
DR0128,PR008,2,136,1.47
DR0128,PR009,2,136,1.47
DR0128,PR011,2,136,1.47
DR0128,PR013,2,136,1.47
DR0180,PR009,2,136,1.47
DR0263,PR021,7,475,1.47
DR0301,PR007,5,341,1.47
DR0412,PR013,2,136,1.47
DR0412,PR016,2,136,1.47
DR0025,PR004,3,206,1.46
DR0025,PR016,3,206,1.46
DR0025,PR021,3,206,1.46
DR0374,PR003,7,479,1.46
DR0386,PR002,28,1921,1.46
DR0055,PR015,1,69,1.45
DR0059,PR007,2,138,1.45
DR0059,PR008,2,138,1.45
DR0070,PR009,4,275,1.45
DR0070,PR021,4,275,1.45
DR0176,PR010,3,207,1.45
DR0189,PR006,5,344,1.45
DR0189,PR016,5,344,1.45
DR0194,PR002,2,138,1.45
DR0246,PR010,1,69,1.45
DR0246,PR012,1,69,1.45
DR0387,PR004,1,69,1.45
DR0406,PR002,1,69,1.45
DR0406,PR005,1,69,1.45
DR0406,PR007,1,69,1.45
DR0406,PR009,1,69,1.45
DR0406,PR010,1,69,1.45
DR0406,PR011,1,69,1.45
DR0406,PR012,1,69,1.45
DR0406,PR016,1,69,1.45
DR0406,PR025,1,69,1.45
DR0031,PR002,7,486,1.44
DR0086,PR016,2,139,1.44
DR0086,PR021,2,139,1.44
DR0214,PR021,2,139,1.44
DR0271,PR001,3,208,1.44
DR0271,PR004,3,208,1.44
DR0271,PR008,3,208,1.44
DR0302,PR008,7,487,1.44
DR0372,PR016,10,695,1.44
DR0114,PR021,2,140,1.43
DR0114,PR025,2,140,1.43
DR0213,PR005,1,70,1.43
DR0213,PR019,1,70,1.43
DR0213,PR020,1,70,1.43
DR0213,PR023,1,70,1.43
DR0290,PR016,2,140,1.43
DR0290,PR025,2,140,1.43
DR0184,PR017,2,141,1.42
DR0185,PR014,2,141,1.42
DR0395,PR002,2,141,1.42
DR0395,PR016,2,141,1.42
DR0337,PR002,6,425,1.41
DR0361,PR002,2,142,1.41
DR0361,PR007,2,142,1.41
DR0361,PR008,2,142,1.41
DR0361,PR012,2,142,1.41
DR0431,PR007,5,355,1.41
DR0445,PR009,1,71,1.41
DR0445,PR016,1,71,1.41
DR0445,PR019,1,71,1.41
DR0131,PR008,8,573,1.4
DR0135,PR005,2,143,1.4
DR0135,PR019,2,143,1.4
DR0206,PR020,7,500,1.4
DR0397,PR002,7,501,1.4
DR0442,PR005,2,143,1.4
DR0442,PR013,2,143,1.4
DR0442,PR023,2,143,1.4
DR0027,PR019,4,288,1.39
DR0060,PR008,2,144,1.39
DR0060,PR023,2,144,1.39
DR0251,PR007,4,288,1.39
DR0251,PR022,4,288,1.39
DR0260,PR002,1,72,1.39
DR0260,PR005,1,72,1.39
DR0260,PR012,1,72,1.39
DR0260,PR016,1,72,1.39
DR0260,PR021,1,72,1.39
DR0401,PR005,2,144,1.39
DR0401,PR008,2,144,1.39
DR0401,PR014,2,144,1.39
DR0408,PR021,1,72,1.39
DR0443,PR002,6,433,1.39
DR0409,PR012,3,217,1.38
DR0010,PR002,1,73,1.37
DR0010,PR004,1,73,1.37
DR0010,PR019,1,73,1.37
DR0043,PR002,1,73,1.37
DR0043,PR004,1,73,1.37
DR0043,PR006,1,73,1.37
DR0043,PR008,1,73,1.37
DR0043,PR009,1,73,1.37
DR0043,PR014,1,73,1.37
DR0043,PR016,1,73,1.37
DR0043,PR024,1,73,1.37
DR0084,PR014,4,292,1.37
DR0084,PR016,4,292,1.37
DR0186,PR014,6,437,1.37
DR0186,PR016,6,437,1.37
DR0288,PR004,5,365,1.37
DR0331,PR002,4,292,1.37
DR0354,PR021,4,291,1.37
DR0402,PR018,2,146,1.37
DR0437,PR021,4,292,1.37
DR0438,PR008,4,292,1.37
DR0159,PR002,3,221,1.36
DR0159,PR006,3,221,1.36
DR0159,PR008,3,221,1.36
DR0159,PR009,3,221,1.36
DR0037,PR004,1,74,1.35
DR0037,PR006,1,74,1.35
DR0037,PR007,1,74,1.35
DR0037,PR008,1,74,1.35
DR0037,PR011,1,74,1.35
DR0037,PR014,1,74,1.35
DR0037,PR016,1,74,1.35
DR0112,PR002,10,740,1.35
DR0112,PR004,10,740,1.35
DR0195,PR002,1,74,1.35
DR0195,PR006,1,74,1.35
DR0195,PR010,1,74,1.35
DR0195,PR015,1,74,1.35
DR0195,PR019,1,74,1.35
DR0279,PR002,1,74,1.35
DR0279,PR008,1,74,1.35
DR0279,PR011,1,74,1.35
DR0279,PR014,1,74,1.35
DR0279,PR015,1,74,1.35
DR0279,PR021,1,74,1.35
DR0279,PR022,1,74,1.35
DR0279,PR024,1,74,1.35
DR0310,PR002,1,74,1.35
DR0310,PR009,1,74,1.35
DR0310,PR018,1,74,1.35
DR0310,PR023,1,74,1.35
DR0152,PR008,2,149,1.34
DR0152,PR022,2,149,1.34
DR0211,PR002,2,149,1.34
DR0211,PR021,2,149,1.34
DR0242,PR002,11,823,1.34
DR0312,PR025,3,224,1.34
DR0430,PR008,2,149,1.34
DR0430,PR013,2,149,1.34
DR0430,PR016,2,149,1.34
DR0430,PR021,2,149,1.34
DR0145,PR004,2,150,1.33
DR0145,PR011,2,150,1.33
DR0145,PR021,2,150,1.33
DR0216,PR008,3,225,1.33
DR0216,PR010,3,225,1.33
DR0234,PR002,1,75,1.33
DR0234,PR013,1,75,1.33
DR0234,PR014,1,75,1.33
DR0234,PR016,1,75,1.33
DR0240,PR008,12,899,1.33
DR0270,PR009,1,75,1.33
DR0270,PR014,1,75,1.33
DR0270,PR015,1,75,1.33
DR0270,PR016,1,75,1.33
DR0369,PR005,1,75,1.33
DR0369,PR013,1,75,1.33
DR0369,PR014,1,75,1.33
DR0369,PR021,1,75,1.33
DR0071,PR007,2,151,1.32
DR0071,PR016,2,151,1.32
DR0071,PR020,2,151,1.32
DR0196,PR001,2,152,1.32
DR0196,PR003,2,152,1.32
DR0196,PR019,2,152,1.32
DR0196,PR021,2,152,1.32
DR0309,PR003,1,76,1.32
DR0309,PR010,1,76,1.32
DR0309,PR015,1,76,1.32
DR0309,PR019,1,76,1.32
DR0309,PR021,1,76,1.32
DR0081,PR016,10,761,1.31
DR0085,PR006,3,229,1.31
DR0085,PR010,3,229,1.31
DR0147,PR002,2,153,1.31
DR0147,PR008,2,153,1.31
DR0147,PR015,2,153,1.31
DR0147,PR021,2,153,1.31
DR0281,PR016,4,305,1.31
DR0039,PR004,1,77,1.3
DR0039,PR007,1,77,1.3
DR0039,PR008,1,77,1.3
DR0039,PR012,1,77,1.3
DR0039,PR019,1,77,1.3
DR0039,PR024,1,77,1.3
DR0238,PR004,1,77,1.3
DR0238,PR014,1,77,1.3
DR0238,PR017,1,77,1.3
DR0238,PR021,1,77,1.3
DR0238,PR023,1,77,1.3
DR0325,PR022,4,308,1.3
DR0339,PR005,2,154,1.3
DR0383,PR006,1,77,1.3
DR0383,PR011,1,77,1.3
DR0383,PR013,1,77,1.3
DR0383,PR021,1,77,1.3
DR0383,PR022,1,77,1.3
DR0386,PR016,25,1921,1.3
DR0390,PR004,1,77,1.3
DR0390,PR016,1,77,1.3
DR0417,PR002,3,230,1.3
DR0417,PR016,3,230,1.3
DR0417,PR021,3,230,1.3
DR0419,PR004,4,308,1.3
DR0144,PR006,3,232,1.29
DR0144,PR007,3,232,1.29
DR0144,PR015,3,232,1.29
DR0162,PR005,4,309,1.29
DR0101,PR006,1,78,1.28
DR0108,PR002,2,156,1.28
DR0108,PR008,2,156,1.28
DR0108,PR021,2,156,1.28
DR0226,PR002,6,467,1.28
DR0342,PR018,3,235,1.28
DR0009,PR008,3,236,1.27
DR0009,PR016,3,236,1.27
DR0033,PR004,1,79,1.27
DR0033,PR008,1,79,1.27
DR0033,PR010,1,79,1.27
DR0033,PR013,1,79,1.27
DR0033,PR015,1,79,1.27
DR0033,PR016,1,79,1.27
DR0033,PR017,1,79,1.27
DR0046,PR008,2,157,1.27
DR0046,PR021,2,157,1.27
DR0068,PR017,3,236,1.27
DR0068,PR018,3,236,1.27
DR0068,PR021,3,236,1.27
DR0068,PR024,3,236,1.27
DR0069,PR002,1,79,1.27
DR0069,PR007,1,79,1.27
DR0069,PR022,1,79,1.27
DR0074,PR004,1,79,1.27
DR0074,PR012,1,79,1.27
DR0079,PR016,3,237,1.27
DR0096,PR002,1,79,1.27
DR0096,PR004,1,79,1.27
DR0096,PR008,1,79,1.27
DR0096,PR009,1,79,1.27
DR0096,PR021,1,79,1.27
DR0190,PR002,1,79,1.27
DR0190,PR007,1,79,1.27
DR0190,PR008,1,79,1.27
DR0190,PR009,1,79,1.27
DR0190,PR011,1,79,1.27
DR0190,PR013,1,79,1.27
DR0227,PR004,2,157,1.27
DR0227,PR008,2,157,1.27
DR0227,PR016,2,157,1.27
DR0227,PR022,2,157,1.27
DR0313,PR010,2,157,1.27
DR0385,PR004,1,79,1.27
DR0385,PR007,1,79,1.27
DR0385,PR008,1,79,1.27
DR0385,PR017,1,79,1.27
DR0385,PR021,1,79,1.27
DR0392,PR012,1,79,1.27
DR0392,PR021,1,79,1.27
DR0422,PR003,1,79,1.27
DR0422,PR004,1,79,1.27
DR0422,PR011,1,79,1.27
DR0422,PR012,1,79,1.27
DR0422,PR018,1,79,1.27
DR0422,PR019,1,79,1.27
DR0422,PR021,1,79,1.27
DR0422,PR025,1,79,1.27
DR0425,PR009,2,158,1.27
DR0425,PR021,2,158,1.27
DR0038,PR004,3,239,1.26
DR0038,PR005,3,239,1.26
DR0093,PR004,5,396,1.26
DR0300,PR004,3,238,1.26
DR0300,PR014,3,238,1.26
DR0307,PR008,3,239,1.26
DR0307,PR009,3,239,1.26
DR0352,PR019,3,238,1.26
DR0008,PR002,1,80,1.25
DR0008,PR004,1,80,1.25
DR0008,PR009,1,80,1.25
DR0008,PR012,1,80,1.25
DR0008,PR015,1,80,1.25
DR0008,PR018,1,80,1.25
DR0008,PR019,1,80,1.25
DR0340,PR008,1,80,1.25
DR0340,PR011,1,80,1.25
DR0340,PR016,1,80,1.25
DR0340,PR021,1,80,1.25
DR0374,PR016,6,479,1.25
DR0391,PR002,1,80,1.25
DR0391,PR004,1,80,1.25
DR0391,PR007,1,80,1.25
DR0391,PR012,1,80,1.25
DR0391,PR018,1,80,1.25
DR0391,PR021,1,80,1.25
DR0420,PR002,1,80,1.25
DR0420,PR004,1,80,1.25
DR0420,PR011,1,80,1.25
DR0420,PR014,1,80,1.25
DR0420,PR016,1,80,1.25
DR0420,PR025,1,80,1.25
DR0083,PR016,3,242,1.24
DR0102,PR005,3,242,1.24
DR0102,PR016,3,242,1.24
DR0102,PR021,3,242,1.24
DR0382,PR004,5,404,1.24
DR0382,PR012,5,404,1.24
DR0382,PR021,5,404,1.24
DR0031,PR016,6,486,1.23
DR0088,PR007,3,244,1.23
DR0088,PR009,3,244,1.23
DR0160,PR010,4,326,1.23
DR0160,PR021,4,326,1.23
DR0250,PR004,2,163,1.23
DR0250,PR016,2,163,1.23
DR0250,PR021,2,163,1.23
DR0302,PR016,6,487,1.23
DR0005,PR001,1,82,1.22
DR0005,PR004,1,82,1.22
DR0005,PR007,1,82,1.22
DR0005,PR010,1,82,1.22
DR0005,PR016,1,82,1.22
DR0005,PR022,1,82,1.22
DR0080,PR004,1,82,1.22
DR0080,PR007,1,82,1.22
DR0080,PR009,1,82,1.22
DR0080,PR010,1,82,1.22
DR0080,PR016,1,82,1.22
DR0080,PR018,1,82,1.22
DR0080,PR022,1,82,1.22
DR0080,PR024,1,82,1.22
DR0099,PR005,1,82,1.22
DR0099,PR008,1,82,1.22
DR0099,PR009,1,82,1.22
DR0099,PR014,1,82,1.22
DR0140,PR002,2,164,1.22
DR0140,PR007,2,164,1.22
DR0140,PR016,2,164,1.22
DR0299,PR019,3,246,1.22
DR0013,PR002,3,248,1.21
DR0013,PR014,3,248,1.21
DR0013,PR016,3,248,1.21
DR0161,PR021,3,248,1.21
DR0177,PR008,3,247,1.21
DR0177,PR020,3,247,1.21
DR0177,PR024,3,247,1.21
DR0201,PR016,3,248,1.21
DR0303,PR021,3,248,1.21
DR0311,PR002,4,331,1.21
DR0393,PR004,3,248,1.21
DR0393,PR011,3,248,1.21
DR0393,PR014,3,248,1.21
DR0446,PR004,2,165,1.21
DR0446,PR007,2,165,1.21
DR0446,PR014,2,165,1.21
DR0446,PR022,2,165,1.21
DR0164,PR005,1,83,1.2
DR0164,PR016,1,83,1.2
DR0170,PR013,3,250,1.2
DR0191,PR007,3,250,1.2
DR0191,PR021,3,250,1.2
DR0221,PR005,2,167,1.2
DR0221,PR016,2,167,1.2
DR0221,PR021,2,167,1.2
DR0221,PR024,2,167,1.2
DR0255,PR004,1,83,1.2
DR0255,PR007,1,83,1.2
DR0255,PR012,1,83,1.2
DR0265,PR006,6,498,1.2
DR0321,PR007,1,83,1.2
DR0321,PR019,1,83,1.2
DR0321,PR021,1,83,1.2
DR0338,PR008,3,250,1.2
DR0338,PR012,3,250,1.2
DR0338,PR022,3,250,1.2
DR0371,PR004,1,83,1.2
DR0371,PR009,1,83,1.2
DR0371,PR011,1,83,1.2
DR0371,PR012,1,83,1.2
DR0371,PR024,1,83,1.2
DR0394,PR006,1,83,1.2
DR0394,PR009,1,83,1.2
DR0394,PR010,1,83,1.2
DR0394,PR012,1,83,1.2
DR0394,PR014,1,83,1.2
DR0394,PR017,1,83,1.2
DR0394,PR022,1,83,1.2
DR0394,PR023,1,83,1.2
DR0397,PR021,6,501,1.2
DR0447,PR017,1,83,1.2
DR0447,PR018,1,83,1.2
DR0006,PR004,4,335,1.19
DR0063,PR008,1,84,1.19
DR0063,PR011,1,84,1.19
DR0063,PR016,1,84,1.19
DR0063,PR017,1,84,1.19
DR0063,PR020,1,84,1.19
DR0063,PR022,1,84,1.19
DR0089,PR004,4,335,1.19
DR0089,PR008,4,335,1.19
DR0089,PR016,4,335,1.19
DR0179,PR006,1,84,1.19
DR0179,PR008,1,84,1.19
DR0179,PR016,1,84,1.19
DR0224,PR012,3,253,1.19
DR0282,PR004,8,672,1.19
DR0332,PR002,6,506,1.19
DR0333,PR008,1,84,1.19
DR0333,PR012,1,84,1.19
DR0333,PR014,1,84,1.19
DR0333,PR015,1,84,1.19
DR0333,PR019,1,84,1.19
DR0001,PR005,1,85,1.18
DR0001,PR014,1,85,1.18
DR0001,PR016,1,85,1.18
DR0001,PR019,1,85,1.18
DR0001,PR021,1,85,1.18
DR0052,PR007,4,340,1.18
DR0052,PR011,4,340,1.18
DR0122,PR005,1,85,1.18
DR0122,PR008,1,85,1.18
DR0122,PR021,1,85,1.18
DR0289,PR009,1,85,1.18
DR0289,PR013,1,85,1.18
DR0289,PR021,1,85,1.18
DR0318,PR004,5,424,1.18
DR0318,PR016,5,424,1.18
DR0107,PR004,3,256,1.17
DR0107,PR007,3,256,1.17
DR0107,PR021,3,256,1.17
DR0244,PR007,3,257,1.17
DR0244,PR008,3,257,1.17
DR0244,PR009,3,257,1.17
DR0244,PR012,3,257,1.17
DR0301,PR004,4,341,1.17
DR0301,PR014,4,341,1.17
DR0433,PR013,2,171,1.17
DR0433,PR014,2,171,1.17
DR0049,PR002,1,86,1.16
DR0049,PR015,1,86,1.16
DR0049,PR021,1,86,1.16
DR0049,PR025,1,86,1.16
DR0210,PR005,1,86,1.16
DR0210,PR007,1,86,1.16
DR0210,PR009,1,86,1.16
DR0210,PR016,1,86,1.16
DR0210,PR018,1,86,1.16
DR0210,PR021,1,86,1.16
DR0210,PR022,1,86,1.16
DR0210,PR025,1,86,1.16
DR0277,PR014,1,86,1.16
DR0277,PR015,1,86,1.16
DR0277,PR018,1,86,1.16
DR0336,PR002,6,519,1.16
DR0336,PR007,6,519,1.16
DR0346,PR002,1,86,1.16
DR0346,PR003,1,86,1.16
DR0346,PR023,1,86,1.16
DR0346,PR024,1,86,1.16
DR0020,PR008,1,87,1.15
DR0020,PR009,1,87,1.15
DR0020,PR016,1,87,1.15
DR0020,PR018,1,87,1.15
DR0020,PR020,1,87,1.15
DR0020,PR024,1,87,1.15
DR0116,PR004,1,87,1.15
DR0116,PR005,1,87,1.15
DR0116,PR007,1,87,1.15
DR0116,PR009,1,87,1.15
DR0116,PR014,1,87,1.15
DR0116,PR016,1,87,1.15
DR0116,PR017,1,87,1.15
DR0116,PR018,1,87,1.15
DR0116,PR020,1,87,1.15
DR0261,PR005,2,174,1.15
DR0261,PR008,2,174,1.15
DR0261,PR015,2,174,1.15
DR0261,PR021,2,174,1.15
DR0297,PR002,1,87,1.15
DR0297,PR008,1,87,1.15
DR0297,PR010,1,87,1.15
DR0297,PR012,1,87,1.15
DR0297,PR016,1,87,1.15
DR0297,PR021,1,87,1.15
DR0380,PR002,3,261,1.15
DR0380,PR022,3,261,1.15
DR0400,PR003,1,87,1.15
DR0400,PR008,1,87,1.15
DR0400,PR011,1,87,1.15
DR0400,PR013,1,87,1.15
DR0423,PR016,1,87,1.15
DR0423,PR019,1,87,1.15
DR0423,PR022,1,87,1.15
DR0423,PR023,1,87,1.15
DR0423,PR024,1,87,1.15
DR0423,PR025,1,87,1.15
DR0443,PR016,5,433,1.15
DR0305,PR007,2,176,1.14
DR0327,PR008,1,88,1.14
DR0327,PR012,1,88,1.14
DR0327,PR014,1,88,1.14
DR0327,PR016,1,88,1.14
DR0327,PR024,1,88,1.14
DR0362,PR004,1,88,1.14
DR0362,PR009,1,88,1.14
DR0362,PR013,1,88,1.14
DR0362,PR014,1,88,1.14
DR0362,PR022,1,88,1.14
DR0028,PR021,2,177,1.13
DR0057,PR007,2,177,1.13
DR0057,PR008,2,177,1.13
DR0076,PR002,5,444,1.13
DR0076,PR016,5,444,1.13
DR0104,PR015,2,177,1.13
DR0376,PR007,2,177,1.13
DR0376,PR021,2,177,1.13
DR0403,PR021,2,177,1.13
DR0403,PR024,2,177,1.13
DR0431,PR021,4,355,1.13
DR0153,PR002,2,178,1.12
DR0153,PR007,2,178,1.12
DR0153,PR021,2,178,1.12
DR0153,PR024,2,178,1.12
DR0286,PR007,2,178,1.12
DR0286,PR010,2,178,1.12
DR0286,PR022,2,178,1.12
DR0356,PR002,3,269,1.12
DR0356,PR005,3,269,1.12
DR0356,PR006,3,269,1.12
DR0356,PR009,3,269,1.12
DR0356,PR012,3,269,1.12
DR0356,PR020,3,269,1.12
DR0356,PR021,3,269,1.12
DR0436,PR010,1,89,1.12
DR0436,PR018,1,89,1.12
DR0436,PR021,1,89,1.12
DR0036,PR009,1,90,1.11
DR0036,PR010,1,90,1.11
DR0036,PR019,1,90,1.11
DR0090,PR016,3,270,1.11
DR0111,PR005,2,180,1.11
DR0111,PR014,2,180,1.11
DR0111,PR020,2,180,1.11
DR0111,PR022,2,180,1.11
DR0349,PR008,2,180,1.11
DR0441,PR005,1,90,1.11
DR0441,PR007,1,90,1.11
DR0441,PR015,1,90,1.11
DR0441,PR016,1,90,1.11
DR0441,PR021,1,90,1.11
DR0441,PR023,1,90,1.11
DR0016,PR017,2,181,1.1
DR0098,PR008,1,91,1.1
DR0098,PR022,1,91,1.1
DR0288,PR021,4,365,1.1
DR0344,PR012,2,181,1.1
DR0344,PR013,2,181,1.1
DR0344,PR022,2,181,1.1
DR0351,PR002,1,91,1.1
DR0351,PR004,1,91,1.1
DR0351,PR005,1,91,1.1
DR0351,PR010,1,91,1.1
DR0351,PR014,1,91,1.1
DR0351,PR016,1,91,1.1
DR0351,PR018,1,91,1.1
DR0351,PR021,1,91,1.1
DR0424,PR011,1,91,1.1
DR0424,PR012,1,91,1.1
DR0424,PR015,1,91,1.1
DR0424,PR016,1,91,1.1
DR0424,PR021,1,91,1.1
DR0424,PR022,1,91,1.1
DR0017,PR004,1,92,1.09
DR0017,PR007,1,92,1.09
DR0017,PR010,1,92,1.09
DR0017,PR012,1,92,1.09
DR0017,PR019,1,92,1.09
DR0017,PR024,1,92,1.09
DR0019,PR008,2,183,1.09
DR0019,PR015,2,183,1.09
DR0019,PR017,2,183,1.09
DR0019,PR021,2,183,1.09
DR0275,PR009,2,184,1.09
DR0275,PR021,2,184,1.09
DR0015,PR002,1,93,1.08
DR0015,PR012,1,93,1.08
DR0015,PR013,1,93,1.08
DR0015,PR022,1,93,1.08
DR0015,PR023,1,93,1.08
DR0015,PR025,1,93,1.08
DR0139,PR002,3,278,1.08
DR0139,PR016,3,278,1.08
DR0156,PR014,2,186,1.08
DR0178,PR007,2,186,1.08
DR0178,PR012,2,186,1.08
DR0178,PR021,2,186,1.08
DR0197,PR002,2,185,1.08
DR0197,PR008,2,185,1.08
DR0197,PR021,2,185,1.08
DR0296,PR014,1,93,1.08
DR0296,PR018,1,93,1.08
DR0296,PR019,1,93,1.08
DR0405,PR021,2,185,1.08
DR0220,PR008,2,187,1.07
DR0220,PR018,2,187,1.07
DR0229,PR021,4,374,1.07
DR0078,PR013,2,188,1.06
DR0105,PR004,1,94,1.06
DR0105,PR013,1,94,1.06
DR0105,PR016,1,94,1.06
DR0105,PR019,1,94,1.06
DR0105,PR021,1,94,1.06
DR0105,PR023,1,94,1.06
DR0171,PR004,1,94,1.06
DR0171,PR005,1,94,1.06
DR0171,PR011,1,94,1.06
DR0171,PR016,1,94,1.06
DR0171,PR023,1,94,1.06
DR0171,PR025,1,94,1.06
DR0264,PR005,2,189,1.06
DR0264,PR021,2,189,1.06
DR0329,PR017,1,94,1.06
DR0329,PR023,1,94,1.06
DR0341,PR002,1,94,1.06
DR0341,PR006,1,94,1.06
DR0341,PR010,1,94,1.06
DR0341,PR018,1,94,1.06
DR0360,PR006,2,189,1.06
DR0360,PR016,2,189,1.06
DR0360,PR021,2,189,1.06
DR0366,PR008,1,94,1.06
DR0366,PR012,1,94,1.06
DR0366,PR021,1,94,1.06
DR0014,PR012,2,190,1.05
DR0064,PR002,1,95,1.05
DR0064,PR005,1,95,1.05
DR0064,PR007,1,95,1.05
DR0064,PR010,1,95,1.05
DR0064,PR016,1,95,1.05
DR0064,PR025,1,95,1.05
DR0081,PR021,8,761,1.05
DR0131,PR016,6,573,1.05
DR0158,PR002,2,191,1.05
DR0158,PR021,2,191,1.05
DR0158,PR025,2,191,1.05
DR0181,PR010,1,95,1.05
DR0181,PR012,1,95,1.05
DR0181,PR014,1,95,1.05
DR0181,PR016,1,95,1.05
DR0181,PR021,1,95,1.05
DR0259,PR002,2,191,1.05
DR0259,PR005,2,191,1.05
DR0026,PR016,2,193,1.04
DR0067,PR002,1,96,1.04
DR0067,PR009,1,96,1.04
DR0067,PR010,1,96,1.04
DR0067,PR014,1,96,1.04
DR0067,PR016,1,96,1.04
DR0067,PR017,1,96,1.04
DR0067,PR024,1,96,1.04
DR0103,PR011,4,385,1.04
DR0251,PR004,3,288,1.04
DR0282,PR007,7,672,1.04
DR0357,PR002,2,193,1.04
DR0357,PR021,2,193,1.04
DR0357,PR022,2,193,1.04
DR0370,PR002,1,96,1.04
DR0370,PR005,1,96,1.04
DR0370,PR009,1,96,1.04
DR0370,PR010,1,96,1.04
DR0370,PR016,1,96,1.04
DR0370,PR017,1,96,1.04
DR0370,PR019,1,96,1.04
DR0370,PR021,1,96,1.04
DR0370,PR022,1,96,1.04
DR0031,PR007,5,486,1.03
DR0082,PR006,3,291,1.03
DR0084,PR002,3,292,1.03
DR0084,PR005,3,292,1.03
DR0084,PR019,3,292,1.03
DR0137,PR007,2,195,1.03
DR0137,PR009,2,195,1.03
DR0137,PR016,2,195,1.03
DR0235,PR007,3,292,1.03
DR0235,PR010,3,292,1.03
DR0235,PR016,3,292,1.03
DR0302,PR021,5,487,1.03
DR0316,PR002,1,97,1.03
DR0316,PR004,1,97,1.03
DR0316,PR006,1,97,1.03
DR0316,PR011,1,97,1.03
DR0316,PR015,1,97,1.03
DR0331,PR008,3,292,1.03
DR0354,PR019,3,291,1.03
DR0407,PR002,3,291,1.03
DR0407,PR005,3,291,1.03
DR0407,PR016,3,291,1.03
DR0407,PR021,3,291,1.03
DR0437,PR015,3,292,1.03
DR0437,PR022,3,292,1.03
DR0438,PR019,3,292,1.03
DR0438,PR020,3,292,1.03
DR0034,PR002,2,197,1.02
DR0034,PR003,2,197,1.02
DR0034,PR017,2,197,1.02
DR0132,PR008,1,98,1.02
DR0236,PR006,1,98,1.02
DR0236,PR009,1,98,1.02
DR0236,PR015,1,98,1.02
DR0236,PR017,1,98,1.02
DR0236,PR024,1,98,1.02
DR0388,PR021,1,98,1.02
DR0093,PR002,4,396,1.01
DR0117,PR004,1,99,1.01
DR0117,PR008,1,99,1.01
DR0117,PR009,1,99,1.01
DR0117,PR013,1,99,1.01
DR0117,PR022,1,99,1.01
DR0168,PR009,1,99,1.01
DR0168,PR013,1,99,1.01
DR0168,PR015,1,99,1.01
DR0225,PR003,1,99,1.01
DR0225,PR008,1,99,1.01
DR0225,PR009,1,99,1.01
DR0225,PR020,1,99,1.01
DR0225,PR021,1,99,1.01
DR0225,PR024,1,99,1.01
DR0228,PR002,2,199,1.01
DR0228,PR008,2,199,1.01
DR0372,PR021,7,695,1.01
DR0175,PR004,2,200,1.0
DR0175,PR010,2,200,1.0
DR0240,PR014,9,899,1.0
DR0240,PR021,9,899,1.0
DR0265,PR007,5,498,1.0
DR0267,PR002,2,200,1.0
DR0267,PR008,2,200,1.0
DR0267,PR009,2,200,1.0
DR0267,PR016,2,200,1.0
DR0324,PR009,1,100,1.0
DR0324,PR010,1,100,1.0
DR0324,PR011,1,100,1.0
DR0324,PR019,1,100,1.0
DR0324,PR021,1,100,1.0
DR0324,PR024,1,100,1.0
DR0375,PR008,2,200,1.0
DR0397,PR004,5,501,1.0
DR0397,PR016,5,501,1.0
DR0003,PR004,4,406,0.99
DR0003,PR008,4,406,0.99
DR0003,PR015,4,406,0.99
DR0058,PR002,1,101,0.99
DR0058,PR004,1,101,0.99
DR0058,PR007,1,101,0.99
DR0058,PR008,1,101,0.99
DR0058,PR009,1,101,0.99
DR0058,PR010,1,101,0.99
DR0058,PR012,1,101,0.99
DR0058,PR024,1,101,0.99
DR0115,PR007,2,203,0.99
DR0115,PR008,2,203,0.99
DR0115,PR016,2,203,0.99
DR0115,PR017,2,203,0.99
DR0243,PR005,2,202,0.99
DR0243,PR007,2,202,0.99
DR0243,PR009,2,202,0.99
DR0243,PR014,2,202,0.99
DR0243,PR016,2,202,0.99
DR0314,PR016,1,101,0.99
DR0314,PR017,1,101,0.99
DR0332,PR006,5,506,0.99
DR0382,PR007,4,404,0.99
DR0382,PR016,4,404,0.99
DR0007,PR002,1,102,0.98
DR0007,PR004,1,102,0.98
DR0007,PR007,1,102,0.98
DR0007,PR008,1,102,0.98
DR0062,PR008,5,508,0.98
DR0247,PR007,1,102,0.98
DR0247,PR019,1,102,0.98
DR0247,PR020,1,102,0.98
DR0247,PR021,1,102,0.98
DR0247,PR022,1,102,0.98
DR0258,PR007,1,102,0.98
DR0258,PR014,1,102,0.98
DR0258,PR016,1,102,0.98
DR0258,PR018,1,102,0.98
DR0258,PR019,1,102,0.98
DR0258,PR021,1,102,0.98
DR0281,PR012,3,305,0.98
DR0287,PR004,1,102,0.98
DR0287,PR005,1,102,0.98
DR0287,PR007,1,102,0.98
DR0287,PR010,1,102,0.98
DR0287,PR013,1,102,0.98
DR0350,PR009,1,102,0.98
DR0350,PR012,1,102,0.98
DR0350,PR018,1,102,0.98
DR0025,PR005,2,206,0.97
DR0025,PR014,2,206,0.97
DR0025,PR019,2,206,0.97
DR0061,PR002,1,103,0.97
DR0061,PR004,1,103,0.97
DR0061,PR009,1,103,0.97
DR0061,PR011,1,103,0.97
DR0061,PR016,1,103,0.97
DR0061,PR021,1,103,0.97
DR0162,PR008,3,309,0.97
DR0162,PR012,3,309,0.97
DR0217,PR007,1,103,0.97
DR0217,PR008,1,103,0.97
DR0217,PR014,1,103,0.97
DR0217,PR023,1,103,0.97
DR0217,PR024,1,103,0.97
DR0217,PR025,1,103,0.97
DR0242,PR008,8,823,0.97
DR0242,PR016,8,823,0.97
DR0242,PR021,8,823,0.97
DR0343,PR002,1,103,0.97
DR0343,PR004,1,103,0.97
DR0343,PR006,1,103,0.97
DR0343,PR011,1,103,0.97
DR0343,PR012,1,103,0.97
DR0343,PR015,1,103,0.97
DR0343,PR023,1,103,0.97
DR0419,PR003,3,308,0.97
DR0113,PR004,1,104,0.96
DR0113,PR008,1,104,0.96
DR0113,PR010,1,104,0.96
DR0118,PR002,1,104,0.96
DR0118,PR007,1,104,0.96
DR0118,PR009,1,104,0.96
DR0118,PR015,1,104,0.96
DR0157,PR004,1,104,0.96
DR0157,PR009,1,104,0.96
DR0157,PR016,1,104,0.96
DR0199,PR004,3,314,0.96
DR0199,PR009,3,314,0.96
DR0231,PR004,1,104,0.96
DR0231,PR007,1,104,0.96
DR0231,PR019,1,104,0.96
DR0231,PR021,1,104,0.96
DR0271,PR009,2,208,0.96
DR0271,PR011,2,208,0.96
DR0271,PR019,2,208,0.96
DR0271,PR021,2,208,0.96
DR0389,PR009,1,104,0.96
DR0389,PR011,1,104,0.96
DR0389,PR016,1,104,0.96
DR0389,PR021,1,104,0.96
DR0389,PR024,1,104,0.96
DR0404,PR002,6,626,0.96
DR0404,PR016,6,626,0.96
DR0040,PR018,1,105,0.95
DR0112,PR016,7,740,0.95
DR0112,PR021,7,740,0.95
DR0204,PR004,1,105,0.95
DR0204,PR016,1,105,0.95
DR0204,PR021,1,105,0.95
DR0042,PR004,1,106,0.94
DR0042,PR009,1,106,0.94
DR0042,PR011,1,106,0.94
DR0042,PR014,1,106,0.94
DR0042,PR021,1,106,0.94
DR0042,PR023,1,106,0.94
DR0042,PR024,1,106,0.94
DR0123,PR009,1,106,0.94
DR0123,PR014,1,106,0.94
DR0123,PR015,1,106,0.94
DR0123,PR016,1,106,0.94
DR0123,PR025,1,106,0.94
DR0337,PR016,4,425,0.94
DR0066,PR005,2,215,0.93
DR0066,PR008,2,215,0.93
DR0066,PR016,2,215,0.93
DR0066,PR018,2,215,0.93
DR0200,PR017,1,108,0.93
DR0200,PR023,1,108,0.93
DR0209,PR016,6,646,0.93
DR0209,PR021,6,646,0.93
DR0048,PR004,2,218,0.92
DR0048,PR010,2,218,0.92
DR0048,PR012,2,218,0.92
DR0160,PR014,3,326,0.92
DR0186,PR008,4,437,0.92
DR0186,PR015,4,437,0.92
DR0409,PR005,2,217,0.92
DR0409,PR008,2,217,0.92
DR0409,PR009,2,217,0.92
DR0409,PR018,2,217,0.92
DR0409,PR022,2,217,0.92
DR0440,PR001,1,109,0.92
DR0440,PR012,1,109,0.92
DR0440,PR016,1,109,0.92
DR0440,PR019,1,109,0.92
DR0440,PR022,1,109,0.92
DR0443,PR004,4,433,0.92
DR0443,PR012,4,433,0.92
DR0141,PR013,1,110,0.91
DR0141,PR019,1,110,0.91
DR0141,PR023,1,110,0.91
DR0188,PR001,1,110,0.91
DR0188,PR003,1,110,0.91
DR0188,PR005,1,110,0.91
DR0188,PR007,1,110,0.91
DR0188,PR016,1,110,0.91
DR0215,PR004,1,110,0.91
DR0215,PR008,1,110,0.91
DR0215,PR013,1,110,0.91
DR0215,PR016,1,110,0.91
DR0215,PR018,1,110,0.91
DR0215,PR021,1,110,0.91
DR0311,PR007,3,331,0.91
DR0006,PR007,3,335,0.9
DR0006,PR021,3,335,0.9
DR0047,PR001,1,111,0.9
DR0047,PR002,1,111,0.9
DR0047,PR004,1,111,0.9
DR0047,PR014,1,111,0.9
DR0047,PR021,1,111,0.9
DR0047,PR022,1,111,0.9
DR0047,PR024,1,111,0.9
DR0076,PR005,4,444,0.9
DR0089,PR009,3,335,0.9
DR0089,PR015,3,335,0.9
DR0159,PR007,2,221,0.9
DR0159,PR014,2,221,0.9
DR0159,PR016,2,221,0.9
DR0159,PR021,2,221,0.9
DR0216,PR014,2,225,0.89
DR0216,PR016,2,225,0.89
DR0216,PR017,2,225,0.89
DR0216,PR021,2,225,0.89
DR0216,PR022,2,225,0.89
DR0216,PR025,2,225,0.89
DR0240,PR007,8,899,0.89
DR0280,PR007,1,112,0.89
DR0280,PR016,1,112,0.89
DR0280,PR021,1,112,0.89
DR0280,PR022,1,112,0.89
DR0280,PR023,1,112,0.89
DR0282,PR009,6,672,0.89
DR0312,PR002,2,224,0.89
DR0312,PR004,2,224,0.89
DR0312,PR007,2,224,0.89
DR0312,PR012,2,224,0.89
DR0312,PR021,2,224,0.89
DR0030,PR002,1,114,0.88
DR0030,PR013,1,114,0.88
DR0030,PR014,1,114,0.88
DR0030,PR024,1,114,0.88
DR0052,PR002,3,340,0.88
DR0052,PR019,3,340,0.88
DR0052,PR021,3,340,0.88
DR0291,PR010,2,226,0.88
DR0301,PR008,3,341,0.88
DR0301,PR009,3,341,0.88
DR0301,PR021,3,341,0.88
DR0345,PR002,1,114,0.88
DR0345,PR004,1,114,0.88
DR0345,PR007,1,114,0.88
DR0345,PR010,1,114,0.88
DR0345,PR019,1,114,0.88
DR0345,PR021,1,114,0.88
DR0378,PR004,1,113,0.88
DR0378,PR009,1,113,0.88
DR0378,PR018,1,113,0.88
DR0378,PR022,1,113,0.88
DR0378,PR025,1,113,0.88
DR0386,PR004,17,1921,0.88
DR0085,PR008,2,229,0.87
DR0085,PR015,2,229,0.87
DR0110,PR007,1,115,0.87
DR0110,PR009,1,115,0.87
DR0110,PR010,1,115,0.87
DR0110,PR013,1,115,0.87
DR0110,PR018,1,115,0.87
DR0110,PR019,1,115,0.87
DR0110,PR021,1,115,0.87
DR0110,PR022,1,115,0.87
DR0131,PR004,5,573,0.87
DR0131,PR012,5,573,0.87
DR0143,PR004,1,115,0.87
DR0143,PR013,1,115,0.87
DR0143,PR016,1,115,0.87
DR0143,PR021,1,115,0.87
DR0189,PR002,3,344,0.87
DR0189,PR021,3,344,0.87
DR0198,PR004,1,115,0.87
DR0198,PR005,1,115,0.87
DR0198,PR007,1,115,0.87
DR0198,PR015,1,115,0.87
DR0198,PR016,1,115,0.87
DR0198,PR022,1,115,0.87
DR0278,PR008,1,115,0.87
DR0278,PR009,1,115,0.87
DR0278,PR012,1,115,0.87
DR0278,PR015,1,115,0.87
DR0278,PR020,1,115,0.87
DR0278,PR021,1,115,0.87
DR0410,PR009,2,231,0.87
DR0410,PR016,2,231,0.87
DR0410,PR019,2,231,0.87
DR0417,PR004,2,230,0.87
DR0417,PR014,2,230,0.87
DR0144,PR010,2,232,0.86
DR0144,PR022,2,232,0.86
DR0226,PR004,4,467,0.86
DR0226,PR009,4,467,0.86
DR0226,PR021,4,467,0.86
DR0435,PR019,1,116,0.86
DR0009,PR006,2,236,0.85
DR0009,PR010,2,236,0.85
DR0009,PR018,2,236,0.85
DR0009,PR020,2,236,0.85
DR0068,PR010,2,236,0.85
DR0068,PR012,2,236,0.85
DR0068,PR016,2,236,0.85
DR0109,PR006,1,118,0.85
DR0109,PR008,1,118,0.85
DR0109,PR009,1,118,0.85
DR0109,PR012,1,118,0.85
DR0109,PR014,1,118,0.85
DR0109,PR022,1,118,0.85
DR0248,PR004,1,118,0.85
DR0248,PR005,1,118,0.85
DR0248,PR018,1,118,0.85
DR0248,PR021,1,118,0.85
DR0248,PR024,1,118,0.85
DR0428,PR012,3,351,0.85
DR0428,PR016,3,351,0.85
DR0428,PR021,3,351,0.85
DR0431,PR009,3,355,0.85
DR0431,PR012,3,355,0.85
DR0431,PR014,3,355,0.85
DR0038,PR021,2,239,0.84
DR0038,PR022,2,239,0.84
DR0045,PR005,1,119,0.84
DR0045,PR011,1,119,0.84
DR0045,PR012,1,119,0.84
DR0045,PR014,1,119,0.84
DR0045,PR016,1,119,0.84
DR0045,PR021,1,119,0.84
DR0045,PR023,1,119,0.84
DR0045,PR024,1,119,0.84
DR0079,PR009,2,237,0.84
DR0079,PR021,2,237,0.84
DR0079,PR024,2,237,0.84
DR0136,PR007,1,119,0.84
DR0136,PR012,1,119,0.84
DR0136,PR014,1,119,0.84
DR0136,PR017,1,119,0.84
DR0136,PR021,1,119,0.84
DR0136,PR022,1,119,0.84
DR0263,PR012,4,475,0.84
DR0263,PR014,4,475,0.84
DR0300,PR005,2,238,0.84
DR0300,PR008,2,238,0.84
DR0300,PR021,2,238,0.84
DR0307,PR011,2,239,0.84
DR0307,PR022,2,239,0.84
DR0352,PR003,2,238,0.84
DR0352,PR010,2,238,0.84
DR0352,PR012,2,238,0.84
DR0352,PR014,2,238,0.84
DR0374,PR007,4,479,0.84
DR0374,PR021,4,479,0.84
DR0083,PR004,2,242,0.83
DR0102,PR002,2,242,0.83
DR0102,PR004,2,242,0.83
DR0102,PR006,2,242,0.83
DR0102,PR008,2,242,0.83
DR0151,PR004,1,121,0.83
DR0151,PR014,1,121,0.83
DR0151,PR017,1,121,0.83
DR0151,PR018,1,121,0.83
DR0151,PR019,1,121,0.83
DR0355,PR002,1,120,0.83
DR0355,PR007,1,120,0.83
DR0355,PR008,1,120,0.83
DR0355,PR009,1,120,0.83
DR0355,PR014,1,120,0.83
DR0355,PR017,1,120,0.83
DR0355,PR018,1,120,0.83
DR0355,PR021,1,120,0.83
DR0355,PR024,1,120,0.83
DR0088,PR012,2,244,0.82
DR0262,PR005,1,122,0.82
DR0262,PR007,1,122,0.82
DR0262,PR011,1,122,0.82
DR0262,PR014,1,122,0.82
DR0262,PR018,1,122,0.82
DR0285,PR007,1,122,0.82
DR0285,PR011,1,122,0.82
DR0285,PR015,1,122,0.82
DR0285,PR016,1,122,0.82
DR0285,PR022,1,122,0.82
DR0288,PR006,3,365,0.82
DR0288,PR008,3,365,0.82
DR0302,PR007,4,487,0.82
DR0013,PR004,2,248,0.81
DR0013,PR006,2,248,0.81
DR0023,PR003,1,124,0.81
DR0023,PR016,1,124,0.81
DR0023,PR021,1,124,0.81
DR0023,PR024,1,124,0.81
DR0125,PR002,1,123,0.81
DR0125,PR013,1,123,0.81
DR0125,PR014,1,123,0.81
DR0126,PR004,2,246,0.81
DR0126,PR007,2,246,0.81
DR0126,PR019,2,246,0.81
DR0126,PR020,2,246,0.81
DR0126,PR021,2,246,0.81
DR0126,PR022,2,246,0.81
DR0161,PR009,2,248,0.81
DR0161,PR010,2,248,0.81
DR0177,PR013,2,247,0.81
DR0177,PR022,2,247,0.81
DR0201,PR002,2,248,0.81
DR0201,PR011,2,248,0.81
DR0201,PR014,2,248,0.81
DR0201,PR021,2,248,0.81
DR0303,PR009,2,248,0.81
DR0303,PR014,2,248,0.81
DR0303,PR018,2,248,0.81
DR0393,PR008,2,248,0.81
DR0393,PR019,2,248,0.81
DR0022,PR004,1,125,0.8
DR0022,PR005,1,125,0.8
DR0022,PR013,1,125,0.8
DR0022,PR017,1,125,0.8
DR0022,PR018,1,125,0.8
DR0022,PR021,1,125,0.8
DR0166,PR013,1,125,0.8
DR0166,PR015,1,125,0.8
DR0166,PR017,1,125,0.8
DR0166,PR018,1,125,0.8
DR0166,PR019,1,125,0.8
DR0166,PR024,1,125,0.8
DR0191,PR004,2,250,0.8
DR0191,PR016,2,250,0.8
DR0206,PR009,4,500,0.8
DR0206,PR011,4,500,0.8
DR0229,PR004,3,374,0.8
DR0229,PR005,3,374,0.8
DR0229,PR008,3,374,0.8
DR0229,PR016,3,374,0.8
DR0229,PR020,3,374,0.8
DR0265,PR008,4,498,0.8
DR0265,PR021,4,498,0.8
DR0338,PR004,2,250,0.8
DR0338,PR014,2,250,0.8
DR0338,PR016,2,250,0.8
DR0404,PR004,5,626,0.8
DR0062,PR007,4,508,0.79
DR0062,PR016,4,508,0.79
DR0077,PR005,1,126,0.79
DR0077,PR008,1,126,0.79
DR0077,PR015,1,126,0.79
DR0077,PR021,1,126,0.79
DR0224,PR004,2,253,0.79
DR0224,PR007,2,253,0.79
DR0224,PR008,2,253,0.79
DR0224,PR011,2,253,0.79
DR0224,PR019,2,253,0.79
DR0232,PR002,1,126,0.79
DR0232,PR011,1,126,0.79
DR0232,PR012,1,126,0.79
DR0232,PR018,1,126,0.79
DR0232,PR019,1,126,0.79
DR0232,PR022,1,126,0.79
DR0332,PR014,4,506,0.79
DR0332,PR021,4,506,0.79
DR0335,PR012,1,127,0.79
DR0335,PR015,1,127,0.79
DR0335,PR016,1,127,0.79
DR0335,PR018,1,127,0.79
DR0335,PR019,1,127,0.79
DR0335,PR020,1,127,0.79
DR0368,PR007,1,126,0.79
DR0368,PR013,1,126,0.79
DR0368,PR016,1,126,0.79
DR0368,PR024,1,126,0.79
DR0398,PR002,1,127,0.79
DR0398,PR014,1,127,0.79
DR0398,PR017,1,127,0.79
DR0398,PR021,1,127,0.79
DR0415,PR013,1,127,0.79
DR0415,PR014,1,127,0.79
DR0415,PR016,1,127,0.79
DR0415,PR020,1,127,0.79
DR0065,PR005,1,129,0.78
DR0065,PR007,1,129,0.78
DR0065,PR021,1,129,0.78
DR0103,PR002,3,385,0.78
DR0103,PR008,3,385,0.78
DR0103,PR010,3,385,0.78
DR0107,PR014,2,256,0.78
DR0107,PR015,2,256,0.78
DR0107,PR017,2,256,0.78
DR0107,PR018,2,256,0.78
DR0202,PR008,2,255,0.78
DR0202,PR012,2,255,0.78
DR0202,PR016,2,255,0.78
DR0202,PR021,2,255,0.78
DR0240,PR005,7,899,0.78
DR0240,PR016,7,899,0.78
DR0244,PR004,2,257,0.78
DR0244,PR014,2,257,0.78
DR0244,PR021,2,257,0.78
DR0367,PR007,1,128,0.78
DR0367,PR010,1,128,0.78
DR0021,PR008,2,261,0.77
DR0021,PR010,2,261,0.77
DR0450,PR006,1,130,0.77
DR0450,PR008,1,130,0.77
DR0450,PR009,1,130,0.77
DR0450,PR010,1,130,0.77
DR0450,PR014,1,130,0.77
DR0450,PR015,1,130,0.77
DR0450,PR017,1,130,0.77
DR0450,PR019,1,130,0.77
DR0450,PR021,1,130,0.77
DR0450,PR023,1,130,0.77
DR0450,PR024,1,130,0.77
DR0093,PR007,3,396,0.76
DR0163,PR012,2,264,0.76
DR0439,PR004,1,132,0.76
DR0439,PR008,1,132,0.76
DR0439,PR009,1,132,0.76
DR0439,PR013,1,132,0.76
DR0439,PR021,1,132,0.76
DR0218,PR003,1,134,0.75
DR0218,PR004,1,134,0.75
DR0218,PR005,1,134,0.75
DR0218,PR007,1,134,0.75
DR0218,PR012,1,134,0.75
DR0218,PR018,1,134,0.75
DR0218,PR019,1,134,0.75
DR0218,PR022,1,134,0.75
DR0253,PR005,1,134,0.75
DR0253,PR006,1,134,0.75
DR0253,PR008,1,134,0.75
DR0253,PR010,1,134,0.75
DR0253,PR015,1,134,0.75
DR0253,PR021,1,134,0.75
DR0253,PR022,1,134,0.75
DR0294,PR002,1,134,0.75
DR0294,PR005,1,134,0.75
DR0294,PR010,1,134,0.75
DR0294,PR013,1,134,0.75
DR0294,PR016,1,134,0.75
DR0294,PR024,1,134,0.75
DR0413,PR005,1,133,0.75
DR0413,PR011,1,133,0.75
DR0413,PR012,1,133,0.75
DR0413,PR021,1,133,0.75
DR0003,PR009,3,406,0.74
DR0003,PR010,3,406,0.74
DR0018,PR004,1,136,0.74
DR0018,PR007,1,136,0.74
DR0018,PR008,1,136,0.74
DR0018,PR010,1,136,0.74
DR0018,PR011,1,136,0.74
DR0029,PR002,1,136,0.74
DR0029,PR006,1,136,0.74
DR0029,PR009,1,136,0.74
DR0029,PR012,1,136,0.74
DR0029,PR013,1,136,0.74
DR0029,PR016,1,136,0.74
DR0029,PR023,1,136,0.74
DR0090,PR007,2,270,0.74
DR0090,PR012,2,270,0.74
DR0090,PR014,2,270,0.74
DR0090,PR019,2,270,0.74
DR0128,PR007,1,136,0.74
DR0128,PR014,1,136,0.74
DR0128,PR017,1,136,0.74
DR0128,PR019,1,136,0.74
DR0133,PR005,1,135,0.74
DR0133,PR006,1,135,0.74
DR0133,PR007,1,135,0.74
DR0133,PR010,1,135,0.74
DR0133,PR018,1,135,0.74
DR0133,PR021,1,135,0.74
DR0133,PR024,1,135,0.74
DR0180,PR007,1,136,0.74
DR0180,PR012,1,136,0.74
DR0180,PR021,1,136,0.74
DR0356,PR008,2,269,0.74
DR0356,PR010,2,269,0.74
DR0412,PR004,1,136,0.74
DR0412,PR005,1,136,0.74
DR0412,PR007,1,136,0.74
DR0412,PR009,1,136,0.74
DR0412,PR012,1,136,0.74
DR0412,PR015,1,136,0.74
DR0412,PR025,1,136,0.74
DR0427,PR004,1,135,0.74
DR0427,PR008,1,135,0.74
DR0427,PR010,1,135,0.74
DR0427,PR012,1,135,0.74
DR0427,PR013,1,135,0.74
DR0427,PR018,1,135,0.74
DR0427,PR019,1,135,0.74
DR0427,PR021,1,135,0.74
DR0427,PR023,1,135,0.74
DR0070,PR011,2,275,0.73
DR0070,PR012,2,275,0.73
DR0070,PR014,2,275,0.73
DR0070,PR022,2,275,0.73
DR0242,PR012,6,823,0.73
DR0059,PR005,1,138,0.72
DR0059,PR012,1,138,0.72
DR0059,PR015,1,138,0.72
DR0059,PR017,1,138,0.72
DR0059,PR018,1,138,0.72
DR0059,PR019,1,138,0.72
DR0059,PR020,1,138,0.72
DR0059,PR021,1,138,0.72
DR0086,PR008,1,139,0.72
DR0086,PR009,1,139,0.72
DR0086,PR011,1,139,0.72
DR0086,PR012,1,139,0.72
DR0086,PR014,1,139,0.72
DR0086,PR015,1,139,0.72
DR0086,PR020,1,139,0.72
DR0086,PR024,1,139,0.72
DR0139,PR004,2,278,0.72
DR0139,PR007,2,278,0.72
DR0139,PR009,2,278,0.72
DR0139,PR014,2,278,0.72
DR0194,PR008,1,138,0.72
DR0194,PR009,1,138,0.72
DR0194,PR011,1,138,0.72
DR0194,PR012,1,138,0.72
DR0194,PR019,1,138,0.72
DR0214,PR004,1,139,0.72
DR0214,PR009,1,139,0.72
DR0214,PR010,1,139,0.72
DR0214,PR015,1,139,0.72
DR0214,PR016,1,139,0.72
DR0214,PR019,1,139,0.72
DR0214,PR022,1,139,0.72
DR0214,PR025,1,139,0.72
DR0372,PR004,5,695,0.72
DR0372,PR007,5,695,0.72
DR0372,PR020,5,695,0.72
DR0114,PR001,1,140,0.71
DR0114,PR008,1,140,0.71
DR0114,PR010,1,140,0.71
DR0114,PR019,1,140,0.71
DR0114,PR022,1,140,0.71
DR0184,PR011,1,141,0.71
DR0185,PR005,1,141,0.71
DR0185,PR007,1,141,0.71
DR0185,PR018,1,141,0.71
DR0185,PR020,1,141,0.71
DR0185,PR024,1,141,0.71
DR0290,PR002,1,140,0.71
DR0290,PR008,1,140,0.71
DR0290,PR009,1,140,0.71
DR0290,PR017,1,140,0.71
DR0290,PR023,1,140,0.71
DR0318,PR007,3,424,0.71
DR0318,PR010,3,424,0.71
DR0318,PR014,3,424,0.71
DR0337,PR011,3,425,0.71
DR0337,PR021,3,425,0.71
DR0337,PR024,3,425,0.71
DR0395,PR005,1,141,0.71
DR0395,PR008,1,141,0.71
DR0395,PR009,1,141,0.71
DR0395,PR012,1,141,0.71
DR0395,PR014,1,141,0.71
DR0395,PR021,1,141,0.71
DR0032,PR004,1,143,0.7
DR0032,PR008,1,143,0.7
DR0032,PR009,1,143,0.7
DR0032,PR018,1,143,0.7
DR0131,PR007,4,573,0.7
DR0131,PR009,4,573,0.7
DR0361,PR004,1,142,0.7
DR0361,PR006,1,142,0.7
DR0361,PR009,1,142,0.7
DR0361,PR010,1,142,0.7
DR0361,PR015,1,142,0.7
DR0361,PR018,1,142,0.7
DR0361,PR019,1,142,0.7
DR0361,PR024,1,142,0.7
DR0060,PR007,1,144,0.69
DR0060,PR011,1,144,0.69
DR0060,PR012,1,144,0.69
DR0060,PR013,1,144,0.69
DR0060,PR014,1,144,0.69
DR0060,PR017,1,144,0.69
DR0060,PR021,1,144,0.69
DR0060,PR022,1,144,0.69
DR0082,PR004,2,291,0.69
DR0082,PR007,2,291,0.69
DR0082,PR008,2,291,0.69
DR0082,PR016,2,291,0.69
DR0173,PR007,3,435,0.69
DR0173,PR013,3,435,0.69
DR0173,PR014,3,435,0.69
DR0173,PR019,3,435,0.69
DR0186,PR004,3,437,0.69
DR0186,PR005,3,437,0.69
DR0186,PR021,3,437,0.69
DR0249,PR004,1,145,0.69
DR0249,PR005,1,145,0.69
DR0249,PR010,1,145,0.69
DR0249,PR011,1,145,0.69
DR0249,PR012,1,145,0.69
DR0249,PR013,1,145,0.69
DR0249,PR024,1,145,0.69
DR0251,PR012,2,288,0.69
DR0251,PR019,2,288,0.69
DR0251,PR021,2,288,0.69
DR0354,PR011,2,291,0.69
DR0354,PR014,2,291,0.69
DR0354,PR015,2,291,0.69
DR0401,PR004,1,144,0.69
DR0401,PR007,1,144,0.69
DR0401,PR009,1,144,0.69
DR0401,PR012,1,144,0.69
DR0401,PR013,1,144,0.69
DR0401,PR016,1,144,0.69
DR0401,PR020,1,144,0.69
DR0401,PR021,1,144,0.69
DR0401,PR024,1,144,0.69
DR0407,PR004,2,291,0.69
DR0443,PR021,3,433,0.69
DR0076,PR007,3,444,0.68
DR0076,PR008,3,444,0.68
DR0076,PR024,3,444,0.68
DR0084,PR010,2,292,0.68
DR0084,PR022,2,292,0.68
DR0112,PR012,5,740,0.68
DR0112,PR014,5,740,0.68
DR0235,PR005,2,292,0.68
DR0235,PR022,2,292,0.68
DR0331,PR007,2,292,0.68
DR0386,PR005,13,1921,0.68
DR0402,PR004,1,146,0.68
DR0402,PR007,1,146,0.68
DR0402,PR008,1,146,0.68
DR0402,PR015,1,146,0.68
DR0402,PR019,1,146,0.68
DR0402,PR024,1,146,0.68
DR0416,PR004,3,444,0.68
DR0416,PR017,3,444,0.68
DR0438,PR004,2,292,0.68
DR0438,PR007,2,292,0.68
DR0438,PR014,2,292,0.68
DR0438,PR021,2,292,0.68
DR0145,PR008,1,150,0.67
DR0145,PR010,1,150,0.67
DR0145,PR014,1,150,0.67
DR0145,PR015,1,150,0.67
DR0145,PR018,1,150,0.67
DR0145,PR019,1,150,0.67
DR0145,PR020,1,150,0.67
DR0211,PR014,1,149,0.67
DR0211,PR016,1,149,0.67
DR0211,PR017,1,149,0.67
DR0211,PR022,1,149,0.67
DR0430,PR002,1,149,0.67
DR0430,PR012,1,149,0.67
DR0430,PR018,1,149,0.67
DR0430,PR019,1,149,0.67
DR0430,PR024,1,149,0.67
DR0071,PR008,1,151,0.66
DR0071,PR009,1,151,0.66
DR0071,PR012,1,151,0.66
DR0071,PR013,1,151,0.66
DR0071,PR015,1,151,0.66
DR0071,PR018,1,151,0.66
DR0081,PR004,5,761,0.66
DR0081,PR005,5,761,0.66
DR0081,PR007,5,761,0.66
DR0081,PR014,5,761,0.66
DR0196,PR002,1,152,0.66
DR0196,PR004,1,152,0.66
DR0196,PR005,1,152,0.66
DR0196,PR007,1,152,0.66
DR0196,PR014,1,152,0.66
DR0196,PR022,1,152,0.66
DR0281,PR008,2,305,0.66
DR0147,PR004,1,153,0.65
DR0147,PR005,1,153,0.65
DR0147,PR010,1,153,0.65
DR0147,PR016,1,153,0.65
DR0147,PR017,1,153,0.65
DR0147,PR022,1,153,0.65
DR0147,PR023,1,153,0.65
DR0147,PR024,1,153,0.65
DR0162,PR014,2,309,0.65
DR0162,PR016,2,309,0.65
DR0162,PR021,2,309,0.65
DR0162,PR023,2,309,0.65
DR0339,PR007,1,154,0.65
DR0339,PR009,1,154,0.65
DR0339,PR010,1,154,0.65
DR0339,PR012,1,154,0.65
DR0339,PR016,1,154,0.65
DR0339,PR018,1,154,0.65
DR0339,PR023,1,154,0.65
DR0419,PR007,2,308,0.65
DR0419,PR012,2,308,0.65
DR0419,PR016,2,308,0.65
DR0419,PR017,2,308,0.65
DR0046,PR007,1,157,0.64
DR0046,PR009,1,157,0.64
DR0046,PR014,1,157,0.64
DR0108,PR009,1,156,0.64
DR0108,PR010,1,156,0.64
DR0108,PR012,1,156,0.64
DR0108,PR013,1,156,0.64
DR0108,PR014,1,156,0.64
DR0108,PR015,1,156,0.64
DR0108,PR023,1,156,0.64
DR0199,PR007,2,314,0.64
DR0199,PR012,2,314,0.64
DR0199,PR021,2,314,0.64
DR0199,PR024,2,314,0.64
DR0226,PR014,3,467,0.64
DR0227,PR005,1,157,0.64
DR0227,PR007,1,157,0.64
DR0227,PR009,1,157,0.64
DR0227,PR011,1,157,0.64
DR0227,PR012,1,157,0.64
DR0227,PR015,1,157,0.64
DR0227,PR018,1,157,0.64
DR0227,PR019,1,157,0.64
DR0227,PR021,1,157,0.64
DR0313,PR006,1,157,0.64
DR0313,PR009,1,157,0.64
DR0313,PR016,1,157,0.64
DR0404,PR021,4,626,0.64
DR0404,PR024,4,626,0.64
DR0425,PR004,1,158,0.63
DR0425,PR007,1,158,0.63
DR0425,PR010,1,158,0.63
DR0425,PR011,1,158,0.63
DR0425,PR013,1,158,0.63
DR0031,PR004,3,486,0.62
DR0031,PR006,3,486,0.62
DR0031,PR009,3,486,0.62
DR0031,PR024,3,486,0.62
DR0209,PR004,4,646,0.62
DR0209,PR007,4,646,0.62
DR0209,PR008,4,646,0.62
DR0209,PR022,4,646,0.62
DR0241,PR004,1,162,0.62
DR0241,PR007,1,162,0.62
DR0241,PR016,1,162,0.62
DR0241,PR018,1,162,0.62
DR0302,PR012,3,487,0.62
DR0386,PR021,12,1921,0.62
DR0140,PR004,1,164,0.61
DR0140,PR006,1,164,0.61
DR0140,PR008,1,164,0.61
DR0140,PR015,1,164,0.61
DR0140,PR017,1,164,0.61
DR0140,PR021,1,164,0.61
DR0160,PR005,2,326,0.61
DR0160,PR009,2,326,0.61
DR0160,PR011,2,326,0.61
DR0160,PR012,2,326,0.61
DR0160,PR013,2,326,0.61
DR0160,PR015,2,326,0.61
DR0160,PR016,2,326,0.61
DR0160,PR024,2,326,0.61
DR0242,PR004,5,823,0.61
DR0242,PR011,5,823,0.61
DR0250,PR014,1,163,0.61
DR0250,PR022,1,163,0.61
DR0446,PR013,1,165,0.61
DR0446,PR023,1,165,0.61
DR0006,PR011,2,335,0.6
DR0006,PR013,2,335,0.6
DR0006,PR017,2,335,0.6
DR0089,PR002,2,335,0.6
DR0089,PR005,2,335,0.6
DR0089,PR007,2,335,0.6
DR0089,PR010,2,335,0.6
DR0089,PR013,2,335,0.6
DR0089,PR017,2,335,0.6
DR0089,PR021,2,335,0.6
DR0089,PR022,2,335,0.6
DR0206,PR015,3,500,0.6
DR0221,PR003,1,167,0.6
DR0221,PR004,1,167,0.6
DR0221,PR017,1,167,0.6
DR0221,PR019,1,167,0.6
DR0282,PR021,4,672,0.6
DR0311,PR012,2,331,0.6
DR0311,PR014,2,331,0.6
DR0311,PR017,2,331,0.6
DR0311,PR021,2,331,0.6
DR0397,PR007,3,501,0.6
DR0397,PR019,3,501,0.6
DR0052,PR009,2,340,0.59
DR0052,PR012,2,340,0.59
DR0052,PR017,2,340,0.59
DR0301,PR010,2,341,0.59
DR0301,PR016,2,341,0.59
DR0301,PR019,2,341,0.59
DR0301,PR022,2,341,0.59
DR0332,PR005,3,506,0.59
DR0332,PR016,3,506,0.59
DR0189,PR005,2,344,0.58
DR0189,PR008,2,344,0.58
DR0189,PR009,2,344,0.58
DR0189,PR011,2,344,0.58
DR0336,PR004,3,519,0.58
DR0336,PR012,3,519,0.58
DR0336,PR017,3,519,0.58
DR0372,PR005,4,695,0.58
DR0372,PR008,4,695,0.58
DR0372,PR009,4,695,0.58
DR0372,PR012,4,695,0.58
DR0372,PR014,4,695,0.58
DR0372,PR017,4,695,0.58
DR0372,PR024,4,695,0.58
DR0433,PR010,1,171,0.58
DR0261,PR002,1,174,0.57
DR0261,PR009,1,174,0.57
DR0261,PR014,1,174,0.57
DR0261,PR019,1,174,0.57
DR0305,PR004,1,176,0.57
DR0305,PR009,1,176,0.57
DR0305,PR011,1,176,0.57
DR0305,PR012,1,176,0.57
DR0305,PR013,1,176,0.57
DR0305,PR014,1,176,0.57
DR0305,PR015,1,176,0.57
DR0305,PR019,1,176,0.57
DR0305,PR020,1,176,0.57
DR0305,PR021,1,176,0.57
DR0386,PR009,11,1921,0.57
DR0386,PR012,11,1921,0.57
DR0428,PR004,2,351,0.57
DR0428,PR005,2,351,0.57
DR0428,PR007,2,351,0.57
DR0428,PR009,2,351,0.57
DR0428,PR014,2,351,0.57
DR0428,PR015,2,351,0.57
DR0428,PR019,2,351,0.57
DR0028,PR005,1,177,0.56
DR0028,PR009,1,177,0.56
DR0028,PR012,1,177,0.56
DR0028,PR016,1,177,0.56
DR0028,PR017,1,177,0.56
DR0057,PR004,1,177,0.56
DR0057,PR009,1,177,0.56
DR0057,PR010,1,177,0.56
DR0057,PR011,1,177,0.56
DR0057,PR014,1,177,0.56
DR0057,PR015,1,177,0.56
DR0057,PR017,1,177,0.56
DR0057,PR020,1,177,0.56
DR0104,PR004,1,177,0.56
DR0104,PR014,1,177,0.56
DR0104,PR017,1,177,0.56
DR0111,PR004,1,180,0.56
DR0111,PR007,1,180,0.56
DR0111,PR008,1,180,0.56
DR0111,PR011,1,180,0.56
DR0111,PR012,1,180,0.56
DR0111,PR018,1,180,0.56
DR0111,PR019,1,180,0.56
DR0111,PR021,1,180,0.56
DR0153,PR010,1,178,0.56
DR0153,PR011,1,178,0.56
DR0153,PR012,1,178,0.56
DR0153,PR019,1,178,0.56
DR0153,PR022,1,178,0.56
DR0286,PR005,1,178,0.56
DR0286,PR008,1,178,0.56
DR0286,PR009,1,178,0.56
DR0286,PR012,1,178,0.56
DR0286,PR013,1,178,0.56
DR0286,PR018,1,178,0.56
DR0349,PR004,1,180,0.56
DR0349,PR014,1,180,0.56
DR0349,PR016,1,180,0.56
DR0376,PR002,1,177,0.56
DR0376,PR003,1,177,0.56
DR0376,PR004,1,177,0.56
DR0376,PR005,1,177,0.56
DR0376,PR012,1,177,0.56
DR0376,PR017,1,177,0.56
DR0376,PR019,1,177,0.56
DR0403,PR004,1,177,0.56
DR0403,PR011,1,177,0.56
DR0403,PR012,1,177,0.56
DR0403,PR014,1,177,0.56
DR0403,PR017,1,177,0.56
DR0403,PR022,1,177,0.56
DR0431,PR004,2,355,0.56
DR0431,PR016,2,355,0.56
DR0016,PR004,1,181,0.55
DR0016,PR014,1,181,0.55
DR0016,PR021,1,181,0.55
DR0016,PR024,1,181,0.55
DR0019,PR002,1,183,0.55
DR0019,PR007,1,183,0.55
DR0019,PR009,1,183,0.55
DR0019,PR011,1,183,0.55
DR0019,PR013,1,183,0.55
DR0019,PR014,1,183,0.55
DR0019,PR024,1,183,0.55
DR0288,PR007,2,365,0.55
DR0288,PR017,2,365,0.55
DR0288,PR024,2,365,0.55
DR0344,PR007,1,181,0.55
DR0344,PR014,1,181,0.55
DR0344,PR017,1,181,0.55
DR0112,PR007,4,740,0.54
DR0156,PR007,1,186,0.54
DR0156,PR008,1,186,0.54
DR0156,PR013,1,186,0.54
DR0156,PR018,1,186,0.54
DR0156,PR021,1,186,0.54
DR0156,PR022,1,186,0.54
DR0178,PR004,1,186,0.54
DR0178,PR005,1,186,0.54
DR0178,PR011,1,186,0.54
DR0178,PR013,1,186,0.54
DR0178,PR016,1,186,0.54
DR0178,PR022,1,186,0.54
DR0197,PR010,1,185,0.54
DR0197,PR012,1,185,0.54
DR0197,PR014,1,185,0.54
DR0197,PR015,1,185,0.54
DR0197,PR016,1,185,0.54
DR0197,PR017,1,185,0.54
DR0197,PR019,1,185,0.54
DR0197,PR022,1,185,0.54
DR0275,PR002,1,184,0.54
DR0275,PR005,1,184,0.54
DR0275,PR008,1,184,0.54
DR0405,PR005,1,185,0.54
DR0405,PR007,1,185,0.54
DR0405,PR009,1,185,0.54
DR0405,PR013,1,185,0.54
DR0405,PR014,1,185,0.54
DR0405,PR018,1,185,0.54
DR0405,PR023,1,185,0.54
DR0081,PR013,4,761,0.53
DR0081,PR018,4,761,0.53
DR0220,PR012,1,187,0.53
DR0220,PR024,1,187,0.53
DR0229,PR007,2,374,0.53
DR0229,PR010,2,374,0.53
DR0229,PR013,2,374,0.53
DR0229,PR024,2,374,0.53
DR0264,PR004,1,189,0.53
DR0264,PR016,1,189,0.53
DR0264,PR017,1,189,0.53
DR0264,PR019,1,189,0.53
DR0264,PR023,1,189,0.53
DR0360,PR004,1,189,0.53
DR0360,PR005,1,189,0.53
DR0360,PR009,1,189,0.53
DR0360,PR015,1,189,0.53
DR0360,PR017,1,189,0.53
DR0360,PR019,1,189,0.53
DR0360,PR022,1,189,0.53
DR0363,PR004,2,379,0.53
DR0363,PR008,2,379,0.53
DR0363,PR011,2,379,0.53
DR0363,PR012,2,379,0.53
DR0363,PR015,2,379,0.53
DR0363,PR019,2,379,0.53
DR0363,PR022,2,379,0.53
DR0026,PR005,1,193,0.52
DR0026,PR009,1,193,0.52
DR0026,PR010,1,193,0.52
DR0026,PR011,1,193,0.52
DR0026,PR012,1,193,0.52
DR0026,PR014,1,193,0.52
DR0026,PR015,1,193,0.52
DR0026,PR021,1,193,0.52
DR0103,PR007,2,385,0.52
DR0103,PR016,2,385,0.52
DR0103,PR024,2,385,0.52
DR0131,PR006,3,573,0.52
DR0131,PR023,3,573,0.52
DR0131,PR024,3,573,0.52
DR0158,PR004,1,191,0.52
DR0158,PR010,1,191,0.52
DR0158,PR013,1,191,0.52
DR0158,PR014,1,191,0.52
DR0158,PR018,1,191,0.52
DR0158,PR019,1,191,0.52
DR0158,PR022,1,191,0.52
DR0158,PR024,1,191,0.52
DR0259,PR003,1,191,0.52
DR0259,PR012,1,191,0.52
DR0259,PR014,1,191,0.52
DR0259,PR017,1,191,0.52
DR0259,PR024,1,191,0.52
DR0357,PR008,1,193,0.52
DR0357,PR010,1,193,0.52
DR0357,PR011,1,193,0.52
DR0357,PR012,1,193,0.52
DR0357,PR013,1,193,0.52
DR0357,PR015,1,193,0.52
DR0357,PR024,1,193,0.52
DR0034,PR008,1,197,0.51
DR0034,PR018,1,197,0.51
DR0034,PR020,1,197,0.51
DR0034,PR021,1,197,0.51
DR0034,PR023,1,197,0.51
DR0093,PR011,2,396,0.51
DR0093,PR014,2,396,0.51
DR0093,PR015,2,396,0.51
DR0093,PR021,2,396,0.51
DR0093,PR024,2,396,0.51
DR0137,PR005,1,195,0.51
DR0137,PR013,1,195,0.51
DR0137,PR017,1,195,0.51
DR0137,PR018,1,195,0.51
DR0137,PR019,1,195,0.51
DR0175,PR005,1,200,0.5
DR0175,PR007,1,200,0.5
DR0175,PR011,1,200,0.5
DR0175,PR013,1,200,0.5
DR0175,PR015,1,200,0.5
DR0228,PR005,1,199,0.5
DR0228,PR007,1,199,0.5
DR0228,PR012,1,199,0.5
DR0228,PR013,1,199,0.5
DR0228,PR014,1,199,0.5
DR0228,PR019,1,199,0.5
DR0228,PR024,1,199,0.5
DR0243,PR002,1,202,0.5
DR0243,PR008,1,202,0.5
DR0243,PR015,1,202,0.5
DR0243,PR017,1,202,0.5
DR0243,PR021,1,202,0.5
DR0243,PR024,1,202,0.5
DR0267,PR005,1,200,0.5
DR0267,PR010,1,200,0.5
DR0267,PR011,1,200,0.5
DR0267,PR014,1,200,0.5
DR0375,PR018,1,200,0.5
DR0375,PR024,1,200,0.5
DR0382,PR008,2,404,0.5
DR0382,PR010,2,404,0.5
DR0382,PR014,2,404,0.5
DR0382,PR017,2,404,0.5
DR0382,PR018,2,404,0.5
DR0382,PR019,2,404,0.5
DR0382,PR024,2,404,0.5
DR0003,PR005,2,406,0.49
DR0003,PR007,2,406,0.49
DR0003,PR014,2,406,0.49
DR0003,PR017,2,406,0.49
DR0003,PR021,2,406,0.49
DR0003,PR022,2,406,0.49
DR0025,PR007,1,206,0.49
DR0025,PR008,1,206,0.49
DR0025,PR009,1,206,0.49
DR0025,PR010,1,206,0.49
DR0025,PR011,1,206,0.49
DR0025,PR015,1,206,0.49
DR0115,PR005,1,203,0.49
DR0115,PR009,1,203,0.49
DR0115,PR019,1,203,0.49
DR0115,PR021,1,203,0.49
DR0242,PR007,4,823,0.49
DR0242,PR009,4,823,0.49
DR0242,PR017,4,823,0.49
DR0271,PR005,1,208,0.48
DR0271,PR007,1,208,0.48
DR0271,PR010,1,208,0.48
DR0271,PR014,1,208,0.48
DR0271,PR016,1,208,0.48
DR0271,PR018,1,208,0.48
DR0271,PR020,1,208,0.48
DR0404,PR007,3,626,0.48
DR0404,PR011,3,626,0.48
DR0404,PR017,3,626,0.48
DR0404,PR019,3,626,0.48
DR0066,PR007,1,215,0.47
DR0066,PR011,1,215,0.47
DR0066,PR012,1,215,0.47
DR0066,PR014,1,215,0.47
DR0066,PR015,1,215,0.47
DR0066,PR021,1,215,0.47
DR0066,PR024,1,215,0.47
DR0318,PR011,2,424,0.47
DR0318,PR013,2,424,0.47
DR0318,PR023,2,424,0.47
DR0337,PR005,2,425,0.47
DR0337,PR007,2,425,0.47
DR0337,PR014,2,425,0.47
DR0337,PR018,2,425,0.47
DR0048,PR005,1,218,0.46
DR0048,PR007,1,218,0.46
DR0048,PR009,1,218,0.46
DR0048,PR013,1,218,0.46
DR0048,PR018,1,218,0.46
DR0048,PR019,1,218,0.46
DR0048,PR021,1,218,0.46
DR0048,PR022,1,218,0.46
DR0048,PR024,1,218,0.46
DR0173,PR004,2,435,0.46
DR0173,PR009,2,435,0.46
DR0173,PR011,2,435,0.46
DR0173,PR012,2,435,0.46
DR0173,PR021,2,435,0.46
DR0186,PR009,2,437,0.46
DR0186,PR012,2,437,0.46
DR0186,PR024,2,437,0.46
DR0209,PR009,3,646,0.46
DR0409,PR004,1,217,0.46
DR0409,PR011,1,217,0.46
DR0409,PR013,1,217,0.46
DR0409,PR014,1,217,0.46
DR0409,PR016,1,217,0.46
DR0409,PR017,1,217,0.46
DR0409,PR019,1,217,0.46
DR0409,PR021,1,217,0.46
DR0443,PR005,2,433,0.46
DR0443,PR007,2,433,0.46
DR0443,PR011,2,433,0.46
DR0443,PR022,2,433,0.46
DR0443,PR023,2,433,0.46
DR0076,PR009,2,444,0.45
DR0076,PR012,2,444,0.45
DR0159,PR004,1,221,0.45
DR0159,PR005,1,221,0.45
DR0159,PR015,1,221,0.45
DR0159,PR017,1,221,0.45
DR0159,PR022,1,221,0.45
DR0282,PR019,3,672,0.45
DR0312,PR005,1,224,0.45
DR0312,PR006,1,224,0.45
DR0312,PR008,1,224,0.45
DR0312,PR015,1,224,0.45
DR0312,PR022,1,224,0.45
DR0312,PR024,1,224,0.45
DR0416,PR005,2,444,0.45
DR0416,PR007,2,444,0.45
DR0416,PR021,2,444,0.45
DR0416,PR024,2,444,0.45
DR0085,PR004,1,229,0.44
DR0085,PR011,1,229,0.44
DR0085,PR021,1,229,0.44
DR0085,PR022,1,229,0.44
DR0085,PR024,1,229,0.44
DR0216,PR003,1,225,0.44
DR0216,PR012,1,225,0.44
DR0216,PR024,1,225,0.44
DR0240,PR019,4,899,0.44
DR0144,PR004,1,232,0.43
DR0144,PR005,1,232,0.43
DR0144,PR008,1,232,0.43
DR0144,PR009,1,232,0.43
DR0144,PR017,1,232,0.43
DR0144,PR021,1,232,0.43
DR0226,PR007,2,467,0.43
DR0226,PR015,2,467,0.43
DR0372,PR010,3,695,0.43
DR0372,PR013,3,695,0.43
DR0410,PR004,1,231,0.43
DR0410,PR006,1,231,0.43
DR0410,PR007,1,231,0.43
DR0410,PR008,1,231,0.43
DR0410,PR010,1,231,0.43
DR0410,PR013,1,231,0.43
DR0410,PR014,1,231,0.43
DR0410,PR018,1,231,0.43
DR0410,PR022,1,231,0.43
DR0410,PR024,1,231,0.43
DR0417,PR005,1,230,0.43
DR0417,PR006,1,230,0.43
DR0417,PR007,1,230,0.43
DR0417,PR008,1,230,0.43
DR0417,PR009,1,230,0.43
DR0417,PR017,1,230,0.43
DR0417,PR024,1,230,0.43
DR0009,PR004,1,236,0.42
DR0009,PR009,1,236,0.42
DR0009,PR012,1,236,0.42
DR0009,PR013,1,236,0.42
DR0009,PR014,1,236,0.42
DR0009,PR015,1,236,0.42
DR0009,PR022,1,236,0.42
DR0009,PR023,1,236,0.42
DR0038,PR007,1,239,0.42
DR0038,PR010,1,239,0.42
DR0038,PR011,1,239,0.42
DR0038,PR013,1,239,0.42
DR0038,PR014,1,239,0.42
DR0038,PR018,1,239,0.42
DR0038,PR019,1,239,0.42
DR0038,PR024,1,239,0.42
DR0068,PR004,1,236,0.42
DR0068,PR005,1,236,0.42
DR0068,PR007,1,236,0.42
DR0068,PR014,1,236,0.42
DR0068,PR022,1,236,0.42
DR0079,PR004,1,237,0.42
DR0079,PR007,1,237,0.42
DR0079,PR017,1,237,0.42
DR0079,PR018,1,237,0.42
DR0079,PR019,1,237,0.42
DR0079,PR023,1,237,0.42
DR0263,PR005,2,475,0.42
DR0263,PR010,2,475,0.42
DR0263,PR013,2,475,0.42
DR0263,PR022,2,475,0.42
DR0300,PR007,1,238,0.42
DR0300,PR022,1,238,0.42
DR0300,PR023,1,238,0.42
DR0300,PR024,1,238,0.42
DR0307,PR007,1,239,0.42
DR0307,PR010,1,239,0.42
DR0307,PR012,1,239,0.42
DR0352,PR002,1,238,0.42
DR0352,PR011,1,238,0.42
DR0352,PR016,1,238,0.42
DR0352,PR022,1,238,0.42
DR0352,PR024,1,238,0.42
DR0374,PR004,2,479,0.42
DR0374,PR009,2,479,0.42
DR0374,PR013,2,479,0.42
DR0374,PR014,2,479,0.42
DR0374,PR019,2,479,0.42
DR0374,PR023,2,479,0.42
DR0374,PR024,2,479,0.42
DR0386,PR007,8,1921,0.42
DR0031,PR010,2,486,0.41
DR0031,PR011,2,486,0.41
DR0031,PR012,2,486,0.41
DR0031,PR013,2,486,0.41
DR0031,PR021,2,486,0.41
DR0031,PR022,2,486,0.41
DR0083,PR005,1,242,0.41
DR0083,PR008,1,242,0.41
DR0083,PR010,1,242,0.41
DR0083,PR012,1,242,0.41
DR0083,PR022,1,242,0.41
DR0088,PR004,1,244,0.41
DR0088,PR005,1,244,0.41
DR0088,PR013,1,244,0.41
DR0088,PR014,1,244,0.41
DR0088,PR016,1,244,0.41
DR0088,PR019,1,244,0.41
DR0088,PR021,1,244,0.41
DR0088,PR024,1,244,0.41
DR0102,PR007,1,242,0.41
DR0102,PR012,1,242,0.41
DR0102,PR014,1,242,0.41
DR0112,PR011,3,740,0.41
DR0112,PR013,3,740,0.41
DR0112,PR015,3,740,0.41
DR0112,PR022,3,740,0.41
DR0126,PR008,1,246,0.41
DR0126,PR009,1,246,0.41
DR0126,PR012,1,246,0.41
DR0126,PR024,1,246,0.41
DR0302,PR005,2,487,0.41
DR0302,PR009,2,487,0.41
DR0302,PR014,2,487,0.41
DR0302,PR018,2,487,0.41
DR0302,PR019,2,487,0.41
DR0013,PR005,1,248,0.4
DR0013,PR009,1,248,0.4
DR0013,PR010,1,248,0.4
DR0013,PR011,1,248,0.4
DR0013,PR012,1,248,0.4
DR0013,PR015,1,248,0.4
DR0013,PR019,1,248,0.4
DR0013,PR022,1,248,0.4
DR0013,PR023,1,248,0.4
DR0161,PR004,1,248,0.4
DR0161,PR011,1,248,0.4
DR0161,PR015,1,248,0.4
DR0161,PR018,1,248,0.4
DR0161,PR019,1,248,0.4
DR0161,PR024,1,248,0.4
DR0170,PR007,1,250,0.4
DR0170,PR010,1,250,0.4
DR0170,PR011,1,250,0.4
DR0170,PR017,1,250,0.4
DR0170,PR019,1,250,0.4
DR0170,PR021,1,250,0.4
DR0170,PR022,1,250,0.4
DR0177,PR005,1,247,0.4
DR0177,PR009,1,247,0.4
DR0177,PR012,1,247,0.4
DR0177,PR016,1,247,0.4
DR0191,PR005,1,250,0.4
DR0191,PR011,1,250,0.4
DR0191,PR013,1,250,0.4
DR0191,PR014,1,250,0.4
DR0191,PR015,1,250,0.4
DR0191,PR017,1,250,0.4
DR0191,PR019,1,250,0.4
DR0191,PR023,1,250,0.4
DR0201,PR004,1,248,0.4
DR0201,PR005,1,248,0.4
DR0201,PR022,1,248,0.4
DR0206,PR010,2,500,0.4
DR0206,PR012,2,500,0.4
DR0206,PR013,2,500,0.4
DR0206,PR022,2,500,0.4
DR0206,PR024,2,500,0.4
DR0224,PR005,1,253,0.4
DR0224,PR009,1,253,0.4
DR0224,PR017,1,253,0.4
DR0224,PR024,1,253,0.4
DR0265,PR004,2,498,0.4
DR0265,PR005,2,498,0.4
DR0265,PR014,2,498,0.4
DR0265,PR015,2,498,0.4
DR0265,PR019,2,498,0.4
DR0265,PR023,2,498,0.4
DR0265,PR024,2,498,0.4
DR0303,PR016,1,248,0.4
DR0303,PR019,1,248,0.4
DR0303,PR022,1,248,0.4
DR0332,PR007,2,506,0.4
DR0332,PR013,2,506,0.4
DR0332,PR018,2,506,0.4
DR0332,PR019,2,506,0.4
DR0338,PR006,1,250,0.4
DR0338,PR009,1,250,0.4
DR0338,PR019,1,250,0.4
DR0338,PR023,1,250,0.4
DR0338,PR024,1,250,0.4
DR0393,PR007,1,248,0.4
DR0393,PR013,1,248,0.4
DR0393,PR017,1,248,0.4
DR0393,PR021,1,248,0.4
DR0393,PR022,1,248,0.4
DR0397,PR009,2,501,0.4
DR0397,PR014,2,501,0.4
DR0397,PR018,2,501,0.4
DR0397,PR022,2,501,0.4
DR0397,PR024,2,501,0.4
DR0062,PR004,2,508,0.39
DR0062,PR009,2,508,0.39
DR0062,PR011,2,508,0.39
DR0062,PR012,2,508,0.39
DR0062,PR014,2,508,0.39
DR0062,PR017,2,508,0.39
DR0062,PR019,2,508,0.39
DR0062,PR022,2,508,0.39
DR0081,PR011,3,761,0.39
DR0081,PR012,3,761,0.39
DR0107,PR005,1,256,0.39
DR0107,PR009,1,256,0.39
DR0107,PR013,1,256,0.39
DR0107,PR019,1,256,0.39
DR0148,PR009,1,256,0.39
DR0148,PR015,1,256,0.39
DR0202,PR005,1,255,0.39
DR0202,PR007,1,255,0.39
DR0202,PR009,1,255,0.39
DR0202,PR013,1,255,0.39
DR0202,PR014,1,255,0.39
DR0202,PR017,1,255,0.39
DR0202,PR023,1,255,0.39
DR0202,PR024,1,255,0.39
DR0244,PR010,1,257,0.39
DR0244,PR015,1,257,0.39
DR0244,PR022,1,257,0.39
DR0336,PR005,2,519,0.39
DR0336,PR018,2,519,0.39
DR0336,PR021,2,519,0.39
DR0336,PR024,2,519,0.39
DR0021,PR005,1,261,0.38
DR0021,PR009,1,261,0.38
DR0021,PR012,1,261,0.38
DR0021,PR014,1,261,0.38
DR0021,PR015,1,261,0.38
DR0021,PR016,1,261,0.38
DR0021,PR017,1,261,0.38
DR0021,PR018,1,261,0.38
DR0021,PR021,1,261,0.38
DR0021,PR024,1,261,0.38
DR0163,PR007,1,264,0.38
DR0163,PR014,1,264,0.38
DR0163,PR017,1,264,0.38
DR0163,PR018,1,264,0.38
DR0163,PR024,1,264,0.38
DR0380,PR004,1,261,0.38
DR0380,PR011,1,261,0.38
DR0380,PR015,1,261,0.38
DR0380,PR018,1,261,0.38
DR0380,PR019,1,261,0.38
DR0380,PR021,1,261,0.38
DR0380,PR023,1,261,0.38
DR0090,PR004,1,270,0.37
DR0090,PR008,1,270,0.37
DR0090,PR009,1,270,0.37
DR0090,PR018,1,270,0.37
DR0090,PR024,1,270,0.37
DR0356,PR015,1,269,0.37
DR0356,PR018,1,269,0.37
DR0356,PR022,1,269,0.37
DR0070,PR007,1,275,0.36
DR0070,PR018,1,275,0.36
DR0070,PR024,1,275,0.36
DR0139,PR013,1,278,0.36
DR0139,PR017,1,278,0.36
DR0139,PR022,1,278,0.36
DR0242,PR005,3,823,0.36
DR0242,PR014,3,823,0.36
DR0242,PR019,3,823,0.36
DR0386,PR017,7,1921,0.36
DR0131,PR011,2,573,0.35
DR0131,PR019,2,573,0.35
DR0131,PR022,2,573,0.35
DR0251,PR008,1,288,0.35
DR0251,PR009,1,288,0.35
DR0251,PR010,1,288,0.35
DR0251,PR014,1,288,0.35
DR0251,PR015,1,288,0.35
DR0082,PR005,1,291,0.34
DR0082,PR011,1,291,0.34
DR0082,PR015,1,291,0.34
DR0082,PR024,1,291,0.34
DR0084,PR009,1,292,0.34
DR0084,PR011,1,292,0.34
DR0084,PR021,1,292,0.34
DR0084,PR024,1,292,0.34
DR0235,PR009,1,292,0.34
DR0235,PR021,1,292,0.34
DR0331,PR004,1,292,0.34
DR0331,PR005,1,292,0.34
DR0331,PR009,1,292,0.34
DR0331,PR014,1,292,0.34
DR0331,PR021,1,292,0.34
DR0331,PR024,1,292,0.34
DR0354,PR005,1,291,0.34
DR0354,PR009,1,291,0.34
DR0354,PR012,1,291,0.34
DR0354,PR016,1,291,0.34
DR0354,PR023,1,291,0.34
DR0354,PR024,1,291,0.34
DR0407,PR007,1,291,0.34
DR0407,PR010,1,291,0.34
DR0407,PR014,1,291,0.34
DR0407,PR017,1,291,0.34
DR0438,PR022,1,292,0.34
DR0438,PR024,1,292,0.34
DR0240,PR023,3,899,0.33
DR0281,PR004,1,305,0.33
DR0281,PR006,1,305,0.33
DR0281,PR010,1,305,0.33
DR0281,PR011,1,305,0.33
DR0281,PR015,1,305,0.33
DR0281,PR018,1,305,0.33
DR0281,PR021,1,305,0.33
DR0281,PR024,1,305,0.33
DR0162,PR009,1,309,0.32
DR0162,PR010,1,309,0.32
DR0162,PR015,1,309,0.32
DR0162,PR019,1,309,0.32
DR0162,PR022,1,309,0.32
DR0162,PR024,1,309,0.32
DR0199,PR005,1,314,0.32
DR0199,PR014,1,314,0.32
DR0199,PR018,1,314,0.32
DR0199,PR019,1,314,0.32
DR0199,PR022,1,314,0.32
DR0199,PR023,1,314,0.32
DR0404,PR005,2,626,0.32
DR0404,PR010,2,626,0.32
DR0419,PR005,1,308,0.32
DR0419,PR010,1,308,0.32
DR0419,PR014,1,308,0.32
DR0419,PR021,1,308,0.32
DR0419,PR022,1,308,0.32
DR0419,PR024,1,308,0.32
DR0160,PR004,1,326,0.31
DR0160,PR007,1,326,0.31
DR0160,PR017,1,326,0.31
DR0160,PR022,1,326,0.31
DR0209,PR005,2,646,0.31
DR0209,PR012,2,646,0.31
DR0209,PR013,2,646,0.31
DR0209,PR015,2,646,0.31
DR0209,PR024,2,646,0.31
DR0386,PR013,6,1921,0.31
DR0386,PR014,6,1921,0.31
DR0386,PR019,6,1921,0.31
DR0386,PR023,6,1921,0.31
DR0006,PR005,1,335,0.3
DR0006,PR012,1,335,0.3
DR0006,PR019,1,335,0.3
DR0006,PR024,1,335,0.3
DR0089,PR012,1,335,0.3
DR0089,PR019,1,335,0.3
DR0089,PR023,1,335,0.3
DR0282,PR005,2,672,0.3
DR0282,PR010,2,672,0.3
DR0282,PR012,2,672,0.3
DR0282,PR014,2,672,0.3
DR0311,PR024,1,331,0.3
DR0052,PR018,1,340,0.29
DR0052,PR023,1,340,0.29
DR0189,PR004,1,344,0.29
DR0189,PR007,1,344,0.29
DR0189,PR014,1,344,0.29
DR0189,PR015,1,344,0.29
DR0189,PR022,1,344,0.29
DR0301,PR005,1,341,0.29
DR0301,PR018,1,341,0.29
DR0301,PR024,1,341,0.29
DR0372,PR015,2,695,0.29
DR0428,PR010,1,351,0.28
DR0428,PR011,1,351,0.28
DR0428,PR013,1,351,0.28
DR0428,PR018,1,351,0.28
DR0428,PR022,1,351,0.28
DR0428,PR024,1,351,0.28
DR0431,PR005,1,355,0.28
DR0431,PR017,1,355,0.28
DR0431,PR018,1,355,0.28
DR0431,PR019,1,355,0.28
DR0431,PR022,1,355,0.28
DR0431,PR023,1,355,0.28
DR0112,PR005,2,740,0.27
DR0112,PR009,2,740,0.27
DR0229,PR009,1,374,0.27
DR0229,PR014,1,374,0.27
DR0229,PR017,1,374,0.27
DR0229,PR022,1,374,0.27
DR0288,PR005,1,365,0.27
DR0288,PR009,1,365,0.27
DR0288,PR010,1,365,0.27
DR0288,PR015,1,365,0.27
DR0288,PR018,1,365,0.27
DR0288,PR022,1,365,0.27
DR0081,PR017,2,761,0.26
DR0081,PR019,2,761,0.26
DR0081,PR024,2,761,0.26
DR0103,PR004,1,385,0.26
DR0103,PR015,1,385,0.26
DR0103,PR023,1,385,0.26
DR0363,PR005,1,379,0.26
DR0363,PR007,1,379,0.26
DR0363,PR010,1,379,0.26
DR0363,PR013,1,379,0.26
DR0363,PR014,1,379,0.26
DR0363,PR018,1,379,0.26
DR0363,PR021,1,379,0.26
DR0363,PR024,1,379,0.26
DR0386,PR024,5,1921,0.26
DR0003,PR012,1,406,0.25
DR0003,PR013,1,406,0.25
DR0003,PR024,1,406,0.25
DR0093,PR009,1,396,0.25
DR0093,PR010,1,396,0.25
DR0093,PR017,1,396,0.25
DR0093,PR019,1,396,0.25
DR0093,PR022,1,396,0.25
DR0382,PR009,1,404,0.25
DR0382,PR013,1,404,0.25
DR0382,PR022,1,404,0.25
DR0382,PR023,1,404,0.25
DR0242,PR022,2,823,0.24
DR0318,PR005,1,424,0.24
DR0318,PR012,1,424,0.24
DR0318,PR017,1,424,0.24
DR0318,PR018,1,424,0.24
DR0318,PR022,1,424,0.24
DR0318,PR024,1,424,0.24
DR0337,PR004,1,425,0.24
DR0337,PR009,1,425,0.24
DR0337,PR017,1,425,0.24
DR0337,PR019,1,425,0.24
DR0076,PR013,1,444,0.23
DR0076,PR014,1,444,0.23
DR0076,PR018,1,444,0.23
DR0076,PR022,1,444,0.23
DR0173,PR005,1,435,0.23
DR0173,PR015,1,435,0.23
DR0173,PR018,1,435,0.23
DR0173,PR024,1,435,0.23
DR0186,PR011,1,437,0.23
DR0186,PR017,1,437,0.23
DR0186,PR018,1,437,0.23
DR0186,PR022,1,437,0.23
DR0416,PR010,1,444,0.23
DR0416,PR012,1,444,0.23
DR0416,PR014,1,444,0.23
DR0416,PR018,1,444,0.23
DR0416,PR022,1,444,0.23
DR0416,PR023,1,444,0.23
DR0443,PR009,1,433,0.23
DR0443,PR010,1,433,0.23
DR0443,PR013,1,433,0.23
DR0443,PR014,1,433,0.23
DR0240,PR004,2,899,0.22
DR0240,PR009,2,899,0.22
DR0240,PR011,2,899,0.22
DR0240,PR012,2,899,0.22
DR0031,PR005,1,486,0.21
DR0031,PR015,1,486,0.21
DR0031,PR019,1,486,0.21
DR0226,PR011,1,467,0.21
DR0226,PR012,1,467,0.21
DR0226,PR013,1,467,0.21
DR0226,PR017,1,467,0.21
DR0226,PR018,1,467,0.21
DR0226,PR022,1,467,0.21
DR0226,PR023,1,467,0.21
DR0263,PR019,1,475,0.21
DR0263,PR023,1,475,0.21
DR0302,PR004,1,487,0.21
DR0302,PR013,1,487,0.21
DR0302,PR015,1,487,0.21
DR0302,PR022,1,487,0.21
DR0302,PR023,1,487,0.21
DR0302,PR024,1,487,0.21
DR0374,PR005,1,479,0.21
DR0374,PR011,1,479,0.21
DR0374,PR012,1,479,0.21
DR0374,PR017,1,479,0.21
DR0374,PR018,1,479,0.21
DR0386,PR010,4,1921,0.21
DR0386,PR022,4,1921,0.21
DR0062,PR005,1,508,0.2
DR0062,PR010,1,508,0.2
DR0062,PR013,1,508,0.2
DR0062,PR015,1,508,0.2
DR0206,PR014,1,500,0.2
DR0206,PR017,1,500,0.2
DR0206,PR023,1,500,0.2
DR0265,PR009,1,498,0.2
DR0265,PR017,1,498,0.2
DR0265,PR018,1,498,0.2
DR0265,PR022,1,498,0.2
DR0332,PR004,1,506,0.2
DR0332,PR009,1,506,0.2
DR0332,PR017,1,506,0.2
DR0332,PR022,1,506,0.2
DR0332,PR023,1,506,0.2
DR0397,PR005,1,501,0.2
DR0397,PR012,1,501,0.2
DR0397,PR013,1,501,0.2
DR0397,PR017,1,501,0.2
DR0397,PR023,1,501,0.2
DR0336,PR011,1,519,0.19
DR0336,PR014,1,519,0.19
DR0336,PR022,1,519,0.19
DR0131,PR010,1,573,0.17
DR0131,PR014,1,573,0.17
DR0131,PR017,1,573,0.17
DR0131,PR018,1,573,0.17
DR0386,PR011,3,1921,0.16
DR0386,PR018,3,1921,0.16
DR0404,PR012,1,626,0.16
DR0404,PR013,1,626,0.16
DR0404,PR014,1,626,0.16
DR0404,PR022,1,626,0.16
DR0209,PR010,1,646,0.15
DR0209,PR011,1,646,0.15
DR0209,PR014,1,646,0.15
DR0209,PR018,1,646,0.15
DR0209,PR019,1,646,0.15
DR0282,PR011,1,672,0.15
DR0282,PR013,1,672,0.15
DR0282,PR017,1,672,0.15
DR0282,PR018,1,672,0.15
DR0282,PR024,1,672,0.15
DR0112,PR018,1,740,0.14
DR0112,PR019,1,740,0.14
DR0372,PR019,1,695,0.14
DR0372,PR022,1,695,0.14
DR0081,PR009,1,761,0.13
DR0081,PR010,1,761,0.13
DR0081,PR023,1,761,0.13
DR0242,PR023,1,823,0.12
DR0242,PR024,1,823,0.12
DR0240,PR010,1,899,0.11
DR0240,PR017,1,899,0.11
DR0240,PR018,1,899,0.11
DR0240,PR022,1,899,0.11
DR0240,PR024,1,899,0.11
DR0386,PR015,1,1921,0.05
