Patient_ID,Age,Gender,Payer,Region,Birth_Date
P000001,25,Female,Self-Pay,South,2001-12-15
P000002,22,Male,Medicaid,South,2004-10-15
P000003,19,Male,Medicare,West,2007-10-15
P000004,72,Male,Medicare,Northeast,1954-08-15
P000005,88,Female,Medicare Advantage,West,1937-03-15
P000006,64,Male,Medicaid,South,1962-03-15
P000007,52,Male,Commercial,South,1974-10-15
P000008,55,Female,Medicare,Midwest,1970-02-15
P000009,86,Male,Medicare Advantage,Midwest,1939-08-15
P000010,23,Female,Commercial,Midwest,2003-04-15
P000011,63,Female,Commercial,South,1963-08-15
P000012,71,Male,Medicare Advantage,South,1954-09-15
P000013,75,Male,Medicaid,West,1951-05-15
P000014,68,Male,Medicare,Northeast,1957-11-15
P000015,58,Male,Medicare Advantage,West,1967-05-15
P000016,69,Male,Medicaid,Midwest,1956-12-15
P000017,55,Male,Medicare,Midwest,1970-04-15
P000018,21,Female,Medicare Advantage,West,2005-05-15
P000019,46,Female,Commercial,West,1980-07-15
P000020,86,Male,Medicare Advantage,Midwest,1940-03-15
P000021,33,Female,Commercial,Midwest,1992-10-15
P000022,72,Female,Medicare,Midwest,1954-07-15
P000023,20,Male,Medicare,Midwest,2006-04-15
P000024,30,Male,Medicare,West,1995-12-15
P000025,78,Female,Medicaid,South,1948-09-15
P000026,72,Female,Commercial,Northeast,1954-11-15
P000027,28,Female,Commercial,West,1998-10-15
P000028,86,Female,Commercial,West,1940-12-15
P000029,63,Female,Commercial,West,1963-02-15
P000030,71,Male,Medicare,South,1954-09-15
P000031,65,Male,Commercial,West,1961-03-15
P000032,20,Male,Commercial,South,2006-06-15
P000033,34,Female,Commercial,Northeast,1992-09-15
P000034,40,Male,Medicare,Northeast,1986-11-15
P000035,67,Female,Commercial,Midwest,1959-12-15
P000036,12,Female,Medicaid,Northeast,2013-12-15
P000037,90,Male,Commercial,South,1936-07-15
P000038,38,Male,Medicare,South,1987-02-15
P000039,32,Female,Medicaid,South,1993-08-15
P000040,83,Female,Commercial,South,1943-03-15
P000041,60,Female,Medicare,Midwest,1966-10-15
P000042,6,Male,Medicare,West,2020-07-15
P000043,84,Male,Medicaid,South,1941-02-15
P000044,63,Male,Medicaid,West,1962-06-15
P000045,60,Male,Medicare,Midwest,1965-11-15
P000046,58,Male,Self-Pay,South,1968-10-15
P000047,20,Male,Medicare,Northeast,2005-11-15
P000048,29,Male,Medicare,Midwest,1997-03-15
P000049,61,Female,Commercial,Northeast,1965-11-15
P000050,50,Female,Medicaid,West,1976-08-15
P000051,89,Male,Commercial,South,1936-01-15
P000052,60,Male,Other,Northeast,1965-09-15
P000053,79,Male,Medicare,West,1947-08-15
P000054,26,Male,Medicare,West,1999-04-15
P000055,72,Female,Commercial,Northeast,1953-08-15
P000056,72,Female,Commercial,South,1953-02-15
P000057,11,Male,Medicare,Northeast,2015-04-15
P000058,6,Male,Commercial,Northeast,2020-06-15
P000059,2,Male,Medicare Advantage,West,2023-11-15
P000060,46,Female,Medicaid,South,1980-01-15
P000061,44,Male,Medicare,Northeast,1981-06-15
P000062,72,Female,Medicare,South,1953-05-15
P000063,20,Male,Medicare Advantage,Midwest,2005-04-15
P000064,56,Male,Commercial,West,1970-02-15
P000065,67,Female,Medicare Advantage,Northeast,1958-05-15
P000066,58,Male,Medicaid,West,1968-02-15
P000067,47,Female,Medicaid,Northeast,1979-03-15
P000068,93,Male,Commercial,South,1933-12-15
P000069,49,Male,Medicare,South,1976-10-15
P000070,47,Male,Medicare,Northeast,1978-07-15
P000071,28,Male,Medicaid,South,1997-03-15
P000072,41,Female,Medicaid,Midwest,1984-11-15
P000073,10,Male,Medicare Advantage,Northeast,2016-12-15
P000074,45,Female,Other,West,1981-09-15
P000075,86,Male,Medicare,Northeast,1939-10-15
P000076,41,Male,Commercial,West,1984-03-15
P000077,27,Male,Commercial,Midwest,1998-10-15
P000078,28,Female,Commercial,Northeast,1997-05-15
P000079,42,Female,Commercial,South,1984-02-15
P000080,38,Male,Medicare,South,1988-06-15
P000081,53,Male,Medicaid,South,1973-12-15
P000082,37,Female,Commercial,West,1989-06-15
P000083,78,Female,Medicare,South,1948-02-15
P000084,34,Male,Medicaid,Midwest,1992-02-15
P000085,46,Female,Commercial,West,1980-03-15
P000086,24,Male,Medicare Advantage,Midwest,2001-02-15
P000087,58,Female,Medicare,West,1968-04-15
P000088,95,Male,Medicare Advantage,South,1930-08-15
P000089,48,Female,Medicaid,Midwest,1978-10-15
P000090,68,Male,Commercial,South,1957-08-15
P000091,47,Female,Medicare Advantage,Midwest,1979-04-15
P000092,84,Male,Commercial,South,1942-10-15
P000093,56,Male,Medicare,Midwest,1969-07-15
P000094,57,Male,Commercial,South,1969-04-15
P000095,56,Female,Medicare,Midwest,1970-06-15
P000096,34,Male,Medicare,Midwest,1992-07-15
P000097,74,Male,Commercial,Northeast,1952-02-15
P000098,96,Female,Commercial,Midwest,1930-11-15
P000099,48,Male,Commercial,South,1978-05-15
P000100,75,Female,Commercial,Midwest,1950-03-15
P000101,26,Female,Medicare,West,1999-02-15
P000102,48,Male,Medicare,Midwest,1978-07-15
P000103,72,Male,Commercial,West,1953-02-15
P000104,65,Female,Medicare,Northeast,1960-11-15
P000105,23,Male,Commercial,Northeast,2002-05-15
P000106,10,Female,Medicare,Northeast,2015-07-15
P000107,70,Female,Medicare Advantage,West,1956-07-15
P000108,80,Female,Medicaid,Northeast,1945-01-15
P000109,40,Female,Workers Comp,Northeast,1986-10-15
P000110,35,Male,Medicare,Northeast,1990-11-15
P000111,27,Female,Medicare,South,1998-09-15
P000112,58,Female,Medicare,West,1968-01-15
P000113,25,Female,Commercial,West,2001-11-15
P000114,34,Male,Medicare,South,1991-01-15
P000115,45,Male,Commercial,West,1980-11-15
P000116,50,Female,Medicare,West,1976-11-15
P000117,34,Female,Medicare,West,1992-09-15
P000118,64,Male,Commercial,Midwest,1961-03-15
P000119,44,Male,Medicare Advantage,West,1982-09-15
P000120,34,Male,Commercial,Midwest,1991-12-15
P000121,22,Male,Medicare,South,2003-04-15
P000122,47,Male,Commercial,Midwest,1979-01-15
P000123,52,Male,Medicare,South,1973-09-15
P000124,43,Female,Medicare,Northeast,1983-06-15
P000125,60,Female,Commercial,West,1965-09-15
P000126,80,Female,Medicare Advantage,South,1945-04-15
P000127,19,Female,Commercial,Northeast,2007-09-15
P000128,38,Male,Commercial,West,1987-09-15
P000129,83,Female,Commercial,South,1942-11-15
P000130,54,Female,Commercial,South,1972-06-15
P000131,42,Male,Medicaid,Northeast,1984-02-15
P000132,50,Male,Medicaid,South,1976-02-15
P000133,65,Female,Commercial,West,1960-07-15
P000134,52,Female,Commercial,South,1973-04-15
P000135,75,Male,Commercial,Northeast,1950-11-15
P000136,49,Female,Medicaid,South,1976-06-15
P000137,69,Male,Medicaid,Midwest,1957-07-15
P000138,84,Female,Medicare,South,1942-12-15
P000139,60,Female,Medicare Advantage,South,1965-06-15
P000140,18,Female,Medicaid,Northeast,2008-04-15
P000141,36,Male,Self-Pay,South,1990-04-15
P000142,42,Female,Medicare Advantage,South,1984-06-15
P000143,38,Female,Commercial,West,1988-04-15
P000144,62,Male,Medicare,Midwest,1964-11-15
P000145,56,Female,Medicare,South,1970-08-15
P000146,50,Female,Commercial,Northeast,1976-02-15
P000147,72,Male,Medicare,Northeast,1954-11-15
P000148,41,Male,Commercial,South,1985-04-15
P000149,67,Female,Medicare,West,1958-09-15
P000150,88,Female,Medicaid,Midwest,1938-10-15
P000151,31,Female,Commercial,South,1995-12-15
P000152,50,Male,Medicare,South,1975-10-15
P000153,42,Male,Commercial,West,1984-03-15
P000154,63,Male,Medicare,West,1963-07-15
P000155,70,Male,Commercial,West,1956-01-15
P000156,52,Male,Commercial,Midwest,1973-02-15
P000157,57,Female,Commercial,South,1968-05-15
P000158,86,Female,Medicaid,South,1939-07-15
P000159,0,Female,Commercial,Midwest,2025-09-15
P000160,53,Female,Medicare,Northeast,1973-11-15
P000161,83,Female,Medicare,South,1943-03-15
P000162,89,Male,Commercial,West,1936-06-15
P000163,78,Male,Medicare,Northeast,1948-03-15
P000164,45,Male,Medicare Advantage,South,1980-03-15
P000165,76,Male,Commercial,South,1950-08-15
P000166,22,Female,Workers Comp,South,2003-10-15
P000167,54,Male,Commercial,Midwest,1971-05-15
P000168,43,Female,Medicaid,South,1983-04-15
P000169,30,Female,Medicare,South,1995-09-15
P000170,46,Male,Medicare,Midwest,1979-04-15
P000171,25,Male,Medicare,South,2000-02-15
P000172,63,Female,Medicare,Northeast,1963-11-15
P000173,74,Female,Commercial,Northeast,1952-06-15
P000174,53,Female,Medicare Advantage,Midwest,1972-07-15
P000175,24,Male,Commercial,Midwest,2001-02-15
P000176,51,Male,Medicare,Midwest,1974-11-15
P000177,71,Female,Medicare,West,1955-05-15
P000178,79,Male,Commercial,South,1947-07-15
P000179,12,Male,Medicare,Midwest,2013-04-15
P000180,47,Female,Workers Comp,Midwest,1979-11-15
P000181,16,Female,Workers Comp,South,2009-08-15
P000182,52,Male,Medicare,Northeast,1973-10-15
P000183,35,Female,Commercial,West,1991-02-15
P000184,59,Male,Medicare,Midwest,1966-03-15
P000185,79,Female,Medicaid,South,1947-04-15
P000186,92,Female,Commercial,South,1933-06-15
P000187,54,Female,Medicare,West,1972-02-15
P000188,42,Male,Medicare,Midwest,1983-08-15
P000189,74,Female,Commercial,South,1951-12-15
P000190,63,Female,Medicaid,South,1963-04-15
P000191,78,Male,Medicare Advantage,West,1948-11-15
P000192,30,Female,Medicare Advantage,West,1996-09-15
P000193,56,Female,Medicare,South,1969-08-15
P000194,82,Male,Medicaid,Midwest,1943-04-15
P000195,13,Male,Commercial,South,2012-09-15
P000196,63,Female,Medicare,Midwest,1963-07-15
P000197,65,Male,Self-Pay,West,1960-08-15
P000198,66,Female,Medicare,South,1959-04-15
P000199,87,Male,Commercial,South,1939-01-15
P000200,38,Male,Medicare,South,1988-05-15
P000201,30,Male,Commercial,South,1995-08-15
P000202,4,Female,Medicare Advantage,Midwest,2021-07-15
P000203,62,Male,Commercial,South,1964-04-15
P000204,59,Female,Self-Pay,South,1966-05-15
P000205,47,Female,Self-Pay,Northeast,1978-01-15
P000206,69,Female,Medicare Advantage,South,1956-09-15
P000207,14,Female,Medicare,Midwest,2011-11-15
P000208,37,Male,Self-Pay,Northeast,1989-10-15
P000209,72,Female,Commercial,Midwest,1954-11-15
P000210,3,Male,Self-Pay,Midwest,2022-09-15
P000211,43,Male,Medicare,Midwest,1982-05-15
P000212,35,Female,Medicare Advantage,West,1991-07-15
P000213,54,Male,Commercial,West,1971-12-15
P000214,86,Female,Medicare,Midwest,1940-10-15
P000215,54,Female,Commercial,South,1972-11-15
P000216,73,Female,Medicare Advantage,West,1953-01-15
P000217,1,Female,Medicaid,South,2025-06-15
P000218,27,Female,Self-Pay,Northeast,1999-06-15
P000219,18,Female,Medicare Advantage,Midwest,2007-03-15
P000220,40,Male,Medicaid,South,1986-07-15
P000221,22,Male,Medicare,South,2003-10-15
P000222,70,Male,Commercial,South,1956-09-15
P000223,85,Female,Medicaid,West,1941-09-15
P000224,72,Male,Commercial,West,1954-06-15
P000225,47,Female,Other,Midwest,1978-01-15
P000226,47,Male,Self-Pay,West,1979-04-15
P000227,87,Female,Medicare,West,1938-02-15
P000228,92,Male,Medicaid,South,1934-09-15
P000229,20,Female,Medicare,Midwest,2006-10-15
P000230,50,Female,Medicaid,Northeast,1975-11-15
P000231,24,Female,Medicaid,South,2001-02-15
P000232,79,Female,Self-Pay,South,1946-07-15
P000233,78,Male,Medicare Advantage,West,1948-10-15
P000234,96,Female,Commercial,South,1930-09-15
P000235,86,Male,Medicare Advantage,Northeast,1939-04-15
P000236,19,Female,Medicaid,Midwest,2006-12-15
P000237,31,Male,Medicare Advantage,Northeast,1994-05-15
P000238,48,Female,Medicaid,South,1977-06-15
P000239,42,Female,Medicare,West,1983-03-15
P000240,24,Male,Commercial,West,2001-07-15
P000241,47,Female,Medicare Advantage,South,1979-10-15
P000242,48,Male,Commercial,Northeast,1978-01-15
P000243,60,Male,Commercial,Northeast,1965-06-15
P000244,35,Male,Commercial,South,1990-01-15
P000245,89,Male,Commercial,Northeast,1937-11-15
P000246,28,Female,Medicare Advantage,South,1997-06-15
P000247,40,Male,Self-Pay,Northeast,1985-04-15
P000248,59,Female,Self-Pay,Northeast,1967-06-15
P000249,53,Female,Commercial,West,1973-05-15
P000250,38,Female,Medicaid,South,1988-05-15
P000251,48,Female,Medicare,Midwest,1978-08-15
P000252,21,Male,Medicare,Midwest,2004-07-15
P000253,29,Female,Medicare Advantage,Midwest,1996-01-15
P000254,43,Female,Self-Pay,Northeast,1982-06-15
P000255,23,Female,Medicaid,West,2003-01-15
P000256,34,Female,Medicare,South,1992-11-15
P000257,45,Female,Medicare,South,1981-05-15
P000258,51,Female,Medicaid,Northeast,1974-04-15
P000259,63,Male,Medicare Advantage,South,1962-12-15
P000260,94,Male,Medicaid,West,1932-09-15
P000261,44,Male,Medicare Advantage,Midwest,1981-10-15
P000262,34,Male,Commercial,South,1992-01-15
P000263,64,Male,Commercial,Midwest,1962-04-15
P000264,48,Male,Medicaid,South,1977-01-15
P000265,66,Male,Commercial,Midwest,1959-03-15
P000266,9,Female,Medicare,South,2016-11-15
P000267,75,Male,Medicare,Northeast,1950-01-15
P000268,37,Male,Medicaid,South,1989-02-15
P000269,76,Female,Commercial,Northeast,1949-05-15
P000270,33,Female,Medicaid,Northeast,1993-06-15
P000271,3,Female,Commercial,South,2023-05-15
P000272,68,Male,Medicare,West,1957-02-15
P000273,96,Male,Commercial,Midwest,1929-07-15
P000274,52,Male,Medicaid,West,1974-05-15
P000275,84,Female,Commercial,Midwest,1941-12-15
P000276,93,Male,Medicare,West,1933-10-15
P000277,62,Male,Medicare Advantage,South,1963-05-15
P000278,35,Female,Self-Pay,South,1991-03-15
P000279,31,Male,Commercial,West,1994-04-15
P000280,61,Male,Medicare,South,1965-05-15
P000281,47,Male,Commercial,West,1978-09-15
P000282,58,Female,Commercial,Midwest,1967-02-15
P000283,76,Female,Medicaid,Northeast,1949-06-15
P000284,62,Female,Commercial,Midwest,1964-06-15
P000285,39,Male,Medicaid,South,1986-01-15
P000286,32,Female,Commercial,Northeast,1994-07-15
P000287,41,Female,Commercial,West,1984-12-15
P000288,34,Female,Commercial,South,1992-12-15
P000289,59,Female,Medicare Advantage,Midwest,1966-09-15
P000290,24,Female,Other,Midwest,2001-03-15
P000291,26,Male,Medicaid,Northeast,2000-09-15
P000292,30,Female,Commercial,West,1996-04-15
P000293,74,Female,Medicare Advantage,Northeast,1952-08-15
P000294,21,Male,Medicaid,Northeast,2005-11-15
P000295,20,Female,Commercial,Northeast,2005-11-15
P000296,49,Male,Commercial,Northeast,1976-06-15
P000297,55,Female,Commercial,South,1970-09-15
P000298,50,Male,Medicare,South,1975-01-15
P000299,53,Female,Medicaid,Northeast,1972-05-15
P000300,78,Female,Medicare,South,1947-07-15
P000301,32,Female,Commercial,Midwest,1993-11-15
P000302,40,Female,Medicare,Midwest,1986-07-15
P000303,72,Female,Medicare Advantage,West,1953-06-15
P000304,34,Female,Medicare,South,1991-05-15
P000305,44,Male,Self-Pay,Northeast,1981-06-15
P000306,11,Female,Medicaid,Northeast,2014-02-15
P000307,44,Female,Medicare,West,1982-07-15
P000308,25,Male,Medicare,Midwest,2000-10-15
P000309,20,Female,Medicaid,Northeast,2006-08-15
P000310,68,Female,Medicare,Northeast,1958-11-15
P000311,86,Female,Medicaid,Midwest,1939-06-15
P000312,5,Male,Medicare,Midwest,2021-08-15
P000313,75,Male,Commercial,West,1951-12-15
P000314,41,Male,Medicare Advantage,West,1984-12-15
P000315,35,Female,Commercial,South,1991-02-15
P000316,68,Male,Medicare,South,1958-05-15
P000317,32,Female,Medicare,Northeast,1993-11-15
P000318,76,Male,Medicare,Midwest,1949-08-15
P000319,31,Female,Commercial,West,1995-01-15
P000320,34,Male,Medicare,Northeast,1992-12-15
P000321,43,Male,Medicare,Midwest,1982-07-15
P000322,79,Female,Medicare,Midwest,1946-05-15
P000323,72,Female,Medicaid,Midwest,1954-04-15
P000324,65,Male,Commercial,South,1960-01-15
P000325,48,Female,Commercial,South,1978-05-15
P000326,46,Female,Medicare,Midwest,1980-09-15
P000327,12,Female,Self-Pay,Midwest,2014-02-15
P000328,61,Female,Medicaid,West,1965-07-15
P000329,61,Male,Medicare Advantage,South,1965-11-15
P000330,35,Female,Self-Pay,South,1990-05-15
P000331,42,Male,Medicare,South,1984-10-15
P000332,67,Female,Medicare,Midwest,1958-11-15
P000333,38,Female,Medicaid,West,1988-05-15
P000334,54,Female,Medicare,Midwest,1972-12-15
P000335,75,Male,Medicare,South,1951-05-15
P000336,6,Female,Medicare,South,2020-11-15
P000337,72,Female,Workers Comp,Northeast,1953-12-15
P000338,61,Female,Commercial,South,1964-01-15
P000339,32,Male,Medicare Advantage,Northeast,1994-12-15
P000340,77,Male,Medicaid,South,1949-07-15
P000341,49,Male,Self-Pay,West,1976-07-15
P000342,78,Female,Commercial,South,1948-07-15
P000343,14,Male,Commercial,Northeast,2011-07-15
P000344,18,Female,Medicare Advantage,Northeast,2008-09-15
P000345,64,Male,Medicare,South,1961-06-15
P000346,42,Male,Commercial,Northeast,1984-03-15
P000347,60,Female,Commercial,South,1965-01-15
P000348,49,Female,Medicare Advantage,Midwest,1977-04-15
P000349,77,Female,Medicare,Northeast,1948-03-15
P000350,12,Female,Medicare,South,2014-11-15
P000351,73,Female,Medicare,Northeast,1952-06-15
P000352,28,Male,Self-Pay,Northeast,1997-04-15
P000353,59,Male,Medicare,Midwest,1966-02-15
P000354,53,Male,Medicare Advantage,Midwest,1972-06-15
P000355,30,Male,Medicare,West,1995-01-15
P000356,73,Male,Medicare Advantage,South,1952-12-15
P000357,53,Female,Medicare Advantage,South,1973-04-15
P000358,77,Female,Commercial,West,1949-04-15
P000359,53,Male,Medicaid,Midwest,1973-01-15
P000360,24,Female,Medicare,West,2002-10-15
P000361,30,Female,Self-Pay,South,1995-02-15
P000362,40,Female,Commercial,West,1986-08-15
P000363,94,Male,Commercial,West,1931-05-15
P000364,44,Female,Medicaid,South,1982-05-15
P000365,67,Male,Medicare,Midwest,1959-12-15
P000366,62,Male,Medicaid,South,1964-07-15
P000367,90,Female,Self-Pay,South,1935-01-15
P000368,39,Female,Workers Comp,South,1986-03-15
P000369,49,Female,Medicare Advantage,West,1977-06-15
P000370,61,Male,Medicare,South,1965-07-15
P000371,34,Female,Commercial,Northeast,1991-12-15
P000372,16,Female,Commercial,South,2010-12-15
P000373,66,Female,Medicare,West,1960-02-15
P000374,74,Female,Medicaid,Northeast,1952-07-15
P000375,90,Female,Medicare,West,1935-09-15
P000376,77,Male,Commercial,Midwest,1948-01-15
P000377,76,Female,Medicare,Midwest,1950-04-15
P000378,27,Male,Commercial,South,1998-01-15
P000379,66,Female,Commercial,South,1959-12-15
P000380,10,Female,Self-Pay,West,2016-05-15
P000381,36,Female,Medicaid,South,1989-02-15
P000382,24,Male,Medicare,South,2002-08-15
P000383,42,Female,Medicaid,Midwest,1984-01-15
P000384,82,Female,Commercial,South,1943-11-15
P000385,49,Male,Medicaid,West,1977-04-15
P000386,73,Female,Workers Comp,West,1952-01-15
P000387,1,Male,Medicare,Midwest,2025-07-15
P000388,87,Female,Commercial,Midwest,1938-08-15
P000389,32,Female,Medicare,South,1994-10-15
P000390,71,Female,Medicare Advantage,South,1955-07-15
P000391,72,Female,Commercial,South,1954-05-15
P000392,43,Male,Medicare,Midwest,1983-01-15
P000393,51,Female,Medicare,South,1975-12-15
P000394,42,Female,Commercial,South,1984-11-15
P000395,70,Male,Other,South,1956-01-15
P000396,54,Female,Medicaid,West,1972-05-15
P000397,13,Male,Commercial,Northeast,2013-05-15
P000398,49,Male,Medicaid,Northeast,1977-03-15
P000399,50,Female,Medicare,Midwest,1975-02-15
P000400,65,Male,Commercial,South,1961-05-15
P000401,44,Male,Medicare,West,1981-12-15
P000402,55,Male,Medicare,South,1970-10-15
P000403,83,Male,Self-Pay,West,1943-11-15
P000404,80,Female,Medicaid,South,1946-04-15
P000405,24,Male,Commercial,South,2001-07-15
P000406,72,Male,Medicaid,Midwest,1953-06-15
P000407,65,Male,Medicaid,Midwest,1961-10-15
P000408,43,Male,Medicaid,Northeast,1982-05-15
P000409,33,Female,Medicare,Northeast,1993-10-15
P000410,45,Male,Commercial,West,1981-01-15
P000411,64,Male,Medicaid,South,1962-04-15
P000412,67,Male,Medicare Advantage,Midwest,1958-07-15
P000413,57,Female,Commercial,South,1969-03-15
P000414,96,Female,Medicare,South,1929-07-15
P000415,36,Male,Medicare,Northeast,1990-05-15
P000416,14,Female,Other,West,2012-10-15
P000417,68,Female,Medicare,Northeast,1958-03-15
P000418,70,Male,Commercial,South,1956-08-15
P000419,50,Male,Commercial,Northeast,1976-01-15
P000420,87,Female,Medicaid,South,1939-12-15
P000421,60,Female,Medicare,South,1965-02-15
P000422,47,Female,Commercial,Northeast,1978-05-15
P000423,46,Female,Commercial,West,1980-09-15
P000424,6,Female,Medicare Advantage,Midwest,2020-03-15
P000425,9,Female,Medicare,West,2017-08-15
P000426,39,Male,Medicare,South,1986-05-15
P000427,28,Female,Medicare Advantage,West,1998-06-15
P000428,32,Male,Medicaid,South,1994-10-15
P000429,10,Female,Commercial,South,2015-06-15
P000430,88,Female,Medicare,South,1938-06-15
P000431,6,Male,Commercial,South,2019-04-15
P000432,70,Male,Medicare,Northeast,1956-03-15
P000433,83,Male,Medicare,Midwest,1943-06-15
P000434,47,Female,Self-Pay,South,1978-08-15
P000435,32,Male,Self-Pay,Northeast,1994-08-15
P000436,35,Female,Medicaid,Midwest,1990-08-15
P000437,34,Female,Medicare,South,1991-06-15
P000438,32,Female,Commercial,Northeast,1994-02-15
P000439,54,Male,Commercial,Midwest,1972-04-15
P000440,53,Male,Medicaid,Midwest,1973-03-15
P000441,9,Male,Commercial,South,2017-04-15
P000442,73,Female,Medicaid,Midwest,1953-12-15
P000443,57,Male,Medicaid,Midwest,1969-08-15
P000444,25,Female,Commercial,South,2000-03-15
P000445,55,Male,Medicaid,West,1971-12-15
P000446,54,Female,Medicaid,South,1972-10-15
P000447,62,Female,Commercial,West,1964-10-15
P000448,35,Female,Self-Pay,West,1990-06-15
P000449,12,Female,Medicare Advantage,Midwest,2014-04-15
P000450,19,Male,Medicare,South,2007-04-15
P000451,10,Male,Medicare,West,2016-10-15
P000452,36,Male,Medicaid,Northeast,1989-04-15
P000453,38,Female,Medicare Advantage,West,1988-09-15
P000454,1,Male,Medicare Advantage,Midwest,2025-04-15
P000455,80,Female,Medicare,Northeast,1946-09-15
P000456,64,Male,Medicare,Midwest,1961-06-15
P000457,57,Male,Commercial,Midwest,1969-06-15
P000458,33,Male,Medicare,Midwest,1992-04-15
P000459,63,Male,Medicare Advantage,South,1962-11-15
P000460,84,Male,Medicare,Northeast,1941-10-15
P000461,9,Female,Self-Pay,Midwest,2016-11-15
P000462,96,Male,Medicare,Midwest,1929-03-15
P000463,5,Female,Medicare,South,2021-11-15
P000464,28,Female,Medicare,Northeast,1998-04-15
P000465,82,Male,Medicare Advantage,South,1944-09-15
P000466,95,Female,Medicare Advantage,West,1930-04-15
P000467,96,Male,Workers Comp,Midwest,1929-12-15
P000468,70,Male,Medicaid,West,1956-04-15
P000469,10,Male,Workers Comp,Midwest,2015-02-15
P000470,46,Male,Medicare,South,1980-04-15
P000471,60,Male,Commercial,South,1965-12-15
P000472,39,Female,Medicare,South,1987-08-15
P000473,1,Female,Medicare Advantage,Midwest,2025-11-15
P000474,59,Male,Commercial,South,1966-01-15
P000475,70,Female,Medicare,West,1955-07-15
P000476,39,Female,Commercial,West,1986-11-15
P000477,66,Female,Medicare,Northeast,1960-04-15
P000478,78,Female,Medicare,Northeast,1948-04-15
P000479,74,Male,Medicare,Midwest,1951-01-15
P000480,65,Male,Medicare,South,1961-05-15
P000481,19,Male,Medicaid,South,2006-10-15
P000482,46,Female,Medicare Advantage,West,1979-07-15
P000483,46,Female,Medicare,West,1980-08-15
P000484,25,Female,Commercial,Northeast,2000-05-15
P000485,75,Female,Medicare,West,1951-01-15
P000486,79,Female,Other,South,1947-01-15
P000487,44,Male,Medicaid,Midwest,1981-05-15
P000488,6,Female,Medicare Advantage,Midwest,2020-10-15
P000489,77,Other,Medicare,South,1948-04-15
P000490,87,Male,Medicare,Midwest,1938-04-15
P000491,79,Male,Commercial,West,1947-10-15
P000492,79,Male,Medicare Advantage,Northeast,1946-02-15
P000493,53,Male,Commercial,South,1973-02-15
P000494,67,Male,Medicare,Midwest,1959-02-15
P000495,58,Male,Commercial,West,1968-12-15
P000496,78,Male,Medicare Advantage,South,1948-10-15
P000497,46,Female,Medicaid,South,1980-07-15
P000498,25,Male,Commercial,South,2001-01-15
P000499,33,Male,Medicare,South,1993-05-15
P000500,34,Female,Medicare,South,1992-03-15
P000501,50,Female,Self-Pay,South,1976-08-15
P000502,51,Female,Medicare,Northeast,1974-08-15
P000503,61,Female,Medicare,South,1964-12-15
P000504,60,Female,Commercial,West,1966-01-15
P000505,58,Female,Medicare,Northeast,1968-09-15
P000506,74,Male,Medicaid,Midwest,1951-03-15
P000507,3,Female,Medicare Advantage,South,2023-06-15
P000508,83,Female,Commercial,South,1942-01-15
P000509,48,Male,Medicare,South,1978-01-15
P000510,22,Female,Medicaid,West,2004-10-15
P000511,46,Male,Medicare,West,1979-08-15
P000512,43,Male,Commercial,South,1982-03-15
P000513,27,Male,Self-Pay,Midwest,1999-05-15
P000514,61,Male,Medicare Advantage,West,1964-12-15
P000515,36,Female,Medicare,South,1990-04-15
P000516,62,Female,Medicare,West,1964-08-15
P000517,22,Female,Commercial,West,2003-11-15
P000518,14,Female,Commercial,Midwest,2011-11-15
P000519,57,Male,Medicare Advantage,South,1968-11-15
P000520,75,Male,Other,South,1951-03-15
P000521,24,Female,Medicare Advantage,West,2002-07-15
P000522,78,Female,Medicare,South,1947-01-15
P000523,12,Female,Medicare,South,2013-12-15
P000524,31,Female,Commercial,West,1995-05-15
P000525,27,Male,Commercial,West,1999-03-15
P000526,62,Male,Medicare,Midwest,1964-08-15
P000527,69,Female,Medicare,Midwest,1956-01-15
P000528,6,Male,Medicaid,Northeast,2019-07-15
P000529,64,Male,Medicare,Midwest,1961-12-15
P000530,95,Female,Medicaid,Northeast,1931-11-15
P000531,49,Male,Commercial,West,1976-02-15
P000532,37,Male,Self-Pay,Midwest,1989-02-15
P000533,40,Male,Commercial,Midwest,1985-07-15
P000534,71,Male,Medicare,Northeast,1955-09-15
P000535,59,Male,Self-Pay,Midwest,1966-10-15
P000536,70,Male,Medicare Advantage,West,1956-01-15
P000537,62,Female,Medicare,South,1963-12-15
P000538,52,Female,Medicare,Northeast,1974-05-15
P000539,25,Female,Commercial,South,2000-08-15
P000540,58,Female,Commercial,South,1967-11-15
P000541,69,Female,Medicaid,South,1956-06-15
P000542,35,Male,Commercial,West,1991-10-15
P000543,60,Male,Medicare Advantage,South,1966-11-15
P000544,26,Female,Commercial,South,2000-04-15
P000545,82,Female,Medicaid,West,1944-11-15
P000546,71,Female,Medicare Advantage,South,1954-03-15
P000547,62,Female,Medicare,Northeast,1963-05-15
P000548,96,Female,Workers Comp,Northeast,1929-12-15
P000549,38,Male,Medicare Advantage,West,1988-10-15
P000550,71,Male,Medicare Advantage,Midwest,1954-10-15
P000551,55,Male,Medicare Advantage,Midwest,1971-01-15
P000552,78,Female,Medicaid,South,1947-12-15
P000553,43,Female,Other,West,1983-06-15
P000554,24,Male,Medicare,Midwest,2001-06-15
P000555,39,Male,Commercial,West,1986-05-15
P000556,89,Female,Medicare,West,1936-04-15
P000557,76,Male,Medicare,Midwest,1949-12-15
P000558,44,Female,Commercial,Northeast,1982-05-15
P000559,58,Female,Medicare,West,1967-01-15
P000560,51,Female,Commercial,West,1974-03-15
P000561,50,Female,Commercial,West,1976-08-15
P000562,55,Male,Medicare,Northeast,1970-06-15
P000563,54,Male,Other,West,1972-09-15
P000564,68,Female,Commercial,Midwest,1958-10-15
P000565,26,Male,Medicare,West,1999-05-15
P000566,64,Male,Medicare,West,1961-08-15
P000567,60,Male,Medicare,South,1966-07-15
P000568,70,Male,Medicaid,South,1956-09-15
P000569,67,Male,Medicaid,South,1958-01-15
P000570,19,Female,Commercial,Midwest,2006-02-15
P000571,80,Male,Medicare,West,1946-12-15
P000572,71,Female,Medicaid,South,1954-01-15
P000573,57,Male,Commercial,Midwest,1968-09-15
P000574,33,Male,Medicaid,South,1993-12-15
P000575,49,Male,Workers Comp,Northeast,1977-09-15
P000576,13,Male,Medicare,Northeast,2013-02-15
P000577,39,Female,Medicare,Midwest,1986-08-15
P000578,68,Male,Medicare,South,1957-02-15
P000579,57,Female,Medicaid,West,1969-10-15
P000580,42,Male,Medicaid,Northeast,1983-01-15
P000581,43,Female,Medicare,West,1982-08-15
P000582,89,Male,Medicare Advantage,Midwest,1936-07-15
P000583,71,Male,Medicare,Midwest,1954-06-15
P000584,87,Female,Medicare Advantage,Northeast,1938-08-15
P000585,74,Male,Commercial,South,1952-04-15
P000586,3,Female,Medicare,West,2022-02-15
P000587,78,Female,Commercial,South,1947-09-15
P000588,49,Female,Medicare,South,1977-06-15
P000589,37,Female,Medicare,West,1988-11-15
P000590,27,Female,Medicare,South,1998-02-15
P000591,74,Female,Commercial,Midwest,1951-11-15
P000592,79,Female,Medicaid,South,1946-01-15
P000593,75,Male,Commercial,Northeast,1950-08-15
P000594,76,Male,Medicare,West,1950-09-15
P000595,38,Female,Medicare,South,1987-08-15
P000596,79,Female,Medicaid,West,1947-12-15
P000597,53,Female,Commercial,West,1972-06-15
P000598,78,Female,Medicare,West,1947-09-15
P000599,48,Female,Medicare,West,1977-04-15
P000600,28,Male,Medicare Advantage,South,1997-10-15
P000601,76,Male,Commercial,Northeast,1949-07-15
P000602,77,Male,Commercial,Midwest,1948-06-15
P000603,41,Female,Workers Comp,West,1985-10-15
P000604,39,Male,Medicare Advantage,South,1986-04-15
P000605,71,Female,Other,West,1955-04-15
P000606,62,Female,Commercial,Northeast,1964-08-15
P000607,93,Female,Commercial,South,1932-09-15
P000608,89,Female,Medicaid,Midwest,1937-03-15
P000609,1,Female,Medicare Advantage,Northeast,2025-02-15
P000610,62,Female,Medicare,West,1963-07-15
P000611,66,Female,Commercial,Midwest,1960-03-15
P000612,1,Male,Medicare,South,2025-03-15
P000613,73,Male,Medicaid,Northeast,1953-08-15
P000614,40,Female,Medicare,Northeast,1986-02-15
P000615,85,Male,Medicare Advantage,South,1941-06-15
P000616,33,Female,Commercial,South,1992-11-15
P000617,93,Female,Medicare Advantage,South,1933-06-15
P000618,62,Male,Medicaid,Midwest,1963-11-15
P000619,29,Female,Commercial,Northeast,1997-04-15
P000620,13,Female,Commercial,West,2012-10-15
P000621,53,Male,Self-Pay,South,1972-08-15
P000622,43,Male,Medicaid,Northeast,1982-10-15
P000623,13,Male,Medicare,South,2013-11-15
P000624,79,Male,Workers Comp,Northeast,1947-10-15
P000625,20,Male,Medicare Advantage,Midwest,2006-04-15
P000626,28,Male,Medicare,South,1998-07-15
P000627,9,Male,Medicare,South,2017-03-15
P000628,67,Female,Commercial,West,1959-08-15
P000629,67,Female,Medicare,South,1958-03-15
P000630,90,Male,Medicaid,South,1936-01-15
P000631,59,Male,Medicare Advantage,Northeast,1967-03-15
P000632,68,Female,Medicare,Midwest,1957-09-15
P000633,18,Male,Medicaid,South,2007-01-15
P000634,72,Female,Medicare,Northeast,1953-10-15
P000635,68,Female,Commercial,Northeast,1958-04-15
P000636,50,Female,Self-Pay,West,1976-03-15
P000637,62,Female,Commercial,Northeast,1964-04-15
P000638,88,Female,Commercial,South,1937-05-15
P000639,14,Male,Medicare,Midwest,2012-09-15
P000640,43,Female,Medicaid,West,1983-12-15
P000641,75,Female,Medicaid,West,1950-08-15
P000642,32,Male,Other,Northeast,1994-07-15
P000643,73,Female,Commercial,West,1953-10-15
P000644,82,Female,Medicare,West,1943-10-15
P000645,58,Female,Medicare,South,1968-11-15
P000646,57,Female,Medicare Advantage,Midwest,1968-01-15
P000647,2,Female,Medicaid,West,2023-02-15
P000648,23,Other,Medicaid,Midwest,2002-07-15
P000649,13,Male,Commercial,West,2013-08-15
P000650,24,Male,Medicaid,South,2002-06-15
P000651,74,Female,Commercial,Midwest,1951-07-15
P000652,83,Male,Medicaid,South,1943-07-15
P000653,49,Male,Commercial,Midwest,1977-01-15
P000654,7,Male,Medicaid,West,2019-12-15
P000655,72,Male,Medicare,South,1954-05-15
P000656,3,Female,Medicare,South,2023-01-15
P000657,25,Female,Medicare,Midwest,2000-07-15
P000658,24,Female,Commercial,West,2002-06-15
P000659,7,Female,Medicare,Northeast,2019-03-15
P000660,61,Female,Medicare,South,1964-01-15
P000661,59,Female,Medicare,South,1966-10-15
P000662,56,Male,Commercial,South,1970-01-15
P000663,54,Female,Self-Pay,Northeast,1972-05-15
P000664,31,Female,Medicaid,Midwest,1995-11-15
P000665,77,Male,Medicare Advantage,Midwest,1949-07-15
P000666,31,Female,Commercial,South,1994-06-15
P000667,39,Female,Self-Pay,Midwest,1987-01-15
P000668,44,Female,Medicare Advantage,Midwest,1982-10-15
P000669,74,Female,Medicare,South,1952-04-15
P000670,46,Female,Medicare,West,1980-04-15
P000671,76,Female,Medicare,Northeast,1949-05-15
P000672,2,Female,Commercial,South,2023-12-15
P000673,55,Male,Medicare,Northeast,1970-06-15
P000674,44,Male,Medicare,South,1982-09-15
P000675,71,Male,Medicare Advantage,South,1954-12-15
P000676,86,Male,Medicare,Northeast,1940-03-15
P000677,64,Male,Medicare,Northeast,1961-07-15
P000678,63,Female,Self-Pay,South,1963-08-15
P000679,46,Female,Medicaid,Midwest,1979-08-15
P000680,37,Female,Commercial,Midwest,1988-04-15
P000681,40,Male,Commercial,South,1985-08-15
P000682,95,Female,Medicare,Northeast,1930-02-15
P000683,61,Male,Self-Pay,South,1964-08-15
P000684,57,Female,Commercial,Midwest,1969-09-15
P000685,88,Female,Medicare Advantage,West,1938-06-15
P000686,34,Female,Medicare,West,1992-02-15
P000687,20,Male,Medicare,Midwest,2005-09-15
P000688,88,Male,Commercial,Northeast,1938-06-15
P000689,57,Female,Commercial,South,1969-12-15
P000690,58,Male,Commercial,Midwest,1967-07-15
P000691,69,Female,Medicare,South,1957-07-15
P000692,54,Male,Medicare,South,1972-10-15
P000693,45,Male,Commercial,South,1980-07-15
P000694,42,Male,Commercial,Northeast,1984-01-15
P000695,26,Female,Commercial,South,1999-05-15
P000696,23,Female,Medicaid,Northeast,2003-11-15
P000697,32,Female,Medicare,Northeast,1993-09-15
P000698,24,Female,Commercial,South,2001-03-15
P000699,56,Female,Medicare,South,1970-04-15
P000700,49,Male,Medicaid,Northeast,1976-09-15
P000701,91,Male,Medicaid,South,1935-09-15
P000702,20,Female,Medicare Advantage,West,2006-04-15
P000703,72,Female,Medicare,West,1954-01-15
P000704,65,Male,Medicare,South,1961-03-15
P000705,77,Female,Commercial,Midwest,1948-02-15
P000706,51,Female,Medicare,Midwest,1974-01-15
P000707,76,Female,Medicare,West,1950-02-15
P000708,72,Female,Medicaid,South,1953-02-15
P000709,19,Female,Medicaid,Northeast,2007-02-15
P000710,50,Male,Self-Pay,Northeast,1975-04-15
P000711,24,Male,Medicare,Midwest,2001-04-15
P000712,28,Male,Medicare Advantage,Midwest,1998-01-15
P000713,50,Female,Medicaid,West,1975-09-15
P000714,63,Male,Medicare,South,1962-03-15
P000715,33,Male,Medicare Advantage,South,1993-02-15
P000716,21,Male,Medicare,South,2004-06-15
P000717,13,Female,Self-Pay,West,2012-04-15
P000718,82,Male,Commercial,West,1943-02-15
P000719,50,Female,Self-Pay,West,1975-05-15
P000720,20,Female,Commercial,Midwest,2005-04-15
P000721,78,Female,Medicare,Northeast,1947-04-15
P000722,74,Female,Self-Pay,West,1952-05-15
P000723,82,Male,Commercial,Northeast,1944-06-15
P000724,3,Female,Self-Pay,Northeast,2023-02-15
P000725,79,Male,Medicare,West,1947-09-15
P000726,26,Female,Medicare,South,1999-06-15
P000727,77,Male,Medicare,West,1948-05-15
P000728,79,Female,Medicare,Midwest,1946-06-15
P000729,33,Male,Medicare Advantage,South,1993-06-15
P000730,78,Female,Medicaid,South,1947-01-15
P000731,74,Male,Medicare,South,1952-04-15
P000732,59,Female,Medicare,South,1966-12-15
P000733,53,Female,Medicare Advantage,West,1973-03-15
P000734,67,Female,Commercial,South,1959-03-15
P000735,65,Female,Commercial,South,1961-08-15
P000736,45,Male,Medicare Advantage,Midwest,1980-05-15
P000737,57,Male,Medicare Advantage,West,1968-12-15
P000738,83,Female,Medicaid,South,1942-06-15
P000739,76,Male,Medicare,South,1950-10-15
P000740,48,Female,Commercial,West,1978-02-15
P000741,65,Female,Other,Midwest,1960-11-15
P000742,40,Male,Medicare Advantage,West,1986-08-15
P000743,45,Female,Medicare Advantage,West,1980-02-15
P000744,77,Male,Medicare,South,1949-11-15
P000745,36,Male,Medicare,South,1989-08-15
P000746,64,Female,Medicare,Northeast,1962-08-15
P000747,23,Female,Workers Comp,South,2002-08-15
P000748,46,Male,Commercial,Midwest,1979-07-15
P000749,77,Male,Self-Pay,Midwest,1948-10-15
P000750,71,Male,Medicare,West,1955-06-15
P000751,71,Female,Commercial,South,1955-11-15
P000752,61,Male,Medicare,Northeast,1965-02-15
P000753,75,Male,Medicaid,South,1951-06-15
P000754,82,Male,Medicare,South,1943-06-15
P000755,47,Male,Medicare,West,1978-06-15
P000756,37,Female,Medicare,West,1989-09-15
P000757,61,Female,Medicare,West,1965-01-15
P000758,68,Female,Medicare Advantage,South,1957-06-15
P000759,71,Male,Medicare,South,1955-10-15
P000760,64,Female,Medicare,Northeast,1962-11-15
P000761,61,Female,Commercial,South,1965-11-15
P000762,46,Male,Commercial,Midwest,1980-11-15
P000763,69,Male,Medicare,South,1957-09-15
P000764,67,Female,Medicare Advantage,Northeast,1959-08-15
P000765,35,Male,Medicaid,South,1991-11-15
P000766,21,Female,Commercial,South,2005-05-15
P000767,62,Female,Commercial,West,1964-01-15
P000768,53,Female,Commercial,Northeast,1972-01-15
P000769,45,Female,Medicare,West,1980-03-15
P000770,61,Female,Commercial,South,1965-05-15
P000771,3,Female,Commercial,Midwest,2022-06-15
P000772,79,Male,Commercial,South,1947-12-15
P000773,49,Female,Medicare,Northeast,1976-06-15
P000774,47,Female,Self-Pay,South,1979-09-15
P000775,33,Male,Medicaid,South,1992-09-15
P000776,20,Female,Medicare,South,2006-01-15
P000777,60,Male,Commercial,South,1966-05-15
P000778,43,Female,Commercial,West,1982-12-15
P000779,64,Female,Medicare Advantage,West,1962-08-15
P000780,43,Male,Commercial,Midwest,1983-12-15
P000781,29,Male,Commercial,West,1997-10-15
P000782,27,Male,Commercial,South,1999-09-15
P000783,73,Female,Medicaid,West,1953-08-15
P000784,79,Female,Self-Pay,South,1946-09-15
P000785,57,Male,Commercial,South,1968-03-15
P000786,29,Male,Medicare,Midwest,1996-03-15
P000787,47,Female,Medicare,South,1979-07-15
P000788,46,Female,Medicare Advantage,West,1980-01-15
P000789,13,Male,Medicaid,Northeast,2013-07-15
P000790,76,Female,Medicaid,Northeast,1949-03-15
P000791,89,Male,Commercial,South,1937-01-15
P000792,55,Female,Commercial,South,1971-10-15
P000793,1,Male,Medicare Advantage,Midwest,2024-11-15
P000794,47,Female,Other,Midwest,1978-12-15
P000795,73,Male,Medicare,West,1952-12-15
P000796,69,Male,Commercial,South,1956-05-15
P000797,65,Male,Medicare Advantage,Midwest,1960-09-15
P000798,78,Female,Medicare,Northeast,1947-08-15
P000799,44,Female,Self-Pay,Midwest,1981-11-15
P000800,40,Male,Medicare,South,1986-08-15
P000801,67,Male,Medicare,South,1959-05-15
P000802,68,Female,Commercial,South,1958-10-15
P000803,44,Female,Medicare,Midwest,1982-10-15
P000804,87,Female,Commercial,South,1938-11-15
P000805,78,Male,Medicaid,Northeast,1948-09-15
P000806,45,Female,Medicaid,Midwest,1981-08-15
P000807,49,Female,Medicare,West,1977-03-15
P000808,35,Male,Commercial,South,1991-04-15
P000809,22,Female,Medicaid,West,2003-12-15
P000810,86,Male,Medicare,South,1940-04-15
P000811,23,Male,Commercial,South,2002-05-15
P000812,61,Male,Medicare Advantage,South,1965-07-15
P000813,57,Female,Medicare,West,1968-05-15
P000814,7,Female,Medicare,West,2019-08-15
P000815,61,Female,Commercial,West,1964-11-15
P000816,62,Male,Self-Pay,South,1963-09-15
P000817,24,Female,Medicare Advantage,Northeast,2001-05-15
P000818,68,Male,Medicaid,West,1958-02-15
P000819,20,Male,Commercial,Northeast,2006-08-15
P000820,24,Male,Commercial,Northeast,2001-07-15
P000821,35,Female,Other,Midwest,1991-11-15
P000822,78,Female,Medicaid,West,1948-05-15
P000823,69,Female,Medicaid,Northeast,1957-11-15
P000824,61,Male,Medicare,Midwest,1964-05-15
P000825,49,Male,Medicare Advantage,South,1977-12-15
P000826,9,Male,Medicaid,West,2017-07-15
P000827,51,Female,Self-Pay,Northeast,1974-10-15
P000828,76,Male,Commercial,South,1950-01-15
P000829,91,Female,Medicare,West,1935-12-15
P000830,29,Male,Commercial,South,1997-11-15
P000831,4,Male,Medicare,West,2022-12-15
P000832,76,Male,Medicare,Northeast,1950-11-15
P000833,73,Female,Commercial,South,1953-05-15
P000834,18,Male,Self-Pay,West,2007-09-15
P000835,18,Female,Commercial,Midwest,2007-06-15
P000836,79,Female,Medicaid,South,1947-08-15
P000837,41,Male,Other,West,1984-08-15
P000838,32,Female,Medicare,Midwest,1994-02-15
P000839,32,Male,Medicare Advantage,West,1994-09-15
P000840,63,Female,Medicare,Northeast,1963-05-15
P000841,63,Female,Medicare Advantage,Midwest,1963-01-15
P000842,43,Female,Medicare Advantage,West,1982-07-15
P000843,42,Female,Medicare Advantage,Northeast,1983-01-15
P000844,32,Female,Commercial,Midwest,1993-09-15
P000845,37,Male,Medicare Advantage,West,1989-11-15
P000846,42,Female,Commercial,South,1983-07-15
P000847,63,Male,Commercial,Midwest,1963-07-15
P000848,23,Male,Medicare,South,2002-06-15
P000849,74,Male,Commercial,South,1951-05-15
P000850,70,Male,Medicare Advantage,South,1956-05-15
P000851,39,Female,Commercial,South,1987-09-15
P000852,50,Female,Commercial,Midwest,1976-07-15
P000853,79,Male,Medicaid,Northeast,1947-01-15
P000854,43,Female,Medicare Advantage,Northeast,1983-02-15
P000855,41,Male,Self-Pay,South,1984-10-15
P000856,33,Female,Other,South,1992-06-15
P000857,76,Male,Medicaid,Northeast,1950-04-15
P000858,30,Female,Medicare,South,1996-08-15
P000859,68,Female,Medicare Advantage,South,1957-06-15
P000860,70,Female,Commercial,Northeast,1956-01-15
P000861,15,Female,Commercial,West,2010-08-15
P000862,39,Female,Commercial,South,1987-08-15
P000863,42,Female,Medicaid,Northeast,1983-12-15
P000864,42,Male,Medicaid,South,1984-02-15
P000865,46,Male,Medicare,Northeast,1979-01-15
P000866,91,Female,Workers Comp,West,1935-08-15
P000867,75,Male,Medicare,Midwest,1951-09-15
P000868,27,Female,Medicare,Midwest,1999-12-15
P000869,63,Male,Medicare,South,1963-11-15
P000870,29,Male,Self-Pay,South,1997-05-15
P000871,37,Female,Commercial,South,1988-04-15
P000872,88,Female,Commercial,South,1938-11-15
P000873,58,Male,Commercial,Midwest,1968-03-15
P000874,24,Female,Medicaid,South,2001-11-15
P000875,51,Male,Medicare,South,1975-10-15
P000876,93,Male,Medicare Advantage,South,1932-09-15
P000877,77,Female,Medicare Advantage,South,1949-03-15
P000878,74,Male,Medicare,West,1951-10-15
P000879,16,Female,Medicare Advantage,West,2009-07-15
P000880,29,Female,Medicare Advantage,West,1997-05-15
P000881,20,Male,Other,Midwest,2006-04-15
P000882,67,Female,Commercial,West,1959-07-15
P000883,54,Female,Medicare,Midwest,1971-01-15
P000884,48,Female,Medicare,Northeast,1978-04-15
P000885,75,Female,Commercial,South,1951-05-15
P000886,73,Male,Commercial,South,1953-03-15
P000887,43,Female,Medicare Advantage,West,1983-11-15
P000888,31,Male,Medicaid,Northeast,1995-02-15
P000889,45,Male,Commercial,West,1980-08-15
P000890,46,Male,Medicare Advantage,South,1979-10-15
P000891,29,Male,Medicare Advantage,Midwest,1996-08-15
P000892,65,Female,Commercial,South,1960-11-15
P000893,54,Female,Commercial,South,1971-11-15
P000894,92,Female,Commercial,West,1933-08-15
P000895,95,Male,Medicare,Northeast,1930-04-15
P000896,43,Male,Commercial,Northeast,1982-10-15
P000897,92,Male,Workers Comp,South,1933-01-15
P000898,23,Male,Medicare,West,2002-11-15
P000899,40,Male,Medicaid,Midwest,1986-06-15
P000900,66,Female,Medicare Advantage,Midwest,1959-02-15
P000901,45,Male,Medicaid,Midwest,1981-12-15
P000902,75,Male,Self-Pay,West,1950-05-15
P000903,18,Female,Medicaid,South,2008-10-15
P000904,96,Female,Medicare,South,1929-12-15
P000905,38,Female,Other,South,1988-12-15
P000906,91,Female,Medicare,South,1935-08-15
P000907,49,Male,Medicare,Northeast,1977-03-15
P000908,33,Female,Medicare,Northeast,1993-11-15
P000909,36,Male,Medicare Advantage,Midwest,1989-11-15
P000910,18,Male,Medicare,Northeast,2008-09-15
P000911,63,Male,Self-Pay,West,1963-05-15
P000912,25,Female,Commercial,Midwest,2000-12-15
P000913,27,Female,Medicare Advantage,Midwest,1998-10-15
P000914,54,Female,Medicaid,West,1971-01-15
P000915,52,Female,Medicare,South,1973-07-15
P000916,17,Male,Medicare,Northeast,2009-07-15
P000917,44,Male,Workers Comp,West,1981-07-15
P000918,51,Female,Workers Comp,South,1974-05-15
P000919,85,Female,Medicaid,West,1941-02-15
P000920,79,Male,Medicaid,Midwest,1946-06-15
P000921,47,Female,Commercial,Midwest,1978-04-15
P000922,69,Male,Medicaid,South,1957-09-15
P000923,47,Female,Commercial,West,1979-09-15
P000924,39,Male,Commercial,South,1986-11-15
P000925,78,Male,Medicare,West,1947-10-15
P000926,47,Male,Self-Pay,Northeast,1979-01-15
P000927,63,Male,Commercial,Northeast,1963-12-15
P000928,68,Male,Medicare,South,1958-03-15
P000929,41,Male,Commercial,Midwest,1985-04-15
P000930,39,Male,Commercial,West,1986-03-15
P000931,93,Male,Commercial,South,1932-11-15
P000932,11,Male,Commercial,South,2015-07-15
P000933,78,Other,Medicare Advantage,Midwest,1947-05-15
P000934,43,Female,Medicare Advantage,South,1982-11-15
P000935,33,Male,Medicare,Midwest,1992-06-15
P000936,63,Male,Commercial,South,1962-02-15
P000937,30,Female,Medicaid,Midwest,1996-02-15
P000938,8,Female,Commercial,South,2017-11-15
P000939,0,Male,Commercial,South,2025-10-15
P000940,35,Male,Medicare,West,1990-08-15
P000941,78,Female,Medicare,Midwest,1948-05-15
P000942,61,Male,Medicare Advantage,Midwest,1965-03-15
P000943,25,Female,Workers Comp,South,2000-08-15
P000944,57,Female,Workers Comp,Midwest,1969-05-15
P000945,19,Female,Medicare,South,2007-10-15
P000946,63,Female,Medicaid,South,1963-03-15
P000947,21,Male,Self-Pay,South,2005-09-15
P000948,40,Female,Commercial,Northeast,1985-06-15
P000949,67,Female,Commercial,Midwest,1959-03-15
P000950,66,Female,Commercial,Midwest,1959-01-15
P000951,27,Male,Medicare,Northeast,1998-03-15
P000952,72,Female,Medicaid,South,1954-02-15
P000953,37,Female,Medicaid,South,1988-08-15
P000954,52,Male,Commercial,South,1974-11-15
P000955,41,Male,Medicaid,South,1985-03-15
P000956,77,Male,Commercial,Midwest,1949-12-15
P000957,74,Female,Medicaid,South,1952-12-15
P000958,47,Female,Commercial,Midwest,1979-11-15
P000959,73,Male,Commercial,South,1952-02-15
P000960,20,Male,Commercial,Midwest,2005-09-15
P000961,49,Male,Commercial,Northeast,1976-03-15
P000962,52,Male,Commercial,South,1973-03-15
P000963,67,Female,Medicaid,Northeast,1959-05-15
P000964,34,Female,Self-Pay,Northeast,1992-11-15
P000965,75,Male,Medicare,Northeast,1951-01-15
P000966,31,Male,Commercial,South,1995-10-15
P000967,67,Female,Medicare,Northeast,1958-08-15
P000968,29,Female,Commercial,South,1997-03-15
P000969,28,Male,Commercial,Midwest,1997-01-15
P000970,22,Female,Medicare Advantage,Northeast,2004-12-15
P000971,69,Female,Commercial,South,1956-09-15
P000972,83,Male,Commercial,West,1942-01-15
P000973,96,Female,Medicaid,Northeast,1930-07-15
P000974,19,Female,Medicaid,South,2006-07-15
P000975,27,Male,Medicare Advantage,South,1998-12-15
P000976,22,Male,Medicaid,Midwest,2004-11-15
P000977,55,Male,Other,South,1970-11-15
P000978,55,Male,Commercial,South,1971-12-15
P000979,34,Female,Medicare,South,1992-01-15
P000980,74,Female,Commercial,South,1952-05-15
P000981,22,Male,Commercial,South,2003-11-15
P000982,83,Male,Commercial,West,1943-05-15
P000983,50,Female,Medicare,Midwest,1975-11-15
P000984,39,Male,Self-Pay,South,1986-03-15
P000985,77,Female,Medicaid,South,1948-11-15
P000986,73,Female,Commercial,Northeast,1952-09-15
P000987,40,Male,Medicaid,Midwest,1985-12-15
P000988,55,Male,Commercial,Midwest,1971-05-15
P000989,33,Male,Self-Pay,South,1993-11-15
P000990,44,Female,Self-Pay,South,1982-02-15
P000991,73,Male,Medicare Advantage,South,1953-06-15
P000992,45,Male,Medicaid,Midwest,1980-03-15
P000993,76,Male,Commercial,West,1950-03-15
P000994,24,Male,Medicare,West,2002-03-15
P000995,39,Female,Self-Pay,West,1987-03-15
P000996,71,Female,Other,West,1954-04-15
P000997,60,Male,Medicare,West,1965-08-15
P000998,61,Female,Commercial,Midwest,1964-03-15
P000999,54,Male,Medicare,Northeast,1972-12-15
P001000,22,Male,Medicare Advantage,West,2003-11-15
P001001,94,Male,Medicaid,South,1931-04-15
P001002,63,Male,Medicare,South,1962-12-15
P001003,29,Female,Commercial,Midwest,1996-02-15
P001004,40,Male,Commercial,South,1986-12-15
P001005,64,Male,Medicaid,South,1961-01-15
P001006,1,Male,Medicare,West,2024-12-15
P001007,43,Male,Medicaid,West,1982-02-15
P001008,46,Male,Medicare,South,1979-12-15
P001009,51,Male,Medicare,Northeast,1975-06-15
P001010,57,Female,Medicare,Midwest,1968-02-15
P001011,92,Female,Commercial,South,1934-02-15
P001012,89,Male,Commercial,Northeast,1937-02-15
P001013,57,Female,Medicaid,West,1968-10-15
P001014,37,Male,Workers Comp,Northeast,1989-06-15
P001015,63,Female,Medicare,Midwest,1962-10-15
P001016,68,Female,Commercial,Northeast,1957-12-15
P001017,76,Male,Medicare,South,1949-02-15
P001018,8,Male,Medicare,Midwest,2017-05-15
P001019,90,Male,Workers Comp,South,1936-09-15
P001020,62,Female,Self-Pay,West,1964-03-15
P001021,37,Female,Medicare,Northeast,1988-01-15
P001022,13,Male,Self-Pay,West,2013-05-15
P001023,79,Female,Medicare,West,1946-10-15
P001024,10,Female,Medicare,West,2016-04-15
P001025,82,Female,Medicaid,Midwest,1943-05-15
P001026,31,Female,Commercial,West,1994-05-15
P001027,2,Female,Medicare Advantage,West,2024-07-15
P001028,73,Female,Medicare,Northeast,1952-09-15
P001029,47,Female,Commercial,Northeast,1978-06-15
P001030,49,Male,Medicare,West,1977-01-15
P001031,42,Female,Medicare,South,1984-12-15
P001032,63,Female,Medicare,West,1962-06-15
P001033,55,Female,Medicare,West,1971-08-15
P001034,37,Male,Medicare,Midwest,1988-04-15
P001035,62,Female,Medicaid,Northeast,1963-03-15
P001036,62,Female,Self-Pay,South,1964-10-15
P001037,73,Female,Commercial,Midwest,1953-03-15
P001038,79,Female,Medicare Advantage,Midwest,1947-03-15
P001039,35,Other,Medicare Advantage,South,1990-01-15
P001040,66,Female,Medicare,South,1960-12-15
P001041,8,Female,Medicare,South,2018-07-15
P001042,45,Female,Medicare,Midwest,1981-11-15
P001043,94,Male,Commercial,Northeast,1932-03-15
P001044,90,Female,Medicare,Northeast,1935-10-15
P001045,62,Male,Medicaid,Midwest,1963-06-15
P001046,41,Male,Medicare,Midwest,1984-09-15
P001047,50,Male,Medicaid,Midwest,1975-01-15
P001048,77,Male,Medicaid,Midwest,1948-04-15
P001049,67,Male,Medicaid,Northeast,1958-03-15
P001050,71,Female,Medicare Advantage,Midwest,1954-12-15
P001051,35,Female,Commercial,West,1990-04-15
P001052,72,Female,Medicare,South,1953-12-15
P001053,55,Male,Medicare,South,1971-07-15
P001054,65,Female,Medicare,Northeast,1960-11-15
P001055,26,Female,Medicaid,Midwest,1999-10-15
P001056,41,Male,Commercial,West,1984-07-15
P001057,45,Male,Medicaid,Midwest,1980-11-15
P001058,14,Female,Medicare,West,2012-03-15
P001059,42,Male,Medicaid,South,1984-03-15
P001060,31,Female,Medicare Advantage,Northeast,1994-05-15
P001061,68,Male,Commercial,Northeast,1958-03-15
P001062,62,Male,Medicare,South,1963-11-15
P001063,63,Female,Medicare Advantage,South,1963-11-15
P001064,52,Female,Medicaid,West,1973-11-15
P001065,55,Female,Medicaid,Northeast,1970-01-15
P001066,77,Female,Medicare,Midwest,1949-07-15
P001067,18,Female,Medicaid,West,2008-08-15
P001068,22,Female,Medicaid,Midwest,2004-09-15
P001069,56,Female,Medicare Advantage,South,1970-12-15
P001070,60,Male,Medicare,Northeast,1965-06-15
P001071,48,Female,Medicare,Northeast,1978-12-15
P001072,56,Male,Medicare,South,1970-05-15
P001073,0,Male,Commercial,West,2026-06-15
P001074,37,Male,Commercial,West,1988-05-15
P001075,17,Female,Medicare,South,2008-04-15
P001076,70,Female,Self-Pay,South,1955-01-15
P001077,29,Male,Commercial,Midwest,1996-11-15
P001078,55,Female,Medicaid,South,1971-07-15
P001079,71,Female,Commercial,South,1954-06-15
P001080,41,Male,Medicare,West,1984-04-15
P001081,79,Male,Medicare Advantage,Midwest,1946-01-15
P001082,82,Male,Medicare Advantage,West,1943-01-15
P001083,59,Male,Medicaid,South,1966-03-15
P001084,41,Female,Commercial,West,1985-06-15
P001085,44,Male,Commercial,South,1981-05-15
P001086,41,Male,Commercial,Northeast,1984-07-15
P001087,49,Male,Medicare Advantage,South,1977-07-15
P001088,45,Female,Self-Pay,South,1980-09-15
P001089,76,Male,Medicare,South,1950-06-15
P001090,53,Female,Self-Pay,South,1973-10-15
P001091,85,Female,Commercial,West,1941-05-15
P001092,59,Male,Medicare,South,1966-11-15
P001093,5,Female,Medicare Advantage,South,2020-01-15
P001094,26,Male,Medicare Advantage,South,1999-06-15
P001095,28,Female,Commercial,West,1998-10-15
P001096,71,Female,Self-Pay,Midwest,1955-07-15
P001097,91,Female,Medicare Advantage,Northeast,1934-01-15
P001098,64,Female,Medicaid,West,1961-08-15
P001099,94,Female,Self-Pay,West,1932-09-15
P001100,38,Male,Medicaid,South,1987-08-15
P001101,88,Male,Self-Pay,West,1938-04-15
P001102,54,Male,Commercial,Northeast,1972-12-15
P001103,58,Male,Commercial,Northeast,1968-11-15
P001104,33,Female,Medicaid,Northeast,1993-01-15
P001105,63,Male,Medicaid,South,1962-03-15
P001106,92,Female,Other,South,1934-11-15
P001107,26,Male,Commercial,South,2000-03-15
P001108,45,Female,Medicaid,South,1981-03-15
P001109,18,Female,Medicare,South,2007-09-15
P001110,60,Male,Commercial,Midwest,1965-12-15
P001111,64,Female,Medicaid,South,1961-06-15
P001112,72,Female,Medicare Advantage,South,1954-10-15
P001113,69,Male,Commercial,Midwest,1957-12-15
P001114,66,Male,Medicare,Northeast,1959-08-15
P001115,41,Female,Medicare,West,1985-07-15
P001116,59,Male,Commercial,Midwest,1967-02-15
P001117,40,Female,Medicare,South,1986-07-15
P001118,35,Female,Commercial,Midwest,1991-02-15
P001119,75,Female,Commercial,West,1951-03-15
P001120,59,Male,Commercial,South,1967-02-15
P001121,24,Male,Commercial,Midwest,2002-11-15
P001122,70,Male,Commercial,Midwest,1955-10-15
P001123,1,Female,Medicaid,West,2024-10-15
P001124,58,Female,Medicare Advantage,Midwest,1967-05-15
P001125,48,Female,Commercial,South,1978-06-15
P001126,25,Female,Medicaid,South,2000-08-15
P001127,29,Male,Medicare,South,1996-03-15
P001128,63,Female,Medicaid,Midwest,1963-07-15
P001129,74,Male,Medicare,West,1952-05-15
P001130,44,Female,Commercial,South,1982-03-15
P001131,26,Female,Medicare,Northeast,2000-09-15
P001132,5,Male,Medicare Advantage,South,2020-01-15
P001133,77,Male,Medicaid,South,1949-12-15
P001134,82,Male,Medicare Advantage,South,1943-09-15
P001135,28,Male,Medicare Advantage,Midwest,1998-03-15
P001136,43,Female,Medicare,South,1982-04-15
P001137,34,Female,Medicare,West,1992-07-15
P001138,48,Female,Self-Pay,Midwest,1978-10-15
P001139,19,Male,Commercial,Midwest,2007-10-15
P001140,62,Female,Self-Pay,Midwest,1963-10-15
P001141,31,Female,Medicare,Northeast,1994-09-15
P001142,85,Female,Self-Pay,Midwest,1940-06-15
P001143,57,Male,Medicare,West,1969-05-15
P001144,23,Male,Commercial,West,2002-08-15
P001145,23,Female,Self-Pay,Northeast,2002-11-15
P001146,94,Male,Commercial,West,1932-11-15
P001147,78,Female,Commercial,West,1947-10-15
P001148,55,Male,Medicare,Midwest,1971-03-15
P001149,49,Male,Medicaid,Northeast,1977-05-15
P001150,42,Female,Commercial,South,1984-05-15
P001151,89,Male,Self-Pay,Northeast,1936-06-15
P001152,85,Female,Workers Comp,Northeast,1941-03-15
P001153,28,Male,Medicaid,West,1998-06-15
P001154,73,Male,Medicaid,South,1953-11-15
P001155,4,Female,Medicare Advantage,Midwest,2022-03-15
P001156,43,Female,Self-Pay,Midwest,1983-11-15
P001157,90,Male,Medicare,South,1936-02-15
P001158,45,Male,Medicare,West,1981-09-15
P001159,47,Female,Self-Pay,South,1978-02-15
P001160,46,Male,Medicaid,West,1980-10-15
P001161,47,Female,Commercial,South,1978-01-15
P001162,73,Male,Commercial,South,1953-11-15
P001163,76,Male,Medicaid,Midwest,1949-03-15
P001164,68,Other,Commercial,South,1958-04-15
P001165,43,Male,Medicare,South,1983-08-15
P001166,23,Male,Medicare Advantage,Midwest,2002-12-15
P001167,69,Female,Medicaid,West,1956-03-15
P001168,10,Female,Commercial,South,2016-08-15
P001169,24,Female,Commercial,Midwest,2002-05-15
P001170,71,Female,Medicare Advantage,South,1954-05-15
P001171,75,Female,Medicare,Midwest,1951-05-15
P001172,48,Female,Medicare,South,1978-12-15
P001173,64,Female,Medicare,South,1961-03-15
P001174,27,Female,Medicaid,Northeast,1999-05-15
P001175,73,Female,Workers Comp,Northeast,1952-07-15
P001176,6,Female,Commercial,South,2020-11-15
P001177,53,Male,Medicare Advantage,South,1972-03-15
P001178,57,Male,Commercial,South,1969-02-15
P001179,67,Male,Medicaid,Midwest,1959-03-15
P001180,51,Female,Other,West,1974-03-15
P001181,35,Female,Commercial,Midwest,1990-09-15
P001182,32,Female,Commercial,South,1994-02-15
P001183,59,Female,Medicare Advantage,South,1966-09-15
P001184,63,Female,Medicare,South,1962-10-15
P001185,44,Male,Medicare Advantage,West,1981-03-15
P001186,52,Female,Medicare Advantage,Northeast,1974-02-15
P001187,52,Male,Self-Pay,Midwest,1974-10-15
P001188,55,Female,Medicare,Northeast,1970-06-15
P001189,61,Female,Commercial,Midwest,1964-08-15
P001190,64,Male,Medicare,South,1961-08-15
P001191,76,Male,Workers Comp,Midwest,1949-07-15
P001192,88,Male,Commercial,South,1937-08-15
P001193,28,Female,Medicare,Northeast,1997-10-15
P001194,75,Male,Medicare,South,1951-06-15
P001195,49,Female,Medicare,Northeast,1977-01-15
P001196,80,Female,Other,Northeast,1946-10-15
P001197,82,Female,Commercial,Northeast,1944-09-15
P001198,65,Female,Medicaid,Northeast,1961-02-15
P001199,41,Female,Medicare,West,1984-06-15
P001200,86,Female,Self-Pay,Northeast,1940-05-15
P001201,33,Male,Medicare,South,1993-07-15
P001202,59,Male,Medicare,West,1967-07-15
P001203,50,Female,Medicaid,South,1975-12-15
P001204,48,Male,Medicare Advantage,South,1978-12-15
P001205,59,Male,Medicare,Northeast,1966-04-15
P001206,37,Male,Medicare Advantage,Northeast,1988-10-15
P001207,38,Male,Medicare,West,1988-05-15
P001208,71,Male,Medicare Advantage,South,1954-04-15
P001209,88,Female,Medicare Advantage,South,1937-08-15
P001210,33,Female,Medicare,South,1993-09-15
P001211,85,Male,Medicare,Northeast,1940-06-15
P001212,46,Male,Medicare,West,1979-08-15
P001213,78,Male,Medicare,Northeast,1947-06-15
P001214,84,Male,Medicaid,Midwest,1942-09-15
P001215,52,Male,Commercial,Northeast,1974-09-15
P001216,78,Male,Medicaid,Midwest,1948-09-15
P001217,76,Female,Medicare,Midwest,1949-09-15
P001218,37,Female,Medicare Advantage,Midwest,1989-04-15
P001219,75,Male,Medicare Advantage,Northeast,1950-04-15
P001220,53,Female,Self-Pay,South,1973-11-15
P001221,60,Female,Medicaid,South,1966-06-15
P001222,35,Female,Self-Pay,Midwest,1990-01-15
P001223,93,Female,Workers Comp,West,1932-06-15
P001224,60,Female,Commercial,Midwest,1966-03-15
P001225,24,Female,Commercial,Midwest,2001-06-15
P001226,30,Male,Medicare Advantage,Midwest,1996-02-15
P001227,76,Male,Medicare Advantage,South,1950-09-15
P001228,49,Male,Commercial,West,1977-01-15
P001229,61,Female,Medicare,Midwest,1965-10-15
P001230,68,Male,Medicaid,Midwest,1957-06-15
P001231,52,Female,Medicaid,South,1974-07-15
P001232,22,Female,Self-Pay,West,2003-04-15
P001233,39,Female,Commercial,Northeast,1986-10-15
P001234,88,Male,Medicaid,Midwest,1938-02-15
P001235,35,Male,Medicare Advantage,West,1991-06-15
P001236,26,Female,Medicare Advantage,South,1999-08-15
P001237,58,Female,Commercial,South,1967-10-15
P001238,24,Male,Medicare Advantage,Northeast,2001-02-15
P001239,16,Female,Medicare,South,2010-03-15
P001240,74,Male,Medicare,West,1952-11-15
P001241,94,Female,Commercial,Northeast,1931-12-15
P001242,5,Male,Medicare,Northeast,2021-08-15
P001243,37,Female,Medicaid,South,1989-10-15
P001244,56,Female,Other,South,1969-12-15
P001245,65,Male,Commercial,Midwest,1960-10-15
P001246,45,Male,Medicaid,South,1981-12-15
P001247,54,Male,Medicare Advantage,South,1972-10-15
P001248,18,Male,Medicare,West,2007-05-15
P001249,53,Female,Medicare,South,1972-11-15
P001250,21,Female,Medicaid,Midwest,2005-09-15
P001251,33,Female,Commercial,West,1993-02-15
P001252,41,Male,Medicare Advantage,South,1985-02-15
P001253,32,Female,Commercial,West,1994-02-15
P001254,70,Male,Medicare,South,1955-07-15
P001255,53,Male,Medicare Advantage,Midwest,1973-03-15
P001256,38,Female,Commercial,Midwest,1987-08-15
P001257,53,Female,Medicaid,South,1972-07-15
P001258,9,Male,Medicare Advantage,South,2016-09-15
P001259,31,Male,Commercial,Midwest,1994-11-15
P001260,8,Male,Commercial,West,2017-02-15
P001261,78,Female,Commercial,Midwest,1948-03-15
P001262,54,Female,Commercial,Midwest,1972-11-15
P001263,75,Female,Commercial,Northeast,1951-12-15
P001264,13,Female,Self-Pay,West,2013-05-15
P001265,76,Female,Medicaid,West,1949-08-15
P001266,40,Male,Medicare,Midwest,1985-09-15
P001267,55,Female,Medicare,South,1970-07-15
P001268,7,Male,Medicare,West,2018-10-15
P001269,4,Female,Self-Pay,Midwest,2021-11-15
P001270,42,Male,Self-Pay,Northeast,1983-04-15
P001271,57,Male,Commercial,South,1968-07-15
P001272,73,Male,Commercial,Northeast,1952-04-15
P001273,57,Male,Commercial,West,1969-12-15
P001274,85,Female,Medicare,South,1941-10-15
P001275,41,Male,Medicare,Midwest,1984-06-15
P001276,1,Male,Commercial,Midwest,2024-10-15
P001277,46,Male,Medicare,South,1980-04-15
P001278,47,Male,Commercial,West,1978-12-15
P001279,56,Male,Medicare,Northeast,1970-09-15
P001280,25,Female,Commercial,South,2001-07-15
P001281,37,Male,Commercial,South,1988-01-15
P001282,76,Male,Commercial,Midwest,1949-02-15
P001283,71,Female,Medicare Advantage,West,1954-04-15
P001284,62,Female,Medicare,Northeast,1963-09-15
P001285,43,Male,Medicaid,South,1982-10-15
P001286,74,Female,Medicare,South,1951-06-15
P001287,61,Male,Medicare Advantage,South,1965-01-15
P001288,39,Female,Medicare Advantage,Midwest,1987-12-15
P001289,65,Female,Commercial,South,1960-03-15
P001290,38,Male,Medicare,Midwest,1988-12-15
P001291,35,Female,Medicare,Northeast,1990-03-15
P001292,42,Male,Medicare,West,1984-01-15
P001293,65,Male,Medicare Advantage,West,1960-01-15
P001294,13,Male,Commercial,West,2012-09-15
P001295,22,Female,Medicare,West,2003-08-15
P001296,59,Male,Commercial,Midwest,1966-08-15
P001297,71,Female,Medicare,Midwest,1955-10-15
P001298,61,Male,Medicare,Midwest,1965-08-15
P001299,20,Female,Medicare,West,2006-06-15
P001300,30,Male,Medicare,Midwest,1995-12-15
P001301,37,Female,Medicare,South,1989-10-15
P001302,81,Male,Commercial,Northeast,1944-10-15
P001303,70,Other,Commercial,Northeast,1955-01-15
P001304,61,Male,Medicare Advantage,South,1965-10-15
P001305,75,Male,Medicaid,West,1950-06-15
P001306,29,Male,Medicare,Northeast,1996-04-15
P001307,7,Female,Medicaid,West,2019-10-15
P001308,69,Female,Commercial,Midwest,1957-04-15
P001309,71,Female,Medicare,West,1954-12-15
P001310,71,Female,Medicare Advantage,South,1955-04-15
P001311,49,Male,Medicare,West,1976-11-15
P001312,60,Other,Medicare,Midwest,1965-07-15
P001313,36,Male,Medicaid,South,1990-11-15
P001314,72,Female,Medicaid,West,1953-06-15
P001315,85,Male,Commercial,South,1940-10-15
P001316,32,Female,Medicare,Midwest,1993-08-15
P001317,23,Male,Medicare,South,2003-02-15
P001318,71,Female,Commercial,West,1955-06-15
P001319,49,Male,Medicare,Northeast,1977-09-15
P001320,52,Female,Medicare,Northeast,1973-02-15
P001321,28,Female,Medicare,West,1997-01-15
P001322,71,Female,Self-Pay,West,1955-11-15
P001323,19,Female,Self-Pay,South,2006-06-15
P001324,61,Female,Commercial,South,1964-10-15
P001325,2,Female,Workers Comp,West,2024-06-15
P001326,60,Female,Commercial,West,1966-07-15
P001327,66,Female,Medicare,Northeast,1959-09-15
P001328,63,Female,Medicare,Midwest,1963-07-15
P001329,51,Female,Commercial,West,1974-01-15
P001330,5,Female,Commercial,Northeast,2020-07-15
P001331,44,Female,Commercial,South,1982-02-15
P001332,13,Male,Medicare,West,2013-06-15
P001333,8,Female,Self-Pay,Midwest,2017-05-15
P001334,95,Male,Commercial,West,1930-04-15
P001335,51,Female,Medicare Advantage,South,1975-11-15
P001336,12,Female,Medicare Advantage,South,2014-01-15
P001337,77,Male,Medicare,Midwest,1948-06-15
P001338,28,Male,Medicare,South,1997-09-15
P001339,79,Female,Medicaid,South,1946-02-15
P001340,30,Male,Medicare,South,1995-03-15
P001341,15,Male,Medicare,South,2011-09-15
P001342,47,Male,Commercial,Northeast,1978-12-15
P001343,61,Female,Workers Comp,Northeast,1964-03-15
P001344,42,Male,Commercial,South,1983-01-15
P001345,81,Female,Commercial,Midwest,1945-05-15
P001346,44,Male,Commercial,Midwest,1981-03-15
P001347,66,Female,Commercial,Northeast,1960-11-15
P001348,62,Female,Medicare,South,1963-09-15
P001349,0,Male,Medicaid,West,2025-03-15
P001350,70,Female,Medicaid,South,1955-11-15
P001351,41,Female,Medicare,West,1985-06-15
P001352,17,Male,Medicare,South,2009-01-15
P001353,96,Male,Commercial,Northeast,1929-07-15
P001354,33,Male,Commercial,Midwest,1992-03-15
P001355,38,Male,Medicare,South,1987-07-15
P001356,9,Male,Medicare Advantage,South,2016-12-15
P001357,18,Male,Medicare,West,2007-08-15
P001358,71,Female,Medicaid,Northeast,1955-09-15
P001359,21,Male,Medicare,South,2004-12-15
P001360,20,Male,Commercial,Midwest,2005-04-15
P001361,16,Male,Medicare Advantage,West,2009-09-15
P001362,78,Other,Other,South,1947-02-15
P001363,20,Female,Medicare Advantage,South,2005-05-15
P001364,71,Female,Medicare,Northeast,1955-01-15
P001365,66,Female,Medicaid,West,1959-06-15
P001366,71,Female,Medicare,South,1954-11-15
P001367,39,Male,Self-Pay,West,1986-06-15
P001368,66,Male,Commercial,Midwest,1960-12-15
P001369,95,Female,Medicare,Northeast,1930-09-15
P001370,78,Male,Self-Pay,Midwest,1947-02-15
P001371,39,Male,Medicare,Midwest,1987-01-15
P001372,54,Female,Medicare Advantage,West,1971-05-15
P001373,25,Female,Commercial,South,2001-12-15
P001374,21,Male,Commercial,West,2004-07-15
P001375,33,Male,Self-Pay,South,1993-11-15
P001376,75,Male,Commercial,Midwest,1951-09-15
P001377,66,Male,Commercial,Midwest,1960-08-15
P001378,25,Female,Commercial,Midwest,2001-01-15
P001379,64,Male,Commercial,South,1961-10-15
P001380,83,Male,Commercial,Northeast,1943-12-15
P001381,23,Female,Medicare Advantage,West,2002-06-15
P001382,47,Male,Medicare Advantage,South,1979-03-15
P001383,36,Female,Medicare,Midwest,1989-11-15
P001384,74,Female,Self-Pay,South,1952-06-15
P001385,54,Female,Medicaid,Midwest,1972-04-15
P001386,74,Female,Medicare,South,1951-05-15
P001387,49,Female,Medicare Advantage,Northeast,1976-10-15
P001388,52,Female,Commercial,South,1974-08-15
P001389,91,Female,Other,West,1935-10-15
P001390,75,Female,Medicare,South,1950-06-15
P001391,41,Female,Self-Pay,Midwest,1985-02-15
P001392,76,Female,Medicare Advantage,West,1950-06-15
P001393,82,Male,Medicare,West,1943-07-15
P001394,72,Male,Self-Pay,West,1953-11-15
P001395,69,Female,Medicare,South,1957-11-15
P001396,53,Female,Medicare,West,1972-09-15
P001397,47,Female,Self-Pay,South,1978-09-15
P001398,51,Male,Medicaid,Northeast,1974-01-15
P001399,75,Male,Medicare,South,1950-03-15
P001400,66,Female,Commercial,Northeast,1959-12-15
P001401,86,Male,Medicaid,Northeast,1940-02-15
P001402,20,Male,Medicaid,West,2005-02-15
P001403,49,Female,Medicare,South,1977-01-15
P001404,47,Female,Self-Pay,Northeast,1979-07-15
P001405,73,Male,Medicare,South,1953-04-15
P001406,56,Male,Commercial,Midwest,1969-12-15
P001407,47,Male,Commercial,South,1978-12-15
P001408,36,Female,Medicare,South,1990-10-15
P001409,30,Other,Medicare,West,1996-01-15
P001410,53,Male,Medicare,West,1972-05-15
P001411,90,Female,Medicare Advantage,West,1936-02-15
P001412,38,Male,Commercial,South,1987-08-15
P001413,32,Female,Medicare,West,1994-07-15
P001414,28,Male,Medicare Advantage,South,1997-04-15
P001415,22,Male,Self-Pay,Northeast,2003-02-15
P001416,62,Female,Commercial,South,1964-07-15
P001417,77,Female,Medicare Advantage,West,1948-11-15
P001418,58,Male,Medicare,Northeast,1967-11-15
P001419,54,Male,Medicaid,Midwest,1971-04-15
P001420,38,Female,Medicare Advantage,South,1987-12-15
P001421,72,Male,Commercial,South,1954-09-15
P001422,51,Male,Commercial,Northeast,1974-06-15
P001423,47,Male,Medicaid,Midwest,1978-03-15
P001424,47,Female,Medicaid,Midwest,1978-05-15
P001425,84,Male,Medicaid,Northeast,1942-05-15
P001426,62,Male,Medicare Advantage,Northeast,1964-09-15
P001427,28,Female,Commercial,West,1998-06-15
P001428,42,Female,Medicaid,Northeast,1984-08-15
P001429,89,Male,Medicare,West,1936-09-15
P001430,41,Male,Commercial,West,1984-01-15
P001431,55,Female,Self-Pay,Northeast,1970-07-15
P001432,57,Female,Medicare,West,1969-02-15
P001433,61,Male,Commercial,South,1964-10-15
P001434,65,Male,Medicare,West,1961-12-15
P001435,56,Male,Commercial,Northeast,1970-06-15
P001436,67,Female,Medicare Advantage,South,1958-10-15
P001437,61,Male,Self-Pay,Midwest,1965-01-15
P001438,42,Female,Self-Pay,Midwest,1984-07-15
P001439,50,Other,Medicare Advantage,Midwest,1975-11-15
P001440,30,Female,Commercial,South,1996-03-15
P001441,74,Male,Medicaid,South,1951-06-15
P001442,73,Male,Medicare Advantage,Midwest,1953-09-15
P001443,90,Male,Commercial,South,1935-06-15
P001444,34,Female,Medicaid,South,1992-11-15
P001445,78,Female,Medicaid,South,1948-01-15
P001446,81,Male,Commercial,West,1945-10-15
P001447,65,Female,Medicaid,West,1961-05-15
P001448,8,Female,Commercial,Midwest,2017-05-15
P001449,70,Male,Medicare Advantage,Midwest,1956-10-15
P001450,95,Male,Medicaid,West,1931-02-15
P001451,9,Male,Medicare,West,2017-04-15
P001452,42,Male,Medicare,South,1983-03-15
P001453,41,Female,Commercial,Midwest,1984-09-15
P001454,68,Male,Workers Comp,West,1957-04-15
P001455,75,Male,Medicare Advantage,South,1951-03-15
P001456,76,Female,Medicare,South,1949-05-15
P001457,66,Other,Medicare,South,1960-07-15
P001458,31,Male,Commercial,Midwest,1994-08-15
P001459,12,Male,Medicare,South,2014-08-15
P001460,27,Female,Medicare,Northeast,1998-03-15
P001461,51,Female,Commercial,Northeast,1974-08-15
P001462,57,Female,Medicaid,Midwest,1968-06-15
P001463,66,Female,Medicare,South,1959-01-15
P001464,43,Female,Medicare Advantage,West,1982-05-15
P001465,56,Female,Commercial,West,1969-02-15
P001466,61,Male,Medicaid,West,1964-06-15
P001467,63,Female,Medicare Advantage,West,1963-06-15
P001468,57,Male,Other,South,1968-10-15
P001469,50,Male,Medicare,West,1975-11-15
P001470,77,Female,Commercial,West,1949-03-15
P001471,9,Male,Medicare,South,2016-06-15
P001472,45,Male,Medicare,South,1981-05-15
P001473,44,Male,Medicare,South,1981-07-15
P001474,76,Female,Commercial,Midwest,1949-09-15
P001475,77,Male,Commercial,South,1948-02-15
P001476,42,Male,Medicare,Midwest,1984-07-15
P001477,39,Female,Medicare Advantage,West,1987-03-15
P001478,12,Female,Medicaid,South,2014-12-15
P001479,73,Female,Medicare,West,1952-05-15
P001480,34,Female,Commercial,West,1992-03-15
P001481,88,Male,Commercial,South,1937-12-15
P001482,28,Female,Medicare Advantage,Midwest,1998-12-15
P001483,55,Male,Medicare Advantage,South,1970-03-15
P001484,16,Female,Medicaid,Midwest,2010-10-15
P001485,57,Female,Medicare,South,1968-01-15
P001486,89,Female,Commercial,Midwest,1937-07-15
P001487,51,Male,Medicare,South,1975-08-15
P001488,79,Male,Medicare,Northeast,1946-09-15
P001489,55,Female,Medicaid,West,1971-06-15
P001490,41,Female,Commercial,Northeast,1984-02-15
P001491,50,Male,Other,Midwest,1976-02-15
P001492,43,Male,Medicare,South,1982-04-15
P001493,23,Male,Medicaid,West,2002-03-15
P001494,33,Male,Self-Pay,West,1992-10-15
P001495,0,Female,Medicare,South,2026-05-15
P001496,72,Female,Medicaid,Midwest,1953-06-15
P001497,37,Female,Commercial,Midwest,1988-06-15
P001498,34,Female,Commercial,Midwest,1991-08-15
P001499,82,Female,Medicaid,Midwest,1943-09-15
P001500,31,Female,Commercial,West,1994-06-15
P001501,22,Female,Commercial,South,2003-04-15
P001502,67,Female,Medicaid,Midwest,1959-12-15
P001503,36,Female,Medicare Advantage,West,1990-11-15
P001504,61,Male,Medicare,South,1965-03-15
P001505,51,Male,Medicare Advantage,West,1975-06-15
P001506,17,Female,Commercial,Northeast,2008-01-15
P001507,52,Female,Medicare,South,1973-10-15
P001508,27,Male,Medicare,South,1998-04-15
P001509,40,Male,Medicaid,Midwest,1986-12-15
P001510,20,Female,Medicare Advantage,South,2005-12-15
P001511,38,Male,Medicaid,South,1988-06-15
P001512,45,Female,Medicaid,South,1981-09-15
P001513,50,Female,Commercial,South,1976-10-15
P001514,26,Female,Medicaid,Midwest,2000-03-15
P001515,56,Male,Medicare,West,1970-06-15
P001516,71,Male,Medicare,Midwest,1954-07-15
P001517,27,Female,Commercial,South,1998-01-15
P001518,78,Male,Commercial,South,1948-05-15
P001519,44,Female,Commercial,Midwest,1982-07-15
P001520,96,Female,Medicare Advantage,Northeast,1930-09-15
P001521,54,Male,Medicare,Northeast,1972-01-15
P001522,62,Male,Medicare,Midwest,1964-11-15
P001523,68,Female,Self-Pay,South,1958-12-15
P001524,72,Male,Medicare Advantage,Midwest,1953-06-15
P001525,72,Male,Commercial,West,1953-02-15
P001526,49,Female,Medicaid,Northeast,1977-09-15
P001527,55,Female,Medicaid,Northeast,1971-04-15
P001528,70,Female,Other,South,1955-08-15
P001529,41,Female,Medicare,West,1984-09-15
P001530,75,Male,Medicare,Midwest,1950-12-15
P001531,82,Male,Medicare,Northeast,1944-01-15
P001532,42,Male,Medicare,Midwest,1984-07-15
P001533,2,Male,Medicare,South,2023-02-15
P001534,24,Female,Commercial,West,2001-03-15
P001535,35,Male,Commercial,West,1990-10-15
P001536,35,Female,Commercial,South,1991-11-15
P001537,63,Female,Other,Northeast,1962-06-15
P001538,82,Female,Medicaid,West,1943-04-15
P001539,86,Female,Medicare,South,1940-08-15
P001540,57,Female,Commercial,South,1969-08-15
P001541,80,Female,Medicare,Midwest,1945-12-15
P001542,65,Female,Commercial,Midwest,1961-03-15
P001543,62,Male,Medicare Advantage,West,1963-07-15
P001544,73,Female,Commercial,Midwest,1953-06-15
P001545,24,Male,Other,South,2002-08-15
P001546,69,Female,Medicaid,Midwest,1956-06-15
P001547,36,Male,Commercial,Northeast,1990-09-15
P001548,20,Male,Commercial,South,2005-11-15
P001549,21,Female,Medicaid,South,2005-10-15
P001550,43,Male,Commercial,South,1983-06-15
P001551,76,Female,Medicare,West,1949-11-15
P001552,65,Female,Medicare,Midwest,1961-02-15
P001553,41,Male,Medicare,South,1984-03-15
P001554,38,Male,Medicare,South,1988-07-15
P001555,2,Male,Self-Pay,Midwest,2024-04-15
P001556,50,Female,Medicare Advantage,South,1976-08-15
P001557,81,Male,Medicare Advantage,Northeast,1944-12-15
P001558,27,Female,Medicare,Midwest,1999-03-15
P001559,52,Male,Medicaid,South,1973-10-15
P001560,70,Male,Medicaid,Northeast,1956-11-15
P001561,55,Male,Medicare,West,1970-06-15
P001562,1,Female,Medicare Advantage,Northeast,2024-11-15
P001563,20,Male,Commercial,South,2005-08-15
P001564,50,Male,Medicaid,Northeast,1976-03-15
P001565,50,Female,Other,Midwest,1976-02-15
P001566,77,Male,Medicaid,Midwest,1948-08-15
P001567,71,Male,Medicaid,South,1955-06-15
P001568,52,Female,Medicare,South,1973-03-15
P001569,23,Male,Commercial,South,2002-04-15
P001570,19,Female,Medicare,Midwest,2007-02-15
P001571,90,Female,Medicaid,South,1936-07-15
P001572,46,Male,Medicare,South,1980-03-15
P001573,93,Male,Commercial,South,1932-11-15
P001574,53,Male,Commercial,South,1973-03-15
P001575,72,Female,Medicare Advantage,South,1954-12-15
P001576,50,Male,Medicare,West,1975-02-15
P001577,53,Female,Medicare,South,1972-04-15
P001578,80,Male,Commercial,Northeast,1946-03-15
P001579,87,Female,Medicare Advantage,South,1939-05-15
P001580,73,Male,Medicaid,West,1953-07-15
P001581,50,Female,Medicaid,Midwest,1976-03-15
P001582,2,Female,Commercial,Midwest,2024-11-15
P001583,65,Female,Medicaid,Northeast,1960-04-15
P001584,70,Male,Medicaid,West,1955-06-15
P001585,65,Female,Medicare,West,1960-11-15
P001586,10,Female,Medicare,South,2015-04-15
P001587,49,Female,Medicare,Midwest,1976-01-15
P001588,77,Male,Medicaid,West,1948-02-15
P001589,57,Female,Medicaid,South,1969-05-15
P001590,48,Female,Medicare,South,1977-10-15
P001591,63,Female,Commercial,Midwest,1962-05-15
P001592,7,Male,Other,South,2018-05-15
P001593,79,Male,Medicare Advantage,West,1947-07-15
P001594,66,Male,Commercial,Midwest,1960-10-15
P001595,72,Male,Medicare,Midwest,1953-01-15
P001596,18,Female,Commercial,West,2008-09-15
P001597,13,Male,Medicare,Midwest,2013-03-15
P001598,59,Female,Medicaid,Northeast,1966-08-15
P001599,22,Female,Medicare,Midwest,2003-01-15
P001600,19,Male,Medicare,Northeast,2006-07-15
P001601,74,Female,Medicaid,South,1951-03-15
P001602,41,Male,Commercial,Northeast,1984-04-15
P001603,51,Male,Medicare Advantage,Midwest,1975-04-15
P001604,86,Male,Medicare Advantage,West,1940-09-15
P001605,70,Male,Medicare Advantage,South,1956-04-15
P001606,32,Male,Medicare Advantage,Northeast,1994-12-15
P001607,27,Female,Commercial,South,1999-01-15
P001608,70,Female,Medicare,Northeast,1956-05-15
P001609,46,Male,Self-Pay,South,1980-01-15
P001610,91,Female,Medicare Advantage,South,1934-01-15
P001611,18,Male,Workers Comp,Midwest,2007-04-15
P001612,71,Female,Commercial,Northeast,1955-04-15
P001613,46,Female,Medicare,South,1979-12-15
P001614,54,Female,Medicare,South,1972-03-15
P001615,34,Male,Medicare,South,1992-09-15
P001616,35,Male,Medicare,West,1991-07-15
P001617,18,Male,Medicare,Midwest,2007-10-15
P001618,25,Male,Medicaid,Northeast,2001-10-15
P001619,42,Female,Medicare Advantage,South,1984-08-15
P001620,31,Female,Commercial,West,1994-03-15
P001621,45,Male,Medicare,Northeast,1981-08-15
P001622,20,Female,Medicare,South,2005-01-15
P001623,47,Male,Medicare,West,1978-10-15
P001624,9,Male,Medicare,South,2017-01-15
P001625,67,Female,Medicaid,Midwest,1958-08-15
P001626,53,Male,Medicare,South,1972-02-15
P001627,79,Female,Commercial,Northeast,1947-08-15
P001628,88,Female,Medicare,West,1937-02-15
P001629,46,Male,Medicare,West,1980-12-15
P001630,67,Female,Medicare Advantage,Midwest,1958-07-15
P001631,46,Female,Commercial,South,1980-08-15
P001632,50,Female,Commercial,West,1976-06-15
P001633,49,Male,Commercial,West,1976-11-15
P001634,28,Male,Commercial,Northeast,1998-09-15
P001635,74,Male,Commercial,South,1951-05-15
P001636,69,Male,Medicare,South,1956-12-15
P001637,48,Male,Commercial,Midwest,1978-05-15
P001638,58,Male,Commercial,Northeast,1967-12-15
P001639,78,Female,Commercial,Midwest,1948-04-15
P001640,69,Male,Medicare,South,1956-03-15
P001641,77,Male,Medicare Advantage,Midwest,1949-06-15
P001642,41,Female,Medicare Advantage,South,1985-06-15
P001643,70,Female,Commercial,South,1955-12-15
P001644,94,Female,Self-Pay,South,1932-07-15
P001645,39,Male,Commercial,Midwest,1987-11-15
P001646,67,Male,Self-Pay,South,1958-11-15
P001647,39,Male,Medicare,South,1987-10-15
P001648,50,Female,Medicare Advantage,West,1976-10-15
P001649,93,Female,Commercial,South,1932-02-15
P001650,51,Other,Commercial,Northeast,1975-08-15
P001651,56,Male,Commercial,Northeast,1969-08-15
P001652,75,Male,Commercial,Midwest,1950-12-15
P001653,3,Male,Medicare Advantage,Midwest,2022-08-15
P001654,58,Male,Medicare,South,1968-04-15
P001655,90,Female,Workers Comp,Northeast,1936-10-15
P001656,15,Female,Self-Pay,Northeast,2011-09-15
P001657,66,Female,Commercial,West,1960-06-15
P001658,32,Female,Medicaid,Midwest,1993-01-15
P001659,57,Male,Commercial,Midwest,1969-03-15
P001660,60,Male,Commercial,West,1966-06-15
P001661,26,Female,Medicare,Midwest,1999-07-15
P001662,74,Female,Commercial,Midwest,1951-05-15
P001663,52,Female,Medicare,West,1973-11-15
P001664,46,Male,Self-Pay,Northeast,1979-02-15
P001665,36,Male,Workers Comp,West,1989-05-15
P001666,20,Male,Medicare,West,2006-11-15
P001667,20,Male,Medicare Advantage,Northeast,2005-11-15
P001668,80,Male,Medicare,Northeast,1946-08-15
P001669,56,Female,Medicare,Midwest,1969-07-15
P001670,37,Male,Medicare,Northeast,1988-09-15
P001671,85,Male,Medicaid,Northeast,1941-06-15
P001672,65,Female,Medicare,Northeast,1961-08-15
P001673,9,Male,Medicaid,West,2017-04-15
P001674,36,Male,Medicare Advantage,West,1990-10-15
P001675,54,Female,Commercial,Midwest,1972-01-15
P001676,74,Female,Commercial,Midwest,1951-09-15
P001677,46,Female,Commercial,South,1979-01-15
P001678,37,Female,Medicaid,Midwest,1989-03-15
P001679,77,Male,Medicaid,South,1949-05-15
P001680,78,Female,Medicare,West,1947-10-15
P001681,78,Female,Commercial,West,1947-06-15
P001682,83,Male,Medicare,South,1942-09-15
P001683,58,Female,Commercial,Midwest,1968-06-15
P001684,48,Female,Self-Pay,Northeast,1978-07-15
P001685,69,Male,Other,Northeast,1956-04-15
P001686,65,Male,Medicare,Midwest,1961-07-15
P001687,46,Male,Medicare,Midwest,1979-06-15
P001688,76,Female,Medicaid,South,1950-03-15
P001689,52,Male,Medicaid,West,1974-04-15
P001690,69,Female,Medicare,Midwest,1957-04-15
P001691,58,Female,Medicare Advantage,Midwest,1967-07-15
P001692,71,Female,Medicare Advantage,Northeast,1954-05-15
P001693,92,Female,Medicare,Midwest,1933-05-15
P001694,79,Female,Self-Pay,West,1946-08-15
P001695,23,Female,Commercial,West,2002-11-15
P001696,96,Male,Medicare,South,1930-07-15
P001697,96,Female,Commercial,Midwest,1929-01-15
P001698,27,Female,Medicaid,Midwest,1999-12-15
P001699,60,Female,Commercial,Northeast,1966-02-15
P001700,27,Male,Medicaid,South,1999-11-15
P001701,25,Female,Medicare,South,2000-09-15
P001702,37,Female,Medicare,South,1988-08-15
P001703,35,Male,Medicare,Midwest,1990-02-15
P001704,58,Male,Medicare,South,1968-06-15
P001705,74,Female,Medicare,South,1952-01-15
P001706,53,Female,Medicare Advantage,Midwest,1973-02-15
P001707,65,Male,Medicare,South,1960-05-15
P001708,69,Female,Medicaid,Northeast,1957-11-15
P001709,44,Female,Other,South,1981-05-15
P001710,26,Female,Medicare,South,1999-06-15
P001711,79,Male,Medicare,South,1947-05-15
P001712,40,Female,Medicare,Northeast,1986-09-15
P001713,68,Female,Medicare Advantage,Midwest,1957-04-15
P001714,93,Male,Medicaid,South,1933-11-15
P001715,25,Female,Commercial,Northeast,2000-10-15
P001716,76,Other,Commercial,West,1949-11-15
P001717,23,Female,Medicaid,Northeast,2002-04-15
P001718,86,Female,Medicare,Northeast,1939-11-15
P001719,43,Female,Self-Pay,Northeast,1983-03-15
P001720,78,Female,Medicare,Midwest,1948-02-15
P001721,34,Female,Medicare,South,1992-07-15
P001722,29,Male,Medicaid,South,1997-05-15
P001723,12,Male,Medicare Advantage,South,2013-07-15
P001724,26,Male,Self-Pay,West,2000-01-15
P001725,36,Female,Medicaid,West,1990-03-15
P001726,1,Female,Medicare,Northeast,2024-03-15
P001727,77,Female,Medicare Advantage,South,1948-01-15
P001728,37,Female,Commercial,South,1988-09-15
P001729,91,Female,Medicaid,South,1934-08-15
P001730,60,Female,Medicare,Midwest,1966-11-15
P001731,41,Male,Medicare Advantage,South,1985-10-15
P001732,38,Female,Workers Comp,Midwest,1987-11-15
P001733,15,Female,Self-Pay,South,2010-06-15
P001734,59,Female,Medicare Advantage,Northeast,1967-04-15
P001735,78,Female,Medicare,Midwest,1947-06-15
P001736,67,Female,Medicare Advantage,Midwest,1959-02-15
P001737,71,Male,Other,South,1955-04-15
P001738,20,Female,Medicare,West,2005-08-15
P001739,35,Male,Medicare,Northeast,1991-01-15
P001740,64,Female,Medicare,West,1962-12-15
P001741,79,Male,Medicare,Midwest,1947-03-15
P001742,48,Male,Commercial,South,1978-02-15
P001743,48,Female,Commercial,Northeast,1978-04-15
P001744,51,Male,Medicare,Midwest,1975-08-15
P001745,37,Female,Medicare,South,1989-02-15
P001746,29,Female,Commercial,South,1996-08-15
P001747,0,Male,Medicare,Midwest,2025-10-15
P001748,21,Male,Commercial,West,2004-05-15
P001749,96,Female,Commercial,West,1929-09-15
P001750,39,Male,Medicare,South,1987-11-15
P001751,39,Female,Medicare,Midwest,1987-03-15
P001752,81,Female,Medicaid,South,1944-12-15
P001753,81,Male,Medicare,Northeast,1944-02-15
P001754,20,Female,Medicare Advantage,South,2006-04-15
P001755,19,Female,Medicare,West,2006-10-15
P001756,59,Male,Medicare,Midwest,1967-10-15
P001757,46,Male,Commercial,South,1979-03-15
P001758,40,Male,Medicare,South,1985-07-15
P001759,76,Male,Commercial,South,1950-06-15
P001760,36,Male,Medicare,South,1989-05-15
P001761,50,Female,Commercial,Northeast,1976-02-15
P001762,28,Female,Medicare Advantage,West,1997-09-15
P001763,63,Male,Commercial,West,1963-10-15
P001764,57,Female,Commercial,Midwest,1969-03-15
P001765,43,Female,Medicare,Northeast,1982-10-15
P001766,43,Male,Medicare Advantage,West,1983-09-15
P001767,20,Female,Self-Pay,South,2005-06-15
P001768,71,Female,Commercial,Midwest,1955-04-15
P001769,64,Male,Medicaid,Northeast,1961-02-15
P001770,65,Female,Medicare,Midwest,1960-09-15
P001771,38,Male,Commercial,South,1988-07-15
P001772,50,Male,Workers Comp,South,1976-10-15
P001773,63,Female,Medicare Advantage,West,1962-07-15
P001774,51,Female,Self-Pay,West,1974-03-15
P001775,49,Male,Medicare,South,1977-11-15
P001776,68,Female,Commercial,Midwest,1957-11-15
P001777,73,Male,Medicare,South,1953-10-15
P001778,49,Female,Medicare,South,1977-11-15
P001779,66,Male,Self-Pay,West,1960-11-15
P001780,31,Female,Self-Pay,West,1994-08-15
P001781,65,Male,Medicare,West,1960-09-15
P001782,94,Female,Commercial,South,1931-08-15
P001783,74,Female,Commercial,West,1951-09-15
P001784,21,Female,Medicaid,Northeast,2005-03-15
P001785,85,Male,Medicare,South,1941-07-15
P001786,62,Female,Commercial,South,1964-04-15
P001787,85,Male,Medicaid,West,1941-12-15
P001788,71,Male,Commercial,South,1955-01-15
P001789,24,Male,Other,Midwest,2002-06-15
P001790,89,Female,Medicare,Midwest,1936-03-15
P001791,39,Female,Commercial,South,1987-07-15
P001792,66,Male,Medicare,West,1959-03-15
P001793,14,Male,Commercial,South,2012-07-15
P001794,67,Female,Commercial,Northeast,1958-03-15
P001795,62,Female,Medicare Advantage,West,1963-06-15
P001796,64,Male,Commercial,Northeast,1961-03-15
P001797,71,Female,Medicare,Northeast,1955-10-15
P001798,77,Female,Medicare Advantage,Midwest,1949-10-15
P001799,20,Male,Medicaid,Midwest,2005-05-15
P001800,73,Male,Medicare,Northeast,1952-11-15
P001801,25,Female,Medicare Advantage,South,2001-12-15
P001802,70,Female,Self-Pay,South,1955-04-15
P001803,31,Female,Medicaid,South,1994-01-15
P001804,30,Female,Medicare,South,1996-06-15
P001805,55,Female,Commercial,Northeast,1970-08-15
P001806,62,Female,Medicaid,South,1964-10-15
P001807,18,Female,Medicare Advantage,South,2007-09-15
P001808,69,Female,Medicare Advantage,Northeast,1956-03-15
P001809,23,Female,Commercial,West,2003-02-15
P001810,39,Male,Medicaid,Midwest,1986-11-15
P001811,79,Male,Medicare Advantage,Midwest,1946-04-15
P001812,63,Male,Medicaid,South,1963-09-15
P001813,27,Female,Medicare,South,1998-02-15
P001814,36,Male,Medicare Advantage,South,1990-07-15
P001815,12,Female,Medicare,West,2014-06-15
P001816,66,Female,Medicare,Midwest,1959-09-15
P001817,67,Male,Medicare Advantage,Midwest,1958-12-15
P001818,30,Male,Medicare Advantage,West,1996-09-15
P001819,39,Female,Medicaid,Northeast,1986-09-15
P001820,30,Female,Medicare Advantage,Midwest,1996-04-15
P001821,70,Female,Medicaid,West,1956-12-15
P001822,49,Male,Medicare,West,1976-06-15
P001823,9,Female,Commercial,Midwest,2016-06-15
P001824,62,Female,Medicare,Midwest,1964-02-15
P001825,41,Male,Medicaid,Northeast,1985-04-15
P001826,57,Male,Commercial,Northeast,1968-01-15
P001827,63,Male,Commercial,South,1962-05-15
P001828,65,Male,Medicare,West,1960-08-15
P001829,50,Female,Medicare Advantage,Midwest,1976-11-15
P001830,74,Female,Medicaid,West,1952-08-15
P001831,56,Male,Commercial,South,1970-07-15
P001832,68,Female,Medicaid,South,1958-09-15
P001833,59,Male,Medicaid,Midwest,1966-06-15
P001834,53,Female,Medicare,West,1972-04-15
P001835,20,Male,Commercial,South,2006-01-15
P001836,75,Female,Medicare Advantage,South,1950-03-15
P001837,74,Male,Medicare Advantage,South,1951-08-15
P001838,45,Male,Self-Pay,West,1981-01-15
P001839,58,Male,Commercial,Northeast,1967-03-15
P001840,49,Other,Medicaid,South,1977-04-15
P001841,48,Female,Commercial,Midwest,1978-09-15
P001842,49,Male,Commercial,South,1976-08-15
P001843,2,Female,Medicare Advantage,Northeast,2024-12-15
P001844,92,Male,Other,West,1934-12-15
P001845,17,Female,Medicare,West,2008-03-15
P001846,93,Female,Commercial,South,1933-10-15
P001847,19,Male,Medicare Advantage,South,2006-02-15
P001848,23,Female,Commercial,West,2002-04-15
P001849,67,Female,Medicare,Midwest,1959-06-15
P001850,63,Female,Medicare,South,1963-09-15
P001851,57,Male,Medicare,Midwest,1969-08-15
P001852,50,Male,Commercial,South,1976-09-15
P001853,77,Female,Medicare Advantage,Midwest,1949-07-15
P001854,82,Male,Medicare,Midwest,1943-03-15
P001855,13,Male,Medicare,South,2012-05-15
P001856,22,Male,Medicaid,South,2003-08-15
P001857,24,Male,Medicare,Midwest,2002-09-15
P001858,72,Male,Medicare,West,1953-05-15
P001859,77,Male,Medicare,South,1948-01-15
P001860,51,Male,Commercial,Northeast,1975-08-15
P001861,64,Male,Other,West,1962-08-15
P001862,56,Female,Commercial,South,1970-04-15
P001863,52,Female,Medicare,Northeast,1973-09-15
P001864,51,Female,Medicare,Midwest,1975-06-15
P001865,18,Female,Workers Comp,West,2007-09-15
P001866,53,Female,Commercial,Northeast,1972-06-15
P001867,95,Female,Commercial,West,1931-06-15
P001868,79,Male,Medicare Advantage,West,1947-02-15
P001869,42,Female,Commercial,Midwest,1984-02-15
P001870,49,Male,Commercial,Northeast,1977-07-15
P001871,8,Female,Commercial,West,2017-08-15
P001872,19,Male,Commercial,Northeast,2007-10-15
P001873,76,Female,Medicare,Northeast,1949-07-15
P001874,37,Female,Medicare,South,1988-01-15
P001875,58,Male,Medicaid,South,1968-07-15
P001876,55,Male,Medicare,South,1971-06-15
P001877,79,Female,Commercial,Midwest,1946-07-15
P001878,25,Male,Medicare,South,2001-06-15
P001879,42,Male,Medicare,South,1983-01-15
P001880,48,Male,Self-Pay,West,1977-08-15
P001881,19,Female,Commercial,Midwest,2007-10-15
P001882,70,Male,Medicare,Midwest,1955-10-15
P001883,25,Male,Medicaid,South,2001-10-15
P001884,73,Female,Medicare,Midwest,1952-09-15
P001885,55,Male,Medicaid,West,1970-09-15
P001886,12,Female,Medicare,South,2014-02-15
P001887,77,Male,Medicare,Midwest,1948-10-15
P001888,40,Female,Commercial,West,1985-10-15
P001889,47,Male,Self-Pay,South,1978-02-15
P001890,60,Male,Medicaid,West,1965-03-15
P001891,65,Female,Commercial,South,1961-12-15
P001892,67,Female,Medicare,Midwest,1959-02-15
P001893,35,Female,Self-Pay,South,1991-11-15
P001894,50,Male,Medicare Advantage,South,1976-10-15
P001895,79,Female,Medicare Advantage,West,1947-09-15
P001896,38,Female,Medicaid,West,1988-09-15
P001897,19,Female,Medicare,South,2006-06-15
P001898,22,Male,Medicare Advantage,Midwest,2004-09-15
P001899,26,Female,Other,Midwest,1999-10-15
P001900,86,Male,Medicare Advantage,West,1939-02-15
P001901,21,Female,Commercial,South,2005-03-15
P001902,29,Male,Medicare,West,1996-03-15
P001903,35,Male,Self-Pay,Northeast,1990-02-15
P001904,61,Male,Medicare,Northeast,1965-04-15
P001905,79,Male,Commercial,South,1947-03-15
P001906,23,Female,Medicare Advantage,West,2002-01-15
P001907,88,Male,Commercial,South,1938-09-15
P001908,79,Female,Commercial,West,1947-12-15
P001909,52,Female,Workers Comp,Midwest,1974-05-15
P001910,54,Female,Other,South,1972-08-15
P001911,67,Female,Medicaid,Midwest,1959-11-15
P001912,33,Male,Medicare,Midwest,1992-08-15
P001913,35,Female,Medicare,Northeast,1990-07-15
P001914,42,Female,Commercial,West,1984-01-15
P001915,39,Female,Medicare Advantage,Northeast,1987-10-15
P001916,32,Male,Medicare Advantage,West,1994-03-15
P001917,5,Female,Workers Comp,West,2020-12-15
P001918,51,Male,Medicare,Northeast,1975-07-15
P001919,76,Male,Medicaid,West,1950-10-15
P001920,25,Female,Other,Northeast,2001-09-15
P001921,37,Male,Medicare,South,1988-03-15
P001922,67,Female,Commercial,Midwest,1959-12-15
P001923,96,Male,Commercial,South,1929-08-15
P001924,77,Female,Medicare,Midwest,1949-12-15
P001925,69,Male,Medicare,South,1956-07-15
P001926,53,Male,Medicaid,West,1973-05-15
P001927,72,Male,Medicare,Midwest,1953-08-15
P001928,72,Male,Medicaid,South,1953-02-15
P001929,21,Male,Self-Pay,Midwest,2004-10-15
P001930,70,Female,Commercial,Northeast,1956-02-15
P001931,28,Male,Medicare,West,1998-06-15
P001932,19,Male,Medicare,Northeast,2006-10-15
P001933,34,Female,Self-Pay,Northeast,1991-01-15
P001934,72,Female,Medicare Advantage,West,1953-06-15
P001935,86,Male,Medicaid,Northeast,1940-02-15
P001936,34,Female,Medicaid,Northeast,1991-02-15
P001937,25,Male,Commercial,Northeast,2000-06-15
P001938,0,Male,Medicaid,Northeast,2026-02-15
P001939,68,Female,Commercial,Northeast,1958-07-15
P001940,40,Female,Medicare,South,1986-02-15
P001941,78,Female,Commercial,South,1947-02-15
P001942,55,Female,Commercial,Northeast,1971-12-15
P001943,35,Female,Commercial,South,1990-07-15
P001944,18,Male,Commercial,Midwest,2007-12-15
P001945,41,Male,Commercial,South,1984-01-15
P001946,57,Female,Self-Pay,South,1968-10-15
P001947,73,Female,Medicare,Midwest,1953-10-15
P001948,74,Female,Medicare,South,1952-02-15
P001949,76,Male,Medicare,Northeast,1949-03-15
P001950,84,Male,Medicare,South,1942-10-15
P001951,28,Male,Commercial,West,1998-01-15
P001952,70,Male,Medicare Advantage,Midwest,1956-01-15
P001953,30,Male,Medicare,South,1996-12-15
P001954,22,Female,Medicare,South,2003-05-15
P001955,82,Female,Self-Pay,West,1943-02-15
P001956,32,Male,Commercial,South,1993-11-15
P001957,51,Female,Medicare,Midwest,1974-11-15
P001958,52,Male,Self-Pay,Northeast,1973-04-15
P001959,49,Male,Commercial,Midwest,1976-08-15
P001960,43,Female,Medicare,West,1983-07-15
P001961,79,Male,Self-Pay,West,1946-12-15
P001962,57,Male,Medicare Advantage,Midwest,1968-02-15
P001963,39,Male,Medicare Advantage,Midwest,1986-03-15
P001964,37,Female,Commercial,West,1989-11-15
P001965,84,Female,Medicare,South,1941-12-15
P001966,96,Female,Medicare,Northeast,1929-09-15
P001967,54,Female,Other,Midwest,1971-11-15
P001968,33,Male,Medicare Advantage,West,1992-06-15
P001969,51,Male,Medicare,West,1975-03-15
P001970,57,Female,Medicaid,South,1968-11-15
P001971,24,Male,Medicare,West,2002-02-15
P001972,78,Female,Commercial,Northeast,1948-01-15
P001973,33,Male,Commercial,Midwest,1993-09-15
P001974,48,Female,Medicare,South,1977-08-15
P001975,9,Male,Medicare,Midwest,2017-12-15
P001976,76,Male,Medicare Advantage,Northeast,1950-08-15
P001977,76,Female,Commercial,South,1949-06-15
P001978,6,Male,Medicare,South,2020-12-15
P001979,33,Female,Medicare,South,1993-03-15
P001980,39,Female,Medicare Advantage,West,1986-01-15
P001981,78,Male,Medicare Advantage,Midwest,1947-03-15
P001982,49,Male,Medicaid,South,1976-04-15
P001983,55,Female,Medicare Advantage,Northeast,1971-07-15
P001984,66,Female,Medicaid,West,1959-08-15
P001985,49,Male,Commercial,West,1976-12-15
P001986,56,Female,Commercial,Midwest,1970-10-15
P001987,27,Male,Medicare,Northeast,1999-11-15
P001988,12,Male,Medicare,Midwest,2013-03-15
P001989,70,Female,Medicaid,South,1955-09-15
P001990,11,Female,Medicare,Midwest,2014-02-15
P001991,21,Female,Medicare Advantage,Midwest,2005-02-15
P001992,68,Female,Commercial,Northeast,1957-05-15
P001993,21,Male,Medicaid,Northeast,2004-12-15
P001994,70,Male,Medicare,South,1955-02-15
P001995,35,Female,Medicare,Midwest,1991-02-15
P001996,1,Female,Commercial,South,2024-06-15
P001997,68,Female,Commercial,South,1957-07-15
P001998,93,Male,Medicare Advantage,Midwest,1933-09-15
P001999,70,Female,Medicare,Northeast,1955-08-15
P002000,74,Female,Self-Pay,Midwest,1952-06-15
P002001,0,Female,Medicare,South,2025-09-15
P002002,42,Other,Self-Pay,Northeast,1984-02-15
P002003,60,Male,Medicare,South,1965-11-15
P002004,83,Male,Medicare Advantage,West,1943-04-15
P002005,73,Female,Self-Pay,South,1952-12-15
P002006,22,Male,Medicare,Midwest,2003-12-15
P002007,54,Male,Medicare,West,1972-02-15
P002008,25,Male,Medicare,Midwest,2000-06-15
P002009,1,Female,Commercial,Northeast,2025-02-15
P002010,48,Male,Medicare,Northeast,1977-03-15
P002011,57,Female,Commercial,South,1968-12-15
P002012,35,Female,Medicare,South,1990-02-15
P002013,63,Female,Medicare,Midwest,1962-07-15
P002014,93,Male,Commercial,Midwest,1933-01-15
P002015,6,Male,Commercial,Midwest,2019-10-15
P002016,6,Male,Commercial,Northeast,2020-10-15
P002017,84,Female,Self-Pay,Northeast,1941-03-15
P002018,71,Male,Medicare Advantage,Midwest,1955-05-15
P002019,15,Male,Medicare,Midwest,2010-04-15
P002020,24,Female,Commercial,South,2001-07-15
P002021,58,Male,Medicare,West,1968-09-15
P002022,56,Female,Medicare,Northeast,1970-04-15
P002023,54,Male,Medicaid,South,1972-09-15
P002024,40,Female,Self-Pay,West,1985-09-15
P002025,9,Female,Medicare,West,2016-05-15
P002026,72,Female,Medicaid,South,1953-02-15
P002027,11,Male,Commercial,Northeast,2015-04-15
P002028,74,Female,Commercial,Midwest,1951-03-15
P002029,62,Male,Commercial,Northeast,1964-01-15
P002030,40,Female,Workers Comp,Midwest,1985-08-15
P002031,84,Female,Commercial,West,1942-06-15
P002032,36,Female,Commercial,Midwest,1989-07-15
P002033,25,Female,Commercial,West,2001-03-15
P002034,43,Female,Commercial,West,1983-08-15
P002035,89,Female,Commercial,West,1936-10-15
P002036,70,Female,Medicare,South,1956-04-15
P002037,38,Female,Medicare,Midwest,1988-07-15
P002038,45,Male,Medicare,South,1981-07-15
P002039,78,Male,Medicaid,South,1947-07-15
P002040,54,Male,Medicare,Midwest,1972-10-15
P002041,45,Male,Medicare,Northeast,1981-10-15
P002042,49,Female,Medicaid,West,1977-04-15
P002043,45,Male,Medicaid,West,1981-09-15
P002044,94,Female,Workers Comp,South,1932-01-15
P002045,60,Male,Medicare,West,1965-03-15
P002046,10,Male,Medicaid,South,2015-07-15
P002047,77,Female,Commercial,West,1949-06-15
P002048,14,Female,Commercial,Midwest,2012-12-15
P002049,47,Male,Commercial,Northeast,1979-05-15
P002050,73,Male,Commercial,South,1953-02-15
P002051,47,Female,Medicaid,Midwest,1979-01-15
P002052,38,Male,Medicare Advantage,South,1987-06-15
P002053,57,Male,Medicare,South,1969-09-15
P002054,48,Female,Medicaid,West,1977-04-15
P002055,26,Male,Medicare,West,1999-10-15
P002056,82,Male,Medicaid,South,1944-10-15
P002057,27,Female,Commercial,Northeast,1998-01-15
P002058,4,Female,Medicare,Midwest,2022-03-15
P002059,50,Female,Self-Pay,West,1976-06-15
P002060,93,Female,Medicaid,Midwest,1933-11-15
P002061,35,Male,Medicare,West,1990-09-15
P002062,49,Female,Medicaid,South,1976-06-15
P002063,66,Male,Medicaid,Midwest,1959-04-15
P002064,32,Female,Medicare Advantage,West,1993-04-15
P002065,54,Female,Medicare,Northeast,1972-11-15
P002066,6,Male,Medicaid,Midwest,2020-04-15
P002067,84,Male,Medicaid,South,1941-06-15
P002068,21,Male,Medicare,West,2004-04-15
P002069,40,Male,Medicare,South,1986-02-15
P002070,23,Male,Commercial,South,2003-12-15
P002071,43,Female,Medicare,South,1983-06-15
P002072,51,Male,Medicare Advantage,Midwest,1975-07-15
P002073,53,Female,Commercial,Midwest,1973-07-15
P002074,94,Male,Commercial,Midwest,1932-06-15
P002075,39,Male,Medicaid,South,1987-02-15
P002076,53,Male,Medicare,Northeast,1973-07-15
P002077,55,Male,Medicaid,South,1970-02-15
P002078,96,Female,Medicaid,Midwest,1929-09-15
P002079,91,Male,Self-Pay,West,1935-11-15
P002080,26,Male,Medicaid,Midwest,2000-11-15
P002081,17,Male,Medicare,Northeast,2008-04-15
P002082,47,Female,Medicare,South,1978-10-15
P002083,36,Male,Medicare,Midwest,1989-02-15
P002084,12,Female,Commercial,South,2013-07-15
P002085,36,Female,Medicaid,Northeast,1990-05-15
P002086,59,Male,Medicare Advantage,South,1967-12-15
P002087,52,Female,Self-Pay,Midwest,1974-10-15
P002088,29,Female,Medicare,South,1996-02-15
P002089,80,Male,Commercial,South,1946-05-15
P002090,1,Male,Medicare,South,2025-04-15
P002091,29,Female,Medicare Advantage,Northeast,1997-08-15
P002092,28,Female,Medicare Advantage,South,1998-08-15
P002093,9,Female,Medicaid,West,2016-06-15
P002094,61,Female,Medicare,West,1964-03-15
P002095,72,Female,Medicare,Northeast,1954-04-15
P002096,47,Male,Medicaid,Midwest,1978-08-15
P002097,7,Female,Medicaid,South,2018-07-15
P002098,24,Female,Self-Pay,West,2001-04-15
P002099,6,Female,Medicare Advantage,Midwest,2020-07-15
P002100,70,Female,Commercial,South,1955-01-15
P002101,63,Female,Medicare,South,1963-01-15
P002102,66,Male,Medicare Advantage,South,1959-05-15
P002103,25,Male,Commercial,West,2001-12-15
P002104,75,Female,Commercial,South,1951-11-15
P002105,45,Female,Medicare,West,1980-07-15
P002106,41,Female,Medicaid,South,1984-09-15
P002107,30,Male,Medicare,South,1996-06-15
P002108,40,Female,Medicaid,West,1986-02-15
P002109,49,Male,Medicare,West,1977-06-15
P002110,61,Male,Other,Northeast,1964-07-15
P002111,57,Female,Commercial,Midwest,1969-10-15
P002112,80,Female,Medicaid,West,1945-11-15
P002113,90,Male,Commercial,South,1936-04-15
P002114,56,Female,Self-Pay,South,1970-12-15
P002115,31,Female,Medicaid,West,1995-03-15
P002116,46,Female,Commercial,West,1979-12-15
P002117,69,Female,Medicaid,Midwest,1956-06-15
P002118,30,Male,Commercial,West,1995-10-15
P002119,3,Male,Medicare,South,2023-08-15
P002120,24,Female,Commercial,West,2001-09-15
P002121,56,Male,Medicaid,Northeast,1969-01-15
P002122,75,Male,Medicaid,West,1950-09-15
P002123,95,Female,Self-Pay,Midwest,1931-01-15
P002124,48,Female,Medicaid,Northeast,1978-05-15
P002125,31,Female,Medicare,Northeast,1995-09-15
P002126,71,Female,Medicare,South,1955-08-15
P002127,43,Male,Medicare Advantage,South,1983-08-15
P002128,80,Male,Self-Pay,South,1946-05-15
P002129,23,Male,Medicare,South,2003-02-15
P002130,48,Male,Commercial,West,1978-12-15
P002131,75,Female,Medicare,South,1951-04-15
P002132,23,Female,Medicare,Midwest,2003-07-15
P002133,53,Male,Medicare,South,1973-12-15
P002134,91,Male,Commercial,Midwest,1934-08-15
P002135,74,Male,Medicare,West,1951-12-15
P002136,74,Female,Medicare,South,1952-11-15
P002137,28,Male,Medicare Advantage,Northeast,1997-12-15
P002138,79,Male,Other,South,1947-03-15
P002139,61,Female,Commercial,Midwest,1964-06-15
P002140,29,Female,Medicare,Northeast,1997-04-15
P002141,57,Female,Medicaid,South,1969-04-15
P002142,95,Female,Medicare,West,1930-02-15
P002143,79,Male,Commercial,West,1946-10-15
P002144,34,Male,Medicaid,West,1991-06-15
P002145,14,Female,Medicaid,South,2011-04-15
P002146,55,Female,Medicare Advantage,South,1970-05-15
P002147,60,Male,Medicare,South,1966-08-15
P002148,51,Male,Commercial,Northeast,1974-05-15
P002149,35,Male,Medicare,South,1990-08-15
P002150,60,Female,Medicaid,West,1966-04-15
P002151,48,Female,Medicare,West,1977-10-15
P002152,46,Female,Medicare,South,1979-10-15
P002153,37,Male,Medicare,Midwest,1988-08-15
P002154,45,Male,Medicaid,Midwest,1981-11-15
P002155,38,Female,Medicare,South,1987-11-15
P002156,35,Female,Medicare Advantage,Northeast,1990-08-15
P002157,36,Male,Commercial,West,1989-10-15
P002158,23,Female,Medicare Advantage,South,2003-12-15
P002159,83,Female,Medicare,Northeast,1942-06-15
P002160,27,Female,Medicare Advantage,West,1998-03-15
P002161,54,Male,Medicare Advantage,Northeast,1972-08-15
P002162,47,Male,Medicare Advantage,Northeast,1978-08-15
P002163,18,Female,Medicare,South,2007-06-15
P002164,42,Female,Commercial,Midwest,1984-10-15
P002165,69,Male,Other,Midwest,1957-02-15
P002166,57,Female,Medicare,Midwest,1969-07-15
P002167,6,Female,Medicare Advantage,South,2019-10-15
P002168,66,Female,Medicare,Midwest,1960-10-15
P002169,74,Male,Medicaid,West,1951-06-15
P002170,59,Female,Medicare,Midwest,1966-04-15
P002171,19,Male,Medicaid,Midwest,2006-03-15
P002172,38,Female,Medicare Advantage,South,1987-08-15
P002173,74,Male,Commercial,South,1952-11-15
P002174,45,Female,Other,Midwest,1981-09-15
P002175,65,Male,Self-Pay,West,1961-09-15
P002176,40,Male,Medicare,South,1986-03-15
P002177,92,Female,Medicaid,West,1934-02-15
P002178,32,Female,Medicare,Northeast,1994-01-15
P002179,74,Male,Medicaid,South,1952-11-15
P002180,10,Male,Medicaid,South,2016-09-15
P002181,10,Male,Other,West,2015-04-15
P002182,3,Female,Medicare,South,2022-01-15
P002183,21,Male,Commercial,Northeast,2004-02-15
P002184,72,Male,Medicare Advantage,West,1954-07-15
P002185,10,Male,Medicare,Northeast,2016-10-15
P002186,47,Male,Medicaid,South,1979-10-15
P002187,46,Male,Medicare,Midwest,1979-12-15
P002188,9,Female,Medicare,Midwest,2017-06-15
P002189,76,Male,Self-Pay,South,1950-11-15
P002190,76,Male,Medicare,South,1950-05-15
P002191,78,Male,Commercial,South,1947-10-15
P002192,79,Female,Other,Northeast,1946-10-15
P002193,47,Female,Commercial,Midwest,1979-05-15
P002194,37,Female,Commercial,Northeast,1988-08-15
P002195,77,Male,Medicare,South,1948-08-15
P002196,92,Male,Commercial,Midwest,1934-06-15
P002197,79,Female,Medicare,Northeast,1946-06-15
P002198,9,Male,Commercial,Northeast,2016-05-15
P002199,57,Female,Medicare,Midwest,1969-11-15
P002200,64,Female,Commercial,South,1961-12-15
P002201,78,Female,Medicare,South,1947-04-15
P002202,50,Female,Medicaid,South,1976-08-15
P002203,79,Male,Medicare,South,1946-11-15
P002204,71,Female,Commercial,South,1954-12-15
P002205,53,Female,Medicaid,West,1973-10-15
P002206,82,Male,Medicaid,South,1944-12-15
P002207,47,Male,Medicaid,Midwest,1978-03-15
P002208,78,Female,Medicaid,Northeast,1947-11-15
P002209,39,Female,Medicare,South,1987-02-15
P002210,35,Female,Other,South,1991-11-15
P002211,29,Male,Medicare,South,1997-09-15
P002212,31,Male,Medicaid,Midwest,1995-11-15
P002213,50,Male,Commercial,Northeast,1976-12-15
P002214,63,Female,Medicaid,South,1963-10-15
P002215,57,Male,Self-Pay,South,1969-06-15
P002216,38,Female,Medicaid,Midwest,1987-04-15
P002217,76,Male,Self-Pay,West,1950-07-15
P002218,39,Female,Medicare,Midwest,1987-12-15
P002219,53,Female,Medicare,Midwest,1972-02-15
P002220,12,Male,Medicare,South,2014-03-15
P002221,79,Female,Medicare Advantage,West,1947-07-15
P002222,73,Female,Medicaid,South,1953-06-15
P002223,30,Male,Commercial,South,1996-10-15
P002224,37,Female,Medicare,South,1988-08-15
P002225,33,Male,Commercial,South,1992-09-15
P002226,26,Male,Medicare,Midwest,2000-07-15
P002227,31,Male,Medicare Advantage,West,1994-01-15
P002228,11,Female,Medicare,South,2015-01-15
P002229,73,Female,Commercial,West,1953-02-15
P002230,76,Female,Commercial,South,1949-08-15
P002231,38,Female,Self-Pay,South,1988-05-15
P002232,74,Male,Medicaid,South,1951-04-15
P002233,55,Male,Workers Comp,West,1971-02-15
P002234,24,Male,Medicare,South,2002-10-15
P002235,56,Male,Medicaid,West,1970-11-15
P002236,34,Male,Medicare Advantage,West,1992-04-15
P002237,61,Female,Commercial,South,1964-11-15
P002238,76,Female,Medicare,Northeast,1950-08-15
P002239,84,Female,Commercial,West,1942-10-15
P002240,56,Female,Medicaid,Northeast,1969-01-15
P002241,88,Female,Medicare Advantage,South,1937-01-15
P002242,73,Male,Commercial,Northeast,1953-06-15
P002243,70,Female,Commercial,South,1955-07-15
P002244,60,Female,Medicare Advantage,South,1966-06-15
P002245,59,Female,Medicare,Northeast,1967-06-15
P002246,23,Male,Medicare,South,2002-08-15
P002247,55,Female,Medicare,Midwest,1971-05-15
P002248,51,Female,Medicare,South,1974-04-15
P002249,34,Female,Medicare,West,1992-01-15
P002250,73,Female,Medicare,South,1952-10-15
P002251,34,Female,Workers Comp,West,1991-02-15
P002252,71,Female,Medicare,West,1955-06-15
P002253,38,Female,Medicare Advantage,Northeast,1987-10-15
P002254,28,Male,Medicare,West,1997-01-15
P002255,12,Male,Medicare,South,2014-02-15
P002256,92,Female,Medicare,West,1934-03-15
P002257,49,Female,Commercial,South,1976-09-15
P002258,37,Male,Commercial,Midwest,1989-04-15
P002259,57,Female,Commercial,Midwest,1968-02-15
P002260,39,Male,Medicare,Midwest,1987-03-15
P002261,32,Female,Commercial,Midwest,1994-09-15
P002262,39,Female,Medicare,South,1987-09-15
P002263,75,Female,Commercial,West,1951-07-15
P002264,69,Female,Medicare Advantage,South,1957-09-15
P002265,3,Female,Medicare,South,2023-08-15
P002266,33,Male,Medicaid,Northeast,1992-11-15
P002267,79,Male,Medicare,Midwest,1946-04-15
P002268,57,Female,Workers Comp,West,1968-05-15
P002269,28,Male,Medicare Advantage,Midwest,1998-07-15
P002270,86,Male,Medicaid,South,1940-05-15
P002271,77,Female,Medicare,Midwest,1949-11-15
P002272,23,Female,Commercial,Midwest,2002-02-15
P002273,46,Female,Commercial,Midwest,1979-02-15
P002274,13,Male,Medicare,South,2012-05-15
P002275,79,Female,Medicare,Midwest,1946-05-15
P002276,62,Female,Medicare Advantage,South,1963-01-15
P002277,28,Male,Commercial,South,1998-07-15
P002278,51,Male,Medicare,Northeast,1974-03-15
P002279,18,Female,Workers Comp,South,2008-08-15
P002280,64,Male,Self-Pay,South,1961-12-15
P002281,36,Female,Medicare,West,1989-07-15
P002282,77,Female,Commercial,Midwest,1949-03-15
P002283,71,Female,Commercial,Midwest,1955-12-15
P002284,77,Female,Commercial,South,1948-03-15
P002285,45,Male,Commercial,Northeast,1981-08-15
P002286,52,Female,Commercial,West,1974-08-15
P002287,68,Male,Medicare,South,1957-05-15
P002288,75,Female,Medicaid,South,1950-11-15
P002289,65,Male,Medicare,Midwest,1960-12-15
P002290,86,Male,Medicaid,West,1940-12-15
P002291,40,Female,Medicaid,Midwest,1986-04-15
P002292,60,Female,Commercial,South,1965-12-15
P002293,65,Male,Commercial,South,1960-10-15
P002294,36,Female,Commercial,South,1989-06-15
P002295,57,Male,Medicare Advantage,Midwest,1969-04-15
P002296,55,Female,Medicare,West,1971-09-15
P002297,67,Male,Medicare Advantage,South,1959-08-15
P002298,78,Male,Medicare,West,1948-06-15
P002299,88,Male,Medicare Advantage,South,1937-04-15
P002300,19,Female,Self-Pay,West,2006-10-15
P002301,91,Female,Medicaid,South,1935-09-15
P002302,96,Female,Medicare,West,1930-11-15
P002303,65,Female,Medicare,West,1961-02-15
P002304,38,Female,Commercial,South,1988-09-15
P002305,34,Male,Workers Comp,Midwest,1992-09-15
P002306,37,Male,Medicaid,Northeast,1988-02-15
P002307,16,Female,Medicare,Midwest,2010-01-15
P002308,67,Female,Self-Pay,West,1959-03-15
P002309,37,Female,Commercial,South,1988-01-15
P002310,33,Male,Medicaid,South,1993-07-15
P002311,26,Male,Commercial,Midwest,1999-10-15
P002312,92,Male,Self-Pay,South,1934-08-15
P002313,93,Male,Medicaid,Northeast,1932-09-15
P002314,80,Male,Medicaid,South,1945-09-15
P002315,89,Female,Medicare Advantage,South,1937-02-15
P002316,37,Female,Medicare,Northeast,1989-03-15
P002317,17,Female,Commercial,South,2009-07-15
P002318,35,Female,Commercial,West,1990-09-15
P002319,55,Female,Medicare,South,1970-02-15
P002320,37,Female,Medicaid,South,1989-06-15
P002321,62,Male,Medicare,South,1963-08-15
P002322,58,Female,Medicare,Midwest,1968-10-15
P002323,22,Male,Medicare Advantage,South,2004-11-15
P002324,37,Female,Medicaid,South,1989-12-15
P002325,31,Female,Medicaid,West,1995-07-15
P002326,79,Male,Medicare,Midwest,1946-02-15
P002327,89,Female,Commercial,Midwest,1936-06-15
P002328,18,Male,Workers Comp,West,2008-03-15
P002329,81,Male,Medicare Advantage,South,1945-08-15
P002330,76,Female,Self-Pay,Northeast,1949-04-15
P002331,14,Male,Medicare,West,2012-02-15
P002332,36,Male,Commercial,South,1990-11-15
P002333,44,Male,Medicare,South,1981-02-15
P002334,32,Female,Commercial,South,1994-10-15
P002335,46,Male,Commercial,Midwest,1980-01-15
P002336,74,Other,Medicare,West,1952-03-15
P002337,28,Male,Medicare,South,1997-10-15
P002338,25,Male,Medicare,West,2001-04-15
P002339,83,Female,Commercial,Northeast,1942-09-15
P002340,40,Female,Medicare,South,1985-09-15
P002341,27,Female,Commercial,South,1998-05-15
P002342,33,Female,Medicare,West,1993-12-15
P002343,53,Male,Commercial,South,1972-10-15
P002344,66,Female,Medicare,South,1959-12-15
P002345,81,Female,Commercial,Northeast,1944-02-15
P002346,15,Male,Medicare,Midwest,2011-10-15
P002347,82,Male,Medicare,South,1943-07-15
P002348,54,Female,Self-Pay,South,1972-04-15
P002349,64,Male,Commercial,Midwest,1961-10-15
P002350,93,Male,Medicaid,Midwest,1932-08-15
P002351,61,Male,Commercial,West,1964-09-15
P002352,18,Female,Medicare,Midwest,2007-07-15
P002353,67,Female,Medicare Advantage,Midwest,1958-04-15
P002354,48,Female,Other,West,1977-09-15
P002355,74,Female,Commercial,Northeast,1951-07-15
P002356,30,Male,Medicare Advantage,South,1996-06-15
P002357,39,Female,Self-Pay,South,1987-07-15
P002358,62,Male,Medicare Advantage,West,1964-04-15
P002359,52,Female,Commercial,South,1973-03-15
P002360,28,Male,Medicare Advantage,Northeast,1998-07-15
P002361,19,Female,Medicare,South,2007-04-15
P002362,71,Female,Medicare,Northeast,1954-01-15
P002363,49,Female,Medicare,West,1977-01-15
P002364,29,Male,Commercial,West,1996-01-15
P002365,77,Male,Medicare Advantage,West,1949-01-15
P002366,74,Male,Commercial,South,1952-01-15
P002367,47,Male,Medicare,West,1979-02-15
P002368,48,Female,Medicare,West,1977-10-15
P002369,11,Male,Commercial,South,2014-01-15
P002370,44,Male,Medicare,West,1982-08-15
P002371,86,Female,Commercial,Midwest,1940-11-15
P002372,49,Male,Commercial,West,1976-12-15
P002373,33,Female,Medicaid,South,1993-02-15
P002374,11,Male,Medicaid,West,2015-11-15
P002375,36,Male,Medicare,South,1989-05-15
P002376,55,Male,Medicare,West,1971-09-15
P002377,40,Female,Medicare,South,1985-05-15
P002378,90,Male,Medicare,Northeast,1935-09-15
P002379,64,Male,Medicare,Northeast,1962-02-15
P002380,30,Female,Medicare Advantage,Midwest,1995-09-15
P002381,60,Female,Medicare,Midwest,1966-08-15
P002382,38,Female,Self-Pay,West,1988-03-15
P002383,15,Female,Commercial,Midwest,2011-02-15
P002384,52,Female,Commercial,South,1974-08-15
P002385,44,Female,Medicare Advantage,South,1981-02-15
P002386,66,Female,Commercial,South,1959-07-15
P002387,65,Female,Commercial,West,1961-03-15
P002388,65,Male,Commercial,Northeast,1961-11-15
P002389,79,Female,Commercial,South,1947-11-15
P002390,32,Male,Medicare,West,1994-10-15
P002391,63,Female,Medicare,West,1963-09-15
P002392,41,Female,Medicare Advantage,South,1985-01-15
P002393,50,Male,Medicare,Northeast,1975-04-15
P002394,58,Male,Commercial,South,1968-01-15
P002395,34,Male,Other,South,1991-04-15
P002396,57,Female,Commercial,Northeast,1969-12-15
P002397,88,Male,Medicaid,West,1937-02-15
P002398,92,Female,Medicare,West,1933-08-15
P002399,56,Female,Medicare,Midwest,1970-02-15
P002400,45,Male,Commercial,South,1981-11-15
P002401,49,Male,Medicare,Midwest,1977-01-15
P002402,62,Female,Commercial,Northeast,1964-07-15
P002403,65,Female,Medicaid,Midwest,1960-08-15
P002404,45,Male,Commercial,West,1981-05-15
P002405,85,Female,Medicare Advantage,Northeast,1940-12-15
P002406,30,Male,Self-Pay,South,1996-01-15
P002407,76,Female,Medicare Advantage,South,1949-01-15
P002408,54,Female,Commercial,West,1972-04-15
P002409,79,Male,Medicare,West,1947-09-15
P002410,63,Male,Medicare,Midwest,1963-10-15
P002411,55,Male,Medicare Advantage,West,1970-12-15
P002412,24,Female,Medicare Advantage,Midwest,2002-09-15
P002413,55,Male,Commercial,Northeast,1970-05-15
P002414,76,Female,Medicare,Midwest,1949-05-15
P002415,62,Female,Medicare,Midwest,1963-06-15
P002416,37,Male,Medicare,South,1989-03-15
P002417,26,Male,Medicare,Midwest,1999-11-15
P002418,52,Male,Medicaid,Northeast,1974-07-15
P002419,36,Male,Medicare,Midwest,1990-05-15
P002420,4,Male,Medicare,South,2021-05-15
P002421,74,Female,Medicaid,South,1951-08-15
P002422,31,Male,Self-Pay,West,1995-02-15
P002423,55,Female,Commercial,South,1970-04-15
P002424,35,Female,Medicaid,West,1990-09-15
P002425,42,Female,Self-Pay,Northeast,1984-09-15
P002426,57,Male,Medicare Advantage,South,1968-10-15
P002427,74,Female,Medicare,South,1951-02-15
P002428,38,Female,Commercial,West,1987-03-15
P002429,46,Female,Medicaid,South,1980-02-15
P002430,24,Female,Commercial,South,2001-04-15
P002431,66,Female,Medicare,Midwest,1959-08-15
P002432,79,Male,Medicaid,South,1946-10-15
P002433,46,Female,Medicaid,Midwest,1979-02-15
P002434,78,Male,Medicare Advantage,South,1948-04-15
P002435,88,Female,Medicare Advantage,Northeast,1937-01-15
P002436,84,Male,Medicare,West,1941-11-15
P002437,88,Male,Medicare,Northeast,1937-09-15
P002438,22,Female,Medicare,Midwest,2004-03-15
P002439,45,Male,Commercial,South,1980-03-15
P002440,64,Female,Commercial,West,1961-12-15
P002441,48,Female,Medicare,Midwest,1978-09-15
P002442,54,Male,Medicare,West,1972-09-15
P002443,37,Female,Commercial,South,1989-09-15
P002444,0,Female,Medicaid,South,2025-12-15
P002445,6,Male,Medicare,West,2019-11-15
P002446,81,Male,Medicare,Northeast,1945-12-15
P002447,68,Male,Medicare,South,1957-01-15
P002448,41,Female,Commercial,Midwest,1984-07-15
P002449,56,Male,Medicaid,South,1970-01-15
P002450,76,Male,Medicare,South,1950-09-15
P002451,32,Female,Commercial,Midwest,1994-11-15
P002452,3,Male,Medicare,Midwest,2022-03-15
P002453,23,Female,Medicare,Midwest,2003-01-15
P002454,47,Male,Workers Comp,West,1979-06-15
P002455,75,Male,Medicare Advantage,South,1950-04-15
P002456,40,Male,Self-Pay,West,1985-10-15
P002457,89,Male,Medicare,West,1937-01-15
P002458,51,Female,Self-Pay,South,1975-06-15
P002459,77,Female,Medicaid,West,1949-08-15
P002460,38,Female,Commercial,Northeast,1987-02-15
P002461,53,Male,Medicare Advantage,South,1973-01-15
P002462,38,Male,Medicare Advantage,Midwest,1987-07-15
P002463,31,Female,Self-Pay,Midwest,1995-09-15
P002464,73,Male,Medicare,West,1952-05-15
P002465,64,Female,Self-Pay,Midwest,1962-03-15
P002466,13,Female,Commercial,West,2013-04-15
P002467,64,Female,Medicare,South,1962-01-15
P002468,38,Female,Other,Midwest,1987-05-15
P002469,24,Male,Medicare,West,2001-10-15
P002470,37,Male,Commercial,Northeast,1989-08-15
P002471,54,Female,Medicare Advantage,Midwest,1972-05-15
P002472,82,Male,Medicare,West,1943-09-15
P002473,24,Male,Medicaid,South,2002-02-15
P002474,82,Female,Medicare Advantage,Northeast,1943-07-15
P002475,52,Male,Medicare,South,1974-08-15
P002476,75,Female,Medicare,West,1951-11-15
P002477,63,Female,Commercial,South,1963-03-15
P002478,35,Male,Commercial,Northeast,1991-02-15
P002479,55,Male,Medicare,South,1971-11-15
P002480,56,Female,Commercial,South,1969-02-15
P002481,58,Female,Medicare Advantage,South,1967-10-15
P002482,55,Female,Commercial,South,1970-12-15
P002483,30,Female,Medicare,Midwest,1996-12-15
P002484,41,Female,Medicaid,South,1985-05-15
P002485,48,Female,Medicaid,South,1977-01-15
P002486,74,Female,Medicaid,South,1952-09-15
P002487,68,Male,Medicaid,Midwest,1958-04-15
P002488,78,Male,Medicaid,West,1947-06-15
P002489,38,Male,Medicare Advantage,Midwest,1987-12-15
P002490,51,Male,Medicaid,Northeast,1975-09-15
P002491,84,Female,Commercial,South,1942-07-15
P002492,14,Male,Medicare,Northeast,2011-04-15
P002493,36,Male,Commercial,Midwest,1989-09-15
P002494,13,Male,Medicare Advantage,Midwest,2013-07-15
P002495,57,Male,Commercial,Midwest,1968-09-15
P002496,50,Female,Commercial,Midwest,1975-11-15
P002497,21,Male,Medicare,West,2004-05-15
P002498,55,Female,Commercial,Midwest,1970-02-15
P002499,45,Male,Medicaid,Northeast,1980-05-15
P002500,5,Female,Medicaid,Midwest,2020-12-15
P002501,35,Male,Medicaid,Midwest,1990-10-15
P002502,77,Male,Commercial,South,1949-11-15
P002503,56,Male,Medicare,South,1970-12-15
P002504,19,Male,Self-Pay,West,2007-06-15
P002505,79,Male,Commercial,Northeast,1947-12-15
P002506,51,Female,Medicaid,West,1974-08-15
P002507,78,Male,Commercial,West,1947-04-15
P002508,58,Female,Medicare,West,1967-04-15
P002509,71,Female,Medicare Advantage,Midwest,1955-08-15
P002510,31,Female,Medicare,South,1994-01-15
P002511,84,Male,Medicaid,South,1942-04-15
P002512,87,Male,Medicare Advantage,South,1938-03-15
P002513,47,Male,Medicare,Midwest,1979-04-15
P002514,51,Female,Medicaid,West,1974-07-15
P002515,63,Female,Commercial,West,1963-02-15
P002516,81,Female,Medicare,South,1945-12-15
P002517,51,Male,Medicare,West,1975-12-15
P002518,26,Male,Medicare,Northeast,2000-06-15
P002519,76,Male,Medicare Advantage,Northeast,1950-08-15
P002520,10,Male,Commercial,West,2015-06-15
P002521,93,Female,Commercial,South,1932-06-15
P002522,78,Male,Medicare,Midwest,1948-08-15
P002523,77,Male,Medicare,South,1948-05-15
P002524,58,Male,Medicare,South,1968-03-15
P002525,87,Male,Commercial,Midwest,1939-07-15
P002526,43,Male,Self-Pay,South,1983-09-15
P002527,45,Female,Commercial,West,1981-03-15
P002528,70,Male,Medicare,South,1955-06-15
P002529,20,Male,Commercial,West,2005-07-15
P002530,66,Male,Commercial,Midwest,1959-05-15
P002531,59,Male,Medicaid,Midwest,1966-07-15
P002532,51,Female,Medicare,West,1974-07-15
P002533,65,Male,Medicare,Midwest,1961-02-15
P002534,68,Female,Medicare,South,1957-08-15
P002535,11,Female,Medicare,West,2014-02-15
P002536,39,Male,Commercial,South,1987-03-15
P002537,80,Other,Commercial,West,1946-06-15
P002538,77,Female,Commercial,South,1948-03-15
P002539,55,Female,Self-Pay,Midwest,1971-12-15
P002540,43,Male,Medicare Advantage,South,1983-04-15
P002541,65,Male,Medicare,Midwest,1960-01-15
P002542,78,Male,Self-Pay,South,1947-02-15
P002543,37,Male,Commercial,West,1989-08-15
P002544,41,Female,Medicaid,Northeast,1985-05-15
P002545,73,Male,Medicaid,Midwest,1953-12-15
P002546,68,Female,Medicare,South,1957-09-15
P002547,63,Male,Medicaid,Northeast,1963-12-15
P002548,91,Female,Commercial,Northeast,1935-02-15
P002549,8,Male,Medicare Advantage,Midwest,2017-07-15
P002550,92,Male,Medicare,South,1933-10-15
P002551,10,Male,Medicaid,Midwest,2015-03-15
P002552,77,Female,Medicare,West,1948-06-15
P002553,57,Female,Medicare,South,1968-02-15
P002554,40,Male,Self-Pay,South,1985-08-15
P002555,38,Female,Medicare,Midwest,1987-03-15
P002556,26,Female,Medicaid,South,1999-06-15
P002557,37,Male,Commercial,West,1989-08-15
P002558,57,Female,Medicare,West,1968-01-15
P002559,69,Male,Medicare,South,1956-06-15
P002560,47,Female,Commercial,West,1979-06-15
P002561,0,Male,Medicare,South,2025-11-15
P002562,74,Female,Medicaid,South,1951-10-15
P002563,56,Male,Medicare,West,1970-04-15
P002564,14,Female,Self-Pay,South,2011-11-15
P002565,77,Male,Medicaid,Northeast,1949-11-15
P002566,56,Female,Commercial,Northeast,1969-11-15
P002567,18,Female,Medicare,South,2008-01-15
P002568,43,Male,Commercial,West,1983-11-15
P002569,14,Male,Medicare,Midwest,2012-04-15
P002570,56,Female,Medicare,West,1969-05-15
P002571,50,Female,Other,Northeast,1975-09-15
P002572,66,Male,Medicare,West,1959-07-15
P002573,51,Male,Commercial,Northeast,1974-12-15
P002574,27,Female,Commercial,South,1999-11-15
P002575,53,Female,Medicare,Northeast,1973-11-15
P002576,42,Male,Medicare Advantage,South,1983-12-15
P002577,34,Female,Self-Pay,Midwest,1992-11-15
P002578,43,Female,Medicare,South,1982-07-15
P002579,39,Female,Medicare,South,1986-05-15
P002580,47,Male,Medicare Advantage,South,1979-04-15
P002581,39,Female,Commercial,South,1987-11-15
P002582,71,Male,Medicare,Midwest,1954-02-15
P002583,78,Female,Medicare,South,1947-01-15
P002584,36,Female,Commercial,West,1989-03-15
P002585,77,Female,Commercial,Northeast,1949-11-15
P002586,45,Male,Self-Pay,West,1981-11-15
P002587,35,Female,Medicaid,South,1991-04-15
P002588,62,Female,Commercial,South,1963-05-15
P002589,60,Male,Medicaid,West,1966-06-15
P002590,62,Female,Commercial,South,1963-09-15
P002591,53,Female,Medicare,South,1972-03-15
P002592,57,Male,Medicare,West,1968-04-15
P002593,35,Male,Medicare,South,1990-01-15
P002594,26,Female,Medicare,Midwest,1999-04-15
P002595,62,Male,Medicare,South,1963-12-15
P002596,56,Male,Medicaid,Midwest,1969-12-15
P002597,37,Female,Medicare,Northeast,1988-07-15
P002598,60,Male,Medicare Advantage,Northeast,1966-06-15
P002599,45,Male,Medicare,South,1980-06-15
P002600,31,Female,Self-Pay,West,1994-07-15
P002601,80,Female,Medicaid,Northeast,1945-03-15
P002602,61,Female,Commercial,Midwest,1965-06-15
P002603,45,Female,Medicare Advantage,South,1981-03-15
P002604,73,Female,Medicare,Midwest,1952-09-15
P002605,25,Male,Medicare Advantage,West,2001-11-15
P002606,42,Male,Medicare Advantage,South,1984-05-15
P002607,57,Male,Medicaid,South,1968-05-15
P002608,62,Male,Self-Pay,West,1963-08-15
P002609,26,Male,Medicare Advantage,Midwest,1999-09-15
P002610,57,Female,Medicare,West,1968-09-15
P002611,44,Male,Medicaid,West,1982-02-15
P002612,4,Female,Medicaid,South,2021-05-15
P002613,57,Male,Commercial,Northeast,1969-10-15
P002614,90,Female,Medicare,South,1935-10-15
P002615,10,Female,Medicare,Northeast,2016-08-15
P002616,54,Male,Medicare,West,1972-05-15
P002617,72,Female,Medicare Advantage,Midwest,1954-06-15
P002618,23,Male,Medicare,South,2002-02-15
P002619,46,Male,Medicare Advantage,West,1980-01-15
P002620,61,Female,Medicare,South,1965-07-15
P002621,57,Male,Medicare,Midwest,1969-02-15
P002622,73,Male,Medicare,Midwest,1952-04-15
P002623,26,Male,Medicaid,West,2000-06-15
P002624,70,Female,Commercial,Midwest,1955-04-15
P002625,70,Male,Medicaid,Midwest,1956-09-15
P002626,22,Female,Medicare Advantage,South,2004-10-15
P002627,81,Female,Medicare,South,1945-11-15
P002628,74,Male,Medicare Advantage,West,1952-05-15
P002629,50,Male,Medicaid,South,1976-05-15
P002630,52,Male,Commercial,Northeast,1974-09-15
P002631,86,Male,Commercial,Northeast,1940-01-15
P002632,74,Male,Medicare,Northeast,1952-09-15
P002633,17,Male,Medicare,West,2009-07-15
P002634,66,Female,Commercial,South,1960-12-15
P002635,32,Male,Medicare,South,1993-02-15
P002636,93,Female,Medicare,West,1932-11-15
P002637,50,Male,Medicare,South,1975-03-15
P002638,45,Female,Medicare,Midwest,1981-05-15
P002639,96,Female,Medicaid,South,1930-03-15
P002640,55,Male,Medicaid,South,1971-04-15
P002641,59,Male,Medicare,South,1966-06-15
P002642,67,Female,Medicare,West,1958-12-15
P002643,76,Female,Medicaid,Midwest,1950-07-15
P002644,76,Female,Commercial,Midwest,1950-12-15
P002645,42,Female,Medicare,South,1984-04-15
P002646,48,Male,Commercial,South,1977-07-15
P002647,79,Male,Medicaid,Northeast,1946-11-15
P002648,18,Female,Medicaid,South,2007-05-15
P002649,70,Female,Commercial,West,1956-10-15
P002650,61,Female,Medicare,South,1964-12-15
P002651,24,Male,Self-Pay,South,2002-03-15
P002652,58,Male,Other,Midwest,1967-07-15
P002653,69,Female,Medicare Advantage,Midwest,1957-06-15
P002654,36,Male,Medicare,South,1990-04-15
P002655,37,Male,Self-Pay,West,1988-05-15
P002656,0,Female,Medicare,Midwest,2026-08-15
P002657,8,Female,Medicare,South,2018-09-15
P002658,77,Female,Medicaid,Northeast,1948-06-15
P002659,45,Male,Commercial,West,1980-04-15
P002660,75,Male,Commercial,South,1950-11-15
P002661,31,Male,Workers Comp,West,1994-07-15
P002662,90,Female,Self-Pay,Midwest,1936-09-15
P002663,51,Female,Medicare,Midwest,1975-05-15
P002664,19,Female,Medicare,Northeast,2006-06-15
P002665,49,Male,Medicare,Northeast,1977-12-15
P002666,76,Male,Medicare,South,1950-02-15
P002667,71,Female,Medicare,South,1955-01-15
P002668,16,Male,Medicare,West,2010-06-15
P002669,49,Male,Medicaid,Midwest,1976-05-15
P002670,50,Female,Medicaid,Midwest,1975-01-15
P002671,61,Male,Medicaid,Northeast,1965-07-15
P002672,72,Female,Medicaid,Northeast,1953-07-15
P002673,49,Male,Medicare,South,1976-05-15
P002674,45,Female,Medicare,Northeast,1980-03-15
P002675,29,Female,Self-Pay,South,1997-10-15
P002676,3,Male,Workers Comp,West,2022-05-15
P002677,19,Male,Commercial,South,2006-02-15
P002678,60,Male,Medicaid,Midwest,1966-05-15
P002679,42,Female,Commercial,Northeast,1984-12-15
P002680,83,Female,Medicare,Midwest,1943-12-15
P002681,59,Male,Medicare,South,1967-02-15
P002682,59,Female,Medicare,Midwest,1967-12-15
P002683,47,Female,Commercial,South,1978-01-15
P002684,67,Male,Self-Pay,West,1958-01-15
P002685,92,Female,Medicare,West,1934-06-15
P002686,54,Male,Commercial,Midwest,1972-12-15
P002687,45,Male,Medicare,Northeast,1980-07-15
P002688,21,Female,Medicare Advantage,West,2004-04-15
P002689,86,Male,Commercial,South,1940-02-15
P002690,78,Female,Workers Comp,South,1948-08-15
P002691,72,Male,Commercial,South,1954-03-15
P002692,18,Male,Other,South,2007-07-15
P002693,32,Female,Self-Pay,South,1994-06-15
P002694,69,Female,Commercial,Midwest,1957-01-15
P002695,55,Female,Medicare,South,1970-11-15
P002696,64,Female,Medicare,Midwest,1962-03-15
P002697,52,Female,Medicare,Midwest,1974-01-15
P002698,71,Female,Medicare,South,1955-12-15
P002699,76,Female,Medicare,Midwest,1950-09-15
P002700,94,Female,Medicare,South,1931-08-15
P002701,7,Female,Medicare,South,2018-06-15
P002702,63,Female,Medicare,Northeast,1962-11-15
P002703,56,Female,Medicare Advantage,West,1970-07-15
P002704,38,Female,Medicare,Midwest,1988-09-15
P002705,25,Female,Medicare,South,2001-03-15
P002706,41,Female,Commercial,West,1985-03-15
P002707,54,Male,Medicare,West,1972-07-15
P002708,31,Male,Medicare,South,1994-02-15
P002709,38,Male,Medicaid,Northeast,1988-01-15
P002710,32,Female,Medicare,West,1994-10-15
P002711,78,Male,Medicare,West,1948-01-15
P002712,2,Male,Medicare,South,2023-07-15
P002713,65,Female,Medicare Advantage,Northeast,1960-11-15
P002714,20,Male,Medicare,South,2006-08-15
P002715,51,Female,Medicare,Midwest,1975-06-15
P002716,57,Male,Commercial,South,1969-10-15
P002717,75,Female,Medicare Advantage,West,1950-08-15
P002718,55,Female,Medicaid,South,1971-01-15
P002719,63,Female,Medicaid,Midwest,1963-11-15
P002720,23,Male,Medicaid,Midwest,2002-04-15
P002721,85,Female,Medicare,Midwest,1941-12-15
P002722,3,Male,Medicaid,Midwest,2022-07-15
P002723,67,Male,Medicare,Midwest,1958-02-15
P002724,79,Male,Commercial,West,1947-02-15
P002725,78,Female,Commercial,South,1947-07-15
P002726,76,Male,Medicaid,Northeast,1950-02-15
P002727,34,Female,Medicare Advantage,Northeast,1991-11-15
P002728,93,Female,Medicaid,West,1932-07-15
P002729,2,Male,Medicare,South,2024-11-15
P002730,47,Male,Workers Comp,Northeast,1979-08-15
P002731,68,Female,Commercial,West,1958-06-15
P002732,67,Female,Medicare,South,1959-01-15
P002733,68,Male,Commercial,South,1958-02-15
P002734,94,Female,Commercial,South,1932-10-15
P002735,77,Male,Commercial,West,1949-11-15
P002736,54,Male,Medicare Advantage,South,1972-12-15
P002737,63,Male,Medicare,West,1963-08-15
P002738,12,Female,Commercial,Midwest,2014-05-15
P002739,68,Male,Medicaid,South,1957-05-15
P002740,36,Female,Medicare,Midwest,1989-04-15
P002741,30,Female,Commercial,Northeast,1996-03-15
P002742,23,Female,Self-Pay,South,2002-12-15
P002743,90,Male,Self-Pay,Northeast,1936-12-15
P002744,17,Male,Medicare Advantage,Northeast,2009-02-15
P002745,19,Female,Medicare,Northeast,2007-01-15
P002746,22,Female,Medicaid,Midwest,2004-05-15
P002747,50,Male,Medicare,West,1975-02-15
P002748,19,Female,Commercial,West,2006-03-15
P002749,66,Male,Medicare,Northeast,1959-05-15
P002750,46,Female,Medicare,South,1980-11-15
P002751,51,Female,Commercial,Northeast,1974-05-15
P002752,55,Female,Commercial,West,1970-01-15
P002753,67,Female,Medicaid,West,1958-06-15
P002754,6,Female,Medicare,Northeast,2020-02-15
P002755,42,Female,Medicare,Midwest,1983-03-15
P002756,57,Female,Medicare Advantage,Midwest,1969-02-15
P002757,64,Male,Commercial,South,1962-03-15
P002758,52,Female,Commercial,Midwest,1974-11-15
P002759,74,Male,Medicare,West,1951-08-15
P002760,56,Male,Medicare,South,1969-05-15
P002761,20,Female,Medicare,Midwest,2005-10-15
P002762,52,Female,Medicare,Northeast,1973-11-15
P002763,72,Male,Medicare Advantage,West,1954-11-15
P002764,85,Male,Medicaid,South,1940-06-15
P002765,67,Female,Workers Comp,Midwest,1959-11-15
P002766,59,Male,Medicaid,South,1967-03-15
P002767,65,Female,Medicare Advantage,Midwest,1961-11-15
P002768,51,Male,Medicaid,Midwest,1974-10-15
P002769,50,Male,Medicare Advantage,Midwest,1975-08-15
P002770,51,Male,Medicare,South,1975-06-15
P002771,39,Male,Medicare,Northeast,1987-02-15
P002772,52,Female,Commercial,Midwest,1973-08-15
P002773,59,Other,Commercial,Midwest,1966-09-15
P002774,64,Female,Commercial,South,1962-10-15
P002775,30,Female,Medicare,South,1996-07-15
P002776,35,Male,Medicaid,South,1990-12-15
P002777,84,Female,Medicare,South,1941-09-15
P002778,59,Male,Medicaid,Northeast,1967-02-15
P002779,45,Male,Medicaid,Northeast,1980-02-15
P002780,87,Other,Medicare Advantage,South,1938-01-15
P002781,68,Male,Other,South,1957-10-15
P002782,26,Male,Commercial,Northeast,1999-06-15
P002783,50,Female,Medicare,West,1975-04-15
P002784,48,Female,Medicare Advantage,South,1977-04-15
P002785,77,Female,Medicaid,West,1949-03-15
P002786,65,Female,Medicare,West,1961-06-15
P002787,32,Male,Medicaid,Northeast,1994-12-15
P002788,66,Female,Commercial,Northeast,1960-08-15
P002789,50,Female,Commercial,Northeast,1976-10-15
P002790,31,Female,Self-Pay,South,1994-04-15
P002791,5,Female,Workers Comp,South,2020-11-15
P002792,56,Female,Medicare,South,1970-04-15
P002793,43,Male,Commercial,Northeast,1983-11-15
P002794,94,Female,Medicaid,West,1932-01-15
P002795,3,Male,Medicare Advantage,South,2023-09-15
P002796,48,Male,Medicaid,South,1977-05-15
P002797,84,Female,Workers Comp,Midwest,1942-02-15
P002798,32,Female,Medicare,West,1993-04-15
P002799,24,Male,Commercial,West,2001-06-15
P002800,70,Male,Medicare,South,1955-09-15
P002801,32,Male,Medicare,Northeast,1993-03-15
P002802,21,Female,Commercial,West,2005-06-15
P002803,23,Female,Medicaid,South,2002-12-15
P002804,38,Female,Workers Comp,West,1988-06-15
P002805,24,Male,Other,South,2002-08-15
P002806,91,Female,Commercial,Midwest,1934-01-15
P002807,4,Female,Commercial,Northeast,2022-05-15
P002808,33,Female,Medicare,South,1993-10-15
P002809,31,Male,Medicare,Northeast,1994-12-15
P002810,19,Female,Commercial,South,2007-11-15
P002811,57,Female,Medicare Advantage,West,1968-02-15
P002812,24,Female,Other,South,2002-10-15
P002813,93,Female,Self-Pay,Midwest,1933-12-15
P002814,76,Male,Commercial,Midwest,1949-07-15
P002815,66,Male,Commercial,Midwest,1959-10-15
P002816,66,Female,Medicaid,South,1960-09-15
P002817,28,Male,Commercial,West,1997-07-15
P002818,80,Male,Medicare,South,1946-01-15
P002819,78,Female,Medicare,Northeast,1947-06-15
P002820,46,Female,Medicare Advantage,Northeast,1979-12-15
P002821,42,Male,Self-Pay,South,1984-07-15
P002822,77,Male,Medicare,West,1949-12-15
P002823,43,Female,Commercial,West,1982-10-15
P002824,31,Female,Medicaid,South,1995-08-15
P002825,53,Female,Commercial,Northeast,1972-08-15
P002826,87,Female,Commercial,Northeast,1939-03-15
P002827,14,Male,Medicare Advantage,South,2012-07-15
P002828,0,Female,Medicaid,Midwest,2026-05-15
P002829,40,Male,Commercial,Midwest,1985-01-15
P002830,26,Female,Commercial,West,1999-04-15
P002831,72,Male,Medicare Advantage,Northeast,1954-02-15
P002832,50,Male,Medicare Advantage,Midwest,1976-07-15
P002833,74,Female,Medicaid,South,1952-02-15
P002834,63,Female,Medicare,South,1962-06-15
P002835,23,Female,Commercial,Midwest,2002-10-15
P002836,5,Male,Self-Pay,South,2020-07-15
P002837,72,Female,Medicare,West,1953-12-15
P002838,39,Male,Medicare,Northeast,1986-10-15
P002839,13,Male,Self-Pay,Northeast,2012-02-15
P002840,44,Male,Medicare,Northeast,1981-05-15
P002841,45,Female,Other,West,1980-09-15
P002842,69,Female,Medicare Advantage,South,1957-08-15
P002843,32,Female,Commercial,South,1993-03-15
P002844,12,Male,Medicare Advantage,South,2014-03-15
P002845,72,Male,Medicaid,Midwest,1954-06-15
P002846,40,Female,Commercial,West,1985-07-15
P002847,44,Male,Commercial,South,1982-03-15
P002848,78,Female,Medicare Advantage,Northeast,1947-03-15
P002849,31,Male,Commercial,Midwest,1995-09-15
P002850,13,Female,Commercial,Northeast,2013-12-15
P002851,23,Male,Commercial,Midwest,2003-06-15
P002852,47,Male,Commercial,South,1978-11-15
P002853,24,Female,Commercial,South,2001-04-15
P002854,9,Female,Commercial,South,2017-03-15
P002855,43,Male,Self-Pay,Midwest,1982-08-15
P002856,74,Male,Medicare,Midwest,1952-08-15
P002857,90,Female,Commercial,South,1936-05-15
P002858,87,Female,Medicare Advantage,South,1938-02-15
P002859,48,Male,Medicaid,South,1978-03-15
P002860,33,Female,Commercial,West,1993-08-15
P002861,37,Female,Medicare,South,1988-05-15
P002862,62,Male,Other,Northeast,1964-01-15
P002863,76,Male,Medicare Advantage,South,1949-07-15
P002864,92,Female,Medicaid,South,1934-09-15
P002865,74,Male,Medicare,West,1951-07-15
P002866,59,Male,Medicare,Midwest,1966-02-15
P002867,90,Female,Medicaid,South,1935-05-15
P002868,89,Male,Medicare,South,1936-10-15
P002869,35,Female,Commercial,Midwest,1990-08-15
P002870,12,Female,Medicare,South,2014-08-15
P002871,72,Female,Commercial,Midwest,1954-09-15
P002872,68,Female,Medicaid,South,1957-10-15
P002873,86,Male,Workers Comp,South,1939-03-15
P002874,96,Male,Medicare,South,1929-10-15
P002875,13,Female,Medicare,Northeast,2013-06-15
P002876,55,Female,Medicare Advantage,Northeast,1970-05-15
P002877,55,Female,Commercial,West,1971-12-15
P002878,27,Male,Medicaid,South,1999-08-15
P002879,73,Female,Medicare,Northeast,1952-12-15
P002880,74,Female,Commercial,Midwest,1952-04-15
P002881,27,Female,Medicare,West,1998-02-15
P002882,27,Male,Medicare,West,1998-11-15
P002883,59,Male,Medicare,Northeast,1967-03-15
P002884,61,Male,Medicare,Northeast,1965-04-15
P002885,62,Male,Medicare,Northeast,1964-07-15
P002886,48,Male,Commercial,Northeast,1977-08-15
P002887,82,Female,Commercial,Northeast,1944-05-15
P002888,68,Female,Medicaid,Midwest,1958-04-15
P002889,18,Male,Medicare Advantage,South,2007-03-15
P002890,79,Female,Self-Pay,Northeast,1946-02-15
P002891,92,Female,Commercial,West,1934-07-15
P002892,65,Female,Medicaid,Midwest,1961-08-15
P002893,30,Female,Medicaid,West,1995-03-15
P002894,91,Male,Medicare,West,1934-06-15
P002895,26,Female,Medicare Advantage,Midwest,2000-05-15
P002896,57,Female,Medicare,Midwest,1968-07-15
P002897,30,Male,Medicaid,South,1995-01-15
P002898,19,Female,Medicare Advantage,Midwest,2006-06-15
P002899,79,Female,Self-Pay,West,1947-02-15
P002900,28,Male,Commercial,Northeast,1997-07-15
P002901,59,Male,Other,West,1967-05-15
P002902,13,Male,Medicare,Midwest,2012-12-15
P002903,68,Male,Medicare Advantage,West,1957-10-15
P002904,64,Female,Medicare Advantage,Northeast,1962-11-15
P002905,27,Other,Commercial,South,1998-12-15
P002906,71,Male,Medicare,West,1955-05-15
P002907,49,Male,Medicaid,Midwest,1977-07-15
P002908,73,Male,Medicare,Northeast,1953-11-15
P002909,60,Male,Medicare Advantage,West,1965-10-15
P002910,80,Male,Commercial,West,1946-11-15
P002911,33,Male,Medicare,South,1992-06-15
P002912,37,Female,Medicare,Midwest,1988-11-15
P002913,39,Male,Self-Pay,West,1987-01-15
P002914,90,Female,Commercial,South,1935-02-15
P002915,77,Female,Commercial,Midwest,1949-08-15
P002916,36,Female,Medicare Advantage,South,1989-11-15
P002917,44,Male,Commercial,West,1982-11-15
P002918,76,Female,Medicaid,South,1950-08-15
P002919,81,Male,Medicare,West,1944-12-15
P002920,75,Male,Medicaid,West,1950-10-15
P002921,73,Male,Medicaid,West,1953-03-15
P002922,20,Female,Medicaid,Midwest,2005-06-15
P002923,58,Female,Commercial,West,1967-05-15
P002924,70,Male,Medicare,West,1956-03-15
P002925,67,Male,Other,West,1959-04-15
P002926,60,Male,Medicaid,South,1965-02-15
P002927,59,Male,Medicare Advantage,South,1966-09-15
P002928,70,Female,Self-Pay,Northeast,1955-06-15
P002929,8,Female,Medicare Advantage,Midwest,2017-03-15
P002930,7,Female,Commercial,Northeast,2018-04-15
P002931,67,Female,Commercial,Midwest,1958-03-15
P002932,56,Male,Commercial,West,1969-07-15
P002933,74,Male,Medicare,South,1952-11-15
P002934,38,Male,Medicare,West,1988-10-15
P002935,45,Female,Medicare,Northeast,1981-03-15
P002936,60,Female,Medicare Advantage,Northeast,1965-04-15
P002937,38,Female,Medicare Advantage,West,1988-12-15
P002938,37,Male,Medicare,West,1989-07-15
P002939,40,Female,Medicare Advantage,South,1986-05-15
P002940,14,Female,Medicare Advantage,South,2011-10-15
P002941,40,Female,Medicare,Midwest,1985-06-15
P002942,74,Female,Medicaid,South,1951-01-15
P002943,17,Male,Medicare Advantage,Midwest,2008-07-15
P002944,34,Male,Commercial,South,1991-08-15
P002945,96,Female,Commercial,West,1930-04-15
P002946,23,Male,Medicare,South,2003-08-15
P002947,61,Male,Medicare,Midwest,1965-10-15
P002948,47,Female,Medicare Advantage,South,1978-11-15
P002949,63,Male,Medicare,Northeast,1963-03-15
P002950,2,Female,Commercial,South,2023-03-15
P002951,75,Female,Commercial,West,1951-07-15
P002952,45,Female,Medicaid,West,1981-05-15
P002953,18,Female,Medicare,South,2007-11-15
P002954,90,Female,Medicare Advantage,West,1936-08-15
P002955,72,Male,Commercial,Midwest,1954-07-15
P002956,52,Female,Medicare,Northeast,1974-11-15
P002957,52,Female,Commercial,Northeast,1973-05-15
P002958,33,Female,Medicare,Northeast,1993-05-15
P002959,25,Female,Medicare,Midwest,2000-03-15
P002960,41,Female,Commercial,South,1985-02-15
P002961,74,Male,Commercial,South,1951-03-15
P002962,46,Male,Medicaid,West,1979-06-15
P002963,88,Female,Medicare Advantage,South,1938-09-15
P002964,43,Male,Commercial,West,1983-11-15
P002965,10,Female,Commercial,South,2015-09-15
P002966,57,Female,Medicare Advantage,South,1969-10-15
P002967,69,Female,Commercial,West,1957-05-15
P002968,86,Female,Medicaid,South,1940-12-15
P002969,42,Female,Self-Pay,Midwest,1984-09-15
P002970,79,Female,Medicare,South,1947-10-15
P002971,52,Male,Medicare,South,1973-10-15
P002972,78,Female,Medicare,Northeast,1948-05-15
P002973,37,Female,Medicare,South,1989-05-15
P002974,41,Male,Medicare,South,1985-05-15
P002975,9,Female,Self-Pay,South,2017-08-15
P002976,44,Male,Medicare,West,1982-03-15
P002977,20,Male,Medicare,South,2005-04-15
P002978,59,Female,Medicare,West,1967-03-15
P002979,73,Female,Medicare,Northeast,1953-07-15
P002980,7,Female,Other,South,2018-01-15
P002981,24,Female,Medicare,Northeast,2001-09-15
P002982,38,Male,Medicare,West,1987-08-15
P002983,53,Female,Other,Northeast,1973-03-15
P002984,70,Male,Medicaid,South,1956-01-15
P002985,42,Male,Medicare,South,1983-01-15
P002986,31,Male,Self-Pay,South,1995-07-15
P002987,52,Male,Commercial,West,1973-07-15
P002988,50,Male,Other,West,1976-07-15
P002989,45,Male,Self-Pay,West,1980-04-15
P002990,78,Male,Medicaid,Midwest,1947-06-15
P002991,65,Male,Commercial,Midwest,1961-12-15
P002992,40,Male,Commercial,South,1985-10-15
P002993,32,Female,Medicare Advantage,Northeast,1993-03-15
P002994,51,Female,Self-Pay,West,1974-01-15
P002995,55,Female,Medicare,South,1970-09-15
P002996,80,Female,Medicaid,West,1946-08-15
P002997,40,Female,Medicare,South,1985-09-15
P002998,46,Female,Medicare,Midwest,1980-08-15
P002999,82,Male,Medicare,West,1943-03-15
P003000,8,Female,Commercial,Northeast,2017-08-15
P003001,41,Male,Medicare,West,1984-08-15
P003002,37,Female,Commercial,Northeast,1988-09-15
P003003,8,Female,Commercial,South,2017-03-15
P003004,73,Male,Medicare Advantage,South,1952-04-15
P003005,52,Female,Commercial,Northeast,1974-03-15
P003006,13,Female,Medicaid,Midwest,2012-04-15
P003007,86,Male,Workers Comp,Northeast,1940-12-15
P003008,48,Female,Commercial,South,1977-09-15
P003009,35,Female,Medicare,Northeast,1991-03-15
P003010,48,Male,Medicaid,West,1977-01-15
P003011,60,Female,Medicaid,Midwest,1965-03-15
P003012,58,Male,Self-Pay,South,1967-06-15
P003013,33,Female,Medicare,West,1992-05-15
P003014,32,Female,Medicare,Northeast,1994-08-15
P003015,27,Female,Medicare,South,1998-08-15
P003016,68,Male,Medicare,West,1957-02-15
P003017,20,Male,Medicare,South,2006-08-15
P003018,27,Female,Medicare Advantage,South,1998-04-15
P003019,71,Male,Medicare,South,1954-06-15
P003020,31,Female,Medicare,South,1995-11-15
P003021,9,Female,Medicare,South,2017-04-15
P003022,50,Female,Medicare,Northeast,1976-04-15
P003023,40,Female,Medicare,Northeast,1986-04-15
P003024,50,Female,Commercial,West,1976-07-15
P003025,49,Female,Commercial,Northeast,1976-03-15
P003026,65,Male,Medicaid,West,1961-05-15
P003027,44,Female,Medicare,Northeast,1982-02-15
P003028,50,Male,Medicaid,Northeast,1976-06-15
P003029,33,Male,Medicare Advantage,Northeast,1992-11-15
P003030,14,Female,Commercial,West,2012-04-15
P003031,26,Female,Commercial,South,1999-01-15
P003032,84,Male,Commercial,West,1942-10-15
P003033,85,Male,Medicare,South,1940-11-15
P003034,5,Female,Medicare,West,2020-07-15
P003035,81,Male,Commercial,South,1945-05-15
P003036,57,Male,Medicare,Midwest,1969-02-15
P003037,34,Female,Medicaid,Midwest,1991-05-15
P003038,5,Male,Medicare,South,2020-03-15
P003039,20,Male,Medicare,South,2006-03-15
P003040,82,Female,Medicaid,South,1944-12-15
P003041,75,Male,Medicare,South,1950-10-15
P003042,67,Female,Medicare,South,1958-07-15
P003043,78,Female,Medicare,South,1948-09-15
P003044,91,Male,Commercial,West,1935-01-15
P003045,21,Female,Medicaid,South,2004-02-15
P003046,69,Female,Self-Pay,South,1957-07-15
P003047,72,Male,Commercial,Northeast,1953-10-15
P003048,24,Female,Medicare,West,2002-10-15
P003049,92,Female,Medicaid,Northeast,1934-01-15
P003050,72,Female,Medicaid,West,1954-05-15
P003051,50,Female,Commercial,West,1975-02-15
P003052,52,Male,Medicare,West,1973-04-15
P003053,56,Male,Commercial,West,1969-03-15
P003054,75,Male,Medicare,West,1950-07-15
P003055,45,Male,Medicare Advantage,West,1981-05-15
P003056,73,Female,Medicare,South,1952-07-15
P003057,70,Female,Medicare Advantage,South,1956-11-15
P003058,64,Male,Medicare,South,1962-06-15
P003059,77,Female,Commercial,West,1949-05-15
P003060,80,Male,Workers Comp,Northeast,1946-05-15
P003061,37,Male,Medicare,West,1988-01-15
P003062,64,Female,Commercial,West,1962-12-15
P003063,59,Male,Medicaid,West,1966-11-15
P003064,33,Female,Medicaid,South,1993-01-15
P003065,89,Female,Medicare,West,1936-02-15
P003066,34,Male,Medicare,West,1992-09-15
P003067,32,Male,Medicare,Midwest,1993-01-15
P003068,43,Female,Commercial,Midwest,1983-12-15
P003069,64,Female,Medicaid,West,1962-11-15
P003070,79,Male,Medicaid,South,1946-06-15
P003071,76,Female,Medicaid,South,1950-09-15
P003072,37,Male,Medicare Advantage,South,1989-09-15
P003073,24,Female,Commercial,West,2001-11-15
P003074,31,Male,Medicare Advantage,Midwest,1994-01-15
P003075,68,Female,Medicaid,Midwest,1958-05-15
P003076,24,Male,Medicaid,West,2002-06-15
P003077,73,Male,Medicaid,Northeast,1953-11-15
P003078,52,Female,Medicaid,Midwest,1974-03-15
P003079,57,Male,Commercial,Midwest,1968-02-15
P003080,24,Female,Medicaid,West,2001-03-15
P003081,80,Male,Commercial,West,1946-05-15
P003082,34,Female,Self-Pay,South,1992-05-15
P003083,47,Male,Medicaid,West,1979-05-15
P003084,66,Male,Medicaid,West,1959-06-15
P003085,6,Male,Medicare,South,2020-08-15
P003086,22,Female,Medicare,South,2004-11-15
P003087,94,Female,Medicare,South,1932-06-15
P003088,51,Male,Medicare,Northeast,1975-09-15
P003089,58,Male,Medicaid,South,1967-08-15
P003090,4,Male,Medicaid,Midwest,2021-01-15
P003091,76,Male,Medicare,Midwest,1949-03-15
P003092,31,Female,Medicare Advantage,South,1995-07-15
P003093,43,Male,Medicare,South,1982-01-15
P003094,41,Male,Commercial,Northeast,1985-09-15
P003095,51,Male,Medicare,Northeast,1974-05-15
P003096,21,Female,Commercial,Northeast,2004-09-15
P003097,67,Other,Self-Pay,Northeast,1959-02-15
P003098,56,Female,Other,South,1970-08-15
P003099,63,Female,Medicare,Midwest,1963-07-15
P003100,43,Male,Commercial,Midwest,1983-08-15
P003101,44,Male,Medicare,South,1981-03-15
P003102,44,Male,Commercial,Midwest,1981-02-15
P003103,49,Male,Commercial,Northeast,1976-03-15
P003104,57,Female,Medicare,South,1969-01-15
P003105,55,Female,Medicare,Midwest,1970-07-15
P003106,20,Male,Medicaid,Midwest,2006-05-15
P003107,6,Male,Medicare,West,2020-10-15
P003108,71,Female,Commercial,South,1955-05-15
P003109,70,Female,Medicare,Northeast,1955-12-15
P003110,77,Male,Self-Pay,South,1948-02-15
P003111,46,Male,Medicare,Midwest,1980-07-15
P003112,61,Female,Commercial,Midwest,1965-02-15
P003113,57,Female,Medicare,Northeast,1968-04-15
P003114,68,Female,Medicare,Midwest,1957-05-15
P003115,37,Male,Medicare,South,1988-01-15
P003116,23,Female,Commercial,West,2003-04-15
P003117,45,Female,Medicaid,Northeast,1980-08-15
P003118,71,Female,Commercial,Northeast,1954-01-15
P003119,77,Female,Commercial,Northeast,1948-03-15
P003120,24,Female,Medicare,Midwest,2001-10-15
P003121,63,Female,Medicare,Midwest,1962-01-15
P003122,74,Female,Commercial,Northeast,1951-04-15
P003123,78,Female,Medicare Advantage,West,1947-04-15
P003124,50,Female,Commercial,Midwest,1976-01-15
P003125,58,Female,Medicare,West,1967-10-15
P003126,25,Female,Medicare Advantage,West,2001-11-15
P003127,11,Female,Commercial,South,2014-04-15
P003128,75,Male,Other,Midwest,1950-06-15
P003129,55,Male,Commercial,South,1970-02-15
P003130,79,Female,Medicare,South,1947-01-15
P003131,36,Male,Medicaid,West,1990-11-15
P003132,15,Female,Medicare Advantage,Northeast,2010-06-15
P003133,33,Female,Medicare,South,1992-09-15
P003134,41,Female,Commercial,Northeast,1984-05-15
P003135,23,Male,Medicaid,South,2002-12-15
P003136,57,Female,Medicare,South,1969-04-15
P003137,79,Female,Self-Pay,Northeast,1947-11-15
P003138,62,Male,Medicare,South,1963-09-15
P003139,90,Male,Medicaid,Midwest,1936-09-15
P003140,61,Female,Medicaid,West,1965-01-15
P003141,19,Male,Medicare,South,2007-11-15
P003142,18,Male,Medicaid,Northeast,2007-11-15
P003143,73,Male,Commercial,South,1953-09-15
P003144,53,Male,Medicare,Northeast,1972-11-15
P003145,27,Male,Medicaid,South,1998-10-15
P003146,29,Male,Commercial,South,1996-02-15
P003147,21,Male,Medicare,Midwest,2004-03-15
P003148,58,Female,Commercial,South,1968-02-15
P003149,45,Female,Medicare Advantage,South,1981-10-15
P003150,20,Male,Medicare Advantage,West,2006-07-15
P003151,27,Female,Commercial,South,1998-02-15
P003152,9,Female,Medicare,Northeast,2017-09-15
P003153,49,Female,Medicaid,Midwest,1976-12-15
P003154,60,Female,Medicare,West,1965-04-15
P003155,75,Other,Medicare Advantage,Northeast,1950-02-15
P003156,9,Female,Commercial,West,2017-08-15
P003157,46,Female,Medicare,Northeast,1980-12-15
P003158,58,Female,Medicare,South,1968-04-15
P003159,9,Male,Commercial,West,2017-12-15
P003160,2,Male,Medicaid,Northeast,2024-06-15
P003161,96,Male,Commercial,South,1930-08-15
P003162,34,Male,Commercial,South,1992-08-15
P003163,74,Male,Medicare,South,1952-02-15
P003164,45,Female,Medicare,South,1980-08-15
P003165,47,Female,Medicare Advantage,South,1978-10-15
P003166,54,Female,Medicare Advantage,Northeast,1971-04-15
P003167,54,Female,Medicaid,South,1972-09-15
P003168,74,Male,Commercial,South,1951-09-15
P003169,62,Male,Commercial,South,1964-11-15
P003170,76,Female,Medicare,West,1949-05-15
P003171,96,Male,Medicare Advantage,West,1929-04-15
P003172,49,Female,Commercial,Midwest,1977-07-15
P003173,36,Female,Commercial,South,1990-12-15
P003174,57,Male,Commercial,Midwest,1968-04-15
P003175,45,Male,Other,West,1981-06-15
P003176,34,Male,Medicaid,Northeast,1991-02-15
P003177,48,Female,Medicaid,West,1978-01-15
P003178,19,Female,Commercial,West,2006-06-15
P003179,91,Male,Medicare,Midwest,1935-11-15
P003180,73,Female,Commercial,South,1952-03-15
P003181,75,Female,Medicare,West,1950-05-15
P003182,34,Female,Self-Pay,West,1991-04-15
P003183,3,Female,Medicare,South,2022-04-15
P003184,84,Female,Medicare,Midwest,1942-11-15
P003185,81,Male,Medicare Advantage,West,1944-08-15
P003186,73,Male,Self-Pay,West,1952-03-15
P003187,73,Male,Commercial,Northeast,1952-01-15
P003188,35,Female,Medicare Advantage,South,1991-11-15
P003189,41,Female,Commercial,South,1985-09-15
P003190,48,Female,Medicaid,West,1978-11-15
P003191,17,Female,Medicare,West,2009-03-15
P003192,46,Male,Medicare,West,1980-09-15
P003193,30,Female,Medicare Advantage,West,1995-01-15
P003194,1,Female,Commercial,Midwest,2025-01-15
P003195,20,Male,Medicare,West,2006-04-15
P003196,42,Male,Commercial,West,1984-07-15
P003197,76,Female,Medicare,Midwest,1950-03-15
P003198,63,Female,Medicare Advantage,South,1963-10-15
P003199,27,Female,Commercial,South,1999-11-15
P003200,54,Male,Medicare Advantage,Midwest,1972-04-15
P003201,35,Male,Medicare,West,1991-01-15
P003202,31,Male,Workers Comp,Midwest,1994-12-15
P003203,34,Male,Medicaid,Midwest,1992-06-15
P003204,40,Male,Commercial,West,1986-10-15
P003205,51,Female,Medicaid,South,1975-01-15
P003206,9,Male,Medicare Advantage,South,2017-05-15
P003207,61,Female,Commercial,West,1965-07-15
P003208,54,Female,Self-Pay,West,1972-10-15
P003209,43,Female,Medicare Advantage,Northeast,1982-04-15
P003210,41,Male,Medicare Advantage,West,1984-11-15
P003211,37,Male,Medicare,West,1988-07-15
P003212,29,Male,Medicare,Northeast,1996-09-15
P003213,3,Female,Medicare,South,2023-01-15
P003214,38,Male,Medicare Advantage,Midwest,1987-12-15
P003215,45,Male,Commercial,Northeast,1980-06-15
P003216,46,Male,Commercial,West,1980-11-15
P003217,74,Female,Self-Pay,South,1952-03-15
P003218,57,Female,Medicare Advantage,South,1969-11-15
P003219,94,Female,Commercial,South,1931-07-15
P003220,56,Male,Medicare,South,1969-08-15
P003221,11,Male,Medicare Advantage,South,2014-08-15
P003222,56,Female,Commercial,South,1969-11-15
P003223,39,Male,Commercial,Northeast,1987-06-15
P003224,44,Female,Commercial,Midwest,1982-02-15
P003225,24,Male,Commercial,Midwest,2001-04-15
P003226,53,Female,Commercial,South,1972-12-15
P003227,12,Female,Medicare Advantage,South,2013-07-15
P003228,77,Female,Medicare,Midwest,1948-06-15
P003229,42,Male,Medicare Advantage,Midwest,1984-04-15
P003230,57,Female,Medicaid,South,1969-09-15
P003231,73,Male,Medicare Advantage,Midwest,1952-11-15
P003232,79,Female,Medicare,South,1947-04-15
P003233,47,Male,Commercial,Midwest,1978-09-15
P003234,76,Male,Commercial,South,1949-12-15
P003235,19,Female,Medicare,West,2007-07-15
P003236,20,Female,Self-Pay,Midwest,2006-05-15
P003237,26,Male,Commercial,Northeast,1999-09-15
P003238,42,Female,Medicaid,South,1983-07-15
P003239,9,Male,Commercial,Northeast,2016-10-15
P003240,58,Male,Commercial,Midwest,1967-07-15
P003241,78,Female,Medicaid,Midwest,1947-10-15
P003242,78,Female,Self-Pay,Northeast,1948-03-15
P003243,38,Female,Commercial,South,1988-04-15
P003244,66,Female,Medicare,South,1960-11-15
P003245,66,Male,Commercial,West,1960-02-15
P003246,27,Female,Commercial,South,1999-10-15
P003247,59,Female,Medicaid,South,1967-08-15
P003248,74,Male,Medicare,Midwest,1952-03-15
P003249,15,Male,Self-Pay,Northeast,2011-10-15
P003250,60,Male,Commercial,Midwest,1965-05-15
P003251,91,Female,Commercial,Midwest,1935-12-15
P003252,74,Female,Commercial,West,1951-08-15
P003253,46,Female,Medicare Advantage,South,1979-12-15
P003254,65,Male,Commercial,Northeast,1961-10-15
P003255,18,Male,Medicaid,Midwest,2007-02-15
P003256,23,Male,Medicaid,South,2002-09-15
P003257,50,Female,Medicaid,Northeast,1976-07-15
P003258,36,Female,Commercial,Northeast,1989-02-15
P003259,87,Female,Medicaid,Midwest,1938-06-15
P003260,77,Female,Medicaid,West,1948-05-15
P003261,37,Female,Medicare,West,1988-06-15
P003262,50,Female,Medicare,Northeast,1976-08-15
P003263,12,Female,Commercial,Midwest,2014-08-15
P003264,13,Female,Medicare Advantage,Northeast,2013-02-15
P003265,32,Male,Medicare,Midwest,1993-12-15
P003266,42,Male,Medicare,West,1984-09-15
P003267,69,Female,Medicare Advantage,Northeast,1957-05-15
P003268,16,Female,Medicare,South,2009-03-15
P003269,10,Male,Medicare,South,2015-04-15
P003270,48,Male,Medicaid,West,1977-07-15
P003271,41,Male,Medicare Advantage,Northeast,1985-08-15
P003272,96,Female,Medicare Advantage,West,1929-05-15
P003273,68,Female,Medicare,South,1958-10-15
P003274,83,Male,Commercial,South,1942-08-15
P003275,56,Female,Medicaid,West,1970-05-15
P003276,43,Male,Medicare,South,1983-11-15
P003277,55,Female,Medicare,South,1970-02-15
P003278,32,Male,Commercial,West,1993-05-15
P003279,77,Female,Commercial,South,1948-11-15
P003280,50,Female,Medicaid,West,1975-04-15
P003281,70,Female,Medicare Advantage,South,1955-04-15
P003282,51,Female,Medicaid,West,1974-03-15
P003283,59,Male,Commercial,South,1966-04-15
P003284,60,Male,Commercial,Midwest,1966-10-15
P003285,65,Other,Workers Comp,West,1960-08-15
P003286,27,Female,Medicaid,South,1998-09-15
P003287,18,Female,Self-Pay,South,2008-10-15
P003288,88,Female,Workers Comp,West,1937-03-15
P003289,33,Male,Medicare,South,1993-03-15
P003290,75,Female,Medicare,South,1951-06-15
P003291,38,Female,Self-Pay,West,1987-12-15
P003292,93,Female,Medicaid,West,1932-04-15
P003293,26,Female,Medicaid,West,1999-07-15
P003294,34,Male,Medicare,Northeast,1992-03-15
P003295,24,Male,Medicaid,West,2002-11-15
P003296,62,Female,Commercial,Midwest,1963-10-15
P003297,87,Male,Medicare Advantage,West,1938-11-15
P003298,45,Female,Medicare,Northeast,1980-04-15
P003299,40,Female,Commercial,Northeast,1985-05-15
P003300,41,Male,Medicaid,West,1984-01-15
P003301,24,Male,Medicare,Midwest,2002-10-15
P003302,14,Male,Medicaid,Northeast,2012-03-15
P003303,41,Female,Medicare Advantage,Midwest,1985-06-15
P003304,74,Female,Medicare,South,1952-11-15
P003305,82,Male,Medicaid,West,1943-09-15
P003306,63,Female,Commercial,West,1963-12-15
P003307,76,Female,Commercial,South,1949-05-15
P003308,42,Male,Medicaid,South,1984-10-15
P003309,27,Female,Medicare,Midwest,1999-08-15
P003310,39,Female,Other,Northeast,1987-11-15
P003311,40,Male,Commercial,Northeast,1985-05-15
P003312,62,Male,Other,Midwest,1964-02-15
P003313,56,Female,Medicare,Northeast,1970-09-15
P003314,37,Male,Other,West,1988-10-15
P003315,86,Male,Medicare,West,1940-05-15
P003316,72,Female,Medicare Advantage,Midwest,1954-01-15
P003317,42,Female,Medicare,West,1983-09-15
P003318,54,Female,Medicare,Midwest,1972-06-15
P003319,48,Female,Self-Pay,Northeast,1978-01-15
P003320,35,Male,Commercial,West,1991-09-15
P003321,61,Male,Medicare,South,1965-01-15
P003322,38,Male,Medicare Advantage,Midwest,1988-03-15
P003323,1,Female,Medicare,South,2024-06-15
P003324,60,Female,Self-Pay,Midwest,1966-03-15
P003325,75,Female,Medicaid,Midwest,1950-02-15
P003326,56,Male,Commercial,South,1970-12-15
P003327,25,Female,Medicare,Northeast,2001-03-15
P003328,80,Male,Commercial,Northeast,1945-02-15
P003329,46,Female,Medicare,South,1979-04-15
P003330,65,Male,Commercial,West,1961-09-15
P003331,70,Male,Medicaid,West,1956-07-15
P003332,52,Male,Medicare,Midwest,1973-03-15
P003333,59,Female,Medicare,Midwest,1966-02-15
P003334,81,Male,Self-Pay,South,1945-05-15
P003335,54,Female,Medicare,South,1972-09-15
P003336,64,Female,Medicare Advantage,South,1961-03-15
P003337,44,Male,Medicaid,Northeast,1981-03-15
P003338,73,Female,Medicare,South,1952-04-15
P003339,83,Male,Medicare,West,1942-08-15
P003340,78,Female,Medicare,Midwest,1947-03-15
P003341,41,Male,Medicare Advantage,South,1984-01-15
P003342,96,Male,Commercial,West,1929-05-15
P003343,13,Male,Commercial,Northeast,2013-05-15
P003344,16,Male,Commercial,South,2009-06-15
P003345,77,Female,Medicare Advantage,West,1949-04-15
P003346,78,Female,Medicaid,South,1948-09-15
P003347,83,Female,Medicare,West,1942-03-15
P003348,10,Male,Commercial,Midwest,2015-10-15
P003349,49,Female,Medicare,West,1977-07-15
P003350,13,Male,Commercial,South,2012-07-15
P003351,58,Male,Medicare,West,1967-08-15
P003352,80,Male,Medicaid,West,1945-07-15
P003353,32,Male,Medicaid,South,1993-10-15
P003354,51,Male,Medicaid,South,1975-09-15
P003355,7,Male,Medicare Advantage,West,2019-07-15
P003356,62,Female,Medicaid,Northeast,1963-10-15
P003357,70,Female,Medicaid,West,1956-09-15
P003358,93,Male,Commercial,West,1932-09-15
P003359,83,Female,Medicare,Midwest,1942-01-15
P003360,66,Male,Commercial,West,1959-03-15
P003361,59,Female,Commercial,Midwest,1966-04-15
P003362,22,Female,Commercial,West,2004-09-15
P003363,89,Female,Medicare,South,1936-07-15
P003364,60,Female,Commercial,South,1966-08-15
P003365,46,Female,Medicare Advantage,Northeast,1979-12-15
P003366,53,Female,Medicaid,South,1972-08-15
P003367,20,Male,Commercial,Midwest,2005-02-15
P003368,18,Male,Commercial,West,2008-10-15
P003369,48,Female,Medicare,West,1978-06-15
P003370,53,Male,Medicare Advantage,South,1972-03-15
P003371,31,Male,Medicare Advantage,West,1994-04-15
P003372,13,Male,Medicare,South,2012-11-15
P003373,27,Female,Commercial,Midwest,1999-04-15
P003374,51,Female,Commercial,West,1974-02-15
P003375,80,Female,Commercial,South,1946-10-15
P003376,6,Male,Commercial,South,2019-02-15
P003377,40,Male,Medicare,Northeast,1985-01-15
P003378,79,Male,Self-Pay,West,1946-08-15
P003379,44,Male,Medicaid,Northeast,1981-09-15
P003380,61,Female,Medicare Advantage,West,1964-10-15
P003381,38,Female,Commercial,Northeast,1988-03-15
P003382,52,Male,Medicare,Midwest,1974-02-15
P003383,18,Male,Commercial,West,2008-05-15
P003384,69,Male,Other,West,1956-07-15
P003385,69,Male,Medicare Advantage,Northeast,1956-07-15
P003386,70,Male,Commercial,South,1956-06-15
P003387,48,Male,Medicare,South,1978-05-15
P003388,94,Female,Medicare,West,1932-08-15
P003389,95,Female,Commercial,South,1931-09-15
P003390,70,Other,Self-Pay,South,1956-10-15
P003391,56,Female,Self-Pay,South,1969-07-15
P003392,61,Female,Medicare,Midwest,1964-03-15
P003393,31,Male,Commercial,South,1994-08-15
P003394,22,Male,Commercial,South,2003-11-15
P003395,47,Male,Commercial,West,1979-01-15
P003396,20,Male,Commercial,South,2005-02-15
P003397,65,Female,Medicare,Midwest,1961-08-15
P003398,59,Male,Medicaid,South,1966-02-15
P003399,72,Female,Self-Pay,Northeast,1954-07-15
P003400,84,Female,Commercial,West,1941-12-15
P003401,46,Male,Workers Comp,West,1979-09-15
P003402,59,Female,Medicare Advantage,Northeast,1966-05-15
P003403,57,Male,Medicare,West,1968-03-15
P003404,43,Female,Medicare,West,1983-01-15
P003405,96,Male,Commercial,West,1930-07-15
P003406,66,Male,Commercial,Midwest,1960-09-15
P003407,33,Female,Commercial,Northeast,1993-09-15
P003408,35,Female,Commercial,South,1991-07-15
P003409,26,Female,Medicare,Midwest,1999-11-15
P003410,62,Female,Medicare,South,1963-08-15
P003411,65,Male,Medicare,Midwest,1961-09-15
P003412,39,Female,Medicaid,South,1986-03-15
P003413,75,Male,Medicare Advantage,Northeast,1951-02-15
P003414,59,Female,Commercial,South,1967-11-15
P003415,52,Male,Medicare,Midwest,1973-07-15
P003416,62,Female,Commercial,South,1963-06-15
P003417,65,Male,Medicare,South,1961-09-15
P003418,72,Male,Medicare Advantage,Midwest,1953-12-15
P003419,75,Female,Medicare Advantage,West,1950-09-15
P003420,73,Female,Medicare,South,1952-11-15
P003421,39,Female,Medicare,South,1986-10-15
P003422,39,Male,Medicare Advantage,West,1987-10-15
P003423,62,Female,Medicare,South,1963-12-15
P003424,51,Female,Medicare Advantage,Midwest,1975-02-15
P003425,66,Female,Medicare Advantage,South,1959-05-15
P003426,74,Male,Medicaid,Midwest,1952-03-15
P003427,78,Female,Medicaid,South,1948-03-15
P003428,88,Female,Commercial,South,1937-06-15
P003429,91,Female,Commercial,West,1935-11-15
P003430,32,Female,Medicare,Midwest,1994-12-15
P003431,48,Female,Medicaid,South,1978-08-15
P003432,59,Female,Medicare,South,1967-06-15
P003433,36,Male,Medicare,West,1989-09-15
P003434,11,Male,Medicaid,West,2014-01-15
P003435,69,Female,Medicare,South,1957-07-15
P003436,52,Female,Medicare,South,1974-09-15
P003437,41,Male,Commercial,South,1984-01-15
P003438,24,Female,Medicare,South,2001-06-15
P003439,66,Female,Medicare Advantage,South,1960-02-15
P003440,62,Male,Medicare,Midwest,1964-05-15
P003441,59,Female,Medicare,West,1967-12-15
P003442,30,Female,Commercial,South,1996-11-15
P003443,76,Female,Commercial,Northeast,1949-07-15
P003444,96,Female,Workers Comp,Midwest,1929-04-15
P003445,64,Female,Commercial,Midwest,1962-06-15
P003446,44,Male,Medicare,West,1981-01-15
P003447,80,Male,Medicare,Midwest,1946-04-15
P003448,57,Female,Medicare,South,1969-09-15
P003449,19,Male,Commercial,South,2007-08-15
P003450,73,Female,Medicare Advantage,South,1953-04-15
P003451,70,Male,Medicare,Midwest,1956-04-15
P003452,63,Male,Commercial,South,1962-02-15
P003453,2,Female,Medicare Advantage,Northeast,2024-04-15
P003454,55,Female,Medicaid,Northeast,1971-06-15
P003455,83,Male,Medicare,South,1943-11-15
P003456,65,Other,Commercial,South,1960-10-15
P003457,78,Female,Medicare Advantage,Midwest,1947-05-15
P003458,96,Male,Commercial,South,1929-11-15
P003459,59,Male,Medicare,South,1967-02-15
P003460,94,Female,Medicare Advantage,South,1932-02-15
P003461,76,Male,Medicare,Midwest,1950-04-15
P003462,52,Female,Commercial,West,1974-12-15
P003463,55,Male,Commercial,Northeast,1971-07-15
P003464,51,Female,Medicaid,Midwest,1974-09-15
P003465,74,Female,Commercial,Midwest,1952-12-15
P003466,50,Male,Medicaid,South,1975-04-15
P003467,55,Male,Medicare,Midwest,1971-11-15
P003468,90,Female,Medicare Advantage,West,1935-05-15
P003469,25,Male,Commercial,Northeast,2001-10-15
P003470,65,Female,Commercial,Midwest,1960-08-15
P003471,19,Male,Medicare Advantage,South,2006-10-15
P003472,36,Female,Commercial,West,1989-09-15
P003473,0,Male,Medicare,South,2026-05-15
P003474,77,Male,Commercial,Midwest,1948-12-15
P003475,71,Male,Medicare Advantage,West,1955-05-15
P003476,31,Male,Medicaid,South,1995-04-15
P003477,19,Male,Commercial,South,2007-12-15
P003478,9,Male,Medicare,South,2017-02-15
P003479,29,Male,Medicare,West,1997-12-15
P003480,71,Male,Other,Midwest,1954-02-15
P003481,62,Male,Self-Pay,South,1963-10-15
P003482,62,Female,Medicaid,South,1964-07-15
P003483,86,Female,Medicare Advantage,West,1939-02-15
P003484,74,Female,Commercial,South,1952-05-15
P003485,9,Female,Medicare,South,2016-01-15
P003486,44,Female,Medicare Advantage,Northeast,1981-06-15
P003487,14,Male,Medicaid,Midwest,2011-10-15
P003488,69,Male,Commercial,Northeast,1956-01-15
P003489,64,Male,Medicare,Northeast,1962-07-15
P003490,20,Male,Medicare,Northeast,2005-02-15
P003491,71,Female,Commercial,Northeast,1954-11-15
P003492,50,Male,Medicare Advantage,West,1975-09-15
P003493,20,Female,Medicare Advantage,South,2005-08-15
P003494,75,Female,Medicaid,Northeast,1951-01-15
P003495,74,Female,Commercial,Midwest,1952-05-15
P003496,48,Male,Other,Northeast,1978-11-15
P003497,58,Female,Commercial,Northeast,1968-02-15
P003498,42,Male,Commercial,Midwest,1983-09-15
P003499,76,Female,Self-Pay,South,1950-04-15
P003500,30,Female,Medicare,South,1996-03-15
P003501,58,Female,Commercial,West,1968-02-15
P003502,75,Male,Medicaid,South,1951-02-15
P003503,17,Male,Commercial,South,2009-03-15
P003504,44,Female,Medicare Advantage,Northeast,1982-12-15
P003505,10,Male,Medicare,South,2016-03-15
P003506,92,Female,Medicaid,Midwest,1934-07-15
P003507,29,Female,Workers Comp,West,1996-10-15
P003508,78,Male,Commercial,South,1947-05-15
P003509,38,Male,Medicare,Northeast,1988-06-15
P003510,55,Male,Medicare,West,1970-04-15
P003511,93,Female,Medicare Advantage,West,1932-05-15
P003512,88,Female,Medicare,Northeast,1938-03-15
P003513,18,Male,Commercial,Northeast,2007-08-15
P003514,75,Male,Medicare,Midwest,1950-11-15
P003515,29,Male,Medicaid,West,1997-10-15
P003516,29,Female,Medicare,Northeast,1997-06-15
P003517,35,Female,Medicare,South,1990-04-15
P003518,49,Male,Self-Pay,Midwest,1977-03-15
P003519,32,Female,Medicare,Northeast,1993-09-15
P003520,79,Female,Commercial,South,1946-08-15
P003521,74,Male,Medicare,West,1951-04-15
P003522,6,Male,Medicare Advantage,Midwest,2019-07-15
P003523,49,Female,Medicare Advantage,Northeast,1977-06-15
P003524,38,Female,Commercial,Midwest,1987-06-15
P003525,56,Female,Commercial,West,1970-02-15
P003526,71,Female,Medicare Advantage,South,1955-06-15
P003527,48,Male,Medicare Advantage,Northeast,1977-04-15
P003528,96,Female,Medicare,Midwest,1930-05-15
P003529,34,Male,Medicare,West,1992-10-15
P003530,20,Female,Commercial,South,2005-10-15
P003531,59,Female,Commercial,Midwest,1966-05-15
P003532,46,Female,Medicare,South,1980-10-15
P003533,55,Female,Medicare,West,1971-12-15
P003534,66,Male,Medicare Advantage,West,1960-03-15
P003535,43,Male,Commercial,Midwest,1983-02-15
P003536,78,Male,Medicaid,Northeast,1948-04-15
P003537,61,Male,Medicaid,Midwest,1964-07-15
P003538,15,Male,Medicaid,South,2011-03-15
P003539,21,Female,Medicare Advantage,Midwest,2005-02-15
P003540,45,Female,Medicare,South,1981-03-15
P003541,37,Male,Medicaid,West,1989-12-15
P003542,2,Female,Commercial,South,2024-08-15
P003543,84,Female,Medicaid,South,1942-07-15
P003544,56,Female,Commercial,Midwest,1969-05-15
P003545,48,Female,Self-Pay,South,1978-07-15
P003546,42,Female,Medicare Advantage,Midwest,1984-02-15
P003547,57,Female,Medicare,South,1968-05-15
P003548,36,Male,Medicare Advantage,West,1989-01-15
P003549,72,Male,Commercial,West,1953-06-15
P003550,56,Female,Workers Comp,West,1969-04-15
P003551,74,Male,Medicare,West,1952-11-15
P003552,47,Male,Medicare,Northeast,1978-03-15
P003553,6,Female,Self-Pay,South,2020-03-15
P003554,39,Female,Commercial,Midwest,1987-12-15
P003555,72,Female,Medicaid,Midwest,1953-05-15
P003556,20,Female,Commercial,Midwest,2006-03-15
P003557,23,Female,Medicare,West,2003-05-15
P003558,15,Female,Self-Pay,Midwest,2011-03-15
P003559,53,Female,Commercial,West,1973-12-15
P003560,12,Female,Commercial,South,2013-09-15
P003561,91,Male,Commercial,West,1934-05-15
P003562,61,Male,Commercial,Midwest,1964-05-15
P003563,30,Female,Medicare,West,1996-09-15
P003564,31,Female,Commercial,West,1995-06-15
P003565,58,Female,Medicare,Midwest,1967-01-15
P003566,38,Male,Medicare,South,1987-12-15
P003567,19,Female,Commercial,Northeast,2006-10-15
P003568,27,Female,Medicare,Northeast,1999-11-15
P003569,78,Male,Medicaid,South,1947-06-15
P003570,66,Male,Medicaid,Midwest,1960-09-15
P003571,30,Male,Medicare Advantage,West,1996-04-15
P003572,3,Male,Commercial,South,2022-09-15
P003573,52,Female,Commercial,South,1973-07-15
P003574,9,Male,Commercial,Midwest,2016-10-15
P003575,66,Male,Commercial,Midwest,1959-08-15
P003576,93,Male,Medicaid,South,1933-12-15
P003577,45,Female,Commercial,Midwest,1981-09-15
P003578,36,Male,Medicare,South,1990-03-15
P003579,79,Male,Commercial,South,1947-01-15
P003580,51,Male,Medicare,West,1974-12-15
P003581,52,Female,Medicare Advantage,South,1974-02-15
P003582,29,Male,Medicare,South,1997-04-15
P003583,30,Female,Other,South,1995-11-15
P003584,79,Female,Medicaid,South,1947-12-15
P003585,72,Female,Medicare,Midwest,1954-06-15
P003586,73,Male,Medicare,South,1953-03-15
P003587,77,Male,Commercial,Midwest,1949-02-15
P003588,61,Male,Medicare,Midwest,1964-11-15
P003589,39,Female,Medicare Advantage,South,1987-05-15
P003590,86,Female,Medicare Advantage,South,1939-07-15
P003591,50,Female,Medicare,South,1975-10-15
P003592,74,Male,Commercial,South,1951-01-15
P003593,41,Male,Commercial,South,1984-06-15
P003594,26,Male,Self-Pay,Midwest,1999-03-15
P003595,88,Female,Workers Comp,West,1937-01-15
P003596,68,Female,Medicare,West,1957-05-15
P003597,39,Female,Medicaid,South,1986-04-15
P003598,51,Male,Medicare,West,1974-02-15
P003599,65,Female,Commercial,Midwest,1960-04-15
P003600,57,Male,Self-Pay,South,1968-06-15
P003601,63,Male,Medicare Advantage,South,1962-08-15
P003602,68,Male,Medicare,West,1957-10-15
P003603,60,Male,Medicare Advantage,South,1966-11-15
P003604,60,Female,Medicare,Northeast,1965-02-15
P003605,48,Male,Medicare,West,1977-08-15
P003606,32,Female,Self-Pay,South,1993-02-15
P003607,40,Female,Self-Pay,Northeast,1986-06-15
P003608,59,Female,Medicare,Northeast,1966-04-15
P003609,68,Female,Self-Pay,Northeast,1958-12-15
P003610,54,Female,Commercial,South,1971-04-15
P003611,52,Male,Medicaid,South,1973-01-15
P003612,55,Female,Medicaid,Midwest,1971-03-15
P003613,50,Female,Commercial,Midwest,1976-07-15
P003614,69,Male,Medicare Advantage,South,1956-07-15
P003615,57,Male,Medicare,South,1968-05-15
P003616,30,Male,Medicare,Midwest,1996-12-15
P003617,28,Female,Medicare,South,1998-07-15
P003618,67,Female,Medicaid,West,1959-08-15
P003619,38,Male,Medicare Advantage,Midwest,1988-08-15
P003620,79,Female,Commercial,Midwest,1946-01-15
P003621,37,Female,Self-Pay,West,1988-03-15
P003622,56,Female,Medicare,Midwest,1970-08-15
P003623,81,Male,Commercial,South,1944-11-15
P003624,43,Female,Medicare,South,1983-03-15
P003625,40,Male,Commercial,Northeast,1986-05-15
P003626,96,Female,Medicare Advantage,West,1930-07-15
P003627,69,Female,Medicare,Northeast,1956-04-15
P003628,32,Female,Medicare,Midwest,1994-03-15
P003629,81,Male,Commercial,Northeast,1945-07-15
P003630,8,Female,Self-Pay,West,2018-05-15
P003631,27,Male,Medicare Advantage,South,1999-03-15
P003632,74,Female,Commercial,South,1951-10-15
P003633,8,Female,Medicare,South,2018-05-15
P003634,17,Female,Self-Pay,South,2009-05-15
P003635,53,Female,Commercial,Midwest,1973-07-15
P003636,31,Male,Medicare,West,1995-07-15
P003637,73,Female,Medicare,West,1953-03-15
P003638,36,Male,Commercial,Midwest,1990-08-15
P003639,17,Female,Self-Pay,South,2009-02-15
P003640,88,Male,Medicare,Midwest,1937-08-15
P003641,60,Female,Medicare Advantage,Northeast,1966-05-15
P003642,42,Male,Medicaid,South,1984-02-15
P003643,54,Male,Medicare,Midwest,1971-02-15
P003644,10,Male,Medicare,Northeast,2015-09-15
P003645,37,Male,Commercial,Northeast,1988-05-15
P003646,60,Male,Commercial,South,1966-01-15
P003647,41,Female,Medicare,Northeast,1985-03-15
P003648,91,Female,Medicaid,Northeast,1935-12-15
P003649,56,Male,Medicare,South,1970-10-15
P003650,9,Female,Medicare Advantage,West,2017-12-15
P003651,60,Male,Medicaid,Midwest,1965-03-15
P003652,30,Male,Commercial,Midwest,1995-04-15
P003653,51,Male,Medicaid,Northeast,1975-03-15
P003654,45,Male,Self-Pay,Northeast,1980-04-15
P003655,26,Male,Medicare,Midwest,2000-10-15
P003656,47,Male,Medicare Advantage,South,1979-02-15
P003657,16,Female,Medicare,Midwest,2009-11-15
P003658,31,Female,Medicaid,South,1994-10-15
P003659,56,Male,Medicare,Northeast,1969-07-15
P003660,0,Male,Commercial,Northeast,2026-12-15
P003661,75,Other,Medicaid,West,1951-08-15
P003662,12,Female,Commercial,South,2013-03-15
P003663,87,Female,Commercial,South,1938-04-15
P003664,61,Male,Medicare Advantage,West,1964-01-15
P003665,23,Female,Medicaid,Midwest,2002-03-15
P003666,54,Male,Commercial,Midwest,1972-01-15
P003667,33,Male,Commercial,South,1993-10-15
P003668,77,Female,Commercial,South,1948-06-15
P003669,77,Male,Medicaid,West,1949-01-15
P003670,50,Female,Medicare,Midwest,1976-12-15
P003671,25,Male,Medicaid,Northeast,2000-01-15
P003672,15,Male,Medicare,South,2011-11-15
P003673,28,Female,Commercial,West,1997-07-15
P003674,65,Female,Commercial,West,1961-04-15
P003675,77,Female,Commercial,South,1948-03-15
P003676,78,Male,Medicare Advantage,Midwest,1948-12-15
P003677,74,Male,Medicare Advantage,South,1951-08-15
P003678,10,Female,Commercial,West,2016-08-15
P003679,45,Male,Commercial,Midwest,1981-02-15
P003680,76,Male,Medicare Advantage,Northeast,1949-04-15
P003681,62,Female,Medicare,West,1963-06-15
P003682,63,Female,Medicare,West,1963-08-15
P003683,69,Female,Commercial,Northeast,1957-02-15
P003684,67,Female,Self-Pay,Midwest,1959-07-15
P003685,65,Male,Commercial,Northeast,1960-11-15
P003686,26,Male,Medicare,South,2000-03-15
P003687,94,Male,Commercial,West,1931-01-15
P003688,78,Male,Medicaid,Northeast,1948-03-15
P003689,90,Male,Medicare,Northeast,1936-08-15
P003690,39,Female,Medicare Advantage,West,1987-07-15
P003691,78,Female,Medicare Advantage,South,1948-07-15
P003692,90,Female,Medicare Advantage,Midwest,1936-11-15
P003693,13,Female,Medicare Advantage,South,2013-02-15
P003694,93,Female,Commercial,West,1933-01-15
P003695,82,Male,Commercial,Northeast,1943-03-15
P003696,78,Female,Commercial,South,1947-01-15
P003697,16,Male,Commercial,West,2009-07-15
P003698,78,Female,Medicare,Northeast,1947-07-15
P003699,33,Male,Medicare Advantage,Midwest,1993-04-15
P003700,53,Female,Commercial,South,1972-09-15
P003701,48,Female,Medicare,South,1977-08-15
P003702,30,Female,Medicare Advantage,South,1995-11-15
P003703,61,Male,Workers Comp,West,1964-04-15
P003704,69,Male,Commercial,Midwest,1956-09-15
P003705,81,Male,Self-Pay,Northeast,1945-03-15
P003706,74,Male,Commercial,South,1952-05-15
P003707,28,Female,Medicare,West,1998-06-15
P003708,69,Female,Workers Comp,Northeast,1956-10-15
P003709,62,Male,Commercial,Northeast,1963-04-15
P003710,26,Male,Medicaid,Northeast,1999-04-15
P003711,85,Male,Commercial,South,1941-11-15
P003712,39,Male,Medicare,South,1987-05-15
P003713,31,Female,Commercial,South,1994-12-15
P003714,31,Female,Medicare,South,1994-12-15
P003715,73,Female,Commercial,Northeast,1952-06-15
P003716,50,Female,Medicare Advantage,Midwest,1976-07-15
P003717,54,Female,Medicare,Midwest,1971-04-15
P003718,35,Male,Medicare,West,1990-04-15
P003719,6,Male,Medicare,South,2020-05-15
P003720,42,Female,Medicare,Midwest,1984-11-15
P003721,68,Male,Self-Pay,South,1957-06-15
P003722,20,Male,Commercial,South,2005-03-15
P003723,80,Female,Commercial,South,1946-07-15
P003724,66,Female,Commercial,Northeast,1959-08-15
P003725,50,Female,Commercial,South,1976-10-15
P003726,35,Female,Commercial,Northeast,1991-01-15
P003727,8,Male,Commercial,West,2017-11-15
P003728,76,Female,Commercial,West,1949-06-15
P003729,69,Male,Commercial,Northeast,1956-03-15
P003730,37,Male,Commercial,South,1988-10-15
P003731,60,Female,Medicare,West,1966-09-15
P003732,57,Male,Self-Pay,South,1969-04-15
P003733,51,Male,Medicaid,Midwest,1974-05-15
P003734,39,Male,Medicare,South,1986-03-15
P003735,60,Female,Commercial,South,1966-04-15
P003736,62,Male,Self-Pay,West,1963-01-15
P003737,59,Male,Medicare,South,1967-12-15
P003738,48,Female,Medicaid,West,1977-08-15
P003739,62,Female,Medicare,West,1964-04-15
P003740,19,Male,Commercial,West,2006-12-15
P003741,74,Female,Commercial,South,1952-08-15
P003742,70,Female,Commercial,Midwest,1956-05-15
P003743,69,Female,Self-Pay,South,1956-06-15
P003744,2,Male,Medicaid,South,2024-12-15
P003745,83,Male,Medicare Advantage,West,1943-02-15
P003746,58,Female,Medicare,Midwest,1967-05-15
P003747,60,Female,Medicare,West,1965-08-15
P003748,10,Male,Medicare Advantage,Midwest,2015-12-15
P003749,51,Female,Medicaid,Northeast,1974-09-15
P003750,79,Male,Medicare,South,1946-09-15
P003751,35,Female,Medicare,Northeast,1991-04-15
P003752,59,Female,Medicaid,Northeast,1966-03-15
P003753,37,Male,Medicare Advantage,South,1988-12-15
P003754,34,Female,Self-Pay,Northeast,1991-01-15
P003755,62,Female,Medicaid,South,1964-12-15
P003756,68,Female,Medicaid,South,1957-07-15
P003757,33,Male,Medicare,South,1992-10-15
P003758,61,Male,Medicaid,West,1964-05-15
P003759,9,Female,Medicaid,Northeast,2016-05-15
P003760,78,Other,Commercial,West,1948-03-15
P003761,43,Male,Medicare,Midwest,1982-02-15
P003762,53,Male,Medicaid,Midwest,1972-10-15
P003763,45,Male,Medicaid,South,1980-11-15
P003764,51,Female,Medicare Advantage,Midwest,1974-11-15
P003765,24,Female,Medicare Advantage,South,2001-09-15
P003766,44,Male,Commercial,South,1982-02-15
P003767,65,Male,Medicare,Midwest,1960-07-15
P003768,33,Male,Commercial,Midwest,1993-07-15
P003769,77,Female,Medicaid,West,1948-03-15
P003770,55,Female,Commercial,South,1971-08-15
P003771,71,Female,Commercial,South,1954-11-15
P003772,89,Male,Commercial,Midwest,1936-10-15
P003773,7,Female,Medicaid,Midwest,2019-03-15
P003774,7,Female,Commercial,West,2019-07-15
P003775,10,Male,Medicare,Midwest,2016-01-15
P003776,62,Female,Medicare,South,1963-03-15
P003777,2,Male,Medicaid,Midwest,2024-12-15
P003778,75,Male,Medicare,Midwest,1951-05-15
P003779,54,Male,Medicare,Midwest,1971-09-15
P003780,41,Female,Medicare,South,1985-01-15
P003781,38,Female,Commercial,Northeast,1987-02-15
P003782,51,Male,Medicare,South,1975-07-15
P003783,74,Male,Medicaid,South,1951-12-15
P003784,9,Female,Commercial,South,2017-08-15
P003785,13,Male,Medicaid,South,2013-07-15
P003786,86,Female,Medicare,South,1939-08-15
P003787,91,Male,Medicaid,West,1934-07-15
P003788,15,Female,Medicare,South,2010-12-15
P003789,2,Female,Medicare,West,2024-08-15
P003790,22,Male,Medicare Advantage,Midwest,2003-03-15
P003791,45,Female,Medicare,South,1981-05-15
P003792,51,Male,Medicare Advantage,South,1975-05-15
P003793,85,Male,Medicaid,West,1941-12-15
P003794,54,Female,Commercial,Northeast,1971-03-15
P003795,31,Male,Medicare,South,1995-12-15
P003796,39,Male,Medicare,Northeast,1987-01-15
P003797,55,Female,Other,South,1971-07-15
P003798,54,Female,Commercial,West,1972-12-15
P003799,59,Female,Medicare,Midwest,1966-12-15
P003800,88,Male,Medicare,Midwest,1937-11-15
P003801,25,Female,Medicare,West,2001-09-15
P003802,36,Female,Commercial,Northeast,1989-09-15
P003803,31,Female,Medicare,Midwest,1994-09-15
P003804,72,Female,Medicaid,Midwest,1954-08-15
P003805,73,Female,Self-Pay,Northeast,1952-01-15
P003806,80,Male,Medicaid,Northeast,1945-12-15
P003807,67,Female,Medicaid,South,1959-09-15
P003808,36,Female,Medicare,Midwest,1989-10-15
P003809,58,Male,Medicare,Midwest,1968-07-15
P003810,23,Female,Commercial,Northeast,2002-02-15
P003811,70,Female,Medicare,West,1956-07-15
P003812,68,Male,Commercial,Midwest,1957-06-15
P003813,43,Male,Medicare Advantage,South,1983-03-15
P003814,68,Female,Medicare,Northeast,1958-11-15
P003815,49,Female,Medicaid,South,1976-07-15
P003816,43,Male,Self-Pay,South,1982-02-15
P003817,54,Male,Medicare,West,1972-09-15
P003818,63,Male,Medicare Advantage,Northeast,1962-08-15
P003819,0,Female,Medicaid,Midwest,2025-09-15
P003820,67,Male,Medicare,Midwest,1959-07-15
P003821,84,Female,Commercial,Midwest,1942-06-15
P003822,71,Male,Commercial,Midwest,1954-12-15
P003823,12,Female,Commercial,South,2013-12-15
P003824,30,Male,Medicare,Midwest,1995-11-15
P003825,0,Female,Medicare,South,2025-02-15
P003826,77,Male,Medicare,South,1949-05-15
P003827,55,Female,Medicare Advantage,West,1971-01-15
P003828,72,Male,Commercial,West,1953-07-15
P003829,16,Female,Medicare,West,2010-10-15
P003830,93,Other,Medicaid,Northeast,1932-11-15
P003831,66,Female,Self-Pay,Northeast,1960-03-15
P003832,38,Female,Commercial,Northeast,1987-05-15
P003833,51,Female,Medicare,Midwest,1974-02-15
P003834,63,Female,Self-Pay,Northeast,1963-07-15
P003835,75,Male,Commercial,South,1950-09-15
P003836,26,Female,Medicare Advantage,West,2000-07-15
P003837,3,Male,Commercial,South,2022-10-15
P003838,26,Female,Commercial,Midwest,1999-01-15
P003839,28,Male,Medicare,West,1998-12-15
P003840,76,Female,Medicare Advantage,Northeast,1950-10-15
P003841,25,Female,Medicare,Midwest,2001-03-15
P003842,13,Male,Medicaid,West,2012-04-15
P003843,56,Male,Medicaid,Midwest,1970-03-15
P003844,64,Female,Self-Pay,South,1962-03-15
P003845,6,Female,Medicare,South,2020-01-15
P003846,73,Male,Medicaid,South,1953-05-15
P003847,79,Female,Commercial,South,1946-11-15
P003848,41,Female,Commercial,South,1985-10-15
P003849,16,Female,Medicare Advantage,Northeast,2009-12-15
P003850,65,Male,Medicaid,South,1960-10-15
P003851,63,Female,Commercial,South,1962-09-15
P003852,58,Male,Workers Comp,West,1968-10-15
P003853,38,Male,Medicare Advantage,Midwest,1988-03-15
P003854,40,Male,Commercial,South,1985-11-15
P003855,36,Female,Commercial,West,1989-11-15
P003856,72,Male,Medicare,South,1953-08-15
P003857,23,Male,Medicare Advantage,Midwest,2002-12-15
P003858,71,Female,Medicare Advantage,West,1954-08-15
P003859,73,Female,Medicare Advantage,South,1952-04-15
P003860,37,Male,Other,Midwest,1989-08-15
P003861,21,Male,Medicare,South,2004-04-15
P003862,57,Male,Commercial,South,1969-04-15
P003863,55,Female,Commercial,West,1971-11-15
P003864,66,Male,Commercial,Northeast,1960-06-15
P003865,12,Female,Self-Pay,West,2013-09-15
P003866,56,Female,Commercial,South,1970-10-15
P003867,36,Female,Medicare,South,1989-08-15
P003868,42,Male,Medicaid,South,1983-12-15
P003869,12,Male,Commercial,South,2013-01-15
P003870,39,Male,Commercial,Northeast,1986-10-15
P003871,75,Female,Medicare,Northeast,1951-03-15
P003872,22,Male,Self-Pay,South,2003-04-15
P003873,72,Female,Medicare Advantage,Northeast,1954-12-15
P003874,8,Female,Medicare,South,2017-08-15
P003875,33,Female,Medicare,South,1992-02-15
P003876,10,Male,Commercial,Northeast,2016-10-15
P003877,94,Male,Commercial,South,1931-12-15
P003878,68,Male,Medicare Advantage,South,1957-09-15
P003879,36,Female,Medicare,West,1990-01-15
P003880,91,Male,Commercial,Midwest,1934-05-15
P003881,67,Male,Other,West,1959-12-15
P003882,93,Male,Medicare,South,1933-04-15
P003883,86,Male,Commercial,West,1939-04-15
P003884,35,Female,Medicaid,South,1990-02-15
P003885,75,Female,Commercial,Northeast,1951-05-15
P003886,8,Male,Medicare,South,2017-02-15
P003887,52,Male,Medicare,West,1974-03-15
P003888,56,Male,Self-Pay,South,1969-09-15
P003889,50,Male,Medicare,South,1975-07-15
P003890,76,Female,Medicaid,Northeast,1950-03-15
P003891,35,Female,Commercial,Midwest,1991-09-15
P003892,3,Female,Workers Comp,Midwest,2023-11-15
P003893,48,Female,Commercial,Midwest,1977-09-15
P003894,58,Female,Commercial,Midwest,1968-08-15
P003895,70,Male,Workers Comp,Northeast,1956-07-15
P003896,21,Female,Medicaid,West,2005-09-15
P003897,54,Female,Medicare,Midwest,1971-10-15
P003898,6,Male,Medicaid,Midwest,2020-04-15
P003899,40,Male,Medicare Advantage,Midwest,1985-06-15
P003900,93,Female,Medicaid,Northeast,1932-01-15
P003901,49,Female,Commercial,West,1976-05-15
P003902,61,Male,Medicare Advantage,Northeast,1965-12-15
P003903,42,Female,Medicare,West,1984-06-15
P003904,66,Male,Medicare,West,1960-02-15
P003905,32,Female,Medicare,South,1994-10-15
P003906,49,Male,Commercial,South,1976-11-15
P003907,33,Male,Medicare,Midwest,1992-01-15
P003908,79,Female,Medicare,South,1947-11-15
P003909,25,Female,Medicaid,Northeast,2001-12-15
P003910,20,Female,Medicaid,Midwest,2006-02-15
P003911,36,Other,Self-Pay,South,1989-08-15
P003912,31,Male,Medicare,Midwest,1994-08-15
P003913,48,Female,Commercial,South,1977-07-15
P003914,64,Other,Medicare Advantage,South,1961-07-15
P003915,74,Female,Self-Pay,South,1952-06-15
P003916,79,Female,Medicare Advantage,South,1946-03-15
P003917,76,Male,Self-Pay,South,1949-06-15
P003918,31,Female,Other,Midwest,1995-11-15
P003919,37,Male,Medicaid,Midwest,1989-06-15
P003920,84,Female,Other,South,1942-12-15
P003921,36,Male,Medicare,West,1989-12-15
P003922,4,Male,Commercial,South,2022-03-15
P003923,38,Male,Other,Northeast,1987-10-15
P003924,63,Female,Medicaid,Northeast,1962-09-15
P003925,22,Male,Commercial,Northeast,2003-05-15
P003926,37,Female,Medicare,West,1989-05-15
P003927,24,Female,Medicare Advantage,South,2001-05-15
P003928,75,Female,Medicare Advantage,Midwest,1951-10-15
P003929,47,Female,Medicare Advantage,Midwest,1978-07-15
P003930,79,Female,Medicare,Northeast,1946-10-15
P003931,72,Male,Self-Pay,West,1953-04-15
P003932,47,Male,Medicare,Midwest,1978-11-15
P003933,68,Female,Medicaid,West,1957-08-15
P003934,14,Female,Self-Pay,West,2011-09-15
P003935,52,Female,Commercial,Midwest,1974-07-15
P003936,28,Female,Commercial,West,1998-12-15
P003937,69,Female,Medicare Advantage,Midwest,1957-07-15
P003938,63,Male,Commercial,Midwest,1962-05-15
P003939,18,Male,Commercial,Northeast,2007-08-15
P003940,56,Male,Medicare,South,1969-01-15
P003941,92,Female,Medicare Advantage,South,1933-05-15
P003942,75,Female,Self-Pay,Northeast,1951-05-15
P003943,28,Male,Medicare,Midwest,1998-09-15
P003944,19,Female,Commercial,Northeast,2006-06-15
P003945,67,Female,Workers Comp,South,1959-05-15
P003946,79,Female,Medicare Advantage,West,1947-06-15
P003947,89,Male,Medicare,Midwest,1936-09-15
P003948,33,Female,Medicaid,South,1993-03-15
P003949,21,Female,Medicare,South,2004-03-15
P003950,74,Female,Medicare,West,1951-03-15
P003951,30,Female,Medicare,South,1996-11-15
P003952,35,Male,Medicare,Northeast,1990-08-15
P003953,84,Female,Medicare Advantage,Midwest,1942-08-15
P003954,23,Female,Commercial,Northeast,2002-01-15
P003955,70,Female,Medicare,South,1955-03-15
P003956,30,Male,Medicaid,West,1996-11-15
P003957,72,Female,Commercial,West,1953-11-15
P003958,32,Male,Medicare,Northeast,1994-08-15
P003959,84,Female,Medicare,Northeast,1942-06-15
P003960,40,Female,Medicaid,South,1985-03-15
P003961,55,Male,Commercial,South,1970-07-15
P003962,87,Male,Medicare,Northeast,1939-07-15
P003963,44,Male,Commercial,Midwest,1982-12-15
P003964,52,Female,Commercial,South,1973-03-15
P003965,90,Male,Medicaid,West,1936-04-15
P003966,52,Female,Medicare,South,1973-09-15
P003967,92,Male,Commercial,Northeast,1934-06-15
P003968,63,Female,Commercial,Midwest,1963-07-15
P003969,72,Female,Medicare,South,1953-08-15
P003970,75,Female,Commercial,West,1950-07-15
P003971,63,Male,Medicare Advantage,Northeast,1963-10-15
P003972,57,Female,Medicare Advantage,South,1968-10-15
P003973,52,Female,Self-Pay,South,1973-08-15
P003974,36,Female,Medicare Advantage,Northeast,1989-05-15
P003975,57,Male,Medicaid,South,1969-04-15
P003976,21,Male,Commercial,West,2005-01-15
P003977,37,Female,Medicare Advantage,Midwest,1988-08-15
P003978,62,Female,Medicare Advantage,Midwest,1963-11-15
P003979,55,Female,Medicare,West,1970-10-15
P003980,62,Male,Commercial,South,1963-08-15
P003981,56,Female,Medicaid,Midwest,1969-11-15
P003982,65,Female,Medicare,Northeast,1961-02-15
P003983,2,Male,Medicare,South,2023-06-15
P003984,68,Female,Commercial,Northeast,1957-03-15
P003985,45,Female,Workers Comp,South,1980-06-15
P003986,45,Female,Commercial,Northeast,1980-09-15
P003987,30,Female,Commercial,Midwest,1995-02-15
P003988,32,Female,Medicaid,South,1994-10-15
P003989,46,Female,Medicaid,South,1980-02-15
P003990,62,Male,Medicare,South,1963-07-15
P003991,8,Male,Medicare,Northeast,2017-07-15
P003992,34,Female,Medicare,West,1992-10-15
P003993,43,Female,Commercial,South,1983-10-15
P003994,62,Female,Medicare Advantage,Midwest,1964-09-15
P003995,35,Male,Medicare,West,1991-01-15
P003996,75,Female,Self-Pay,Midwest,1950-10-15
P003997,60,Female,Medicare,South,1966-02-15
P003998,1,Male,Commercial,West,2025-11-15
P003999,48,Female,Workers Comp,South,1977-05-15
P004000,66,Male,Medicare Advantage,Midwest,1959-02-15
P004001,47,Male,Commercial,Midwest,1978-08-15
P004002,53,Female,Medicare,West,1973-08-15
P004003,88,Female,Commercial,Midwest,1938-09-15
P004004,8,Female,Commercial,Northeast,2018-06-15
P004005,64,Male,Medicaid,Northeast,1962-08-15
P004006,71,Female,Medicare,Midwest,1954-04-15
P004007,19,Male,Medicare Advantage,West,2006-01-15
P004008,79,Male,Commercial,Northeast,1947-01-15
P004009,19,Female,Medicare,Northeast,2007-12-15
P004010,74,Female,Medicare Advantage,Northeast,1951-10-15
P004011,79,Female,Self-Pay,South,1946-03-15
P004012,96,Male,Medicaid,Northeast,1930-02-15
P004013,40,Female,Self-Pay,South,1986-12-15
P004014,77,Male,Medicaid,Northeast,1948-12-15
P004015,69,Male,Medicaid,Northeast,1957-10-15
P004016,3,Male,Commercial,South,2023-09-15
P004017,52,Male,Medicare,West,1973-03-15
P004018,71,Male,Medicaid,West,1954-09-15
P004019,24,Male,Medicare Advantage,Midwest,2001-08-15
P004020,62,Male,Medicare Advantage,South,1964-09-15
P004021,25,Male,Medicaid,West,2000-01-15
P004022,28,Female,Commercial,West,1998-12-15
P004023,83,Male,Self-Pay,South,1942-04-15
P004024,28,Female,Medicare,South,1998-08-15
P004025,47,Female,Medicare,Northeast,1979-05-15
P004026,21,Female,Medicare Advantage,Northeast,2005-10-15
P004027,25,Female,Medicare,South,2001-11-15
P004028,74,Male,Medicare Advantage,West,1951-05-15
P004029,37,Male,Commercial,Midwest,1989-01-15
P004030,77,Female,Self-Pay,Midwest,1949-01-15
P004031,79,Male,Medicaid,Northeast,1947-07-15
P004032,26,Female,Medicare Advantage,Midwest,2000-11-15
P004033,60,Female,Medicare Advantage,South,1965-02-15
P004034,35,Male,Medicare Advantage,Northeast,1990-10-15
P004035,12,Female,Commercial,South,2014-11-15
P004036,61,Female,Medicare Advantage,Northeast,1964-10-15
P004037,16,Female,Commercial,Northeast,2009-05-15
P004038,58,Male,Medicaid,South,1967-01-15
P004039,61,Female,Medicare,South,1965-04-15
P004040,5,Female,Commercial,Midwest,2021-04-15
P004041,71,Female,Commercial,Northeast,1955-01-15
P004042,75,Male,Medicare,South,1951-11-15
P004043,32,Male,Commercial,West,1993-03-15
P004044,61,Male,Medicaid,Midwest,1964-11-15
P004045,8,Male,Workers Comp,West,2017-11-15
P004046,84,Female,Commercial,West,1941-06-15
P004047,72,Male,Commercial,West,1954-10-15
P004048,59,Male,Medicare,South,1967-12-15
P004049,51,Male,Medicare,Midwest,1975-05-15
P004050,10,Female,Medicare,West,2015-02-15
P004051,52,Male,Medicare,West,1974-01-15
P004052,45,Female,Medicare,Northeast,1980-03-15
P004053,76,Male,Workers Comp,Midwest,1950-05-15
P004054,29,Female,Medicare,West,1997-05-15
P004055,79,Female,Medicare,West,1946-02-15
P004056,74,Female,Medicaid,South,1951-04-15
P004057,7,Male,Medicare,West,2018-10-15
P004058,28,Female,Commercial,Midwest,1997-11-15
P004059,96,Female,Self-Pay,South,1930-11-15
P004060,65,Female,Medicare,West,1960-04-15
P004061,46,Male,Medicare Advantage,South,1980-07-15
P004062,38,Female,Medicaid,South,1988-08-15
P004063,72,Female,Commercial,Northeast,1953-01-15
P004064,23,Female,Medicare,West,2003-01-15
P004065,62,Female,Medicare,South,1963-11-15
P004066,28,Female,Medicare,Northeast,1997-08-15
P004067,46,Female,Medicare,South,1980-01-15
P004068,60,Female,Commercial,West,1965-02-15
P004069,16,Female,Medicare,Northeast,2009-03-15
P004070,54,Male,Commercial,Midwest,1971-11-15
P004071,73,Male,Commercial,South,1953-04-15
P004072,36,Female,Medicare,Midwest,1990-03-15
P004073,13,Male,Commercial,Midwest,2012-12-15
P004074,65,Female,Medicare,Northeast,1961-12-15
P004075,48,Female,Commercial,West,1978-10-15
P004076,79,Male,Commercial,West,1946-02-15
P004077,89,Male,Commercial,West,1936-09-15
P004078,42,Male,Commercial,West,1984-07-15
P004079,68,Female,Commercial,Midwest,1958-02-15
P004080,38,Female,Medicare,Northeast,1987-05-15
P004081,51,Female,Medicare,South,1975-11-15
P004082,64,Female,Commercial,Midwest,1962-01-15
P004083,50,Male,Medicare,Midwest,1975-05-15
P004084,70,Male,Medicaid,Midwest,1956-08-15
P004085,61,Male,Commercial,West,1965-07-15
P004086,26,Female,Medicaid,Midwest,2000-06-15
P004087,52,Female,Medicare,West,1973-02-15
P004088,46,Female,Medicaid,Midwest,1979-11-15
P004089,27,Male,Medicaid,South,1998-11-15
P004090,26,Male,Commercial,Northeast,1999-03-15
P004091,83,Male,Medicare,South,1942-02-15
P004092,47,Female,Workers Comp,Midwest,1979-04-15
P004093,88,Male,Commercial,West,1937-04-15
P004094,44,Male,Medicaid,Northeast,1981-10-15
P004095,54,Female,Commercial,Northeast,1972-06-15
P004096,69,Female,Medicaid,South,1957-10-15
P004097,70,Female,Commercial,West,1956-01-15
P004098,71,Male,Medicare,West,1955-11-15
P004099,56,Male,Medicare,West,1970-04-15
P004100,43,Male,Commercial,West,1982-12-15
P004101,66,Male,Medicare,South,1959-06-15
P004102,59,Female,Medicaid,West,1966-02-15
P004103,11,Female,Medicare Advantage,Midwest,2015-01-15
P004104,28,Female,Medicare,South,1997-11-15
P004105,54,Female,Medicare Advantage,West,1972-05-15
P004106,65,Female,Commercial,South,1960-10-15
P004107,92,Male,Commercial,Midwest,1934-05-15
P004108,31,Female,Commercial,Midwest,1995-09-15
P004109,41,Male,Medicare Advantage,South,1984-01-15
P004110,71,Male,Medicare Advantage,South,1955-02-15
P004111,34,Male,Medicaid,Midwest,1991-01-15
P004112,88,Male,Commercial,Midwest,1938-11-15
P004113,44,Male,Medicaid,Midwest,1981-04-15
P004114,42,Male,Medicaid,South,1983-03-15
P004115,65,Female,Medicare,West,1960-08-15
P004116,22,Other,Self-Pay,Northeast,2004-04-15
P004117,3,Male,Commercial,South,2023-08-15
P004118,75,Female,Medicare Advantage,West,1951-08-15
P004119,28,Female,Medicaid,Midwest,1998-10-15
P004120,3,Male,Medicare,South,2022-09-15
P004121,67,Female,Medicare Advantage,South,1958-08-15
P004122,73,Female,Medicare,West,1953-04-15
P004123,57,Female,Self-Pay,West,1969-06-15
P004124,55,Male,Medicare,Northeast,1971-09-15
P004125,87,Female,Medicaid,South,1938-05-15
P004126,6,Male,Medicare,West,2020-09-15
P004127,94,Female,Workers Comp,South,1932-03-15
P004128,67,Female,Commercial,Northeast,1959-12-15
P004129,90,Male,Commercial,Northeast,1936-09-15
P004130,26,Female,Medicare,West,1999-06-15
P004131,44,Female,Medicare,Midwest,1982-07-15
P004132,60,Female,Commercial,West,1966-10-15
P004133,35,Male,Medicare Advantage,South,1990-02-15
P004134,55,Female,Commercial,South,1971-05-15
P004135,72,Female,Commercial,South,1954-05-15
P004136,59,Female,Medicare Advantage,South,1967-11-15
P004137,20,Female,Medicare Advantage,Northeast,2006-03-15
P004138,25,Male,Medicare,West,2000-07-15
P004139,74,Male,Other,Northeast,1952-03-15
P004140,13,Male,Medicare,Midwest,2013-07-15
P004141,39,Female,Commercial,Midwest,1986-06-15
P004142,63,Female,Medicaid,South,1962-02-15
P004143,57,Female,Self-Pay,Midwest,1969-09-15
P004144,37,Male,Medicaid,Midwest,1988-09-15
P004145,59,Female,Commercial,West,1966-11-15
P004146,32,Female,Commercial,Midwest,1994-03-15
P004147,57,Female,Commercial,West,1969-10-15
P004148,86,Female,Workers Comp,Northeast,1939-04-15
P004149,25,Male,Medicare Advantage,Midwest,2000-07-15
P004150,72,Female,Other,West,1953-03-15
P004151,37,Male,Medicare,South,1989-11-15
P004152,79,Female,Workers Comp,West,1946-01-15
P004153,22,Male,Medicaid,Midwest,2003-04-15
P004154,93,Female,Commercial,South,1932-11-15
P004155,63,Female,Commercial,West,1962-06-15
P004156,57,Male,Commercial,Northeast,1969-05-15
P004157,32,Male,Medicare,South,1993-08-15
P004158,30,Female,Medicare,South,1996-10-15
P004159,52,Female,Self-Pay,South,1973-02-15
P004160,41,Male,Medicaid,South,1984-01-15
P004161,54,Female,Medicare,Midwest,1971-10-15
P004162,51,Male,Commercial,South,1975-07-15
P004163,9,Male,Commercial,South,2016-07-15
P004164,40,Female,Commercial,Northeast,1985-02-15
P004165,50,Female,Commercial,South,1975-11-15
P004166,37,Male,Medicare,Northeast,1988-11-15
P004167,47,Male,Commercial,Midwest,1978-11-15
P004168,40,Male,Medicare,Midwest,1985-01-15
P004169,8,Male,Medicaid,Northeast,2017-10-15
P004170,40,Male,Medicare Advantage,Midwest,1986-12-15
P004171,47,Male,Commercial,Northeast,1979-05-15
P004172,64,Male,Workers Comp,South,1962-06-15
P004173,44,Male,Medicaid,Midwest,1982-02-15
P004174,76,Female,Medicare Advantage,South,1949-09-15
P004175,5,Female,Medicare,Midwest,2021-01-15
P004176,61,Male,Medicare Advantage,West,1965-02-15
P004177,77,Male,Medicare Advantage,South,1949-09-15
P004178,40,Female,Medicare Advantage,West,1986-01-15
P004179,45,Female,Commercial,West,1981-11-15
P004180,73,Female,Commercial,Midwest,1953-11-15
P004181,30,Male,Medicare,South,1995-05-15
P004182,70,Male,Medicare Advantage,South,1955-01-15
P004183,60,Female,Self-Pay,Midwest,1965-09-15
P004184,66,Male,Medicare Advantage,West,1959-01-15
P004185,33,Male,Commercial,Northeast,1992-08-15
P004186,51,Male,Workers Comp,West,1974-12-15
P004187,48,Female,Medicare,South,1977-07-15
P004188,72,Male,Commercial,Midwest,1954-07-15
P004189,77,Female,Medicare,South,1949-12-15
P004190,84,Male,Medicare,West,1941-06-15
P004191,11,Female,Medicaid,South,2014-10-15
P004192,22,Male,Medicare,West,2003-06-15
P004193,61,Male,Medicare,Northeast,1965-03-15
P004194,26,Male,Medicare Advantage,South,1999-11-15
P004195,31,Male,Medicare,Midwest,1995-07-15
P004196,76,Female,Commercial,Midwest,1949-09-15
P004197,91,Male,Medicare,South,1935-06-15
P004198,43,Male,Medicare Advantage,Northeast,1983-11-15
P004199,51,Male,Medicare,South,1975-10-15
P004200,39,Male,Medicare Advantage,South,1986-11-15
P004201,53,Female,Medicaid,South,1972-03-15
P004202,46,Female,Commercial,Northeast,1980-01-15
P004203,71,Male,Medicare,South,1955-08-15
P004204,40,Male,Medicaid,South,1986-09-15
P004205,73,Male,Medicare,Midwest,1953-05-15
P004206,46,Male,Medicare,South,1979-12-15
P004207,43,Male,Workers Comp,West,1982-11-15
P004208,51,Male,Workers Comp,South,1974-09-15
P004209,78,Male,Commercial,Midwest,1948-02-15
P004210,94,Female,Medicare,Midwest,1932-07-15
P004211,50,Male,Medicare,Midwest,1976-04-15
P004212,66,Female,Medicare,West,1959-07-15
P004213,39,Female,Commercial,Midwest,1987-01-15
P004214,30,Female,Medicare,West,1995-08-15
P004215,60,Female,Medicare,Northeast,1965-11-15
P004216,30,Female,Medicaid,South,1995-01-15
P004217,15,Female,Commercial,Northeast,2010-04-15
P004218,65,Female,Medicare,Northeast,1961-06-15
P004219,38,Male,Commercial,South,1987-03-15
P004220,14,Male,Medicare,Northeast,2012-04-15
P004221,57,Male,Commercial,West,1968-04-15
P004222,28,Female,Medicare Advantage,Northeast,1997-11-15
P004223,61,Male,Medicare,Northeast,1965-05-15
P004224,38,Female,Medicare Advantage,West,1988-08-15
P004225,56,Female,Medicare,West,1970-10-15
P004226,26,Female,Medicare,West,2000-01-15
P004227,48,Male,Medicaid,Midwest,1977-04-15
P004228,45,Female,Commercial,West,1981-10-15
P004229,66,Female,Medicaid,Northeast,1960-08-15
P004230,33,Female,Medicaid,Midwest,1993-02-15
P004231,30,Female,Medicaid,Midwest,1996-06-15
P004232,24,Female,Medicare,South,2002-04-15
P004233,14,Female,Commercial,West,2012-12-15
P004234,57,Female,Self-Pay,West,1968-08-15
P004235,35,Male,Medicare,South,1990-03-15
P004236,34,Female,Medicaid,South,1992-07-15
P004237,3,Female,Self-Pay,South,2022-11-15
P004238,49,Female,Medicare,South,1976-01-15
P004239,82,Female,Medicare Advantage,Northeast,1943-12-15
P004240,29,Male,Medicaid,West,1997-03-15
P004241,7,Male,Medicaid,Northeast,2019-09-15
P004242,4,Male,Commercial,South,2021-05-15
P004243,71,Female,Medicare,South,1954-09-15
P004244,75,Male,Commercial,Northeast,1951-05-15
P004245,79,Female,Medicaid,West,1947-09-15
P004246,61,Female,Medicare,South,1964-05-15
P004247,19,Male,Medicare Advantage,South,2007-04-15
P004248,34,Female,Medicare,Midwest,1992-09-15
P004249,78,Male,Medicare Advantage,Midwest,1948-08-15
P004250,84,Male,Commercial,Northeast,1941-09-15
P004251,67,Female,Medicaid,West,1958-10-15
P004252,66,Female,Medicaid,South,1960-06-15
P004253,36,Male,Commercial,South,1990-12-15
P004254,96,Male,Commercial,West,1930-11-15
P004255,50,Male,Medicare Advantage,West,1975-09-15
P004256,60,Male,Medicare,South,1965-02-15
P004257,86,Male,Medicare,West,1939-04-15
P004258,68,Female,Commercial,West,1957-07-15
P004259,75,Male,Medicaid,West,1951-11-15
P004260,79,Male,Medicaid,Midwest,1947-08-15
P004261,45,Male,Medicare,South,1980-05-15
P004262,77,Male,Medicare,West,1949-01-15
P004263,27,Female,Medicare Advantage,Northeast,1998-09-15
P004264,26,Female,Medicaid,West,1999-06-15
P004265,71,Male,Medicare,Midwest,1954-12-15
P004266,32,Female,Medicare,South,1993-12-15
P004267,56,Female,Medicare,Midwest,1969-08-15
P004268,66,Female,Commercial,Midwest,1960-05-15
P004269,47,Male,Medicare,Northeast,1979-04-15
P004270,51,Other,Commercial,West,1974-07-15
P004271,3,Male,Medicare,Midwest,2023-06-15
P004272,68,Female,Commercial,West,1958-05-15
P004273,76,Other,Commercial,South,1949-02-15
P004274,3,Female,Medicare,Midwest,2022-09-15
P004275,26,Female,Commercial,Midwest,2000-10-15
P004276,3,Male,Medicare Advantage,Northeast,2022-12-15
P004277,54,Male,Workers Comp,Northeast,1971-05-15
P004278,82,Male,Commercial,Midwest,1944-10-15
P004279,5,Male,Medicaid,South,2020-12-15
P004280,49,Female,Commercial,Midwest,1977-12-15
P004281,62,Male,Medicare,South,1963-04-15
P004282,65,Male,Commercial,Midwest,1961-12-15
P004283,66,Female,Medicare Advantage,South,1959-06-15
P004284,46,Male,Medicare,Midwest,1980-12-15
P004285,76,Male,Commercial,West,1949-04-15
P004286,76,Female,Self-Pay,Northeast,1950-10-15
P004287,37,Female,Medicare,Midwest,1988-02-15
P004288,72,Male,Medicare,South,1953-03-15
P004289,29,Male,Medicaid,West,1997-08-15
P004290,19,Male,Medicare Advantage,South,2007-01-15
P004291,61,Male,Medicare,Northeast,1965-08-15
P004292,39,Female,Medicare Advantage,West,1987-03-15
P004293,52,Female,Medicare,Northeast,1974-10-15
P004294,67,Male,Medicare Advantage,Midwest,1959-06-15
P004295,79,Female,Medicare Advantage,West,1946-12-15
P004296,22,Male,Self-Pay,Midwest,2003-10-15
P004297,73,Female,Commercial,West,1952-07-15
P004298,57,Female,Self-Pay,Midwest,1968-05-15
P004299,56,Male,Self-Pay,Northeast,1970-04-15
P004300,4,Female,Medicare,South,2021-10-15
P004301,58,Female,Medicare,West,1968-02-15
P004302,38,Female,Self-Pay,South,1987-08-15
P004303,73,Male,Medicare Advantage,South,1952-01-15
P004304,64,Male,Medicare,Northeast,1962-09-15
P004305,72,Male,Commercial,Northeast,1954-10-15
P004306,48,Male,Commercial,South,1977-04-15
P004307,7,Male,Medicare Advantage,Midwest,2018-11-15
P004308,72,Male,Medicare,South,1953-06-15
P004309,39,Female,Medicaid,West,1986-12-15
P004310,77,Female,Medicare,South,1949-05-15
P004311,69,Male,Medicaid,West,1957-06-15
P004312,50,Male,Commercial,Northeast,1976-07-15
P004313,9,Female,Self-Pay,Midwest,2017-06-15
P004314,56,Female,Medicaid,Midwest,1970-02-15
P004315,73,Female,Self-Pay,South,1953-04-15
P004316,38,Female,Medicare Advantage,West,1987-03-15
P004317,91,Female,Medicare,Northeast,1935-07-15
P004318,51,Male,Self-Pay,South,1975-01-15
P004319,54,Female,Medicaid,South,1972-11-15
P004320,59,Male,Medicare,South,1967-04-15
P004321,65,Female,Commercial,West,1960-06-15
P004322,90,Female,Commercial,South,1935-05-15
P004323,16,Male,Self-Pay,South,2010-09-15
P004324,58,Male,Commercial,West,1967-08-15
P004325,16,Male,Medicare,South,2010-01-15
P004326,58,Male,Medicare,Midwest,1967-07-15
P004327,32,Male,Medicare Advantage,South,1993-06-15
P004328,77,Female,Workers Comp,Midwest,1948-12-15
P004329,67,Male,Medicare,Midwest,1958-05-15
P004330,77,Female,Commercial,West,1949-10-15
P004331,75,Female,Medicaid,West,1951-03-15
P004332,56,Female,Commercial,Midwest,1970-03-15
P004333,65,Female,Medicare,West,1961-06-15
P004334,25,Male,Medicare,South,2000-10-15
P004335,41,Female,Commercial,South,1984-11-15
P004336,32,Male,Medicaid,Northeast,1994-01-15
P004337,35,Male,Medicaid,South,1991-08-15
P004338,7,Female,Commercial,West,2018-03-15
P004339,67,Male,Commercial,Northeast,1958-10-15
P004340,60,Female,Self-Pay,Midwest,1965-10-15
P004341,68,Female,Commercial,West,1957-03-15
P004342,19,Male,Medicaid,South,2007-03-15
P004343,15,Male,Commercial,West,2011-12-15
P004344,92,Male,Medicaid,Midwest,1934-08-15
P004345,65,Male,Medicare,South,1961-06-15
P004346,78,Female,Workers Comp,West,1947-10-15
P004347,76,Female,Medicare,Midwest,1950-04-15
P004348,9,Female,Medicare,Northeast,2016-12-15
P004349,55,Female,Medicare,West,1970-04-15
P004350,32,Female,Medicare,South,1994-01-15
P004351,34,Female,Medicaid,South,1992-04-15
P004352,83,Male,Medicare,Midwest,1942-08-15
P004353,12,Male,Commercial,Midwest,2014-02-15
P004354,1,Female,Commercial,South,2024-04-15
P004355,34,Female,Medicare Advantage,Midwest,1992-07-15
P004356,72,Female,Medicare,West,1953-01-15
P004357,37,Male,Medicaid,South,1989-05-15
P004358,88,Female,Medicare,Northeast,1937-08-15
P004359,54,Female,Medicare Advantage,South,1971-02-15
P004360,19,Female,Self-Pay,South,2006-12-15
P004361,42,Male,Self-Pay,Midwest,1983-04-15
P004362,82,Male,Medicaid,West,1943-07-15
P004363,39,Male,Medicaid,West,1987-08-15
P004364,55,Female,Medicare,South,1971-01-15
P004365,73,Male,Medicare,West,1952-06-15
P004366,17,Female,Commercial,Northeast,2008-04-15
P004367,53,Male,Commercial,Northeast,1973-10-15
P004368,37,Female,Medicare,West,1989-06-15
P004369,91,Other,Commercial,South,1935-06-15
P004370,17,Male,Commercial,South,2008-11-15
P004371,63,Female,Medicare Advantage,Midwest,1962-06-15
P004372,92,Female,Medicare Advantage,Midwest,1933-02-15
P004373,43,Female,Commercial,West,1983-11-15
P004374,92,Female,Medicare Advantage,Midwest,1934-03-15
P004375,93,Female,Commercial,South,1932-04-15
P004376,74,Female,Commercial,Midwest,1951-06-15
P004377,75,Female,Medicaid,Northeast,1951-11-15
P004378,43,Female,Self-Pay,West,1983-08-15
P004379,4,Female,Self-Pay,Northeast,2022-03-15
P004380,1,Male,Medicare Advantage,West,2024-01-15
P004381,26,Female,Self-Pay,Northeast,2000-06-15
P004382,65,Male,Medicare,West,1961-12-15
P004383,85,Female,Medicare,West,1941-01-15
P004384,50,Female,Medicare,West,1975-04-15
P004385,63,Female,Medicaid,South,1963-07-15
P004386,79,Male,Medicare Advantage,South,1947-12-15
P004387,54,Male,Commercial,Midwest,1971-08-15
P004388,53,Female,Self-Pay,South,1973-12-15
P004389,20,Female,Self-Pay,Northeast,2006-05-15
P004390,68,Male,Commercial,West,1957-12-15
P004391,1,Female,Commercial,South,2024-07-15
P004392,40,Male,Medicare,Northeast,1985-12-15
P004393,4,Female,Medicare,West,2021-02-15
P004394,16,Female,Medicare,West,2009-08-15
P004395,60,Female,Commercial,West,1965-10-15
P004396,33,Female,Medicaid,South,1993-04-15
P004397,33,Female,Medicare,South,1993-04-15
P004398,16,Male,Medicaid,South,2009-08-15
P004399,52,Female,Medicaid,South,1974-05-15
P004400,23,Female,Workers Comp,South,2003-11-15
P004401,56,Female,Medicare,West,1969-10-15
P004402,35,Male,Self-Pay,West,1990-10-15
P004403,71,Male,Commercial,Northeast,1955-08-15
P004404,72,Female,Medicare,South,1953-02-15
P004405,85,Female,Self-Pay,South,1940-04-15
P004406,78,Male,Medicare Advantage,South,1947-02-15
P004407,76,Female,Medicaid,South,1950-04-15
P004408,78,Female,Medicare,West,1947-07-15
P004409,54,Female,Medicare,Northeast,1971-12-15
P004410,69,Female,Commercial,Midwest,1956-07-15
P004411,35,Male,Commercial,South,1991-11-15
P004412,95,Male,Medicaid,South,1931-01-15
P004413,79,Male,Medicare,Northeast,1947-12-15
P004414,27,Male,Medicare,South,1998-04-15
P004415,52,Male,Commercial,Midwest,1974-01-15
P004416,79,Male,Medicare,West,1946-02-15
P004417,48,Female,Medicare,South,1978-02-15
P004418,24,Female,Commercial,Northeast,2002-06-15
P004419,49,Female,Commercial,Midwest,1976-03-15
P004420,52,Male,Medicare Advantage,South,1973-12-15
P004421,23,Female,Self-Pay,South,2003-06-15
P004422,27,Male,Medicare,South,1999-10-15
P004423,60,Male,Medicare,South,1966-02-15
P004424,66,Male,Medicare,Midwest,1959-08-15
P004425,90,Female,Medicare,South,1936-03-15
P004426,0,Female,Self-Pay,South,2026-12-15
P004427,55,Male,Commercial,South,1971-08-15
P004428,69,Male,Commercial,South,1956-03-15
P004429,19,Male,Medicare,West,2007-06-15
P004430,69,Female,Medicaid,Midwest,1956-01-15
P004431,38,Female,Medicaid,Midwest,1988-09-15
P004432,45,Female,Commercial,Midwest,1980-06-15
P004433,78,Female,Medicare,West,1948-07-15
P004434,26,Female,Other,South,1999-06-15
P004435,47,Male,Medicaid,South,1979-01-15
P004436,88,Male,Commercial,South,1937-11-15
P004437,14,Male,Medicare,Midwest,2012-08-15
P004438,65,Male,Medicaid,Northeast,1960-10-15
P004439,73,Male,Medicare,South,1952-08-15
P004440,28,Female,Commercial,Northeast,1997-09-15
P004441,50,Male,Medicare Advantage,West,1976-08-15
P004442,77,Female,Medicare,Northeast,1948-08-15
P004443,54,Female,Self-Pay,South,1972-07-15
P004444,63,Female,Commercial,West,1962-01-15
P004445,81,Male,Medicare Advantage,Midwest,1944-03-15
P004446,83,Female,Medicare Advantage,Midwest,1943-01-15
P004447,63,Female,Medicare,South,1962-08-15
P004448,72,Male,Medicare,West,1953-10-15
P004449,71,Male,Medicare Advantage,Midwest,1954-05-15
P004450,40,Female,Medicaid,West,1986-05-15
P004451,60,Male,Medicare,Midwest,1965-09-15
P004452,65,Male,Other,West,1961-10-15
P004453,92,Male,Commercial,West,1933-08-15
P004454,52,Female,Commercial,South,1974-04-15
P004455,54,Male,Self-Pay,South,1972-01-15
P004456,55,Female,Medicaid,South,1971-02-15
P004457,9,Female,Medicare,Midwest,2016-02-15
P004458,74,Female,Medicare,Midwest,1951-04-15
P004459,45,Female,Medicare Advantage,Northeast,1980-11-15
P004460,18,Female,Self-Pay,Midwest,2008-04-15
P004461,3,Female,Medicare Advantage,South,2022-05-15
P004462,70,Male,Medicaid,South,1956-06-15
P004463,68,Female,Self-Pay,West,1958-12-15
P004464,79,Male,Medicare,South,1947-05-15
P004465,72,Female,Commercial,Northeast,1953-06-15
P004466,12,Male,Medicaid,South,2013-10-15
P004467,23,Female,Medicare,South,2003-06-15
P004468,47,Male,Medicaid,Northeast,1979-08-15
P004469,55,Female,Medicaid,Midwest,1971-03-15
P004470,40,Male,Commercial,South,1985-04-15
P004471,53,Male,Medicare,South,1973-02-15
P004472,48,Male,Medicaid,Northeast,1977-05-15
P004473,48,Female,Medicaid,Northeast,1978-06-15
P004474,37,Male,Medicare,Northeast,1989-11-15
P004475,41,Male,Commercial,West,1985-08-15
P004476,51,Female,Medicaid,Northeast,1975-11-15
P004477,44,Female,Self-Pay,Midwest,1982-01-15
P004478,48,Female,Commercial,Northeast,1977-03-15
P004479,64,Male,Commercial,West,1962-07-15
P004480,46,Male,Medicaid,South,1979-09-15
P004481,72,Female,Medicare Advantage,Midwest,1954-11-15
P004482,42,Female,Medicare,Northeast,1984-02-15
P004483,2,Male,Commercial,Midwest,2023-11-15
P004484,18,Female,Medicare Advantage,South,2008-02-15
P004485,46,Male,Medicare,South,1979-10-15
P004486,19,Female,Medicaid,South,2006-01-15
P004487,78,Female,Commercial,South,1948-09-15
P004488,65,Female,Commercial,West,1960-10-15
P004489,61,Male,Medicare,Northeast,1965-10-15
P004490,54,Male,Medicaid,Midwest,1972-10-15
P004491,75,Male,Self-Pay,Northeast,1950-03-15
P004492,76,Female,Other,South,1950-10-15
P004493,43,Male,Commercial,Northeast,1982-03-15
P004494,7,Female,Medicaid,West,2018-04-15
P004495,89,Female,Commercial,South,1937-01-15
P004496,5,Male,Medicaid,Midwest,2021-07-15
P004497,87,Female,Medicare,South,1939-02-15
P004498,75,Male,Commercial,Midwest,1950-01-15
P004499,41,Female,Medicare Advantage,South,1984-09-15
P004500,44,Female,Medicare,West,1981-01-15
P004501,78,Female,Medicare Advantage,Northeast,1947-10-15
P004502,66,Female,Medicare,Midwest,1959-01-15
P004503,22,Male,Self-Pay,Northeast,2004-03-15
P004504,71,Female,Medicaid,South,1955-10-15
P004505,65,Female,Commercial,South,1961-05-15
P004506,52,Female,Medicare Advantage,South,1974-12-15
P004507,5,Male,Medicare,West,2021-09-15
P004508,49,Female,Commercial,South,1977-05-15
P004509,41,Female,Commercial,West,1985-08-15
P004510,65,Female,Medicaid,Midwest,1960-08-15
P004511,65,Male,Medicare Advantage,Northeast,1961-01-15
P004512,55,Female,Medicare Advantage,West,1971-02-15
P004513,52,Male,Commercial,South,1973-04-15
P004514,2,Female,Medicare,Northeast,2023-06-15
P004515,70,Female,Self-Pay,Midwest,1955-09-15
P004516,24,Male,Commercial,Midwest,2002-08-15
P004517,86,Female,Medicare,West,1940-01-15
P004518,71,Male,Commercial,South,1955-10-15
P004519,3,Female,Medicaid,West,2022-05-15
P004520,64,Male,Medicare Advantage,South,1961-09-15
P004521,42,Male,Medicare,West,1984-05-15
P004522,53,Male,Medicare,South,1972-02-15
P004523,57,Female,Medicare,South,1968-11-15
P004524,62,Male,Commercial,Midwest,1963-10-15
P004525,45,Female,Commercial,West,1980-01-15
P004526,72,Female,Medicare,Midwest,1953-10-15
P004527,42,Female,Medicaid,West,1984-01-15
P004528,48,Male,Medicare,South,1978-06-15
P004529,77,Female,Medicare Advantage,South,1948-08-15
P004530,35,Female,Medicaid,West,1990-05-15
P004531,9,Male,Commercial,Midwest,2017-08-15
P004532,33,Male,Medicaid,Midwest,1993-08-15
P004533,68,Female,Medicare,South,1957-04-15
P004534,23,Male,Medicare,South,2003-08-15
P004535,78,Male,Commercial,Midwest,1948-06-15
P004536,78,Male,Commercial,South,1948-04-15
P004537,49,Female,Medicaid,Midwest,1977-10-15
P004538,20,Female,Commercial,West,2005-01-15
P004539,75,Female,Medicaid,South,1951-12-15
P004540,77,Male,Self-Pay,Midwest,1949-07-15
P004541,65,Female,Medicare Advantage,Midwest,1961-05-15
P004542,51,Male,Medicare,South,1974-04-15
P004543,73,Female,Commercial,Northeast,1952-10-15
P004544,57,Female,Medicaid,West,1969-01-15
P004545,31,Female,Commercial,South,1995-01-15
P004546,60,Female,Other,Midwest,1966-02-15
P004547,43,Male,Medicare,Northeast,1983-02-15
P004548,81,Female,Commercial,Northeast,1944-01-15
P004549,43,Female,Self-Pay,West,1982-02-15
P004550,89,Male,Medicaid,Midwest,1936-07-15
P004551,25,Male,Self-Pay,South,2000-11-15
P004552,96,Female,Medicare,South,1929-08-15
P004553,73,Male,Commercial,Northeast,1952-02-15
P004554,44,Female,Medicaid,South,1981-10-15
P004555,6,Female,Medicare,Northeast,2020-01-15
P004556,68,Female,Self-Pay,South,1958-11-15
P004557,59,Male,Commercial,Midwest,1967-06-15
P004558,21,Female,Medicare,Midwest,2004-07-15
P004559,74,Male,Commercial,Midwest,1951-11-15
P004560,1,Male,Medicaid,Northeast,2025-10-15
P004561,33,Male,Commercial,Northeast,1992-11-15
P004562,54,Female,Medicare,South,1971-07-15
P004563,31,Male,Commercial,Midwest,1995-11-15
P004564,68,Male,Medicare Advantage,West,1957-11-15
P004565,72,Male,Self-Pay,South,1954-11-15
P004566,20,Female,Medicaid,South,2005-09-15
P004567,65,Female,Medicare,Midwest,1960-07-15
P004568,72,Female,Medicare,South,1954-01-15
P004569,54,Male,Other,South,1971-02-15
P004570,93,Female,Commercial,Midwest,1933-10-15
P004571,19,Female,Self-Pay,West,2006-02-15
P004572,46,Female,Commercial,South,1980-10-15
P004573,84,Female,Commercial,Northeast,1941-03-15
P004574,76,Male,Commercial,South,1949-06-15
P004575,26,Female,Self-Pay,Northeast,1999-09-15
P004576,70,Male,Medicare,West,1956-10-15
P004577,32,Male,Medicare Advantage,Midwest,1993-02-15
P004578,64,Female,Commercial,Midwest,1962-04-15
P004579,74,Female,Medicare,Midwest,1952-01-15
P004580,11,Female,Commercial,Northeast,2015-05-15
P004581,70,Male,Medicaid,Midwest,1956-10-15
P004582,56,Female,Self-Pay,South,1970-03-15
P004583,96,Male,Medicare,South,1930-06-15
P004584,72,Male,Medicaid,Midwest,1953-01-15
P004585,45,Female,Commercial,South,1980-03-15
P004586,42,Female,Commercial,South,1984-12-15
P004587,59,Female,Medicare,South,1966-08-15
P004588,51,Female,Self-Pay,Midwest,1974-05-15
P004589,79,Male,Medicaid,South,1947-11-15
P004590,68,Male,Medicare,West,1957-03-15
P004591,72,Male,Medicare Advantage,Midwest,1954-02-15
P004592,74,Female,Commercial,South,1951-10-15
P004593,61,Male,Medicare,West,1964-02-15
P004594,44,Male,Medicare,Midwest,1982-06-15
P004595,22,Female,Commercial,Northeast,2003-04-15
P004596,50,Male,Medicare,West,1976-05-15
P004597,43,Male,Self-Pay,West,1982-07-15
P004598,79,Male,Medicare,South,1946-08-15
P004599,1,Female,Medicare,West,2024-02-15
P004600,41,Male,Commercial,Midwest,1984-12-15
P004601,70,Male,Medicaid,Northeast,1956-05-15
P004602,96,Male,Commercial,Midwest,1929-03-15
P004603,85,Male,Medicare,West,1940-10-15
P004604,61,Female,Medicare,Midwest,1964-05-15
P004605,61,Female,Commercial,South,1965-11-15
P004606,49,Female,Medicare Advantage,South,1976-12-15
P004607,82,Male,Medicaid,Northeast,1943-06-15
P004608,26,Female,Medicaid,South,1999-09-15
P004609,37,Female,Medicare,Northeast,1988-12-15
P004610,63,Female,Medicare,Northeast,1963-09-15
P004611,8,Male,Medicare,West,2017-01-15
P004612,64,Male,Medicare,West,1961-02-15
P004613,27,Female,Medicaid,West,1998-11-15
P004614,18,Male,Medicare Advantage,South,2008-10-15
P004615,10,Male,Self-Pay,West,2015-01-15
P004616,22,Male,Medicare,South,2003-04-15
P004617,47,Female,Medicaid,West,1979-08-15
P004618,67,Female,Commercial,Midwest,1958-06-15
P004619,53,Male,Medicare,South,1972-04-15
P004620,55,Male,Commercial,South,1971-02-15
P004621,92,Female,Medicaid,Midwest,1934-07-15
P004622,72,Female,Commercial,Northeast,1953-07-15
P004623,7,Female,Commercial,Midwest,2018-06-15
P004624,66,Female,Medicare Advantage,West,1960-10-15
P004625,33,Male,Medicare Advantage,Northeast,1992-02-15
P004626,33,Male,Medicare,South,1992-02-15
P004627,37,Female,Commercial,Midwest,1989-01-15
P004628,26,Female,Medicaid,Midwest,2000-04-15
P004629,19,Female,Commercial,South,2007-06-15
P004630,67,Male,Medicare,Northeast,1959-05-15
P004631,48,Male,Medicare,South,1978-10-15
P004632,7,Male,Medicare,Midwest,2019-04-15
P004633,44,Male,Medicare,West,1981-04-15
P004634,92,Female,Commercial,Midwest,1933-05-15
P004635,11,Female,Medicare Advantage,Northeast,2015-04-15
P004636,65,Male,Medicare,West,1960-03-15
P004637,71,Male,Commercial,Midwest,1954-08-15
P004638,45,Male,Medicare,Midwest,1981-04-15
P004639,35,Female,Medicaid,Northeast,1991-11-15
P004640,68,Female,Commercial,South,1958-06-15
P004641,50,Male,Medicare,South,1976-05-15
P004642,29,Male,Medicare Advantage,South,1996-03-15
P004643,33,Female,Commercial,South,1992-04-15
P004644,39,Male,Commercial,South,1986-04-15
P004645,49,Female,Medicare,Midwest,1977-06-15
P004646,67,Male,Medicare,West,1959-06-15
P004647,79,Female,Commercial,Midwest,1946-01-15
P004648,42,Male,Medicaid,Midwest,1984-04-15
P004649,64,Female,Commercial,West,1961-04-15
P004650,29,Female,Medicaid,Midwest,1997-04-15
P004651,67,Female,Medicare,Northeast,1959-10-15
P004652,32,Male,Commercial,West,1994-11-15
P004653,75,Male,Medicare,Midwest,1950-10-15
P004654,70,Female,Commercial,Northeast,1955-03-15
P004655,86,Male,Commercial,South,1939-09-15
P004656,30,Male,Commercial,Northeast,1995-09-15
P004657,74,Female,Medicare,South,1951-06-15
P004658,68,Male,Medicare,Midwest,1958-08-15
P004659,54,Male,Medicaid,Northeast,1971-03-15
P004660,64,Male,Commercial,South,1962-04-15
P004661,73,Male,Medicaid,Midwest,1953-02-15
P004662,66,Female,Medicare,Midwest,1960-01-15
P004663,23,Female,Medicare,West,2002-08-15
P004664,74,Male,Medicaid,South,1952-05-15
P004665,44,Male,Workers Comp,Northeast,1981-11-15
P004666,69,Male,Medicare,South,1957-04-15
P004667,48,Female,Medicare Advantage,West,1978-07-15
P004668,95,Female,Commercial,South,1931-06-15
P004669,47,Male,Commercial,South,1979-06-15
P004670,40,Male,Commercial,Midwest,1985-05-15
P004671,56,Female,Medicaid,South,1969-02-15
P004672,43,Female,Medicare,South,1982-12-15
P004673,29,Female,Medicare,South,1997-07-15
P004674,27,Female,Medicaid,West,1999-11-15
P004675,89,Male,Commercial,Midwest,1936-04-15
P004676,50,Female,Commercial,Midwest,1976-11-15
P004677,77,Male,Medicare,West,1948-11-15
P004678,46,Female,Medicare,South,1980-03-15
P004679,49,Female,Commercial,South,1976-08-15
P004680,54,Female,Medicare,Midwest,1972-03-15
P004681,50,Female,Medicare,West,1976-07-15
P004682,37,Female,Medicare,South,1988-07-15
P004683,59,Female,Workers Comp,West,1966-10-15
P004684,67,Male,Medicare,Northeast,1958-09-15
P004685,33,Female,Medicare,South,1993-08-15
P004686,2,Female,Commercial,Northeast,2024-07-15
P004687,74,Female,Medicare,West,1951-12-15
P004688,76,Female,Commercial,West,1950-11-15
P004689,15,Male,Medicare,West,2011-07-15
P004690,34,Male,Commercial,West,1992-11-15
P004691,43,Female,Commercial,South,1983-12-15
P004692,4,Female,Medicaid,South,2022-11-15
P004693,35,Female,Commercial,Northeast,1990-12-15
P004694,83,Female,Commercial,South,1943-01-15
P004695,43,Male,Commercial,West,1983-05-15
P004696,74,Male,Medicare,South,1952-08-15
P004697,79,Male,Medicare,West,1947-12-15
P004698,53,Female,Medicare,Midwest,1973-11-15
P004699,40,Male,Commercial,South,1986-03-15
P004700,57,Female,Medicare,South,1969-04-15
P004701,6,Male,Workers Comp,Northeast,2019-06-15
P004702,74,Male,Medicare,West,1952-03-15
P004703,79,Female,Commercial,Midwest,1946-12-15
P004704,94,Female,Medicare,South,1931-09-15
P004705,21,Female,Commercial,Northeast,2004-05-15
P004706,41,Male,Medicaid,West,1985-10-15
P004707,43,Female,Medicare Advantage,South,1983-12-15
P004708,95,Male,Medicare,West,1930-12-15
P004709,83,Male,Medicaid,South,1943-01-15
P004710,34,Male,Medicaid,Northeast,1991-02-15
P004711,35,Male,Commercial,South,1990-11-15
P004712,93,Female,Medicare,West,1933-12-15
P004713,24,Male,Medicare,South,2002-08-15
P004714,72,Male,Commercial,South,1954-09-15
P004715,76,Female,Medicare,Midwest,1949-10-15
P004716,68,Male,Medicare,Midwest,1958-08-15
P004717,45,Male,Medicaid,Midwest,1980-05-15
P004718,44,Male,Commercial,Midwest,1981-09-15
P004719,68,Male,Commercial,Midwest,1958-07-15
P004720,52,Female,Medicare Advantage,West,1973-09-15
P004721,78,Female,Commercial,Midwest,1947-04-15
P004722,8,Female,Commercial,South,2018-05-15
P004723,28,Female,Medicare,Midwest,1998-11-15
P004724,67,Male,Medicare Advantage,South,1959-09-15
P004725,16,Female,Medicaid,West,2009-05-15
P004726,54,Male,Commercial,West,1971-11-15
P004727,17,Female,Medicare,South,2008-04-15
P004728,36,Male,Medicaid,Midwest,1990-10-15
P004729,27,Female,Medicaid,West,1998-06-15
P004730,54,Male,Medicare,Midwest,1971-10-15
P004731,90,Female,Medicare,Northeast,1936-10-15
P004732,81,Female,Medicare,West,1945-05-15
P004733,32,Male,Self-Pay,Northeast,1994-09-15
P004734,41,Male,Commercial,South,1984-01-15
P004735,49,Female,Commercial,West,1977-04-15
P004736,91,Male,Medicaid,South,1935-08-15
P004737,36,Male,Commercial,South,1990-01-15
P004738,87,Female,Commercial,South,1938-03-15
P004739,67,Female,Commercial,South,1959-07-15
P004740,61,Male,Medicare Advantage,West,1964-10-15
P004741,60,Female,Medicare,West,1966-04-15
P004742,60,Female,Commercial,West,1966-12-15
P004743,71,Female,Medicaid,South,1954-11-15
P004744,51,Female,Commercial,West,1975-08-15
P004745,36,Male,Commercial,South,1990-11-15
P004746,48,Male,Commercial,South,1977-06-15
P004747,64,Male,Medicare Advantage,West,1962-08-15
P004748,44,Female,Medicaid,South,1981-07-15
P004749,67,Male,Medicare,South,1959-01-15
P004750,57,Female,Medicare,West,1968-11-15
P004751,24,Female,Medicare,South,2001-06-15
P004752,64,Female,Medicare Advantage,Midwest,1962-04-15
P004753,45,Female,Commercial,Northeast,1980-12-15
P004754,69,Male,Medicare,South,1957-08-15
P004755,62,Male,Commercial,South,1963-06-15
P004756,46,Male,Commercial,South,1980-05-15
P004757,3,Female,Medicaid,Midwest,2023-02-15
P004758,33,Male,Commercial,Midwest,1992-08-15
P004759,27,Female,Self-Pay,West,1998-01-15
P004760,24,Male,Medicaid,Northeast,2001-07-15
P004761,36,Male,Medicare,Midwest,1990-10-15
P004762,38,Female,Commercial,Northeast,1988-09-15
P004763,80,Female,Medicare Advantage,West,1946-11-15
P004764,41,Female,Medicare,South,1984-12-15
P004765,41,Female,Medicaid,Midwest,1984-12-15
P004766,29,Female,Medicare Advantage,Midwest,1996-06-15
P004767,38,Female,Commercial,Midwest,1988-07-15
P004768,58,Female,Medicaid,South,1968-05-15
P004769,76,Male,Medicaid,West,1949-10-15
P004770,48,Female,Workers Comp,South,1978-05-15
P004771,23,Female,Commercial,South,2002-11-15
P004772,76,Female,Commercial,South,1949-01-15
P004773,50,Male,Medicare,West,1975-04-15
P004774,65,Female,Medicare,West,1961-11-15
P004775,90,Male,Workers Comp,Northeast,1935-04-15
P004776,9,Male,Medicare,West,2016-03-15
P004777,30,Male,Medicaid,South,1996-09-15
P004778,68,Male,Commercial,Northeast,1958-02-15
P004779,65,Male,Self-Pay,West,1961-02-15
P004780,54,Female,Commercial,Midwest,1972-12-15
P004781,51,Male,Medicare Advantage,Northeast,1975-06-15
P004782,38,Male,Medicaid,South,1988-05-15
P004783,12,Male,Medicaid,South,2014-07-15
P004784,24,Female,Medicaid,Midwest,2002-09-15
P004785,25,Male,Commercial,South,2001-07-15
P004786,69,Female,Medicaid,Northeast,1957-05-15
P004787,93,Male,Medicaid,South,1933-02-15
P004788,45,Female,Medicaid,West,1980-11-15
P004789,28,Male,Self-Pay,West,1997-11-15
P004790,57,Female,Medicare Advantage,South,1968-03-15
P004791,25,Female,Medicare,South,2001-08-15
P004792,82,Male,Medicare,South,1944-06-15
P004793,36,Female,Medicare,West,1989-11-15
P004794,26,Male,Medicaid,Northeast,2000-11-15
P004795,60,Female,Commercial,South,1965-08-15
P004796,3,Female,Medicare Advantage,Northeast,2023-11-15
P004797,95,Male,Medicaid,South,1930-12-15
P004798,53,Male,Medicare,West,1973-08-15
P004799,57,Male,Workers Comp,Northeast,1969-08-15
P004800,60,Male,Medicare,Northeast,1965-10-15
P004801,5,Female,Medicare,Northeast,2021-02-15
P004802,47,Male,Medicaid,West,1979-05-15
P004803,49,Female,Medicare,Midwest,1976-01-15
P004804,73,Female,Medicaid,South,1952-11-15
P004805,84,Female,Medicare,South,1941-08-15
P004806,60,Female,Medicare Advantage,Northeast,1966-04-15
P004807,44,Female,Self-Pay,South,1981-08-15
P004808,4,Male,Commercial,West,2021-02-15
P004809,4,Female,Medicare,West,2021-03-15
P004810,76,Male,Commercial,South,1950-05-15
P004811,53,Male,Medicaid,South,1972-05-15
P004812,49,Female,Medicare,West,1976-02-15
P004813,69,Male,Commercial,South,1957-08-15
P004814,25,Male,Commercial,South,2000-12-15
P004815,75,Female,Medicare,Northeast,1950-03-15
P004816,32,Female,Medicare,Northeast,1994-12-15
P004817,89,Male,Commercial,Midwest,1936-06-15
P004818,56,Male,Medicare,Midwest,1970-10-15
P004819,59,Female,Medicare,Northeast,1966-11-15
P004820,38,Male,Medicare,South,1987-07-15
P004821,74,Male,Other,Midwest,1952-09-15
P004822,29,Male,Commercial,Midwest,1997-07-15
P004823,21,Female,Medicare Advantage,Midwest,2005-07-15
P004824,2,Male,Medicare,Northeast,2023-04-15
P004825,65,Female,Medicare,Northeast,1960-09-15
P004826,50,Male,Medicare,South,1975-11-15
P004827,1,Male,Other,West,2025-01-15
P004828,49,Male,Self-Pay,Northeast,1977-08-15
P004829,54,Male,Commercial,West,1971-05-15
P004830,56,Female,Workers Comp,South,1969-06-15
P004831,23,Female,Medicaid,Northeast,2003-10-15
P004832,1,Female,Workers Comp,South,2024-04-15
P004833,86,Female,Commercial,South,1939-09-15
P004834,88,Female,Commercial,West,1937-10-15
P004835,36,Male,Medicare,West,1989-02-15
P004836,43,Female,Commercial,South,1982-07-15
P004837,62,Female,Medicaid,South,1963-12-15
P004838,67,Male,Commercial,South,1959-05-15
P004839,34,Female,Commercial,Midwest,1991-10-15
P004840,69,Female,Commercial,Midwest,1956-09-15
P004841,59,Male,Medicare Advantage,West,1967-06-15
P004842,69,Male,Medicaid,West,1956-11-15
P004843,54,Female,Self-Pay,South,1972-01-15
P004844,34,Female,Medicare,West,1992-10-15
P004845,22,Female,Medicaid,Midwest,2003-09-15
P004846,25,Female,Medicaid,West,2000-03-15
P004847,69,Male,Medicaid,South,1957-08-15
P004848,60,Male,Medicaid,Midwest,1966-03-15
P004849,4,Female,Medicare,South,2021-11-15
P004850,73,Female,Medicare,Northeast,1953-04-15
P004851,37,Male,Medicare,South,1988-03-15
P004852,48,Male,Medicare,South,1978-12-15
P004853,45,Male,Medicare,South,1981-06-15
P004854,58,Male,Medicare,Northeast,1968-08-15
P004855,64,Male,Medicare Advantage,Midwest,1961-12-15
P004856,73,Male,Medicare,South,1952-02-15
P004857,24,Male,Medicare,South,2002-11-15
P004858,2,Male,Medicare,Midwest,2023-03-15
P004859,20,Female,Medicare Advantage,Northeast,2006-12-15
P004860,2,Female,Medicaid,South,2024-04-15
P004861,48,Male,Workers Comp,Midwest,1977-08-15
P004862,71,Female,Medicaid,Midwest,1954-01-15
P004863,75,Female,Commercial,Northeast,1951-04-15
P004864,23,Male,Medicare Advantage,West,2003-09-15
P004865,47,Female,Medicare,West,1978-02-15
P004866,17,Female,Commercial,West,2009-10-15
P004867,72,Female,Medicaid,Midwest,1954-07-15
P004868,38,Female,Other,South,1987-03-15
P004869,74,Female,Medicare Advantage,Midwest,1951-01-15
P004870,58,Female,Medicare,South,1968-02-15
P004871,61,Female,Medicaid,South,1965-05-15
P004872,0,Female,Medicare,Northeast,2026-08-15
P004873,43,Female,Medicare,Northeast,1983-06-15
P004874,38,Female,Commercial,Northeast,1987-01-15
P004875,28,Female,Medicaid,South,1997-12-15
P004876,47,Male,Commercial,Midwest,1979-11-15
P004877,79,Male,Commercial,Midwest,1946-08-15
P004878,30,Female,Workers Comp,South,1995-09-15
P004879,70,Female,Medicaid,Midwest,1956-09-15
P004880,49,Female,Medicare,Midwest,1977-08-15
P004881,46,Male,Medicare,Northeast,1980-06-15
P004882,39,Female,Medicare,South,1987-09-15
P004883,19,Female,Commercial,South,2007-03-15
P004884,88,Female,Commercial,Midwest,1938-02-15
P004885,35,Male,Medicaid,South,1991-11-15
P004886,61,Female,Medicare,West,1964-08-15
P004887,44,Male,Medicare,West,1981-04-15
P004888,69,Female,Medicare,South,1957-10-15
P004889,56,Female,Medicare Advantage,South,1970-11-15
P004890,40,Female,Commercial,Northeast,1986-10-15
P004891,62,Male,Medicaid,Midwest,1963-03-15
P004892,79,Male,Self-Pay,West,1946-11-15
P004893,56,Male,Medicare Advantage,West,1969-06-15
P004894,73,Female,Self-Pay,West,1952-06-15
P004895,36,Female,Medicaid,Midwest,1989-05-15
P004896,42,Female,Self-Pay,South,1984-12-15
P004897,39,Male,Commercial,West,1986-01-15
P004898,42,Female,Medicare Advantage,West,1983-04-15
P004899,12,Female,Self-Pay,South,2013-02-15
P004900,39,Female,Medicare,Midwest,1986-11-15
P004901,75,Female,Commercial,West,1950-04-15
P004902,50,Female,Self-Pay,Northeast,1976-05-15
P004903,88,Male,Medicaid,Midwest,1937-04-15
P004904,50,Male,Commercial,South,1975-02-15
P004905,43,Male,Commercial,Midwest,1983-08-15
P004906,69,Female,Medicaid,Northeast,1956-07-15
P004907,45,Female,Medicare,West,1980-03-15
P004908,49,Female,Medicaid,Northeast,1976-08-15
P004909,78,Male,Commercial,West,1947-10-15
P004910,85,Female,Medicare,Midwest,1940-03-15
P004911,71,Female,Medicare,Midwest,1954-03-15
P004912,27,Female,Commercial,West,1999-06-15
P004913,23,Female,Medicare Advantage,West,2002-02-15
P004914,38,Male,Medicare,Midwest,1987-01-15
P004915,63,Male,Commercial,West,1962-10-15
P004916,78,Female,Medicaid,West,1947-02-15
P004917,38,Male,Medicaid,Northeast,1987-03-15
P004918,72,Male,Medicaid,South,1953-02-15
P004919,78,Female,Medicare Advantage,South,1947-10-15
P004920,31,Female,Medicaid,South,1995-05-15
P004921,71,Male,Commercial,South,1955-08-15
P004922,70,Male,Medicare,West,1955-07-15
P004923,32,Male,Self-Pay,Midwest,1993-01-15
P004924,34,Female,Medicare Advantage,Midwest,1991-09-15
P004925,41,Female,Commercial,Midwest,1985-06-15
P004926,70,Other,Medicare Advantage,Midwest,1955-05-15
P004927,25,Male,Commercial,Midwest,2001-04-15
P004928,32,Other,Medicare,West,1994-12-15
P004929,38,Female,Medicaid,Midwest,1987-12-15
P004930,61,Female,Medicaid,South,1964-04-15
P004931,73,Female,Medicaid,Northeast,1952-02-15
P004932,40,Male,Medicare Advantage,Midwest,1986-07-15
P004933,80,Other,Medicare,West,1945-04-15
P004934,60,Male,Medicare,South,1965-09-15
P004935,40,Female,Medicare,Midwest,1986-01-15
P004936,65,Male,Medicare Advantage,Midwest,1961-02-15
P004937,48,Female,Medicare,West,1977-07-15
P004938,64,Female,Medicare Advantage,South,1961-06-15
P004939,68,Female,Medicare,South,1958-06-15
P004940,37,Male,Commercial,West,1989-03-15
P004941,12,Female,Commercial,West,2013-02-15
P004942,64,Female,Medicare Advantage,West,1961-07-15
P004943,82,Female,Medicare,Midwest,1944-10-15
P004944,93,Male,Self-Pay,Midwest,1932-10-15
P004945,2,Female,Medicaid,Midwest,2024-01-15
P004946,31,Male,Workers Comp,South,1994-08-15
P004947,36,Female,Medicare Advantage,South,1989-07-15
P004948,35,Female,Medicare Advantage,South,1990-11-15
P004949,31,Female,Medicare,Northeast,1994-04-15
P004950,64,Male,Medicaid,Northeast,1961-04-15
P004951,73,Female,Medicaid,West,1952-12-15
P004952,92,Female,Medicaid,South,1934-03-15
P004953,83,Female,Medicare,Midwest,1943-07-15
P004954,10,Male,Self-Pay,Midwest,2015-03-15
P004955,66,Male,Medicaid,Northeast,1959-03-15
P004956,58,Male,Medicare,South,1968-06-15
P004957,33,Female,Medicare,Midwest,1993-01-15
P004958,52,Male,Medicare,Midwest,1974-02-15
P004959,83,Male,Commercial,West,1942-07-15
P004960,49,Male,Medicare,Northeast,1977-08-15
P004961,58,Female,Medicare,Northeast,1968-08-15
P004962,94,Female,Medicare,Midwest,1932-06-15
P004963,59,Female,Workers Comp,South,1966-06-15
P004964,54,Female,Medicare,West,1971-09-15
P004965,45,Female,Medicare,Midwest,1981-10-15
P004966,59,Female,Commercial,Midwest,1966-10-15
P004967,85,Male,Medicare,Midwest,1940-04-15
P004968,54,Female,Medicaid,Northeast,1972-06-15
P004969,24,Female,Commercial,Northeast,2002-10-15
P004970,55,Male,Medicare,Midwest,1970-02-15
P004971,60,Female,Commercial,South,1966-01-15
P004972,53,Male,Self-Pay,Midwest,1973-12-15
P004973,41,Female,Commercial,Northeast,1984-03-15
P004974,68,Female,Self-Pay,West,1957-03-15
P004975,69,Male,Medicare,South,1957-05-15
P004976,26,Male,Workers Comp,Northeast,1999-09-15
P004977,38,Male,Medicare Advantage,South,1987-10-15
P004978,56,Female,Self-Pay,Northeast,1969-09-15
P004979,6,Male,Medicare,South,2020-10-15
P004980,33,Female,Medicare,Northeast,1993-11-15
P004981,76,Female,Commercial,Northeast,1949-07-15
P004982,40,Male,Self-Pay,South,1986-05-15
P004983,59,Male,Commercial,Northeast,1967-10-15
P004984,28,Male,Commercial,Northeast,1998-07-15
P004985,41,Male,Medicaid,South,1985-03-15
P004986,18,Male,Workers Comp,Midwest,2007-03-15
P004987,87,Female,Medicare Advantage,South,1938-06-15
P004988,65,Male,Medicaid,Northeast,1960-03-15
P004989,74,Male,Medicare Advantage,Midwest,1952-08-15
P004990,65,Female,Medicare,South,1961-04-15
P004991,31,Male,Workers Comp,West,1994-08-15
P004992,62,Female,Medicare,Midwest,1963-10-15
P004993,74,Female,Medicaid,Northeast,1952-09-15
P004994,51,Female,Commercial,Northeast,1974-01-15
P004995,59,Male,Other,South,1966-10-15
P004996,3,Male,Medicare,Midwest,2023-08-15
P004997,60,Female,Medicare,Midwest,1966-08-15
P004998,22,Female,Medicare,Northeast,2004-12-15
P004999,52,Female,Medicare Advantage,West,1974-08-15
P005000,27,Male,Commercial,South,1998-07-15
P005001,43,Male,Commercial,South,1982-04-15
P005002,88,Female,Medicare,Midwest,1937-08-15
P005003,25,Male,Commercial,South,2000-07-15
P005004,50,Male,Commercial,Northeast,1975-03-15
P005005,15,Male,Medicare,Midwest,2011-09-15
P005006,76,Female,Commercial,South,1949-11-15
P005007,51,Female,Other,Northeast,1975-10-15
P005008,86,Female,Commercial,South,1940-03-15
P005009,42,Male,Medicare,West,1984-10-15
P005010,55,Female,Commercial,South,1970-11-15
P005011,40,Female,Self-Pay,West,1985-11-15
P005012,71,Female,Medicare,West,1954-12-15
P005013,22,Female,Commercial,Northeast,2003-05-15
P005014,41,Female,Medicare,Midwest,1984-09-15
P005015,1,Male,Medicaid,South,2025-10-15
P005016,57,Female,Medicaid,South,1969-05-15
P005017,42,Male,Medicare,West,1984-05-15
P005018,43,Male,Commercial,West,1983-12-15
P005019,31,Female,Commercial,West,1995-08-15
P005020,56,Female,Medicaid,South,1970-10-15
P005021,55,Female,Medicare,Midwest,1971-06-15
P005022,78,Male,Commercial,Northeast,1947-01-15
P005023,61,Male,Medicare,South,1964-09-15
P005024,60,Female,Other,South,1965-08-15
P005025,20,Female,Medicare,West,2005-02-15
P005026,74,Female,Medicaid,South,1952-05-15
P005027,37,Female,Medicare,Midwest,1988-11-15
P005028,79,Male,Commercial,Northeast,1946-11-15
P005029,59,Male,Medicaid,South,1966-01-15
P005030,79,Female,Medicaid,West,1946-05-15
P005031,51,Male,Other,Midwest,1975-08-15
P005032,19,Female,Workers Comp,Midwest,2007-09-15
P005033,63,Female,Commercial,Midwest,1962-02-15
P005034,88,Female,Commercial,West,1938-06-15
P005035,39,Female,Self-Pay,West,1986-09-15
P005036,96,Male,Commercial,Northeast,1929-12-15
P005037,80,Female,Other,South,1945-08-15
P005038,33,Male,Medicare Advantage,South,1992-09-15
P005039,83,Female,Commercial,Northeast,1942-09-15
P005040,47,Male,Self-Pay,Midwest,1979-01-15
P005041,29,Other,Medicaid,South,1997-06-15
P005042,76,Female,Medicaid,West,1949-03-15
P005043,96,Male,Medicare,Midwest,1930-03-15
P005044,73,Male,Commercial,Midwest,1953-09-15
P005045,63,Other,Medicare,South,1963-06-15
P005046,72,Male,Medicare,South,1953-12-15
P005047,62,Male,Commercial,West,1964-08-15
P005048,47,Male,Self-Pay,South,1979-12-15
P005049,18,Female,Medicaid,West,2007-05-15
P005050,1,Other,Medicare Advantage,Northeast,2024-02-15
P005051,91,Male,Medicaid,Midwest,1935-03-15
P005052,21,Female,Commercial,West,2004-06-15
P005053,58,Male,Self-Pay,South,1968-03-15
P005054,51,Male,Commercial,Midwest,1974-12-15
P005055,64,Female,Medicaid,West,1961-08-15
P005056,53,Female,Medicare,West,1973-09-15
P005057,78,Male,Commercial,South,1948-06-15
P005058,54,Female,Commercial,South,1972-11-15
P005059,62,Male,Medicare,Midwest,1963-11-15
P005060,61,Female,Self-Pay,South,1964-04-15
P005061,77,Male,Medicaid,Midwest,1948-09-15
P005062,48,Male,Medicare Advantage,Northeast,1977-04-15
P005063,70,Male,Medicare,West,1956-09-15
P005064,87,Female,Medicare Advantage,South,1939-09-15
P005065,38,Female,Medicare,Northeast,1988-04-15
P005066,18,Female,Medicare Advantage,Northeast,2007-09-15
P005067,20,Female,Medicare Advantage,South,2006-07-15
P005068,45,Male,Medicare,South,1981-08-15
P005069,67,Male,Commercial,Midwest,1958-03-15
P005070,76,Female,Commercial,West,1949-09-15
P005071,29,Female,Commercial,South,1997-05-15
P005072,94,Female,Medicare,Midwest,1931-03-15
P005073,41,Female,Medicare,Midwest,1984-04-15
P005074,57,Male,Medicare,Midwest,1969-10-15
P005075,43,Male,Medicare,South,1983-12-15
P005076,44,Male,Medicare Advantage,Northeast,1982-06-15
P005077,67,Male,Self-Pay,Northeast,1958-03-15
P005078,24,Male,Medicare Advantage,South,2002-09-15
P005079,67,Female,Medicare Advantage,Northeast,1958-04-15
P005080,34,Female,Medicare Advantage,Midwest,1992-09-15
P005081,56,Female,Commercial,West,1969-12-15
P005082,49,Female,Medicare Advantage,Northeast,1976-05-15
P005083,65,Female,Medicare,Northeast,1961-04-15
P005084,69,Female,Medicare,West,1957-12-15
P005085,75,Male,Medicaid,South,1950-03-15
P005086,24,Female,Commercial,Midwest,2002-06-15
P005087,17,Male,Medicare Advantage,Northeast,2009-01-15
P005088,56,Male,Medicare,Midwest,1969-03-15
P005089,16,Male,Medicare,Northeast,2009-09-15
P005090,91,Female,Self-Pay,Northeast,1935-11-15
P005091,25,Female,Medicare Advantage,South,2001-03-15
P005092,2,Male,Commercial,West,2024-05-15
P005093,59,Female,Medicare,Midwest,1966-08-15
P005094,57,Male,Other,South,1969-05-15
P005095,73,Female,Commercial,Northeast,1953-06-15
P005096,64,Female,Medicare Advantage,West,1962-11-15
P005097,89,Male,Medicare Advantage,South,1936-10-15
P005098,70,Female,Medicaid,West,1956-12-15
P005099,75,Male,Medicare,West,1950-02-15
P005100,57,Female,Medicare Advantage,Midwest,1969-12-15
P005101,86,Male,Commercial,Midwest,1939-08-15
P005102,66,Female,Medicare,Northeast,1959-05-15
P005103,68,Male,Self-Pay,South,1958-05-15
P005104,67,Male,Medicare,Midwest,1959-08-15
P005105,38,Male,Medicaid,South,1987-04-15
P005106,75,Female,Self-Pay,South,1950-09-15
P005107,75,Female,Self-Pay,South,1950-11-15
P005108,52,Male,Medicare,West,1973-04-15
P005109,31,Female,Medicare,South,1994-01-15
P005110,57,Male,Medicare Advantage,Northeast,1969-09-15
P005111,75,Male,Medicare,South,1951-01-15
P005112,83,Male,Commercial,Midwest,1942-10-15
P005113,81,Male,Commercial,West,1945-09-15
P005114,68,Male,Self-Pay,West,1957-01-15
P005115,42,Female,Medicare,Midwest,1983-02-15
P005116,48,Female,Medicaid,West,1977-12-15
P005117,20,Female,Other,Midwest,2005-01-15
P005118,47,Female,Medicare,West,1979-10-15
P005119,63,Male,Medicare,West,1962-06-15
P005120,62,Male,Medicare,Midwest,1964-08-15
P005121,57,Male,Medicaid,Midwest,1968-03-15
P005122,32,Male,Medicare,West,1993-12-15
P005123,78,Male,Self-Pay,West,1947-02-15
P005124,67,Male,Commercial,Midwest,1959-05-15
P005125,9,Female,Medicare,West,2016-03-15
P005126,40,Female,Medicare,Midwest,1985-09-15
P005127,58,Female,Self-Pay,West,1967-01-15
P005128,10,Female,Medicaid,Midwest,2016-01-15
P005129,2,Male,Medicare,South,2023-12-15
P005130,50,Female,Commercial,Midwest,1975-12-15
P005131,13,Female,Medicare,West,2012-10-15
P005132,52,Female,Medicare Advantage,South,1973-04-15
P005133,41,Male,Self-Pay,Midwest,1984-04-15
P005134,63,Female,Medicaid,South,1963-04-15
P005135,38,Male,Medicare,West,1988-09-15
P005136,46,Female,Medicaid,South,1979-04-15
P005137,42,Female,Medicare,South,1983-12-15
P005138,37,Female,Commercial,South,1988-11-15
P005139,44,Female,Medicare,South,1982-04-15
P005140,20,Male,Medicaid,West,2005-08-15
P005141,64,Male,Commercial,West,1962-11-15
P005142,56,Female,Medicaid,Midwest,1970-01-15
P005143,14,Female,Self-Pay,West,2011-08-15
P005144,28,Male,Commercial,West,1997-05-15
P005145,64,Male,Medicaid,South,1962-08-15
P005146,76,Female,Medicare Advantage,Midwest,1950-09-15
P005147,26,Male,Commercial,South,1999-10-15
P005148,43,Male,Medicare Advantage,West,1983-05-15
P005149,71,Female,Medicare,South,1955-01-15
P005150,21,Female,Medicaid,West,2004-02-15
P005151,65,Female,Medicare,West,1960-04-15
P005152,16,Female,Commercial,Midwest,2010-07-15
P005153,5,Female,Medicare,South,2020-11-15
P005154,28,Female,Medicare,South,1997-02-15
P005155,80,Male,Commercial,South,1945-06-15
P005156,48,Male,Medicare,Midwest,1977-10-15
P005157,60,Male,Medicaid,Midwest,1965-09-15
P005158,55,Female,Medicaid,Northeast,1970-01-15
P005159,78,Male,Self-Pay,South,1947-10-15
P005160,94,Male,Self-Pay,West,1932-09-15
P005161,28,Other,Self-Pay,Northeast,1998-08-15
P005162,67,Female,Medicare,Northeast,1958-01-15
P005163,19,Female,Medicare,Midwest,2006-08-15
P005164,72,Female,Medicare,West,1954-12-15
P005165,69,Female,Medicare,South,1956-10-15
P005166,74,Female,Medicare Advantage,South,1951-05-15
P005167,59,Male,Medicare,Midwest,1966-02-15
P005168,80,Female,Commercial,South,1946-12-15
P005169,26,Female,Medicare Advantage,Midwest,1999-12-15
P005170,2,Male,Other,West,2024-12-15
P005171,64,Male,Commercial,South,1961-08-15
P005172,16,Female,Commercial,Northeast,2009-12-15
P005173,2,Male,Medicare,West,2023-08-15
P005174,17,Male,Commercial,Midwest,2008-08-15
P005175,69,Male,Commercial,South,1956-09-15
P005176,3,Female,Commercial,Midwest,2023-01-15
P005177,96,Female,Medicare,Northeast,1930-08-15
P005178,74,Female,Self-Pay,Northeast,1952-01-15
P005179,55,Female,Commercial,Northeast,1971-07-15
P005180,66,Male,Commercial,West,1959-05-15
P005181,32,Male,Commercial,South,1993-10-15
P005182,47,Female,Commercial,Northeast,1978-04-15
P005183,83,Male,Medicare Advantage,Northeast,1943-05-15
P005184,53,Female,Medicare,West,1973-01-15
P005185,75,Female,Self-Pay,Midwest,1951-09-15
P005186,74,Male,Medicaid,Northeast,1952-11-15
P005187,67,Male,Commercial,West,1958-09-15
P005188,74,Male,Medicaid,West,1951-10-15
P005189,95,Female,Self-Pay,South,1930-07-15
P005190,64,Male,Medicare,South,1962-12-15
P005191,67,Female,Medicare,Midwest,1958-07-15
P005192,57,Male,Medicare,South,1969-04-15
P005193,50,Male,Medicare,South,1976-01-15
P005194,42,Other,Medicare Advantage,Midwest,1983-04-15
P005195,9,Male,Medicare Advantage,South,2017-09-15
P005196,55,Female,Self-Pay,Midwest,1970-08-15
P005197,5,Female,Commercial,South,2021-04-15
P005198,42,Male,Commercial,West,1984-03-15
P005199,92,Female,Medicare Advantage,South,1933-07-15
P005200,52,Male,Medicare,Midwest,1973-01-15
P005201,79,Male,Commercial,South,1947-09-15
P005202,69,Male,Medicare,Northeast,1956-07-15
P005203,69,Male,Medicaid,South,1956-06-15
P005204,78,Male,Medicare Advantage,West,1947-10-15
P005205,50,Female,Medicare,Northeast,1975-05-15
P005206,50,Male,Medicaid,Northeast,1975-04-15
P005207,3,Female,Medicaid,Northeast,2023-01-15
P005208,77,Female,Commercial,Northeast,1949-08-15
P005209,79,Female,Medicaid,Midwest,1947-05-15
P005210,77,Female,Commercial,Midwest,1948-02-15
P005211,91,Male,Commercial,Northeast,1935-08-15
P005212,61,Female,Commercial,South,1964-04-15
P005213,28,Male,Medicare,Midwest,1997-06-15
P005214,1,Female,Commercial,South,2024-07-15
P005215,68,Male,Commercial,Midwest,1958-10-15
P005216,65,Male,Medicare,Northeast,1961-05-15
P005217,55,Male,Commercial,Northeast,1971-04-15
P005218,30,Female,Commercial,South,1996-12-15
P005219,67,Female,Medicare,South,1959-05-15
P005220,82,Male,Medicare,Midwest,1943-09-15
P005221,54,Male,Commercial,South,1971-07-15
P005222,91,Female,Other,South,1935-11-15
P005223,49,Male,Medicaid,West,1977-08-15
P005224,59,Female,Commercial,West,1967-06-15
P005225,53,Male,Medicare,Midwest,1972-05-15
P005226,30,Female,Commercial,Northeast,1996-03-15
P005227,19,Male,Medicare,South,2007-01-15
P005228,59,Female,Commercial,Northeast,1967-04-15
P005229,19,Male,Commercial,South,2006-04-15
P005230,62,Male,Medicare,West,1964-03-15
P005231,74,Male,Self-Pay,Midwest,1951-07-15
P005232,65,Female,Commercial,West,1960-01-15
P005233,70,Male,Medicare Advantage,Midwest,1955-07-15
P005234,70,Female,Medicare,West,1956-05-15
P005235,33,Male,Commercial,West,1992-05-15
P005236,11,Female,Commercial,Midwest,2015-02-15
P005237,34,Female,Commercial,South,1992-06-15
P005238,35,Male,Medicare,Midwest,1991-07-15
P005239,19,Male,Medicare,West,2006-09-15
P005240,18,Female,Medicare Advantage,Midwest,2008-07-15
P005241,78,Female,Medicare Advantage,South,1947-04-15
P005242,31,Female,Commercial,West,1994-10-15
P005243,76,Female,Commercial,Midwest,1949-02-15
P005244,84,Female,Medicaid,South,1942-01-15
P005245,93,Female,Medicaid,South,1933-10-15
P005246,24,Male,Self-Pay,Midwest,2002-02-15
P005247,27,Female,Medicare Advantage,West,1999-02-15
P005248,69,Female,Medicare,West,1957-08-15
P005249,82,Female,Self-Pay,South,1943-06-15
P005250,41,Female,Medicaid,Midwest,1985-02-15
P005251,52,Female,Medicare,South,1973-02-15
P005252,32,Male,Medicare,South,1994-04-15
P005253,70,Female,Medicare Advantage,Midwest,1955-06-15
P005254,73,Female,Self-Pay,Northeast,1953-10-15
P005255,87,Male,Self-Pay,South,1938-10-15
P005256,72,Male,Self-Pay,South,1954-03-15
P005257,37,Male,Commercial,Midwest,1989-07-15
P005258,48,Male,Commercial,West,1977-08-15
P005259,50,Female,Medicare,Northeast,1976-08-15
P005260,58,Female,Commercial,South,1968-05-15
P005261,84,Female,Medicare,Midwest,1942-02-15
P005262,77,Female,Commercial,South,1948-02-15
P005263,57,Male,Medicare,West,1968-06-15
P005264,67,Female,Commercial,Midwest,1959-09-15
P005265,4,Female,Medicare,South,2021-02-15
P005266,53,Female,Medicaid,South,1973-02-15
P005267,55,Male,Medicare,Midwest,1971-04-15
P005268,56,Female,Commercial,Midwest,1970-11-15
P005269,21,Male,Medicaid,Northeast,2004-10-15
P005270,76,Male,Medicare,Midwest,1950-05-15
P005271,79,Male,Medicare Advantage,South,1946-06-15
P005272,65,Female,Commercial,Northeast,1961-08-15
P005273,28,Female,Commercial,South,1998-06-15
P005274,56,Female,Medicare,West,1970-08-15
P005275,48,Male,Commercial,South,1978-05-15
P005276,78,Female,Commercial,Northeast,1947-04-15
P005277,72,Female,Commercial,West,1953-06-15
P005278,13,Female,Commercial,South,2013-03-15
P005279,25,Female,Commercial,South,2000-01-15
P005280,20,Female,Medicaid,Midwest,2005-09-15
P005281,70,Male,Commercial,South,1955-11-15
P005282,63,Male,Commercial,Midwest,1962-11-15
P005283,70,Male,Commercial,South,1956-04-15
P005284,74,Female,Commercial,Midwest,1952-02-15
P005285,92,Male,Self-Pay,Northeast,1934-02-15
P005286,16,Female,Commercial,West,2009-07-15
P005287,78,Male,Commercial,Northeast,1947-06-15
P005288,75,Male,Workers Comp,Midwest,1950-02-15
P005289,84,Male,Medicare Advantage,South,1942-03-15
P005290,62,Male,Medicare Advantage,West,1964-07-15
P005291,45,Male,Medicare Advantage,Midwest,1980-08-15
P005292,73,Female,Commercial,West,1952-06-15
P005293,59,Female,Commercial,South,1967-07-15
P005294,23,Female,Medicare Advantage,South,2002-02-15
P005295,8,Female,Medicare,Northeast,2018-01-15
P005296,79,Male,Commercial,South,1946-07-15
P005297,67,Female,Medicare,South,1959-11-15
P005298,73,Female,Medicare Advantage,Midwest,1952-03-15
P005299,89,Female,Commercial,Midwest,1937-03-15
P005300,63,Male,Commercial,South,1963-03-15
P005301,15,Male,Commercial,Northeast,2010-06-15
P005302,11,Female,Medicare,Northeast,2015-08-15
P005303,74,Male,Medicare,West,1951-05-15
P005304,44,Female,Commercial,West,1981-03-15
P005305,4,Female,Medicare,Midwest,2021-03-15
P005306,76,Male,Medicare Advantage,Northeast,1949-03-15
P005307,93,Female,Medicare,Northeast,1933-09-15
P005308,37,Female,Medicaid,West,1989-03-15
P005309,41,Male,Self-Pay,Northeast,1984-09-15
P005310,72,Male,Medicare Advantage,South,1953-10-15
P005311,68,Male,Self-Pay,West,1957-11-15
P005312,70,Female,Medicare,South,1955-06-15
P005313,44,Female,Medicare Advantage,West,1982-04-15
P005314,39,Female,Medicare,West,1987-04-15
P005315,57,Male,Self-Pay,Midwest,1969-10-15
P005316,21,Male,Medicare Advantage,Northeast,2004-02-15
P005317,34,Male,Medicare,South,1992-03-15
P005318,72,Female,Medicare Advantage,South,1953-03-15
P005319,44,Male,Medicare,South,1981-12-15
P005320,24,Female,Medicare Advantage,South,2001-11-15
P005321,57,Female,Commercial,South,1969-11-15
P005322,36,Other,Commercial,Northeast,1990-08-15
P005323,72,Female,Self-Pay,South,1953-09-15
P005324,37,Male,Medicare Advantage,West,1988-09-15
P005325,48,Female,Medicaid,South,1978-07-15
P005326,89,Female,Medicare Advantage,West,1937-12-15
P005327,12,Female,Workers Comp,Midwest,2013-05-15
P005328,5,Female,Medicare,Northeast,2020-12-15
P005329,55,Male,Medicaid,South,1970-01-15
P005330,65,Male,Medicare Advantage,Northeast,1961-12-15
P005331,37,Male,Commercial,Northeast,1989-03-15
P005332,54,Female,Medicare,South,1971-03-15
P005333,83,Female,Medicaid,Northeast,1943-07-15
P005334,62,Female,Commercial,South,1963-11-15
P005335,17,Female,Medicare,West,2008-02-15
P005336,40,Female,Commercial,Northeast,1985-04-15
P005337,41,Female,Medicare Advantage,West,1985-03-15
P005338,66,Male,Medicare Advantage,South,1960-08-15
P005339,91,Male,Self-Pay,Midwest,1934-01-15
P005340,49,Female,Workers Comp,South,1977-08-15
P005341,47,Male,Commercial,South,1979-02-15
P005342,78,Female,Medicare Advantage,Midwest,1948-10-15
P005343,82,Female,Commercial,South,1943-07-15
P005344,32,Male,Medicaid,West,1994-09-15
P005345,32,Male,Medicaid,Midwest,1994-05-15
P005346,20,Female,Medicare,West,2006-09-15
P005347,21,Female,Medicare,West,2004-06-15
P005348,68,Female,Commercial,South,1958-08-15
P005349,60,Female,Medicare,South,1966-12-15
P005350,9,Female,Medicaid,South,2017-04-15
P005351,37,Female,Medicare,Midwest,1988-10-15
P005352,12,Male,Commercial,South,2014-09-15
P005353,35,Male,Commercial,Midwest,1990-03-15
P005354,68,Female,Medicaid,South,1957-07-15
P005355,23,Female,Commercial,West,2003-06-15
P005356,53,Male,Medicare Advantage,Midwest,1972-08-15
P005357,22,Female,Workers Comp,Midwest,2003-09-15
P005358,73,Female,Medicaid,Northeast,1953-11-15
P005359,55,Female,Medicare,South,1970-10-15
P005360,35,Male,Commercial,South,1991-07-15
P005361,38,Female,Medicare,West,1988-07-15
P005362,75,Female,Medicare,Northeast,1950-05-15
P005363,66,Male,Medicare Advantage,Northeast,1960-10-15
P005364,21,Male,Medicare,Northeast,2004-12-15
P005365,56,Female,Medicare Advantage,Northeast,1970-06-15
P005366,40,Male,Medicare Advantage,West,1986-07-15
P005367,67,Male,Medicare Advantage,Midwest,1959-02-15
P005368,63,Female,Medicare Advantage,West,1963-01-15
P005369,67,Male,Medicare,West,1959-01-15
P005370,74,Male,Commercial,South,1951-08-15
P005371,71,Female,Medicare Advantage,South,1954-05-15
P005372,49,Male,Medicare,South,1977-03-15
P005373,51,Female,Self-Pay,West,1974-11-15
P005374,48,Female,Medicaid,South,1977-09-15
P005375,42,Female,Medicare Advantage,Midwest,1983-01-15
P005376,36,Male,Medicare Advantage,Northeast,1989-08-15
P005377,22,Female,Commercial,West,2003-02-15
P005378,94,Male,Workers Comp,Midwest,1932-03-15
P005379,70,Male,Medicare Advantage,South,1955-12-15
P005380,18,Female,Medicaid,South,2007-06-15
P005381,79,Male,Self-Pay,Northeast,1947-10-15
P005382,30,Female,Medicaid,Midwest,1996-08-15
P005383,56,Other,Commercial,West,1969-07-15
P005384,79,Male,Medicare Advantage,Midwest,1947-12-15
P005385,30,Male,Medicare,Northeast,1995-12-15
P005386,21,Female,Medicare,Northeast,2005-09-15
P005387,48,Male,Self-Pay,Midwest,1977-12-15
P005388,52,Female,Self-Pay,West,1974-05-15
P005389,19,Male,Commercial,Midwest,2007-11-15
P005390,68,Female,Commercial,Midwest,1958-06-15
P005391,42,Male,Medicaid,Northeast,1983-12-15
P005392,20,Male,Commercial,West,2005-05-15
P005393,74,Female,Medicaid,Midwest,1951-05-15
P005394,46,Female,Commercial,Northeast,1980-08-15
P005395,54,Female,Medicare,West,1972-06-15
P005396,64,Female,Medicare,Northeast,1961-07-15
P005397,68,Male,Medicare,West,1958-11-15
P005398,21,Male,Medicare,Northeast,2004-03-15
P005399,60,Female,Self-Pay,Midwest,1966-04-15
P005400,54,Female,Medicare Advantage,West,1971-08-15
P005401,49,Male,Commercial,South,1977-04-15
P005402,35,Female,Medicare,Midwest,1991-10-15
P005403,51,Male,Medicaid,South,1974-10-15
P005404,19,Female,Medicare Advantage,South,2007-01-15
P005405,56,Male,Commercial,South,1970-02-15
P005406,63,Male,Other,South,1962-11-15
P005407,77,Female,Medicare Advantage,Midwest,1949-08-15
P005408,95,Female,Medicare,West,1931-03-15
P005409,72,Female,Medicare,South,1953-02-15
P005410,62,Male,Medicaid,South,1963-06-15
P005411,29,Male,Commercial,South,1996-07-15
P005412,78,Male,Medicare,Northeast,1947-11-15
P005413,61,Female,Medicare,Northeast,1964-12-15
P005414,64,Female,Medicare,South,1962-02-15
P005415,66,Female,Commercial,Midwest,1959-11-15
P005416,73,Female,Medicare,Northeast,1952-12-15
P005417,31,Male,Medicare,South,1994-06-15
P005418,40,Female,Commercial,South,1985-11-15
P005419,11,Female,Commercial,West,2014-10-15
P005420,63,Female,Medicare,Midwest,1962-05-15
P005421,51,Male,Self-Pay,Northeast,1975-04-15
P005422,68,Male,Medicaid,South,1957-07-15
P005423,76,Female,Commercial,South,1949-10-15
P005424,35,Female,Other,Northeast,1990-11-15
P005425,22,Male,Medicare,South,2003-12-15
P005426,32,Male,Medicare Advantage,Midwest,1993-04-15
P005427,32,Male,Commercial,Midwest,1993-06-15
P005428,20,Female,Medicaid,Midwest,2006-11-15
P005429,21,Female,Medicaid,Midwest,2004-03-15
P005430,54,Male,Medicaid,Midwest,1971-08-15
P005431,68,Female,Medicaid,West,1958-09-15
P005432,79,Female,Commercial,South,1946-12-15
P005433,71,Female,Medicare Advantage,Northeast,1954-01-15
P005434,18,Male,Medicare,South,2008-05-15
P005435,74,Female,Medicare,West,1951-06-15
P005436,82,Female,Self-Pay,Northeast,1944-02-15
P005437,25,Female,Medicare,West,2000-08-15
P005438,24,Male,Medicare,Midwest,2001-10-15
P005439,0,Male,Commercial,Midwest,2026-02-15
P005440,69,Male,Medicare,Midwest,1957-02-15
P005441,25,Female,Medicare Advantage,South,2001-12-15
P005442,45,Male,Commercial,Midwest,1981-04-15
P005443,34,Male,Commercial,Midwest,1991-10-15
P005444,38,Male,Commercial,West,1988-06-15
P005445,78,Male,Medicare Advantage,Northeast,1947-07-15
P005446,58,Male,Commercial,South,1968-09-15
P005447,41,Male,Medicare Advantage,Northeast,1985-09-15
P005448,50,Female,Commercial,Midwest,1976-08-15
P005449,69,Female,Commercial,South,1957-08-15
P005450,51,Male,Commercial,Northeast,1974-03-15
P005451,25,Male,Commercial,West,2001-12-15
P005452,77,Female,Medicare,West,1949-05-15
P005453,1,Female,Medicaid,South,2024-04-15
P005454,81,Male,Medicare,West,1944-05-15
P005455,67,Male,Commercial,South,1959-07-15
P005456,60,Female,Self-Pay,Northeast,1966-07-15
P005457,25,Female,Medicaid,West,2001-07-15
P005458,84,Male,Commercial,Midwest,1942-11-15
P005459,45,Female,Medicaid,Northeast,1980-02-15
P005460,36,Male,Medicare,South,1989-09-15
P005461,66,Female,Medicare,West,1959-02-15
P005462,56,Male,Commercial,Midwest,1969-07-15
P005463,20,Female,Medicare,West,2005-11-15
P005464,89,Male,Medicare,West,1936-03-15
P005465,64,Male,Commercial,West,1961-04-15
P005466,71,Male,Commercial,Midwest,1955-05-15
P005467,39,Male,Medicaid,West,1987-11-15
P005468,53,Male,Commercial,West,1973-09-15
P005469,40,Male,Medicare Advantage,South,1985-02-15
P005470,77,Male,Commercial,Northeast,1948-04-15
P005471,68,Male,Workers Comp,Midwest,1957-11-15
P005472,4,Female,Medicare,West,2022-01-15
P005473,48,Female,Medicare,South,1977-05-15
P005474,90,Male,Commercial,South,1936-01-15
P005475,38,Male,Medicare,Midwest,1988-04-15
P005476,37,Male,Medicare,Midwest,1989-05-15
P005477,76,Female,Commercial,South,1950-07-15
P005478,83,Female,Medicaid,South,1942-03-15
P005479,57,Female,Commercial,South,1968-03-15
P005480,58,Male,Medicaid,South,1968-02-15
P005481,31,Female,Self-Pay,Midwest,1995-12-15
P005482,40,Female,Workers Comp,South,1985-02-15
P005483,94,Male,Workers Comp,West,1931-11-15
P005484,44,Female,Medicare,West,1981-06-15
P005485,51,Female,Medicare Advantage,West,1974-02-15
P005486,63,Female,Medicare Advantage,South,1962-04-15
P005487,65,Male,Self-Pay,Midwest,1961-10-15
P005488,1,Female,Medicaid,South,2024-06-15
P005489,56,Female,Medicare,Midwest,1970-02-15
P005490,44,Male,Medicare,Midwest,1981-03-15
P005491,18,Female,Medicare,South,2008-12-15
P005492,37,Female,Commercial,South,1988-11-15
P005493,74,Female,Commercial,Midwest,1951-05-15
P005494,41,Male,Commercial,South,1984-06-15
P005495,38,Female,Medicare,Midwest,1987-05-15
P005496,57,Female,Commercial,West,1969-06-15
P005497,50,Male,Commercial,Northeast,1976-11-15
P005498,33,Female,Commercial,West,1992-12-15
P005499,63,Male,Medicaid,Midwest,1963-03-15
P005500,60,Female,Medicare Advantage,South,1965-03-15
P005501,17,Male,Commercial,Midwest,2008-11-15
P005502,3,Male,Commercial,West,2022-09-15
P005503,3,Male,Commercial,Northeast,2023-12-15
P005504,96,Female,Medicare Advantage,Midwest,1929-09-15
P005505,68,Female,Medicare,West,1958-05-15
P005506,71,Male,Commercial,West,1954-03-15
P005507,56,Female,Medicare,Northeast,1970-09-15
P005508,57,Female,Commercial,South,1968-05-15
P005509,33,Female,Commercial,Midwest,1992-11-15
P005510,33,Female,Commercial,Midwest,1993-09-15
P005511,45,Female,Medicaid,South,1981-05-15
P005512,45,Male,Medicare,South,1980-07-15
P005513,66,Female,Commercial,Northeast,1959-05-15
P005514,16,Female,Self-Pay,Midwest,2010-08-15
P005515,28,Male,Commercial,South,1998-02-15
P005516,10,Female,Commercial,South,2015-03-15
P005517,41,Female,Medicare,West,1984-07-15
P005518,56,Female,Medicaid,Midwest,1969-02-15
P005519,34,Female,Medicare Advantage,South,1991-03-15
P005520,48,Female,Commercial,Northeast,1978-10-15
P005521,36,Female,Medicare Advantage,Northeast,1989-10-15
P005522,40,Male,Commercial,West,1986-05-15
P005523,47,Male,Medicaid,South,1978-04-15
P005524,36,Female,Medicaid,South,1990-04-15
P005525,0,Female,Medicare,Midwest,2026-03-15
P005526,74,Male,Medicare Advantage,West,1952-03-15
P005527,11,Female,Workers Comp,Midwest,2015-12-15
P005528,39,Female,Medicare,Midwest,1986-07-15
P005529,36,Male,Commercial,West,1989-05-15
P005530,24,Male,Medicare Advantage,Northeast,2001-05-15
P005531,24,Male,Medicare Advantage,Midwest,2001-09-15
P005532,32,Male,Medicaid,West,1993-11-15
P005533,53,Female,Self-Pay,West,1972-04-15
P005534,52,Female,Commercial,South,1973-05-15
P005535,82,Male,Medicaid,West,1944-02-15
P005536,30,Female,Self-Pay,West,1996-08-15
P005537,66,Male,Medicare Advantage,South,1960-09-15
P005538,51,Female,Medicare,Northeast,1975-06-15
P005539,75,Male,Self-Pay,Midwest,1950-01-15
P005540,88,Male,Medicaid,Northeast,1937-06-15
P005541,17,Male,Medicare,South,2009-09-15
P005542,23,Male,Commercial,South,2003-05-15
P005543,40,Male,Commercial,South,1986-05-15
P005544,32,Female,Medicaid,West,1994-07-15
P005545,72,Female,Medicare Advantage,Midwest,1954-02-15
P005546,20,Female,Medicare Advantage,South,2005-08-15
P005547,82,Male,Self-Pay,South,1943-04-15
P005548,52,Female,Medicare,Midwest,1974-04-15
P005549,35,Male,Medicare,South,1990-03-15
P005550,54,Male,Medicaid,West,1972-02-15
P005551,93,Male,Commercial,Northeast,1933-11-15
P005552,92,Female,Medicare,Northeast,1934-05-15
P005553,51,Male,Medicaid,Northeast,1975-08-15
P005554,45,Female,Medicare Advantage,Midwest,1981-02-15
P005555,42,Male,Medicare,South,1983-06-15
P005556,42,Male,Commercial,West,1983-07-15
P005557,62,Male,Medicare,West,1963-12-15
P005558,95,Male,Medicare,South,1930-06-15
P005559,55,Female,Medicare,Midwest,1971-12-15
P005560,79,Male,Commercial,South,1946-03-15
P005561,58,Male,Medicare,West,1968-05-15
P005562,59,Female,Commercial,South,1967-02-15
P005563,48,Male,Commercial,South,1978-02-15
P005564,87,Male,Medicare,West,1938-07-15
P005565,73,Female,Commercial,West,1952-12-15
P005566,30,Male,Commercial,Northeast,1996-02-15
P005567,59,Female,Commercial,West,1967-03-15
P005568,36,Male,Self-Pay,Midwest,1990-08-15
P005569,67,Male,Commercial,Midwest,1958-11-15
P005570,62,Male,Self-Pay,West,1964-12-15
P005571,55,Male,Commercial,West,1971-03-15
P005572,93,Female,Medicaid,Northeast,1932-09-15
P005573,55,Male,Medicare,South,1970-05-15
P005574,76,Female,Self-Pay,South,1949-05-15
P005575,27,Female,Self-Pay,South,1998-02-15
P005576,19,Female,Medicare,West,2007-06-15
P005577,37,Male,Commercial,West,1988-12-15
P005578,6,Female,Commercial,South,2020-06-15
P005579,14,Female,Medicaid,West,2012-04-15
P005580,58,Female,Medicare Advantage,West,1968-06-15
P005581,66,Male,Medicare,West,1960-02-15
P005582,68,Male,Medicare,West,1958-08-15
P005583,38,Male,Medicare,South,1988-04-15
P005584,49,Female,Commercial,South,1977-09-15
P005585,48,Male,Medicaid,West,1978-08-15
P005586,56,Male,Medicaid,Midwest,1969-05-15
P005587,42,Female,Medicare,West,1984-12-15
P005588,95,Male,Commercial,South,1931-12-15
P005589,75,Female,Medicaid,Midwest,1951-12-15
P005590,72,Female,Medicare,West,1953-09-15
P005591,65,Female,Medicaid,South,1960-06-15
P005592,60,Male,Commercial,Northeast,1965-09-15
P005593,54,Female,Commercial,West,1972-01-15
P005594,41,Female,Medicare Advantage,Midwest,1985-11-15
P005595,95,Female,Commercial,Midwest,1931-12-15
P005596,42,Other,Medicare Advantage,South,1983-10-15
P005597,43,Female,Medicare,Northeast,1983-04-15
P005598,53,Female,Commercial,Northeast,1973-11-15
P005599,53,Male,Medicaid,South,1973-01-15
P005600,12,Female,Medicare Advantage,Midwest,2013-08-15
P005601,36,Male,Commercial,South,1989-08-15
P005602,9,Female,Commercial,Midwest,2016-12-15
P005603,67,Female,Medicare,South,1958-08-15
P005604,68,Male,Commercial,Northeast,1958-02-15
P005605,61,Male,Workers Comp,Northeast,1964-05-15
P005606,59,Female,Commercial,South,1966-03-15
P005607,60,Female,Medicare,Northeast,1965-05-15
P005608,94,Male,Medicaid,Midwest,1932-03-15
P005609,70,Male,Medicare,Midwest,1955-11-15
P005610,40,Male,Medicare Advantage,Midwest,1986-05-15
P005611,52,Male,Medicare,Midwest,1973-07-15
P005612,22,Female,Medicare,West,2003-04-15
P005613,24,Female,Medicaid,South,2002-08-15
P005614,39,Female,Medicare,Midwest,1986-06-15
P005615,31,Male,Commercial,South,1995-02-15
P005616,47,Male,Self-Pay,Midwest,1978-08-15
P005617,44,Female,Commercial,Midwest,1982-06-15
P005618,68,Female,Other,South,1957-10-15
P005619,54,Female,Medicare,Northeast,1971-01-15
P005620,61,Female,Commercial,South,1964-11-15
P005621,55,Female,Medicaid,South,1971-06-15
P005622,68,Female,Medicaid,West,1958-06-15
P005623,35,Male,Medicare,South,1991-12-15
P005624,1,Male,Commercial,Northeast,2025-10-15
P005625,58,Male,Commercial,South,1968-10-15
P005626,85,Female,Self-Pay,South,1941-10-15
P005627,66,Female,Commercial,West,1959-05-15
P005628,43,Female,Commercial,Midwest,1982-02-15
P005629,79,Male,Other,West,1946-11-15
P005630,89,Female,Medicare,South,1936-04-15
P005631,89,Female,Medicare,Northeast,1936-08-15
P005632,22,Female,Medicare,Midwest,2004-05-15
P005633,31,Female,Medicare Advantage,Midwest,1995-03-15
P005634,50,Female,Medicare,South,1976-02-15
P005635,23,Female,Medicaid,Northeast,2002-01-15
P005636,94,Female,Commercial,West,1932-07-15
P005637,95,Male,Medicare Advantage,West,1930-07-15
P005638,79,Male,Medicaid,South,1946-11-15
P005639,76,Male,Commercial,Midwest,1950-05-15
P005640,74,Female,Medicare,Midwest,1952-08-15
P005641,42,Female,Medicaid,West,1984-11-15
P005642,70,Male,Medicare,Northeast,1956-07-15
P005643,68,Female,Medicare,South,1957-08-15
P005644,60,Female,Medicaid,Midwest,1965-03-15
P005645,37,Female,Medicare Advantage,Northeast,1988-02-15
P005646,84,Female,Medicaid,South,1941-06-15
P005647,13,Female,Medicaid,South,2012-11-15
P005648,42,Female,Self-Pay,Northeast,1983-12-15
P005649,12,Male,Medicare,South,2014-02-15
P005650,71,Female,Other,Northeast,1955-02-15
P005651,23,Female,Medicare Advantage,South,2002-11-15
P005652,93,Male,Medicaid,West,1932-11-15
P005653,22,Female,Commercial,Midwest,2004-08-15
P005654,41,Female,Workers Comp,Midwest,1985-03-15
P005655,41,Female,Medicare Advantage,Midwest,1985-01-15
P005656,69,Female,Medicare,West,1956-07-15
P005657,44,Female,Medicare,West,1981-10-15
P005658,53,Female,Medicare,Northeast,1973-05-15
P005659,41,Male,Medicare,Northeast,1984-04-15
P005660,59,Female,Medicare,Midwest,1966-09-15
P005661,47,Male,Other,West,1978-10-15
P005662,28,Male,Self-Pay,South,1998-01-15
P005663,65,Male,Commercial,Midwest,1961-05-15
P005664,61,Female,Medicaid,Midwest,1965-09-15
P005665,31,Male,Medicare,South,1994-02-15
P005666,32,Male,Medicare,South,1994-02-15
P005667,42,Female,Medicaid,Midwest,1983-01-15
P005668,49,Male,Medicare,West,1976-12-15
P005669,65,Male,Medicare,Midwest,1960-01-15
P005670,78,Female,Medicaid,Midwest,1948-12-15
P005671,67,Female,Commercial,Northeast,1958-01-15
P005672,79,Female,Commercial,Northeast,1947-07-15
P005673,70,Male,Medicare,West,1955-02-15
P005674,69,Female,Medicare,Midwest,1956-10-15
P005675,63,Female,Medicare Advantage,Northeast,1962-10-15
P005676,82,Female,Medicaid,South,1944-10-15
P005677,35,Female,Self-Pay,South,1990-04-15
P005678,56,Male,Medicaid,West,1969-11-15
P005679,51,Female,Medicare,West,1974-10-15
P005680,61,Female,Medicare,West,1964-04-15
P005681,60,Male,Medicaid,Midwest,1965-06-15
P005682,50,Female,Commercial,South,1976-07-15
P005683,60,Male,Commercial,South,1965-06-15
P005684,46,Male,Commercial,Northeast,1979-04-15
P005685,2,Female,Commercial,South,2023-08-15
P005686,33,Male,Medicare Advantage,South,1993-04-15
P005687,46,Female,Medicare,Northeast,1980-06-15
P005688,63,Female,Medicaid,South,1962-03-15
P005689,73,Male,Medicare,Midwest,1952-08-15
P005690,47,Female,Self-Pay,South,1979-02-15
P005691,57,Male,Medicare,South,1969-08-15
P005692,60,Female,Medicare,South,1965-04-15
P005693,56,Male,Medicaid,Northeast,1970-05-15
P005694,2,Female,Commercial,Northeast,2023-10-15
P005695,39,Female,Commercial,Midwest,1987-11-15
P005696,49,Male,Medicare,South,1977-06-15
P005697,72,Female,Medicare,Midwest,1953-07-15
P005698,15,Female,Medicare Advantage,West,2011-05-15
P005699,34,Female,Commercial,Midwest,1991-02-15
P005700,34,Male,Commercial,Midwest,1992-12-15
P005701,96,Male,Medicaid,West,1929-04-15
P005702,60,Male,Medicaid,South,1965-09-15
P005703,68,Male,Medicare,Northeast,1958-02-15
P005704,5,Female,Commercial,South,2020-12-15
P005705,29,Male,Other,Midwest,1996-07-15
P005706,41,Male,Medicaid,Northeast,1984-06-15
P005707,45,Female,Self-Pay,South,1981-01-15
P005708,7,Male,Medicaid,South,2019-05-15
P005709,24,Male,Medicare,Midwest,2001-02-15
P005710,27,Female,Commercial,Midwest,1999-12-15
P005711,44,Female,Medicaid,South,1982-10-15
P005712,36,Female,Medicaid,Midwest,1990-01-15
P005713,83,Male,Commercial,South,1942-10-15
P005714,74,Female,Medicare,Northeast,1951-08-15
P005715,31,Female,Medicare,Northeast,1995-10-15
P005716,21,Female,Other,Northeast,2004-02-15
P005717,31,Female,Commercial,South,1994-09-15
P005718,93,Female,Commercial,West,1932-10-15
P005719,40,Female,Medicare,South,1985-08-15
P005720,15,Male,Medicare,Midwest,2011-02-15
P005721,19,Female,Medicaid,Midwest,2007-06-15
P005722,9,Male,Medicare,Northeast,2016-09-15
P005723,50,Female,Medicare,West,1975-05-15
P005724,31,Male,Medicare Advantage,Midwest,1995-08-15
P005725,77,Male,Medicare,West,1949-11-15
P005726,1,Female,Medicare,South,2024-09-15
P005727,87,Male,Medicare,South,1939-01-15
P005728,24,Female,Medicare,South,2001-02-15
P005729,95,Female,Medicare,Northeast,1931-02-15
P005730,87,Female,Medicare,South,1939-03-15
P005731,39,Female,Commercial,South,1986-12-15
P005732,72,Male,Medicare Advantage,Northeast,1953-02-15
P005733,72,Female,Medicare,Midwest,1953-08-15
P005734,74,Male,Medicaid,Midwest,1951-01-15
P005735,45,Male,Medicare,Northeast,1980-04-15
P005736,82,Female,Medicaid,West,1944-03-15
P005737,78,Female,Medicare,West,1947-10-15
P005738,60,Female,Medicare,West,1966-03-15
P005739,23,Female,Medicare,Northeast,2002-02-15
P005740,29,Male,Medicare Advantage,West,1996-07-15
P005741,77,Male,Self-Pay,Northeast,1948-07-15
P005742,75,Male,Medicare,West,1950-05-15
P005743,26,Female,Commercial,Northeast,2000-11-15
P005744,59,Female,Medicare,Midwest,1966-03-15
P005745,73,Male,Medicare,Northeast,1952-02-15
P005746,67,Female,Medicaid,South,1959-05-15
P005747,58,Male,Commercial,Northeast,1967-08-15
P005748,51,Female,Medicare,Northeast,1975-01-15
P005749,66,Male,Commercial,Northeast,1959-02-15
P005750,36,Male,Medicare,South,1990-08-15
P005751,79,Female,Medicaid,Midwest,1947-11-15
P005752,33,Female,Medicare,South,1993-07-15
P005753,19,Male,Medicare Advantage,South,2006-03-15
P005754,73,Female,Medicare,West,1953-03-15
P005755,36,Female,Medicare Advantage,West,1990-12-15
P005756,86,Male,Medicare,South,1940-01-15
P005757,52,Female,Medicaid,South,1973-01-15
P005758,64,Female,Workers Comp,Northeast,1962-01-15
P005759,67,Female,Commercial,Northeast,1959-05-15
P005760,70,Male,Commercial,South,1956-12-15
P005761,9,Female,Commercial,South,2017-08-15
P005762,44,Female,Medicare,West,1981-03-15
P005763,60,Female,Medicare,Midwest,1965-03-15
P005764,75,Female,Medicaid,Midwest,1951-08-15
P005765,27,Male,Medicare,South,1998-10-15
P005766,29,Female,Commercial,Midwest,1996-04-15
P005767,78,Female,Commercial,West,1947-09-15
P005768,91,Male,Commercial,South,1934-08-15
P005769,5,Female,Medicare,South,2020-11-15
P005770,3,Male,Medicare,Northeast,2023-11-15
P005771,79,Female,Medicare,West,1947-04-15
P005772,67,Male,Medicaid,West,1958-03-15
P005773,70,Male,Medicare,South,1955-07-15
P005774,76,Male,Medicare,South,1950-04-15
P005775,60,Female,Commercial,South,1966-06-15
P005776,48,Female,Self-Pay,South,1978-08-15
P005777,32,Male,Medicaid,Midwest,1994-04-15
P005778,78,Female,Medicaid,Northeast,1948-08-15
P005779,63,Female,Medicare,Northeast,1963-12-15
P005780,60,Female,Medicare,Northeast,1966-11-15
P005781,69,Female,Medicare,Northeast,1957-07-15
P005782,65,Female,Other,West,1961-07-15
P005783,57,Female,Medicare Advantage,Midwest,1969-02-15
P005784,66,Male,Commercial,South,1960-10-15
P005785,78,Female,Commercial,West,1948-06-15
P005786,66,Male,Commercial,South,1959-08-15
P005787,66,Female,Medicare Advantage,South,1959-01-15
P005788,61,Male,Self-Pay,West,1964-12-15
P005789,70,Female,Commercial,South,1955-01-15
P005790,53,Female,Medicare,West,1973-03-15
P005791,37,Female,Commercial,South,1988-06-15
P005792,40,Male,Commercial,West,1986-08-15
P005793,43,Female,Medicare Advantage,South,1983-10-15
P005794,63,Female,Commercial,Northeast,1963-05-15
P005795,36,Male,Medicare,West,1990-07-15
P005796,27,Female,Medicare,South,1999-12-15
P005797,59,Female,Medicare,South,1967-12-15
P005798,73,Male,Commercial,South,1952-09-15
P005799,88,Female,Medicare,South,1937-08-15
P005800,95,Female,Self-Pay,West,1930-08-15
P005801,63,Female,Commercial,West,1962-10-15
P005802,59,Male,Self-Pay,South,1966-12-15
P005803,92,Female,Medicare,South,1934-03-15
P005804,61,Female,Medicare,Northeast,1965-04-15
P005805,25,Male,Commercial,West,2000-09-15
P005806,83,Male,Medicare,South,1943-10-15
P005807,46,Male,Medicaid,Midwest,1979-06-15
P005808,68,Female,Medicaid,South,1958-10-15
P005809,30,Female,Medicare,South,1995-04-15
P005810,40,Female,Medicare,South,1985-02-15
P005811,28,Female,Commercial,Midwest,1997-02-15
P005812,39,Female,Commercial,Northeast,1987-08-15
P005813,53,Male,Medicaid,West,1973-06-15
P005814,67,Female,Medicaid,South,1958-09-15
P005815,52,Male,Medicare,South,1974-07-15
P005816,54,Male,Commercial,Midwest,1971-11-15
P005817,80,Female,Commercial,Midwest,1946-05-15
P005818,61,Male,Commercial,West,1965-12-15
P005819,18,Male,Medicare,Northeast,2008-02-15
P005820,76,Male,Other,West,1949-07-15
P005821,34,Female,Medicaid,Midwest,1992-01-15
P005822,43,Male,Commercial,West,1983-06-15
P005823,43,Male,Medicaid,Midwest,1982-07-15
P005824,64,Female,Medicare,Midwest,1961-01-15
P005825,20,Male,Medicaid,Midwest,2005-06-15
P005826,37,Female,Self-Pay,West,1989-02-15
P005827,72,Male,Self-Pay,West,1954-12-15
P005828,77,Female,Medicare,South,1948-01-15
P005829,42,Male,Medicare,Northeast,1984-01-15
P005830,61,Male,Commercial,South,1965-08-15
P005831,78,Female,Commercial,West,1947-01-15
P005832,61,Female,Commercial,South,1964-05-15
P005833,1,Male,Medicaid,Northeast,2024-04-15
P005834,94,Male,Medicare Advantage,Midwest,1931-12-15
P005835,49,Female,Medicare,Northeast,1977-08-15
P005836,75,Male,Medicare,South,1950-04-15
P005837,69,Male,Commercial,Midwest,1956-12-15
P005838,79,Male,Medicare,South,1947-06-15
P005839,59,Female,Medicaid,Midwest,1967-07-15
P005840,51,Female,Medicare,Northeast,1974-06-15
P005841,48,Male,Medicare,South,1978-08-15
P005842,51,Female,Medicare Advantage,South,1975-09-15
P005843,54,Female,Commercial,South,1971-10-15
P005844,46,Male,Medicare,Northeast,1979-08-15
P005845,45,Male,Commercial,Midwest,1980-05-15
P005846,24,Male,Medicaid,West,2002-07-15
P005847,38,Female,Commercial,South,1988-06-15
P005848,20,Male,Medicare Advantage,Northeast,2006-11-15
P005849,61,Male,Medicare,West,1964-12-15
P005850,53,Male,Medicare,West,1973-06-15
P005851,19,Male,Commercial,Northeast,2006-02-15
P005852,77,Female,Commercial,South,1948-03-15
P005853,32,Female,Other,West,1994-05-15
P005854,33,Female,Self-Pay,South,1993-08-15
P005855,77,Female,Commercial,Midwest,1949-03-15
P005856,48,Female,Medicare,South,1978-07-15
P005857,26,Female,Medicaid,West,2000-03-15
P005858,89,Female,Medicare,South,1937-12-15
P005859,29,Male,Medicare,South,1997-05-15
P005860,52,Female,Medicare,West,1973-12-15
P005861,29,Male,Self-Pay,Northeast,1997-09-15
P005862,76,Female,Commercial,South,1950-03-15
P005863,22,Female,Commercial,South,2003-03-15
P005864,35,Female,Commercial,South,1991-01-15
P005865,31,Female,Commercial,Midwest,1994-05-15
P005866,75,Female,Medicaid,West,1950-11-15
P005867,75,Male,Medicare,Northeast,1950-07-15
P005868,39,Male,Commercial,Northeast,1986-08-15
P005869,9,Female,Medicaid,West,2017-10-15
P005870,35,Female,Medicare,South,1991-04-15
P005871,56,Female,Medicare,Midwest,1969-03-15
P005872,29,Female,Medicare,South,1997-05-15
P005873,19,Male,Medicare Advantage,West,2006-06-15
P005874,35,Female,Commercial,Midwest,1990-02-15
P005875,48,Female,Medicare Advantage,South,1977-12-15
P005876,90,Other,Medicaid,Northeast,1936-05-15
P005877,69,Male,Medicaid,West,1957-01-15
P005878,28,Female,Medicare,South,1998-07-15
P005879,23,Female,Medicare,Midwest,2003-11-15
P005880,43,Male,Medicaid,Midwest,1982-06-15
P005881,66,Male,Commercial,South,1960-11-15
P005882,40,Female,Self-Pay,West,1985-08-15
P005883,23,Female,Medicare Advantage,South,2002-02-15
P005884,77,Male,Self-Pay,Northeast,1949-10-15
P005885,60,Male,Self-Pay,South,1966-09-15
P005886,30,Male,Commercial,West,1996-08-15
P005887,75,Male,Medicaid,Northeast,1951-10-15
P005888,55,Female,Commercial,Northeast,1971-07-15
P005889,44,Female,Medicare,West,1982-01-15
P005890,77,Female,Commercial,West,1949-08-15
P005891,65,Female,Workers Comp,West,1961-09-15
P005892,16,Female,Self-Pay,West,2009-01-15
P005893,42,Female,Medicaid,West,1984-02-15
P005894,67,Female,Commercial,Midwest,1958-06-15
P005895,75,Male,Medicare,South,1950-07-15
P005896,25,Female,Medicare,South,2001-02-15
P005897,41,Female,Medicare Advantage,West,1984-03-15
P005898,33,Male,Medicare,West,1992-12-15
P005899,62,Female,Commercial,Midwest,1963-01-15
P005900,23,Male,Medicare,Midwest,2002-08-15
P005901,40,Female,Medicare,Midwest,1985-12-15
P005902,88,Female,Commercial,South,1937-03-15
P005903,53,Female,Commercial,West,1973-06-15
P005904,28,Male,Medicare,Northeast,1997-08-15
P005905,69,Male,Medicare,Midwest,1957-06-15
P005906,76,Female,Commercial,Midwest,1950-01-15
P005907,41,Female,Other,South,1985-07-15
P005908,18,Male,Medicare Advantage,West,2008-03-15
P005909,93,Female,Commercial,West,1933-06-15
P005910,29,Male,Medicare,Northeast,1996-10-15
P005911,78,Female,Medicare,Northeast,1948-02-15
P005912,19,Male,Medicare,South,2007-06-15
P005913,72,Male,Commercial,Midwest,1954-04-15
P005914,70,Female,Medicaid,Midwest,1955-10-15
P005915,43,Male,Medicaid,South,1982-02-15
P005916,56,Female,Commercial,Midwest,1969-11-15
P005917,33,Female,Commercial,South,1993-12-15
P005918,71,Male,Commercial,Northeast,1955-01-15
P005919,43,Male,Self-Pay,Northeast,1983-09-15
P005920,73,Male,Self-Pay,West,1952-04-15
P005921,89,Male,Commercial,Midwest,1937-05-15
P005922,50,Female,Medicaid,Midwest,1976-07-15
P005923,46,Male,Medicare,South,1979-04-15
P005924,90,Male,Medicare,Midwest,1936-05-15
P005925,12,Female,Self-Pay,South,2013-03-15
P005926,28,Male,Medicare,Midwest,1998-10-15
P005927,57,Male,Medicare,Midwest,1969-11-15
P005928,59,Male,Commercial,South,1966-02-15
P005929,63,Female,Medicaid,Northeast,1963-11-15
P005930,34,Male,Medicare,Northeast,1991-05-15
P005931,49,Female,Commercial,West,1977-06-15
P005932,27,Female,Medicare Advantage,Midwest,1998-05-15
P005933,57,Male,Commercial,West,1968-06-15
P005934,78,Male,Other,Midwest,1948-04-15
P005935,60,Male,Self-Pay,Northeast,1966-09-15
P005936,73,Female,Self-Pay,Northeast,1952-04-15
P005937,37,Female,Commercial,South,1988-03-15
P005938,41,Male,Medicare,Midwest,1984-02-15
P005939,9,Male,Commercial,West,2016-03-15
P005940,37,Female,Commercial,Northeast,1989-09-15
P005941,52,Male,Commercial,West,1974-01-15
P005942,14,Male,Medicare Advantage,South,2011-12-15
P005943,63,Male,Commercial,West,1962-06-15
P005944,81,Male,Medicare,West,1945-03-15
P005945,43,Male,Medicaid,Midwest,1983-12-15
P005946,38,Female,Medicare,Midwest,1987-08-15
P005947,36,Male,Medicare,West,1990-02-15
P005948,61,Female,Medicare,Northeast,1964-09-15
P005949,91,Female,Medicaid,Midwest,1935-06-15
P005950,30,Female,Medicare,West,1996-04-15
P005951,66,Female,Medicare,South,1959-08-15
P005952,85,Female,Medicare,South,1941-03-15
P005953,42,Male,Self-Pay,South,1983-09-15
P005954,23,Male,Medicare,West,2003-06-15
P005955,69,Male,Medicare,South,1957-01-15
P005956,49,Female,Medicare,South,1976-09-15
P005957,76,Female,Medicaid,Northeast,1949-09-15
P005958,69,Female,Medicaid,West,1956-11-15
P005959,72,Male,Commercial,Midwest,1953-07-15
P005960,71,Female,Medicaid,Midwest,1955-02-15
P005961,16,Female,Self-Pay,West,2010-05-15
P005962,26,Male,Other,South,2000-07-15
P005963,71,Male,Commercial,South,1955-05-15
P005964,74,Female,Medicaid,Midwest,1952-07-15
P005965,49,Female,Medicaid,South,1977-08-15
P005966,26,Male,Medicaid,South,2000-01-15
P005967,50,Male,Medicare,South,1975-07-15
P005968,79,Male,Medicaid,Midwest,1947-08-15
P005969,77,Female,Commercial,West,1948-07-15
P005970,41,Female,Medicare Advantage,South,1985-01-15
P005971,74,Male,Commercial,West,1951-01-15
P005972,9,Male,Commercial,South,2017-05-15
P005973,67,Female,Commercial,South,1958-10-15
P005974,30,Female,Commercial,Northeast,1995-07-15
P005975,51,Female,Medicare,Northeast,1974-02-15
P005976,59,Male,Medicare,South,1967-04-15
P005977,58,Female,Medicare,West,1967-09-15
P005978,66,Male,Medicare,South,1959-02-15
P005979,73,Female,Commercial,South,1953-06-15
P005980,49,Female,Medicare,South,1976-03-15
P005981,49,Male,Commercial,Northeast,1977-09-15
P005982,29,Male,Medicare,West,1996-07-15
P005983,46,Female,Medicare,Midwest,1979-03-15
P005984,24,Female,Medicare,South,2002-04-15
P005985,3,Female,Medicare,South,2023-06-15
P005986,36,Female,Medicaid,South,1989-08-15
P005987,72,Female,Commercial,Midwest,1954-03-15
P005988,53,Male,Medicare,Midwest,1972-05-15
P005989,52,Female,Commercial,South,1973-12-15
P005990,86,Male,Medicare Advantage,Northeast,1939-08-15
P005991,16,Female,Self-Pay,Midwest,2010-04-15
P005992,63,Female,Medicaid,West,1962-10-15
P005993,28,Female,Medicaid,South,1998-09-15
P005994,21,Female,Commercial,West,2005-05-15
P005995,57,Female,Medicare,South,1969-07-15
P005996,54,Female,Medicare,Northeast,1971-11-15
P005997,49,Female,Medicare,South,1976-05-15
P005998,7,Female,Medicare,West,2018-03-15
P005999,67,Male,Medicaid,South,1959-07-15
P006000,89,Male,Medicare,West,1937-12-15
P006001,79,Male,Medicaid,Northeast,1946-03-15
P006002,4,Female,Medicare,South,2022-06-15
P006003,78,Female,Medicare,Midwest,1947-09-15
P006004,49,Male,Medicaid,West,1976-09-15
P006005,60,Male,Medicaid,Midwest,1966-08-15
P006006,29,Female,Commercial,West,1997-10-15
P006007,71,Male,Medicaid,Midwest,1954-04-15
P006008,34,Male,Commercial,South,1991-04-15
P006009,63,Male,Commercial,South,1962-07-15
P006010,70,Female,Medicare Advantage,Northeast,1956-03-15
P006011,74,Female,Medicare,South,1952-11-15
P006012,35,Other,Commercial,South,1990-04-15
P006013,88,Female,Medicare,South,1937-01-15
P006014,11,Male,Commercial,Midwest,2015-03-15
P006015,62,Male,Medicare,West,1964-01-15
P006016,32,Female,Medicaid,South,1993-11-15
P006017,20,Female,Medicare,South,2006-12-15
P006018,67,Male,Medicaid,Northeast,1959-11-15
P006019,88,Male,Medicare,South,1938-02-15
P006020,6,Female,Workers Comp,South,2019-03-15
P006021,36,Male,Medicare,West,1989-12-15
P006022,48,Male,Commercial,South,1978-06-15
P006023,47,Female,Medicare,Northeast,1978-10-15
P006024,71,Female,Medicare,West,1954-10-15
P006025,76,Female,Commercial,South,1950-03-15
P006026,81,Male,Medicare,West,1944-09-15
P006027,2,Female,Medicare Advantage,Midwest,2023-07-15
P006028,61,Male,Medicaid,West,1965-08-15
P006029,34,Male,Commercial,Midwest,1992-10-15
P006030,39,Male,Medicare,Northeast,1986-05-15
P006031,26,Female,Medicare,Midwest,1999-10-15
P006032,45,Male,Medicare Advantage,South,1980-06-15
P006033,91,Female,Medicare,South,1934-01-15
P006034,27,Male,Medicare,South,1999-02-15
P006035,50,Female,Medicare,Northeast,1976-01-15
P006036,62,Male,Commercial,South,1964-01-15
P006037,38,Female,Medicare,Northeast,1987-02-15
P006038,51,Male,Medicare,Midwest,1974-04-15
P006039,19,Female,Self-Pay,South,2006-03-15
P006040,30,Female,Medicare Advantage,Midwest,1996-06-15
P006041,50,Female,Medicare,Midwest,1975-09-15
P006042,61,Female,Medicare,Northeast,1964-10-15
P006043,18,Female,Medicare,South,2007-04-15
P006044,42,Female,Medicare,South,1983-07-15
P006045,62,Female,Medicaid,West,1964-02-15
P006046,77,Male,Commercial,South,1949-10-15
P006047,53,Female,Medicare Advantage,South,1972-01-15
P006048,60,Female,Self-Pay,South,1965-08-15
P006049,8,Female,Medicare,Northeast,2018-05-15
P006050,28,Male,Commercial,South,1998-08-15
P006051,22,Female,Medicare,Midwest,2004-04-15
P006052,41,Male,Medicaid,South,1985-06-15
P006053,60,Female,Workers Comp,Northeast,1966-02-15
P006054,57,Male,Medicare,West,1968-03-15
P006055,49,Male,Self-Pay,South,1976-01-15
P006056,21,Female,Medicare,South,2004-01-15
P006057,32,Male,Medicare,Midwest,1993-11-15
P006058,66,Female,Medicare,West,1959-07-15
P006059,32,Female,Medicare,West,1993-12-15
P006060,91,Female,Medicaid,South,1935-05-15
P006061,49,Male,Self-Pay,South,1977-10-15
P006062,82,Male,Medicare,West,1944-03-15
P006063,81,Female,Medicare,Northeast,1945-07-15
P006064,73,Male,Commercial,Midwest,1953-03-15
P006065,41,Male,Medicare,South,1985-10-15
P006066,70,Female,Commercial,South,1956-09-15
P006067,47,Male,Medicare,Midwest,1979-12-15
P006068,60,Male,Medicare,South,1966-06-15
P006069,36,Female,Medicaid,South,1990-07-15
P006070,64,Male,Self-Pay,West,1962-08-15
P006071,51,Female,Other,West,1975-11-15
P006072,88,Female,Commercial,South,1938-12-15
P006073,37,Male,Commercial,Midwest,1989-01-15
P006074,39,Female,Medicare,South,1986-12-15
P006075,6,Female,Medicare,South,2019-03-15
P006076,7,Female,Medicare,South,2019-01-15
P006077,80,Female,Medicare,Midwest,1945-11-15
P006078,75,Female,Commercial,West,1951-07-15
P006079,62,Female,Medicare Advantage,Midwest,1964-11-15
P006080,59,Female,Medicare Advantage,Midwest,1967-07-15
P006081,21,Female,Medicare,West,2005-02-15
P006082,91,Female,Self-Pay,Northeast,1934-09-15
P006083,27,Male,Medicare Advantage,South,1998-12-15
P006084,23,Male,Self-Pay,South,2002-07-15
P006085,70,Male,Commercial,West,1955-09-15
P006086,66,Male,Medicare,South,1959-02-15
P006087,79,Female,Medicaid,Northeast,1946-03-15
P006088,70,Female,Medicare Advantage,South,1955-02-15
P006089,25,Male,Commercial,South,2000-07-15
P006090,2,Female,Commercial,Midwest,2024-05-15
P006091,81,Female,Commercial,Northeast,1945-07-15
P006092,40,Female,Commercial,West,1986-06-15
P006093,77,Female,Medicare Advantage,Midwest,1948-11-15
P006094,68,Male,Workers Comp,West,1958-10-15
P006095,23,Male,Commercial,Midwest,2003-10-15
P006096,7,Female,Medicare,West,2018-01-15
P006097,65,Female,Medicare,Northeast,1960-12-15
P006098,55,Female,Medicare,Northeast,1970-06-15
P006099,67,Male,Commercial,Midwest,1959-07-15
P006100,12,Female,Medicare Advantage,Midwest,2014-11-15
P006101,1,Female,Medicare,Northeast,2025-06-15
P006102,26,Female,Medicare,Midwest,2000-06-15
P006103,41,Female,Medicaid,Northeast,1984-09-15
P006104,18,Female,Commercial,South,2007-02-15
P006105,54,Male,Medicaid,West,1971-04-15
P006106,69,Male,Medicaid,Midwest,1956-11-15
P006107,51,Female,Commercial,Midwest,1975-04-15
P006108,22,Female,Commercial,South,2003-06-15
P006109,9,Male,Medicaid,South,2017-01-15
P006110,44,Female,Medicare,Northeast,1982-12-15
P006111,67,Female,Medicare,South,1959-05-15
P006112,60,Female,Self-Pay,West,1965-07-15
P006113,65,Male,Medicare,Midwest,1961-02-15
P006114,58,Female,Medicare,South,1967-11-15
P006115,20,Female,Medicare,Midwest,2005-05-15
P006116,39,Female,Self-Pay,Midwest,1987-05-15
P006117,73,Female,Medicare,South,1952-01-15
P006118,66,Other,Medicare Advantage,Midwest,1960-12-15
P006119,51,Female,Medicare,Midwest,1975-01-15
P006120,67,Female,Medicare Advantage,South,1959-03-15
P006121,48,Female,Medicare,South,1978-03-15
P006122,41,Male,Medicare Advantage,West,1984-08-15
P006123,36,Female,Medicare Advantage,South,1990-05-15
P006124,64,Male,Medicare,Midwest,1962-05-15
P006125,59,Male,Self-Pay,Northeast,1966-11-15
P006126,63,Male,Commercial,West,1962-02-15
P006127,44,Female,Medicaid,Midwest,1981-02-15
P006128,67,Male,Medicare,Midwest,1959-09-15
P006129,10,Female,Medicare,Midwest,2016-11-15
P006130,36,Female,Other,Northeast,1989-12-15
P006131,53,Female,Medicare,South,1972-02-15
P006132,60,Female,Commercial,Northeast,1966-08-15
P006133,70,Female,Medicare,Northeast,1955-10-15
P006134,17,Male,Medicaid,Midwest,2008-11-15
P006135,39,Male,Commercial,South,1986-04-15
P006136,54,Male,Medicaid,Midwest,1972-08-15
P006137,76,Female,Medicare Advantage,West,1950-08-15
P006138,29,Female,Workers Comp,West,1997-03-15
P006139,26,Female,Medicaid,Midwest,1999-01-15
P006140,37,Female,Medicaid,Midwest,1988-04-15
P006141,70,Female,Medicare,Northeast,1956-02-15
P006142,74,Male,Commercial,South,1951-01-15
P006143,72,Female,Commercial,South,1953-05-15
P006144,76,Male,Medicare Advantage,South,1950-01-15
P006145,22,Female,Medicare,Northeast,2004-05-15
P006146,0,Male,Medicaid,West,2025-02-15
P006147,21,Female,Commercial,Northeast,2005-10-15
P006148,39,Male,Medicare,Northeast,1987-01-15
P006149,6,Male,Commercial,West,2020-06-15
P006150,41,Male,Medicare Advantage,Midwest,1985-08-15
P006151,44,Male,Medicare,Midwest,1982-12-15
P006152,24,Male,Medicaid,West,2001-06-15
P006153,58,Female,Medicaid,West,1968-06-15
P006154,22,Female,Medicare Advantage,Northeast,2004-06-15
P006155,73,Female,Commercial,West,1952-12-15
P006156,17,Female,Medicare,West,2009-01-15
P006157,16,Female,Commercial,South,2010-07-15
P006158,36,Male,Medicare,Northeast,1990-12-15
P006159,61,Male,Commercial,Northeast,1964-09-15
P006160,55,Female,Commercial,West,1970-08-15
P006161,57,Female,Medicaid,South,1969-01-15
P006162,55,Male,Self-Pay,Midwest,1971-03-15
P006163,16,Male,Medicare,Midwest,2009-01-15
P006164,65,Male,Commercial,Midwest,1960-07-15
P006165,37,Male,Medicare,West,1988-09-15
P006166,53,Female,Commercial,South,1972-02-15
P006167,48,Female,Self-Pay,West,1977-03-15
P006168,84,Female,Commercial,Midwest,1941-10-15
P006169,71,Male,Medicare,Midwest,1955-10-15
P006170,85,Female,Commercial,Northeast,1940-12-15
P006171,35,Female,Medicare,South,1991-09-15
P006172,8,Female,Self-Pay,South,2018-03-15
P006173,48,Male,Medicare,South,1977-05-15
P006174,39,Female,Medicare Advantage,South,1986-06-15
P006175,10,Male,Commercial,Northeast,2016-09-15
P006176,49,Female,Medicare,South,1976-11-15
P006177,67,Male,Commercial,Midwest,1958-03-15
P006178,45,Female,Medicare,South,1981-02-15
P006179,68,Female,Commercial,Northeast,1958-08-15
P006180,23,Female,Medicaid,West,2003-05-15
P006181,72,Male,Medicare Advantage,West,1954-05-15
P006182,76,Male,Medicaid,Midwest,1949-04-15
P006183,19,Male,Medicare,Midwest,2007-08-15
P006184,30,Male,Commercial,West,1995-05-15
P006185,51,Female,Medicare Advantage,South,1975-08-15
P006186,65,Female,Commercial,West,1961-10-15
P006187,26,Female,Medicare,West,2000-08-15
P006188,67,Female,Medicare Advantage,West,1959-10-15
P006189,22,Male,Commercial,Northeast,2003-01-15
P006190,17,Male,Workers Comp,South,2008-05-15
P006191,59,Female,Medicare,West,1967-06-15
P006192,42,Male,Commercial,West,1983-06-15
P006193,31,Female,Medicare,Midwest,1994-09-15
P006194,1,Male,Medicare,Northeast,2024-03-15
P006195,77,Male,Commercial,Midwest,1949-08-15
P006196,58,Male,Commercial,West,1968-03-15
P006197,85,Female,Commercial,South,1940-03-15
P006198,59,Male,Commercial,Midwest,1967-08-15
P006199,47,Female,Medicare,South,1978-07-15
P006200,77,Male,Medicaid,West,1948-06-15
P006201,53,Female,Commercial,South,1973-12-15
P006202,74,Female,Commercial,West,1951-06-15
P006203,46,Male,Medicare,West,1980-09-15
P006204,86,Male,Commercial,West,1940-09-15
P006205,90,Male,Self-Pay,Midwest,1935-07-15
P006206,77,Male,Other,South,1949-05-15
P006207,93,Male,Medicare Advantage,Northeast,1933-10-15
P006208,62,Male,Medicare Advantage,South,1963-12-15
P006209,35,Female,Medicare Advantage,Northeast,1990-07-15
P006210,46,Female,Medicaid,Midwest,1980-03-15
P006211,16,Male,Workers Comp,Midwest,2009-10-15
P006212,47,Male,Medicaid,South,1978-03-15
P006213,14,Male,Commercial,Northeast,2011-10-15
P006214,73,Female,Medicare,South,1952-11-15
P006215,92,Female,Medicaid,South,1933-09-15
P006216,7,Female,Medicare,Midwest,2018-08-15
P006217,25,Female,Medicare,Northeast,2000-09-15
P006218,64,Female,Commercial,Midwest,1961-11-15
P006219,40,Male,Medicare,Midwest,1986-08-15
P006220,42,Male,Medicare,West,1984-04-15
P006221,21,Female,Medicare,Midwest,2004-06-15
P006222,51,Male,Medicare Advantage,West,1975-11-15
P006223,49,Female,Medicaid,Northeast,1977-09-15
P006224,63,Female,Medicaid,South,1963-10-15
P006225,61,Male,Commercial,South,1965-04-15
P006226,43,Male,Medicare,West,1982-03-15
P006227,34,Female,Commercial,Midwest,1991-01-15
P006228,39,Female,Medicare,South,1987-09-15
P006229,48,Female,Commercial,South,1977-11-15
P006230,49,Female,Commercial,Northeast,1976-12-15
P006231,63,Male,Medicare,Northeast,1962-02-15
P006232,8,Male,Commercial,Northeast,2017-11-15
P006233,88,Male,Workers Comp,Northeast,1937-04-15
P006234,27,Male,Medicare Advantage,South,1998-07-15
P006235,71,Male,Commercial,South,1955-04-15
P006236,42,Female,Medicaid,Northeast,1984-01-15
P006237,65,Male,Medicaid,Midwest,1961-09-15
P006238,96,Female,Medicare,South,1929-04-15
P006239,46,Male,Medicaid,West,1980-04-15
P006240,42,Female,Commercial,Midwest,1984-05-15
P006241,95,Male,Medicare,Northeast,1930-04-15
P006242,59,Female,Medicare,South,1967-02-15
P006243,21,Female,Other,South,2005-10-15
P006244,18,Female,Medicare,Northeast,2007-06-15
P006245,17,Female,Medicare Advantage,West,2008-06-15
P006246,10,Male,Commercial,South,2015-05-15
P006247,57,Male,Medicaid,South,1969-03-15
P006248,64,Female,Medicaid,South,1962-08-15
P006249,50,Male,Commercial,Northeast,1975-12-15
P006250,29,Female,Medicaid,South,1997-12-15
P006251,44,Male,Medicaid,West,1982-07-15
P006252,63,Female,Commercial,South,1962-07-15
P006253,70,Female,Medicare Advantage,West,1955-03-15
P006254,89,Male,Self-Pay,South,1937-07-15
P006255,89,Male,Commercial,Midwest,1937-04-15
P006256,12,Male,Medicare,Midwest,2014-09-15
P006257,30,Female,Commercial,Midwest,1995-02-15
P006258,25,Female,Medicare,South,2000-08-15
P006259,57,Male,Medicare Advantage,West,1968-09-15
P006260,90,Female,Medicare,South,1936-04-15
P006261,28,Male,Medicare,Northeast,1998-01-15
P006262,8,Male,Workers Comp,South,2017-09-15
P006263,39,Female,Medicare Advantage,West,1987-07-15
P006264,48,Female,Medicare,West,1978-03-15
P006265,72,Female,Medicaid,South,1953-03-15
P006266,78,Male,Medicare,Midwest,1948-08-15
P006267,58,Female,Other,South,1968-09-15
P006268,68,Male,Medicaid,Northeast,1957-04-15
P006269,70,Male,Medicare Advantage,South,1956-02-15
P006270,56,Male,Medicaid,Midwest,1970-08-15
P006271,11,Female,Medicare Advantage,West,2014-10-15
P006272,71,Female,Self-Pay,West,1954-11-15
P006273,53,Male,Medicaid,Midwest,1972-01-15
P006274,50,Male,Self-Pay,Northeast,1976-06-15
P006275,42,Female,Self-Pay,South,1984-01-15
P006276,45,Female,Medicare,Northeast,1981-11-15
P006277,35,Female,Commercial,Northeast,1991-05-15
P006278,65,Male,Medicaid,South,1961-11-15
P006279,66,Female,Medicaid,Midwest,1959-10-15
P006280,90,Female,Medicare,West,1935-09-15
P006281,44,Male,Commercial,Midwest,1981-08-15
P006282,46,Male,Medicare Advantage,Northeast,1979-12-15
P006283,79,Male,Commercial,Midwest,1946-04-15
P006284,43,Female,Medicaid,West,1982-02-15
P006285,27,Female,Medicare,Midwest,1999-12-15
P006286,67,Male,Self-Pay,South,1959-02-15
P006287,20,Female,Self-Pay,Northeast,2005-02-15
P006288,28,Female,Medicaid,Midwest,1998-01-15
P006289,61,Male,Medicare,West,1965-05-15
P006290,78,Female,Commercial,West,1947-07-15
P006291,77,Male,Self-Pay,Northeast,1949-08-15
P006292,20,Male,Medicare,Northeast,2005-06-15
P006293,54,Male,Medicaid,Northeast,1971-11-15
P006294,28,Female,Commercial,Northeast,1997-05-15
P006295,38,Male,Medicaid,Northeast,1987-07-15
P006296,60,Male,Medicare,Northeast,1965-09-15
P006297,72,Female,Medicare,South,1953-06-15
P006298,51,Female,Commercial,South,1974-04-15
P006299,56,Female,Medicare,Midwest,1969-07-15
P006300,6,Male,Commercial,Midwest,2020-07-15
P006301,4,Male,Commercial,South,2021-01-15
P006302,56,Male,Medicare Advantage,Northeast,1969-10-15
P006303,87,Female,Workers Comp,West,1938-08-15
P006304,50,Female,Medicare Advantage,West,1976-05-15
P006305,60,Male,Self-Pay,Midwest,1965-07-15
P006306,51,Male,Commercial,Northeast,1975-06-15
P006307,35,Male,Self-Pay,South,1990-08-15
P006308,55,Male,Commercial,South,1970-04-15
P006309,56,Female,Medicaid,West,1969-07-15
P006310,45,Female,Medicare Advantage,South,1981-06-15
P006311,5,Female,Medicare Advantage,Northeast,2020-08-15
P006312,46,Female,Medicare,West,1979-02-15
P006313,43,Female,Commercial,Northeast,1983-08-15
P006314,19,Female,Medicare,Northeast,2006-06-15
P006315,46,Male,Other,Midwest,1979-05-15
P006316,66,Female,Self-Pay,South,1960-05-15
P006317,51,Female,Commercial,Midwest,1975-03-15
P006318,55,Female,Medicare,West,1971-10-15
P006319,28,Male,Commercial,Northeast,1997-11-15
P006320,40,Female,Commercial,West,1986-06-15
P006321,49,Female,Commercial,Midwest,1977-01-15
P006322,34,Male,Medicaid,South,1992-11-15
P006323,40,Male,Medicare,Midwest,1986-08-15
P006324,25,Male,Medicare,Midwest,2001-04-15
P006325,56,Male,Commercial,West,1970-10-15
P006326,78,Female,Commercial,South,1947-08-15
P006327,77,Male,Commercial,Midwest,1949-07-15
P006328,61,Female,Medicare,Midwest,1965-05-15
P006329,44,Female,Medicare,South,1981-09-15
P006330,32,Male,Medicaid,South,1994-12-15
P006331,27,Male,Medicaid,South,1998-10-15
P006332,27,Male,Commercial,West,1998-04-15
P006333,72,Male,Medicare,West,1953-09-15
P006334,68,Female,Commercial,South,1957-05-15
P006335,31,Female,Commercial,Midwest,1995-02-15
P006336,75,Male,Commercial,Northeast,1950-11-15
P006337,54,Female,Medicare,South,1972-12-15
P006338,46,Male,Medicaid,Northeast,1980-12-15
P006339,6,Female,Commercial,West,2020-07-15
P006340,7,Female,Medicaid,South,2019-10-15
P006341,47,Female,Commercial,South,1978-03-15
P006342,73,Male,Medicare,West,1953-10-15
P006343,36,Female,Commercial,Midwest,1990-10-15
P006344,68,Female,Self-Pay,Northeast,1958-05-15
P006345,68,Male,Other,South,1957-01-15
P006346,29,Female,Commercial,Northeast,1996-04-15
P006347,81,Female,Medicare,South,1944-09-15
P006348,36,Female,Medicare,South,1989-05-15
P006349,66,Male,Self-Pay,Midwest,1960-02-15
P006350,54,Male,Medicaid,South,1972-05-15
P006351,49,Female,Medicare Advantage,Midwest,1976-01-15
P006352,0,Female,Medicare Advantage,West,2025-12-15
P006353,17,Male,Medicare,South,2008-12-15
P006354,71,Other,Commercial,Midwest,1954-08-15
P006355,23,Female,Commercial,Midwest,2002-10-15
P006356,30,Female,Commercial,West,1996-06-15
P006357,27,Female,Other,Midwest,1998-06-15
P006358,64,Female,Medicare Advantage,West,1961-01-15
P006359,23,Female,Medicare,Northeast,2002-12-15
P006360,86,Male,Commercial,West,1939-05-15
P006361,83,Male,Commercial,South,1943-04-15
P006362,94,Female,Commercial,South,1931-06-15
P006363,52,Female,Medicare Advantage,Northeast,1974-05-15
P006364,59,Male,Commercial,Northeast,1967-08-15
P006365,21,Male,Medicare,Midwest,2004-12-15
P006366,24,Male,Workers Comp,South,2001-02-15
P006367,66,Male,Commercial,Northeast,1959-09-15
P006368,26,Male,Medicare Advantage,South,2000-09-15
P006369,38,Male,Medicaid,South,1987-08-15
P006370,65,Male,Medicare,Midwest,1960-07-15
P006371,79,Female,Medicare Advantage,Midwest,1946-07-15
P006372,76,Female,Commercial,South,1949-10-15
P006373,94,Female,Medicare Advantage,Midwest,1931-03-15
P006374,68,Female,Medicare Advantage,West,1958-05-15
P006375,39,Male,Commercial,South,1987-04-15
P006376,9,Female,Other,Northeast,2017-06-15
P006377,71,Female,Medicaid,South,1955-11-15
P006378,87,Male,Commercial,South,1939-08-15
P006379,69,Male,Medicaid,South,1956-12-15
P006380,31,Female,Commercial,Midwest,1995-09-15
P006381,70,Female,Commercial,South,1955-12-15
P006382,68,Female,Medicare,South,1958-08-15
P006383,79,Male,Medicare Advantage,South,1946-05-15
P006384,31,Female,Medicare,Northeast,1995-08-15
P006385,40,Female,Commercial,West,1985-01-15
P006386,31,Male,Medicare,Northeast,1994-03-15
P006387,67,Other,Commercial,South,1958-02-15
P006388,56,Male,Commercial,Midwest,1970-08-15
P006389,79,Male,Medicare,Northeast,1947-03-15
P006390,46,Female,Commercial,South,1980-10-15
P006391,10,Male,Medicaid,South,2015-03-15
P006392,95,Female,Medicare,Northeast,1930-02-15
P006393,59,Male,Medicare Advantage,Midwest,1966-01-15
P006394,3,Male,Workers Comp,South,2022-03-15
P006395,73,Male,Commercial,South,1953-04-15
P006396,50,Male,Commercial,South,1975-03-15
P006397,82,Male,Self-Pay,South,1943-07-15
P006398,56,Male,Medicaid,Midwest,1969-02-15
P006399,33,Female,Medicare,South,1992-05-15
P006400,73,Male,Commercial,South,1953-04-15
P006401,51,Female,Workers Comp,West,1974-12-15
P006402,80,Male,Medicare,Northeast,1945-10-15
P006403,3,Male,Medicare Advantage,West,2023-01-15
P006404,28,Male,Medicare,South,1998-06-15
P006405,20,Male,Commercial,South,2006-01-15
P006406,59,Male,Medicare Advantage,South,1966-09-15
P006407,12,Female,Medicare,Northeast,2014-09-15
P006408,54,Male,Medicare Advantage,West,1971-10-15
P006409,30,Female,Commercial,West,1995-09-15
P006410,50,Male,Medicaid,Midwest,1976-06-15
P006411,37,Female,Medicare Advantage,South,1988-03-15
P006412,72,Male,Commercial,South,1953-10-15
P006413,13,Female,Medicare Advantage,Northeast,2012-12-15
P006414,44,Male,Commercial,South,1982-09-15
P006415,7,Other,Workers Comp,West,2018-01-15
P006416,34,Male,Medicare,South,1992-10-15
P006417,74,Male,Commercial,Northeast,1952-05-15
P006418,44,Female,Other,South,1981-08-15
P006419,39,Male,Medicare,Northeast,1987-09-15
P006420,72,Male,Medicaid,South,1954-07-15
P006421,30,Female,Medicare,Midwest,1995-04-15
P006422,50,Male,Commercial,Northeast,1975-04-15
P006423,22,Female,Commercial,West,2004-05-15
P006424,15,Male,Medicaid,Midwest,2011-06-15
P006425,84,Male,Commercial,South,1941-08-15
P006426,1,Female,Medicare,Midwest,2024-05-15
P006427,19,Female,Medicare Advantage,South,2007-12-15
P006428,29,Male,Self-Pay,South,1996-08-15
P006429,79,Male,Medicaid,West,1946-08-15
P006430,44,Female,Medicare Advantage,West,1982-07-15
P006431,86,Female,Commercial,Northeast,1940-08-15
P006432,22,Male,Medicare,South,2004-04-15
P006433,61,Female,Commercial,South,1965-10-15
P006434,12,Male,Medicare,Midwest,2014-09-15
P006435,74,Female,Medicare,Midwest,1952-11-15
P006436,19,Male,Commercial,Midwest,2006-12-15
P006437,75,Female,Medicare Advantage,Northeast,1951-03-15
P006438,42,Female,Self-Pay,Northeast,1984-05-15
P006439,94,Female,Workers Comp,Northeast,1932-05-15
P006440,32,Female,Commercial,South,1994-08-15
P006441,55,Male,Medicare,South,1971-06-15
P006442,29,Female,Medicare Advantage,Northeast,1996-10-15
P006443,79,Female,Other,South,1946-01-15
P006444,52,Female,Medicare Advantage,South,1973-05-15
P006445,78,Female,Medicare,West,1948-01-15
P006446,73,Female,Medicare,Northeast,1952-01-15
P006447,25,Male,Medicare Advantage,South,2000-03-15
P006448,35,Female,Medicare,South,1990-05-15
P006449,14,Male,Commercial,West,2012-09-15
P006450,35,Female,Commercial,South,1990-04-15
P006451,76,Female,Medicaid,South,1950-09-15
P006452,74,Male,Medicare Advantage,Midwest,1951-11-15
P006453,29,Female,Medicare Advantage,West,1996-07-15
P006454,70,Female,Medicaid,West,1956-08-15
P006455,21,Female,Commercial,Northeast,2004-05-15
P006456,28,Female,Commercial,Midwest,1998-05-15
P006457,74,Male,Medicaid,South,1951-09-15
P006458,43,Female,Medicare Advantage,South,1983-04-15
P006459,34,Female,Medicare,West,1992-10-15
P006460,21,Male,Self-Pay,Northeast,2005-06-15
P006461,60,Male,Medicare,West,1966-12-15
P006462,54,Female,Medicaid,South,1971-11-15
P006463,81,Female,Medicaid,Midwest,1945-11-15
P006464,37,Female,Medicare,Northeast,1989-01-15
P006465,9,Female,Commercial,Midwest,2017-03-15
P006466,31,Male,Medicare,South,1994-06-15
P006467,36,Male,Commercial,South,1990-09-15
P006468,70,Male,Self-Pay,South,1956-05-15
P006469,37,Female,Medicare,West,1988-04-15
P006470,80,Female,Medicare Advantage,West,1945-07-15
P006471,50,Female,Medicare Advantage,South,1976-12-15
P006472,83,Female,Medicare,Northeast,1943-09-15
P006473,3,Other,Commercial,Northeast,2023-08-15
P006474,35,Female,Other,South,1991-01-15
P006475,60,Female,Medicare,West,1966-11-15
P006476,74,Male,Medicare,West,1951-10-15
P006477,81,Female,Medicare,Northeast,1944-06-15
P006478,31,Female,Medicare,South,1994-04-15
P006479,51,Female,Medicare Advantage,South,1974-05-15
P006480,61,Female,Medicare,Northeast,1965-06-15
P006481,28,Male,Medicare,South,1998-03-15
P006482,55,Male,Medicare,South,1970-02-15
P006483,25,Female,Medicare,South,2000-04-15
P006484,91,Male,Medicare,South,1935-08-15
P006485,37,Female,Commercial,South,1989-08-15
P006486,45,Female,Commercial,Midwest,1980-06-15
P006487,79,Male,Self-Pay,Northeast,1946-09-15
P006488,40,Female,Medicare,Midwest,1986-12-15
P006489,85,Male,Commercial,Midwest,1941-10-15
P006490,74,Male,Medicare,Midwest,1951-11-15
P006491,64,Female,Medicaid,West,1961-10-15
P006492,75,Female,Commercial,Midwest,1950-05-15
P006493,39,Female,Commercial,Midwest,1987-01-15
P006494,16,Male,Medicare,Midwest,2010-06-15
P006495,30,Female,Commercial,South,1995-09-15
P006496,85,Male,Commercial,West,1941-10-15
P006497,44,Male,Commercial,Midwest,1981-10-15
P006498,63,Male,Medicare,Midwest,1963-07-15
P006499,62,Female,Medicare Advantage,West,1964-02-15
P006500,57,Male,Commercial,Northeast,1968-08-15
P006501,48,Male,Medicare Advantage,South,1977-10-15
P006502,16,Male,Medicare,Northeast,2009-05-15
P006503,50,Male,Medicaid,West,1975-05-15
P006504,6,Male,Commercial,West,2020-06-15
P006505,2,Female,Medicaid,South,2024-07-15
P006506,55,Female,Medicaid,West,1970-10-15
P006507,73,Female,Medicare,Northeast,1953-07-15
P006508,69,Male,Commercial,South,1957-01-15
P006509,19,Male,Self-Pay,Midwest,2007-01-15
P006510,60,Male,Medicare,Midwest,1965-04-15
P006511,63,Male,Medicare,South,1963-06-15
P006512,41,Female,Other,West,1985-06-15
P006513,65,Male,Medicaid,Midwest,1961-02-15
P006514,54,Male,Medicare,South,1971-01-15
P006515,48,Male,Medicare Advantage,West,1978-01-15
P006516,36,Male,Medicare,West,1990-01-15
P006517,60,Other,Commercial,West,1966-03-15
P006518,61,Male,Medicaid,South,1964-07-15
P006519,56,Male,Medicaid,South,1970-07-15
P006520,72,Female,Medicaid,Midwest,1954-02-15
P006521,52,Female,Commercial,South,1973-06-15
P006522,59,Male,Commercial,Midwest,1967-03-15
P006523,39,Female,Commercial,Northeast,1986-08-15
P006524,17,Male,Commercial,West,2009-11-15
P006525,7,Male,Commercial,Midwest,2019-01-15
P006526,64,Male,Medicare,Northeast,1961-07-15
P006527,58,Female,Medicare Advantage,West,1968-01-15
P006528,77,Female,Medicare,South,1948-04-15
P006529,57,Male,Medicare,South,1968-09-15
P006530,14,Female,Medicare Advantage,South,2011-12-15
P006531,52,Female,Commercial,South,1974-06-15
P006532,43,Male,Medicare,South,1983-06-15
P006533,70,Female,Commercial,Midwest,1956-01-15
P006534,45,Female,Medicaid,West,1981-05-15
P006535,2,Male,Commercial,South,2024-05-15
P006536,25,Female,Commercial,Midwest,2001-09-15
P006537,51,Male,Self-Pay,South,1975-11-15
P006538,65,Female,Medicare,Midwest,1960-12-15
P006539,14,Male,Commercial,South,2011-01-15
P006540,77,Male,Commercial,South,1948-06-15
P006541,89,Male,Commercial,South,1937-03-15
P006542,36,Female,Medicare Advantage,Northeast,1990-02-15
P006543,21,Male,Medicaid,South,2005-11-15
P006544,7,Female,Self-Pay,South,2018-01-15
P006545,49,Male,Commercial,West,1977-02-15
P006546,30,Female,Medicare,West,1995-02-15
P006547,62,Female,Medicare,South,1963-01-15
P006548,78,Female,Commercial,West,1947-11-15
P006549,61,Female,Commercial,Midwest,1965-09-15
P006550,87,Male,Medicare,South,1938-03-15
P006551,83,Male,Medicare,West,1942-07-15
P006552,81,Female,Medicare,Midwest,1945-03-15
P006553,36,Female,Medicare,West,1989-03-15
P006554,87,Male,Commercial,Midwest,1938-11-15
P006555,43,Male,Medicare,Midwest,1982-10-15
P006556,34,Male,Medicare,South,1992-08-15
P006557,41,Male,Medicare,Midwest,1985-05-15
P006558,90,Male,Commercial,South,1935-02-15
P006559,31,Female,Medicare,South,1995-10-15
P006560,88,Male,Medicare,South,1937-05-15
P006561,93,Male,Commercial,Midwest,1933-10-15
P006562,54,Female,Medicare,West,1972-09-15
P006563,83,Male,Medicare,West,1943-02-15
P006564,34,Female,Commercial,West,1992-09-15
P006565,39,Male,Medicare Advantage,Midwest,1986-09-15
P006566,72,Male,Medicare,Midwest,1954-05-15
P006567,75,Male,Medicare,Northeast,1950-10-15
P006568,74,Female,Self-Pay,West,1951-07-15
P006569,3,Female,Medicare Advantage,Midwest,2022-07-15
P006570,58,Male,Commercial,Northeast,1968-10-15
P006571,85,Female,Self-Pay,Midwest,1941-01-15
P006572,43,Female,Medicare,South,1983-04-15
P006573,81,Female,Medicare,Midwest,1945-02-15
P006574,20,Female,Commercial,South,2005-09-15
P006575,76,Female,Medicare,South,1950-10-15
P006576,59,Other,Medicaid,South,1967-03-15
P006577,39,Male,Workers Comp,Northeast,1986-09-15
P006578,61,Female,Medicare,South,1964-11-15
P006579,60,Female,Commercial,Northeast,1966-04-15
P006580,60,Female,Medicare,Northeast,1965-07-15
P006581,60,Female,Medicare Advantage,Midwest,1965-02-15
P006582,90,Female,Medicare,Northeast,1936-10-15
P006583,25,Male,Commercial,South,2000-08-15
P006584,93,Female,Medicaid,Northeast,1932-10-15
P006585,50,Male,Medicare,South,1975-04-15
P006586,29,Female,Medicare,West,1997-07-15
P006587,31,Male,Medicare Advantage,Northeast,1994-04-15
P006588,89,Other,Medicare,West,1936-02-15
P006589,58,Female,Medicaid,South,1968-02-15
P006590,25,Female,Medicare,Northeast,2000-02-15
P006591,70,Male,Medicaid,Northeast,1955-01-15
P006592,40,Male,Medicare Advantage,Midwest,1985-05-15
P006593,53,Male,Commercial,South,1972-08-15
P006594,57,Female,Medicare Advantage,Northeast,1968-10-15
P006595,28,Male,Commercial,South,1998-10-15
P006596,72,Female,Medicare,South,1953-12-15
P006597,37,Male,Self-Pay,Midwest,1989-09-15
P006598,20,Female,Medicare,South,2005-03-15
P006599,58,Female,Medicare Advantage,Midwest,1968-03-15
P006600,55,Female,Medicaid,West,1970-08-15
P006601,52,Male,Commercial,West,1973-05-15
P006602,15,Female,Medicaid,South,2011-12-15
P006603,64,Male,Medicare,Midwest,1962-11-15
P006604,36,Male,Commercial,West,1990-05-15
P006605,53,Female,Medicare,Northeast,1972-08-15
P006606,74,Male,Medicare,South,1952-02-15
P006607,55,Male,Commercial,West,1970-09-15
P006608,64,Male,Medicare,Midwest,1961-06-15
P006609,45,Female,Medicare,South,1980-02-15
P006610,60,Male,Medicare,South,1966-02-15
P006611,79,Male,Commercial,West,1946-11-15
P006612,63,Female,Medicare,West,1962-09-15
P006613,92,Male,Commercial,South,1934-11-15
P006614,1,Male,Commercial,South,2024-08-15
P006615,76,Male,Medicare,West,1950-03-15
P006616,26,Male,Commercial,South,1999-08-15
P006617,52,Female,Medicare,Midwest,1973-07-15
P006618,54,Male,Medicare,Northeast,1971-11-15
P006619,32,Female,Commercial,South,1993-06-15
P006620,77,Male,Medicaid,Northeast,1949-11-15
P006621,12,Male,Medicare,Northeast,2014-05-15
P006622,46,Male,Medicare,West,1979-06-15
P006623,60,Female,Medicaid,West,1965-02-15
P006624,69,Male,Medicare Advantage,West,1957-12-15
P006625,57,Male,Medicaid,Midwest,1968-01-15
P006626,47,Male,Medicare,West,1979-11-15
P006627,49,Male,Medicare,Midwest,1977-07-15
P006628,67,Female,Commercial,West,1958-08-15
P006629,39,Female,Self-Pay,South,1986-04-15
P006630,82,Male,Commercial,Northeast,1943-03-15
P006631,79,Female,Commercial,South,1947-12-15
P006632,74,Male,Medicare Advantage,Midwest,1951-04-15
P006633,34,Male,Commercial,West,1991-07-15
P006634,70,Female,Medicaid,South,1955-10-15
P006635,65,Male,Medicare,South,1961-09-15
P006636,55,Male,Medicaid,Northeast,1970-06-15
P006637,60,Female,Commercial,Northeast,1966-05-15
P006638,46,Female,Medicaid,Northeast,1979-08-15
P006639,77,Female,Medicare,Midwest,1948-01-15
P006640,54,Female,Commercial,South,1971-09-15
P006641,79,Female,Self-Pay,West,1947-11-15
P006642,0,Female,Medicare,West,2026-05-15
P006643,66,Male,Medicaid,Northeast,1959-02-15
P006644,18,Male,Commercial,South,2008-07-15
P006645,70,Female,Commercial,South,1956-08-15
P006646,56,Male,Medicare,Midwest,1970-04-15
P006647,71,Female,Medicare Advantage,South,1954-05-15
P006648,21,Male,Medicare,South,2004-01-15
P006649,43,Female,Self-Pay,Midwest,1983-10-15
P006650,51,Male,Medicare,West,1975-08-15
P006651,73,Female,Medicare,Northeast,1953-09-15
P006652,67,Female,Medicare Advantage,Northeast,1959-02-15
P006653,60,Female,Medicare Advantage,Midwest,1966-12-15
P006654,7,Female,Medicare Advantage,South,2018-04-15
P006655,2,Female,Commercial,Midwest,2024-04-15
P006656,89,Male,Medicare,Midwest,1936-02-15
P006657,60,Female,Medicare,Midwest,1965-03-15
P006658,45,Male,Medicare,West,1981-11-15
P006659,18,Male,Medicare Advantage,Midwest,2007-12-15
P006660,2,Male,Medicare,South,2023-07-15
P006661,32,Female,Medicaid,South,1993-12-15
P006662,54,Female,Medicare,Northeast,1972-02-15
P006663,26,Male,Medicaid,Midwest,1999-03-15
P006664,8,Female,Medicare,Northeast,2018-06-15
P006665,24,Female,Commercial,Midwest,2001-08-15
P006666,6,Female,Medicaid,South,2020-04-15
P006667,49,Male,Medicaid,Midwest,1976-11-15
P006668,11,Female,Medicare,South,2015-07-15
P006669,53,Female,Medicare Advantage,South,1973-01-15
P006670,48,Female,Medicare,South,1978-10-15
P006671,27,Female,Medicare,South,1998-06-15
P006672,77,Male,Medicare,Northeast,1949-10-15
P006673,19,Male,Medicare Advantage,Northeast,2006-05-15
P006674,31,Male,Medicare,South,1995-06-15
P006675,33,Female,Medicare,Midwest,1993-11-15
P006676,31,Male,Medicare,South,1995-05-15
P006677,77,Male,Medicare,West,1948-04-15
P006678,66,Female,Medicaid,Northeast,1960-08-15
P006679,26,Female,Medicare,South,2000-11-15
P006680,1,Male,Other,South,2024-12-15
P006681,62,Female,Medicare,South,1963-07-15
P006682,54,Male,Medicaid,South,1972-03-15
P006683,63,Female,Medicare Advantage,South,1963-01-15
P006684,35,Female,Other,Midwest,1991-04-15
P006685,73,Male,Medicare,West,1953-01-15
P006686,62,Male,Medicare,Midwest,1963-07-15
P006687,50,Male,Commercial,Midwest,1976-04-15
P006688,56,Male,Commercial,West,1970-10-15
P006689,35,Male,Commercial,West,1991-09-15
P006690,58,Male,Commercial,Midwest,1967-05-15
P006691,74,Female,Commercial,West,1952-04-15
P006692,13,Female,Medicare,Midwest,2013-07-15
P006693,20,Female,Medicaid,Northeast,2006-05-15
P006694,44,Female,Commercial,South,1982-01-15
P006695,22,Male,Medicaid,South,2004-01-15
P006696,61,Female,Medicare Advantage,South,1964-10-15
P006697,17,Female,Medicare,South,2009-10-15
P006698,54,Male,Commercial,Midwest,1972-01-15
P006699,78,Female,Medicare,West,1948-02-15
P006700,57,Female,Medicare,West,1969-04-15
P006701,62,Male,Workers Comp,Northeast,1964-03-15
P006702,49,Male,Medicaid,South,1977-08-15
P006703,78,Female,Commercial,Northeast,1947-11-15
P006704,90,Male,Medicare,Midwest,1936-12-15
P006705,68,Male,Commercial,Northeast,1958-07-15
P006706,90,Female,Medicare Advantage,South,1935-03-15
P006707,4,Female,Medicare,Northeast,2021-04-15
P006708,52,Female,Commercial,South,1974-05-15
P006709,68,Female,Commercial,South,1957-02-15
P006710,71,Female,Medicare,South,1955-10-15
P006711,54,Female,Commercial,South,1971-03-15
P006712,28,Female,Other,Midwest,1998-11-15
P006713,69,Male,Commercial,South,1956-10-15
P006714,25,Female,Commercial,Midwest,2000-11-15
P006715,89,Male,Commercial,South,1937-02-15
P006716,42,Female,Commercial,Midwest,1983-08-15
P006717,66,Female,Commercial,Midwest,1960-10-15
P006718,50,Female,Self-Pay,South,1976-09-15
P006719,26,Male,Self-Pay,West,1999-09-15
P006720,47,Female,Medicare,Midwest,1979-07-15
P006721,19,Male,Medicaid,Midwest,2006-11-15
P006722,63,Male,Medicare Advantage,South,1962-06-15
P006723,87,Male,Commercial,Midwest,1938-02-15
P006724,34,Male,Medicare,South,1991-04-15
P006725,68,Male,Self-Pay,Midwest,1957-12-15
P006726,7,Male,Commercial,West,2018-12-15
P006727,33,Male,Commercial,West,1993-03-15
P006728,24,Female,Commercial,South,2001-10-15
P006729,66,Male,Commercial,West,1959-04-15
P006730,67,Male,Medicare Advantage,West,1959-06-15
P006731,40,Female,Commercial,West,1986-12-15
P006732,2,Female,Medicare,Midwest,2024-08-15
P006733,28,Male,Medicare,South,1998-12-15
P006734,54,Male,Medicare,Midwest,1971-02-15
P006735,45,Male,Medicaid,Midwest,1980-10-15
P006736,72,Male,Medicare,Northeast,1953-05-15
P006737,65,Female,Medicare Advantage,West,1960-08-15
P006738,41,Female,Medicaid,Northeast,1984-07-15
P006739,47,Female,Medicaid,South,1978-08-15
P006740,63,Female,Commercial,South,1963-11-15
P006741,53,Male,Commercial,West,1973-08-15
P006742,36,Male,Commercial,South,1989-11-15
P006743,58,Male,Medicare Advantage,West,1967-12-15
P006744,53,Female,Commercial,West,1972-10-15
P006745,77,Female,Medicare Advantage,South,1949-01-15
P006746,54,Male,Self-Pay,South,1971-11-15
P006747,19,Female,Medicare,West,2006-01-15
P006748,59,Female,Commercial,South,1967-02-15
P006749,18,Female,Medicare,South,2007-09-15
P006750,25,Female,Medicare Advantage,West,2000-12-15
P006751,54,Male,Medicare,South,1972-06-15
P006752,71,Male,Medicaid,South,1955-11-15
P006753,21,Female,Medicare,Northeast,2005-01-15
P006754,50,Male,Medicare Advantage,West,1976-02-15
P006755,30,Female,Commercial,Midwest,1995-03-15
P006756,55,Female,Medicaid,Midwest,1971-11-15
P006757,9,Male,Commercial,West,2016-05-15
P006758,27,Female,Medicare,South,1998-02-15
P006759,18,Male,Medicaid,Northeast,2008-06-15
P006760,58,Male,Medicare,West,1967-05-15
P006761,33,Female,Medicare,Northeast,1992-02-15
P006762,10,Male,Self-Pay,Midwest,2016-07-15
P006763,34,Female,Medicaid,Midwest,1991-09-15
P006764,41,Female,Medicare Advantage,Midwest,1985-10-15
P006765,68,Male,Commercial,South,1957-06-15
P006766,16,Male,Medicaid,Northeast,2009-10-15
P006767,59,Male,Medicare Advantage,Northeast,1966-05-15
P006768,72,Female,Commercial,West,1954-07-15
P006769,40,Female,Medicare,Midwest,1985-03-15
P006770,28,Female,Medicare,South,1998-02-15
P006771,61,Female,Medicare Advantage,South,1964-10-15
P006772,69,Female,Medicaid,Northeast,1957-01-15
P006773,49,Female,Medicaid,West,1976-11-15
P006774,72,Male,Self-Pay,Northeast,1953-04-15
P006775,65,Female,Self-Pay,Northeast,1961-12-15
P006776,35,Female,Commercial,South,1991-02-15
P006777,93,Male,Self-Pay,Northeast,1932-09-15
P006778,52,Female,Medicare,Northeast,1973-12-15
P006779,48,Female,Medicare,South,1978-07-15
P006780,61,Female,Commercial,Northeast,1964-07-15
P006781,21,Male,Medicaid,South,2004-01-15
P006782,94,Male,Medicaid,Midwest,1931-07-15
P006783,57,Female,Commercial,West,1969-01-15
P006784,59,Male,Commercial,Northeast,1966-07-15
P006785,53,Male,Medicare,Midwest,1972-03-15
P006786,77,Female,Self-Pay,Midwest,1948-05-15
P006787,45,Female,Medicare,West,1980-08-15
P006788,32,Female,Medicare,South,1994-09-15
P006789,51,Male,Medicare,South,1974-02-15
P006790,55,Male,Commercial,South,1970-12-15
P006791,48,Female,Medicare,West,1977-12-15
P006792,17,Male,Commercial,Midwest,2008-08-15
P006793,57,Female,Medicare,South,1968-03-15
P006794,34,Female,Medicaid,South,1992-01-15
P006795,2,Female,Medicare Advantage,South,2023-12-15
P006796,66,Male,Commercial,South,1959-03-15
P006797,44,Male,Medicare,Midwest,1982-01-15
P006798,59,Male,Medicare,West,1967-07-15
P006799,15,Female,Commercial,South,2010-10-15
P006800,46,Male,Medicaid,South,1979-03-15
P006801,72,Female,Medicare,West,1954-06-15
P006802,68,Male,Medicare Advantage,Midwest,1958-10-15
P006803,23,Male,Medicare Advantage,West,2003-12-15
P006804,36,Female,Medicare,Northeast,1990-05-15
P006805,19,Female,Medicare,Northeast,2007-08-15
P006806,22,Male,Self-Pay,Northeast,2004-09-15
P006807,40,Female,Medicaid,West,1986-05-15
P006808,44,Female,Medicaid,Midwest,1981-01-15
P006809,11,Male,Medicare Advantage,Midwest,2014-01-15
P006810,46,Female,Medicare,South,1980-04-15
P006811,70,Female,Medicaid,South,1955-12-15
P006812,96,Male,Medicare,South,1929-01-15
P006813,87,Female,Medicaid,Midwest,1938-04-15
P006814,84,Male,Medicare,Northeast,1942-03-15
P006815,73,Female,Commercial,South,1952-04-15
P006816,34,Female,Medicaid,Northeast,1992-10-15
P006817,74,Female,Commercial,South,1952-11-15
P006818,19,Female,Medicare Advantage,South,2006-03-15
P006819,83,Male,Medicare,South,1942-02-15
P006820,69,Female,Medicare,South,1956-11-15
P006821,27,Female,Medicare,West,1999-12-15
P006822,32,Male,Medicare,South,1994-04-15
P006823,66,Female,Commercial,Midwest,1959-01-15
P006824,54,Female,Medicare,South,1972-07-15
P006825,35,Female,Medicare,Midwest,1991-01-15
P006826,67,Female,Medicaid,West,1959-10-15
P006827,5,Female,Commercial,South,2020-09-15
P006828,7,Female,Medicare Advantage,South,2018-09-15
P006829,75,Female,Self-Pay,Northeast,1950-06-15
P006830,76,Male,Medicare,Northeast,1949-11-15
P006831,66,Male,Other,South,1960-03-15
P006832,48,Male,Medicare,West,1978-12-15
P006833,94,Female,Medicaid,South,1931-04-15
P006834,36,Male,Commercial,Northeast,1990-06-15
P006835,57,Female,Medicare,South,1968-07-15
P006836,11,Female,Commercial,Northeast,2014-08-15
P006837,24,Male,Medicaid,South,2001-12-15
P006838,96,Male,Commercial,South,1930-03-15
P006839,55,Female,Commercial,Northeast,1970-01-15
P006840,71,Female,Medicare,South,1955-11-15
P006841,16,Female,Medicaid,South,2010-09-15
P006842,41,Female,Medicare,South,1985-11-15
P006843,62,Female,Medicare,Midwest,1964-06-15
P006844,48,Female,Medicare Advantage,West,1977-01-15
P006845,35,Female,Medicare Advantage,Midwest,1991-07-15
P006846,31,Male,Medicare,Midwest,1995-03-15
P006847,73,Female,Medicare Advantage,Midwest,1953-08-15
P006848,24,Female,Medicare,South,2002-10-15
P006849,20,Female,Medicare,South,2005-05-15
P006850,44,Female,Commercial,West,1982-12-15
P006851,58,Male,Workers Comp,Midwest,1967-06-15
P006852,54,Female,Self-Pay,South,1971-09-15
P006853,15,Female,Commercial,West,2010-08-15
P006854,31,Male,Medicare Advantage,West,1995-11-15
P006855,74,Female,Medicaid,South,1951-08-15
P006856,68,Male,Medicare Advantage,South,1957-05-15
P006857,32,Male,Medicare,South,1994-05-15
P006858,68,Male,Medicare,West,1957-09-15
P006859,48,Female,Medicare Advantage,South,1977-12-15
P006860,94,Female,Commercial,Midwest,1931-03-15
P006861,19,Male,Medicare,South,2007-07-15
P006862,77,Female,Medicare,Northeast,1949-01-15
P006863,54,Female,Medicare,South,1972-04-15
P006864,73,Female,Medicaid,South,1953-11-15
P006865,47,Male,Medicare,Midwest,1979-12-15
P006866,55,Male,Self-Pay,South,1970-05-15
P006867,70,Male,Commercial,Midwest,1955-01-15
P006868,23,Female,Medicare,South,2003-07-15
P006869,75,Female,Medicare,South,1951-06-15
P006870,49,Female,Commercial,Midwest,1976-08-15
P006871,22,Male,Medicare Advantage,Northeast,2004-08-15
P006872,24,Male,Medicare,Midwest,2002-08-15
P006873,70,Male,Medicare,Midwest,1955-07-15
P006874,64,Female,Medicare,Northeast,1962-08-15
P006875,83,Male,Medicaid,Midwest,1943-03-15
P006876,92,Male,Medicare,Northeast,1934-07-15
P006877,29,Female,Medicare,West,1997-09-15
P006878,55,Male,Medicaid,South,1971-01-15
P006879,6,Female,Commercial,South,2020-10-15
P006880,19,Female,Medicare,Northeast,2007-07-15
P006881,49,Female,Medicare,West,1976-03-15
P006882,36,Female,Commercial,Northeast,1989-09-15
P006883,57,Female,Medicare Advantage,South,1968-08-15
P006884,51,Female,Medicaid,South,1975-09-15
P006885,60,Female,Medicare,South,1965-07-15
P006886,33,Male,Medicare,Midwest,1992-05-15
P006887,83,Female,Self-Pay,Midwest,1942-05-15
P006888,20,Female,Medicare Advantage,South,2006-08-15
P006889,54,Female,Workers Comp,Northeast,1971-04-15
P006890,21,Female,Commercial,West,2004-12-15
P006891,96,Male,Medicare,West,1930-01-15
P006892,28,Female,Commercial,South,1998-08-15
P006893,42,Male,Commercial,West,1983-07-15
P006894,35,Male,Medicare,West,1991-06-15
P006895,45,Male,Medicare,West,1980-11-15
P006896,34,Male,Medicaid,West,1992-01-15
P006897,33,Male,Workers Comp,South,1993-09-15
P006898,77,Male,Commercial,Northeast,1948-11-15
P006899,38,Male,Medicare Advantage,Northeast,1988-07-15
P006900,62,Female,Commercial,Northeast,1964-05-15
P006901,21,Male,Commercial,South,2005-01-15
P006902,88,Male,Medicaid,Northeast,1937-02-15
P006903,31,Male,Self-Pay,South,1995-03-15
P006904,25,Female,Commercial,South,2001-05-15
P006905,72,Female,Medicare,South,1953-02-15
P006906,49,Female,Medicare Advantage,South,1976-05-15
P006907,77,Female,Commercial,West,1948-10-15
P006908,38,Female,Medicare,Midwest,1987-04-15
P006909,87,Female,Medicare Advantage,Midwest,1938-05-15
P006910,83,Female,Medicare,Northeast,1942-03-15
P006911,54,Female,Self-Pay,South,1971-03-15
P006912,47,Male,Medicare Advantage,West,1979-06-15
P006913,60,Male,Medicare,Midwest,1965-11-15
P006914,55,Male,Commercial,West,1971-12-15
P006915,58,Female,Medicare,West,1968-11-15
P006916,29,Male,Workers Comp,Midwest,1997-11-15
P006917,29,Male,Commercial,Northeast,1997-12-15
P006918,94,Female,Medicare Advantage,South,1931-05-15
P006919,80,Female,Medicare,West,1945-12-15
P006920,28,Male,Commercial,South,1997-04-15
P006921,66,Male,Medicare,South,1959-11-15
P006922,42,Male,Self-Pay,South,1983-02-15
P006923,55,Male,Medicaid,South,1971-10-15
P006924,40,Female,Commercial,West,1985-10-15
P006925,86,Female,Medicare Advantage,West,1940-01-15
P006926,19,Male,Commercial,Northeast,2007-10-15
P006927,69,Female,Commercial,Midwest,1956-05-15
P006928,5,Female,Medicaid,South,2021-09-15
P006929,25,Male,Medicare,Northeast,2001-04-15
P006930,44,Female,Commercial,South,1981-01-15
P006931,66,Female,Medicare,South,1959-05-15
P006932,59,Male,Commercial,South,1967-02-15
P006933,65,Male,Commercial,West,1960-07-15
P006934,45,Female,Commercial,West,1981-03-15
P006935,50,Male,Medicare,Northeast,1975-07-15
P006936,66,Male,Commercial,West,1960-08-15
P006937,29,Male,Medicare Advantage,South,1997-12-15
P006938,55,Male,Commercial,Northeast,1970-02-15
P006939,24,Male,Commercial,Northeast,2002-10-15
P006940,50,Female,Medicare Advantage,South,1975-02-15
P006941,38,Female,Medicaid,Midwest,1987-05-15
P006942,49,Male,Commercial,Northeast,1977-12-15
P006943,54,Female,Workers Comp,Midwest,1971-12-15
P006944,54,Female,Self-Pay,West,1971-07-15
P006945,92,Female,Commercial,South,1933-05-15
P006946,45,Female,Medicare,South,1980-01-15
P006947,26,Male,Medicare,West,2000-12-15
P006948,16,Male,Medicare,Midwest,2010-03-15
P006949,32,Male,Medicaid,West,1994-04-15
P006950,56,Male,Medicaid,South,1970-12-15
P006951,6,Male,Commercial,South,2019-09-15
P006952,26,Female,Commercial,South,1999-07-15
P006953,48,Male,Commercial,South,1977-08-15
P006954,38,Female,Medicare,South,1987-11-15
P006955,66,Female,Self-Pay,Midwest,1959-05-15
P006956,54,Other,Commercial,West,1971-05-15
P006957,1,Male,Self-Pay,Northeast,2025-04-15
P006958,86,Female,Medicare,Midwest,1939-11-15
P006959,78,Male,Commercial,South,1947-04-15
P006960,21,Male,Medicaid,Midwest,2004-05-15
P006961,75,Female,Medicare Advantage,Midwest,1951-09-15
P006962,48,Female,Medicare,Midwest,1977-11-15
P006963,24,Female,Commercial,Midwest,2002-12-15
P006964,35,Male,Medicare,South,1990-11-15
P006965,16,Female,Medicare Advantage,South,2009-08-15
P006966,23,Male,Commercial,Midwest,2003-06-15
P006967,55,Female,Medicare Advantage,West,1970-09-15
P006968,9,Male,Commercial,West,2017-05-15
P006969,8,Male,Workers Comp,South,2017-07-15
P006970,75,Male,Self-Pay,Northeast,1950-07-15
P006971,54,Female,Medicare,South,1971-04-15
P006972,79,Female,Medicare,Midwest,1946-12-15
P006973,56,Female,Medicare,Northeast,1969-06-15
P006974,42,Female,Medicare,West,1983-09-15
P006975,85,Male,Commercial,South,1940-11-15
P006976,43,Female,Medicare,South,1983-03-15
P006977,64,Female,Commercial,South,1961-05-15
P006978,53,Female,Self-Pay,Midwest,1973-11-15
P006979,93,Female,Commercial,Northeast,1933-09-15
P006980,20,Female,Commercial,West,2005-05-15
P006981,82,Male,Commercial,Midwest,1943-01-15
P006982,91,Female,Self-Pay,West,1934-05-15
P006983,77,Female,Commercial,South,1948-11-15
P006984,81,Female,Medicare,Northeast,1944-09-15
P006985,74,Male,Medicare,South,1951-09-15
P006986,53,Male,Medicaid,South,1973-07-15
P006987,68,Male,Medicare,West,1958-09-15
P006988,31,Male,Medicare,West,1995-06-15
P006989,54,Female,Medicare,Midwest,1972-11-15
P006990,32,Male,Medicare Advantage,South,1994-10-15
P006991,60,Male,Commercial,West,1966-09-15
P006992,79,Male,Medicaid,South,1947-09-15
P006993,63,Male,Medicare,West,1962-10-15
P006994,36,Male,Commercial,West,1990-02-15
P006995,63,Male,Medicare,West,1963-07-15
P006996,70,Male,Commercial,Northeast,1956-08-15
P006997,11,Male,Self-Pay,West,2015-08-15
P006998,60,Male,Self-Pay,West,1965-05-15
P006999,9,Female,Commercial,Northeast,2017-04-15
P007000,55,Female,Commercial,Midwest,1971-08-15
P007001,39,Male,Medicare,West,1987-01-15
P007002,38,Male,Medicare,West,1987-04-15
P007003,64,Male,Commercial,Midwest,1961-04-15
P007004,36,Male,Medicare,West,1990-02-15
P007005,64,Female,Medicaid,South,1961-03-15
P007006,70,Male,Commercial,Midwest,1956-04-15
P007007,26,Female,Commercial,West,1999-03-15
P007008,64,Male,Self-Pay,Midwest,1961-07-15
P007009,39,Male,Commercial,Northeast,1986-02-15
P007010,59,Male,Medicaid,South,1966-03-15
P007011,37,Male,Commercial,Midwest,1989-02-15
P007012,39,Male,Medicare Advantage,South,1987-07-15
P007013,37,Female,Medicare,South,1989-10-15
P007014,56,Male,Commercial,Northeast,1970-01-15
P007015,76,Female,Commercial,South,1949-03-15
P007016,61,Male,Medicare,South,1965-11-15
P007017,57,Female,Self-Pay,Midwest,1969-01-15
P007018,32,Male,Medicare,South,1994-12-15
P007019,53,Male,Commercial,Midwest,1972-12-15
P007020,58,Female,Commercial,Midwest,1968-02-15
P007021,24,Female,Medicare,Midwest,2002-12-15
P007022,58,Female,Medicare,Midwest,1967-10-15
P007023,72,Female,Medicaid,Northeast,1953-03-15
P007024,63,Male,Self-Pay,Northeast,1963-06-15
P007025,64,Female,Self-Pay,South,1961-06-15
P007026,69,Female,Medicare,South,1957-03-15
P007027,15,Female,Medicaid,South,2011-04-15
P007028,67,Male,Medicare,Midwest,1959-12-15
P007029,76,Female,Other,Midwest,1950-08-15
P007030,18,Other,Medicare Advantage,South,2007-08-15
P007031,23,Male,Commercial,Midwest,2003-07-15
P007032,10,Female,Medicaid,Midwest,2015-01-15
P007033,54,Female,Medicare Advantage,Northeast,1972-11-15
P007034,75,Male,Commercial,South,1951-08-15
P007035,18,Female,Medicare Advantage,Midwest,2007-05-15
P007036,45,Female,Medicare,West,1980-08-15
P007037,61,Male,Medicaid,South,1965-04-15
P007038,72,Female,Medicare Advantage,West,1953-10-15
P007039,31,Male,Commercial,South,1994-11-15
P007040,52,Female,Medicare,South,1974-12-15
P007041,46,Male,Medicare Advantage,Midwest,1980-02-15
P007042,80,Female,Commercial,South,1946-08-15
P007043,36,Female,Commercial,South,1990-03-15
P007044,83,Male,Medicare,Midwest,1942-08-15
P007045,77,Female,Medicaid,South,1949-12-15
P007046,68,Male,Commercial,South,1957-09-15
P007047,47,Female,Commercial,South,1979-12-15
P007048,54,Female,Self-Pay,Northeast,1972-11-15
P007049,63,Male,Medicare Advantage,South,1963-09-15
P007050,7,Female,Commercial,Northeast,2018-12-15
P007051,57,Female,Medicare,South,1969-08-15
P007052,39,Male,Commercial,Northeast,1986-09-15
P007053,59,Other,Other,Midwest,1966-05-15
P007054,83,Female,Commercial,Midwest,1943-10-15
P007055,40,Male,Commercial,Northeast,1985-01-15
P007056,18,Female,Medicare Advantage,South,2007-05-15
P007057,0,Female,Self-Pay,South,2025-10-15
P007058,33,Male,Medicare,Midwest,1993-10-15
P007059,46,Female,Commercial,West,1980-05-15
P007060,27,Male,Commercial,Midwest,1999-03-15
P007061,35,Male,Medicare,Midwest,1990-12-15
P007062,72,Female,Medicare Advantage,South,1953-01-15
P007063,74,Female,Commercial,West,1951-12-15
P007064,71,Female,Other,Northeast,1955-05-15
P007065,19,Male,Medicaid,South,2007-01-15
P007066,79,Male,Medicare,Midwest,1946-09-15
P007067,66,Male,Medicaid,South,1959-06-15
P007068,47,Female,Self-Pay,Northeast,1978-05-15
P007069,56,Female,Medicare,Midwest,1970-01-15
P007070,24,Male,Medicare,West,2002-10-15
P007071,49,Male,Medicaid,West,1977-02-15
P007072,63,Male,Commercial,Midwest,1963-11-15
P007073,62,Male,Workers Comp,South,1963-11-15
P007074,47,Female,Medicare,West,1979-02-15
P007075,57,Female,Medicare,Northeast,1969-03-15
P007076,78,Male,Other,South,1948-02-15
P007077,25,Female,Medicaid,Midwest,2001-12-15
P007078,53,Male,Self-Pay,South,1973-03-15
P007079,24,Male,Commercial,West,2002-04-15
P007080,36,Female,Commercial,Midwest,1989-09-15
P007081,57,Female,Medicare Advantage,Northeast,1969-06-15
P007082,32,Female,Medicare,South,1994-06-15
P007083,78,Male,Medicare Advantage,West,1947-06-15
P007084,50,Female,Medicare,West,1976-06-15
P007085,70,Female,Medicare,West,1955-04-15
P007086,48,Female,Medicaid,West,1977-10-15
P007087,68,Female,Medicare,South,1958-08-15
P007088,57,Female,Medicaid,Midwest,1969-07-15
P007089,46,Male,Medicare,Northeast,1979-10-15
P007090,27,Female,Medicare Advantage,South,1998-02-15
P007091,0,Male,Medicare,South,2026-12-15
P007092,11,Male,Medicaid,South,2015-08-15
P007093,58,Female,Commercial,West,1967-03-15
P007094,30,Female,Medicare,West,1996-07-15
P007095,59,Male,Medicare,West,1966-11-15
P007096,69,Female,Medicare,South,1956-08-15
P007097,52,Female,Medicaid,Northeast,1973-09-15
P007098,85,Female,Medicaid,South,1941-03-15
P007099,67,Male,Commercial,West,1959-02-15
P007100,65,Male,Medicare,Midwest,1960-11-15
P007101,70,Other,Self-Pay,Midwest,1956-01-15
P007102,46,Male,Commercial,Midwest,1980-11-15
P007103,61,Male,Medicare,South,1965-05-15
P007104,79,Female,Medicaid,Midwest,1946-08-15
P007105,33,Male,Medicare,West,1993-03-15
P007106,44,Female,Commercial,Midwest,1981-05-15
P007107,21,Female,Medicaid,West,2005-04-15
P007108,56,Female,Commercial,Northeast,1969-11-15
P007109,1,Male,Self-Pay,Northeast,2025-02-15
P007110,78,Male,Commercial,Northeast,1948-03-15
P007111,43,Female,Commercial,Midwest,1983-05-15
P007112,53,Male,Medicare,West,1973-04-15
P007113,68,Male,Commercial,Midwest,1957-05-15
P007114,70,Male,Medicare,South,1955-12-15
P007115,29,Male,Commercial,West,1997-08-15
P007116,46,Female,Commercial,Northeast,1979-07-15
P007117,33,Female,Medicare,Northeast,1993-01-15
P007118,75,Male,Commercial,Midwest,1951-10-15
P007119,57,Female,Medicare Advantage,Northeast,1969-12-15
P007120,44,Female,Other,South,1982-08-15
P007121,54,Male,Commercial,Midwest,1972-06-15
P007122,59,Female,Medicaid,West,1967-03-15
P007123,62,Male,Commercial,Midwest,1963-11-15
P007124,56,Male,Medicare,Northeast,1970-08-15
P007125,47,Male,Commercial,South,1979-06-15
P007126,33,Female,Medicare,South,1993-01-15
P007127,36,Female,Commercial,South,1990-10-15
P007128,57,Female,Commercial,West,1968-12-15
P007129,69,Male,Medicare,West,1957-09-15
P007130,18,Female,Medicare,South,2008-09-15
P007131,58,Male,Medicare,Midwest,1968-12-15
P007132,30,Male,Commercial,South,1995-10-15
P007133,90,Female,Commercial,Midwest,1936-11-15
P007134,21,Male,Medicaid,South,2004-09-15
P007135,51,Male,Medicaid,Northeast,1974-04-15
P007136,69,Female,Medicare,Midwest,1956-12-15
P007137,93,Female,Medicare,South,1932-04-15
P007138,80,Female,Medicare,West,1946-07-15
P007139,79,Female,Commercial,South,1947-07-15
P007140,50,Female,Medicaid,Midwest,1975-05-15
P007141,22,Female,Medicare,West,2003-09-15
P007142,69,Female,Medicaid,South,1957-12-15
P007143,32,Male,Commercial,Northeast,1994-02-15
P007144,19,Male,Medicaid,South,2006-11-15
P007145,55,Female,Commercial,Northeast,1971-03-15
P007146,70,Female,Commercial,South,1956-10-15
P007147,45,Female,Medicare,South,1980-01-15
P007148,74,Male,Commercial,South,1951-04-15
P007149,78,Male,Self-Pay,West,1947-10-15
P007150,28,Female,Medicare,West,1997-08-15
P007151,19,Male,Medicaid,South,2006-01-15
P007152,67,Female,Medicare Advantage,Midwest,1959-09-15
P007153,49,Female,Commercial,Midwest,1976-02-15
P007154,26,Female,Commercial,Northeast,2000-11-15
P007155,30,Male,Commercial,West,1995-05-15
P007156,75,Male,Medicaid,Northeast,1951-06-15
P007157,38,Male,Medicare,Northeast,1987-05-15
P007158,39,Male,Commercial,Midwest,1987-01-15
P007159,64,Male,Medicare,Midwest,1962-03-15
P007160,35,Male,Medicare,West,1991-01-15
P007161,66,Male,Medicaid,South,1959-03-15
P007162,47,Male,Medicare,Midwest,1979-03-15
P007163,53,Female,Commercial,South,1972-06-15
P007164,79,Female,Medicaid,South,1946-02-15
P007165,66,Male,Medicare,Northeast,1959-05-15
P007166,59,Male,Medicare,Midwest,1966-05-15
P007167,69,Female,Medicaid,Midwest,1956-10-15
P007168,95,Male,Commercial,Midwest,1930-06-15
P007169,56,Male,Medicaid,West,1969-03-15
P007170,52,Male,Medicare Advantage,West,1974-04-15
P007171,73,Female,Medicare,West,1953-11-15
P007172,84,Male,Commercial,West,1941-02-15
P007173,20,Male,Commercial,Midwest,2005-04-15
P007174,55,Female,Medicaid,South,1970-02-15
P007175,21,Female,Medicare,West,2004-09-15
P007176,46,Male,Self-Pay,South,1979-03-15
P007177,88,Male,Medicare,West,1937-01-15
P007178,67,Female,Commercial,Midwest,1958-09-15
P007179,90,Male,Medicaid,Northeast,1936-05-15
P007180,65,Male,Medicaid,South,1960-12-15
P007181,40,Female,Medicare Advantage,South,1985-05-15
P007182,85,Female,Other,Midwest,1940-01-15
P007183,42,Male,Medicare Advantage,Midwest,1984-11-15
P007184,58,Other,Medicare Advantage,Northeast,1968-07-15
P007185,26,Female,Medicaid,West,2000-07-15
P007186,57,Male,Medicare,Midwest,1969-07-15
P007187,36,Male,Medicare,West,1990-11-15
P007188,57,Male,Medicaid,Midwest,1968-06-15
P007189,55,Male,Medicare,West,1970-12-15
P007190,19,Male,Medicare,West,2006-11-15
P007191,1,Female,Medicaid,South,2025-04-15
P007192,23,Male,Medicare,South,2003-03-15
P007193,37,Male,Commercial,South,1989-06-15
P007194,43,Male,Self-Pay,Northeast,1982-01-15
P007195,29,Male,Commercial,Midwest,1997-12-15
P007196,47,Male,Medicare Advantage,West,1978-01-15
P007197,28,Female,Medicare,South,1997-05-15
P007198,9,Female,Medicaid,South,2016-07-15
P007199,21,Male,Medicare,West,2004-04-15
P007200,27,Female,Medicare,Northeast,1999-07-15
P007201,72,Female,Commercial,West,1954-03-15
P007202,22,Female,Commercial,South,2004-02-15
P007203,74,Female,Medicaid,Northeast,1951-09-15
P007204,75,Female,Self-Pay,South,1950-05-15
P007205,17,Female,Commercial,South,2009-06-15
P007206,1,Female,Medicare Advantage,Midwest,2024-04-15
P007207,57,Female,Medicare,Northeast,1969-04-15
P007208,36,Female,Workers Comp,Northeast,1990-09-15
P007209,24,Male,Commercial,South,2002-01-15
P007210,32,Female,Medicare,Midwest,1993-08-15
P007211,63,Male,Medicare Advantage,West,1962-09-15
P007212,57,Female,Medicare Advantage,West,1968-09-15
P007213,63,Female,Medicare,South,1963-09-15
P007214,53,Male,Medicare,Midwest,1972-10-15
P007215,51,Female,Medicare,Midwest,1974-01-15
P007216,49,Male,Medicaid,West,1977-07-15
P007217,78,Male,Medicare,Midwest,1948-07-15
P007218,72,Female,Commercial,Midwest,1954-01-15
P007219,23,Female,Medicare,Northeast,2003-05-15
P007220,77,Male,Medicare Advantage,Midwest,1949-10-15
P007221,36,Female,Medicare,South,1989-10-15
P007222,58,Male,Medicare Advantage,Northeast,1967-11-15
P007223,81,Male,Medicaid,South,1945-11-15
P007224,34,Male,Commercial,Northeast,1992-10-15
P007225,43,Male,Medicaid,Northeast,1983-06-15
P007226,64,Male,Commercial,Northeast,1961-12-15
P007227,62,Male,Medicare,Midwest,1964-05-15
P007228,45,Female,Commercial,South,1980-09-15
P007229,67,Male,Medicare,Midwest,1959-04-15
P007230,81,Female,Self-Pay,South,1944-04-15
P007231,57,Female,Medicare Advantage,Northeast,1969-11-15
P007232,41,Female,Self-Pay,West,1984-07-15
P007233,72,Female,Commercial,Midwest,1954-10-15
P007234,57,Male,Commercial,South,1968-10-15
P007235,59,Female,Self-Pay,Northeast,1967-09-15
P007236,40,Female,Commercial,West,1986-12-15
P007237,62,Male,Self-Pay,Northeast,1964-01-15
P007238,77,Male,Medicare,Northeast,1948-12-15
P007239,2,Female,Medicare,Midwest,2023-01-15
P007240,51,Female,Medicare,West,1974-12-15
P007241,48,Female,Commercial,Midwest,1977-01-15
P007242,66,Female,Medicaid,South,1960-08-15
P007243,4,Male,Commercial,South,2021-02-15
P007244,40,Female,Commercial,Midwest,1986-07-15
P007245,47,Female,Other,South,1979-10-15
P007246,53,Female,Commercial,Northeast,1972-01-15
P007247,48,Male,Commercial,Northeast,1978-09-15
P007248,27,Female,Commercial,Midwest,1998-01-15
P007249,44,Male,Medicare,Northeast,1982-12-15
P007250,27,Male,Medicare,West,1999-06-15
P007251,82,Male,Medicare,South,1944-05-15
P007252,52,Female,Self-Pay,West,1974-05-15
P007253,69,Male,Medicare,South,1957-03-15
P007254,82,Female,Commercial,South,1944-07-15
P007255,27,Female,Commercial,South,1998-08-15
P007256,93,Male,Medicare,South,1932-09-15
P007257,65,Female,Medicaid,Northeast,1960-11-15
P007258,70,Female,Medicare,West,1955-04-15
P007259,87,Female,Medicaid,Midwest,1939-08-15
P007260,62,Female,Medicaid,South,1964-03-15
P007261,51,Female,Medicaid,South,1974-09-15
P007262,50,Male,Commercial,South,1975-02-15
P007263,29,Male,Commercial,West,1997-03-15
P007264,66,Female,Medicare,South,1960-04-15
P007265,50,Male,Medicare,South,1975-12-15
P007266,95,Male,Commercial,South,1930-03-15
P007267,55,Male,Commercial,Midwest,1970-07-15
P007268,55,Male,Medicare,Northeast,1971-01-15
P007269,61,Other,Self-Pay,Midwest,1965-12-15
P007270,71,Male,Medicare Advantage,Northeast,1955-06-15
P007271,53,Female,Medicare,West,1973-05-15
P007272,62,Male,Self-Pay,Northeast,1963-05-15
P007273,60,Male,Medicaid,South,1966-06-15
P007274,75,Male,Commercial,Midwest,1951-10-15
P007275,67,Female,Medicaid,South,1959-01-15
P007276,66,Female,Medicare,Northeast,1959-05-15
P007277,64,Female,Medicare,Midwest,1962-02-15
P007278,36,Female,Self-Pay,Midwest,1990-02-15
P007279,20,Male,Commercial,South,2006-06-15
P007280,55,Female,Medicaid,South,1970-04-15
P007281,63,Female,Commercial,West,1963-05-15
P007282,53,Female,Commercial,Northeast,1972-08-15
P007283,87,Male,Commercial,West,1939-02-15
P007284,72,Female,Medicare,Northeast,1953-02-15
P007285,33,Female,Commercial,Northeast,1993-07-15
P007286,79,Male,Medicare,South,1946-08-15
P007287,75,Male,Medicare,West,1951-07-15
P007288,32,Female,Workers Comp,West,1994-07-15
P007289,20,Female,Self-Pay,South,2006-08-15
P007290,47,Female,Medicaid,Midwest,1978-07-15
P007291,23,Female,Medicare Advantage,South,2003-01-15
P007292,51,Female,Medicare Advantage,South,1974-07-15
P007293,13,Female,Medicare Advantage,West,2013-02-15
P007294,62,Male,Commercial,South,1964-01-15
P007295,43,Female,Medicare Advantage,South,1982-01-15
P007296,9,Male,Medicare Advantage,Midwest,2016-11-15
P007297,79,Male,Commercial,South,1946-05-15
P007298,71,Male,Medicare,West,1954-11-15
P007299,67,Male,Medicare,Northeast,1959-09-15
P007300,18,Male,Commercial,Northeast,2007-07-15
P007301,60,Male,Medicare,Northeast,1966-01-15
P007302,5,Female,Medicare,South,2021-07-15
P007303,83,Female,Commercial,South,1942-04-15
P007304,57,Male,Medicaid,Midwest,1968-07-15
P007305,1,Male,Medicaid,Midwest,2024-06-15
P007306,59,Male,Medicare Advantage,South,1967-03-15
P007307,70,Male,Medicaid,West,1956-12-15
P007308,57,Female,Medicaid,South,1969-07-15
P007309,51,Male,Medicaid,Midwest,1975-08-15
P007310,68,Male,Other,Midwest,1958-05-15
P007311,18,Male,Medicaid,Midwest,2008-02-15
P007312,68,Female,Medicare,Northeast,1958-03-15
P007313,54,Male,Medicare Advantage,Northeast,1971-11-15
P007314,66,Male,Commercial,Midwest,1960-06-15
P007315,19,Male,Medicare Advantage,Midwest,2007-04-15
P007316,87,Male,Medicare Advantage,Midwest,1939-09-15
P007317,89,Female,Commercial,South,1937-10-15
P007318,27,Male,Medicare,West,1999-07-15
P007319,45,Male,Commercial,West,1981-11-15
P007320,22,Female,Commercial,South,2003-12-15
P007321,71,Female,Medicaid,Midwest,1954-10-15
P007322,69,Male,Commercial,South,1957-09-15
P007323,21,Female,Medicaid,West,2005-11-15
P007324,77,Female,Commercial,Midwest,1949-09-15
P007325,43,Female,Self-Pay,South,1982-02-15
P007326,54,Male,Medicare,West,1972-03-15
P007327,33,Male,Medicare,Midwest,1993-03-15
P007328,46,Female,Medicaid,Midwest,1979-08-15
P007329,62,Female,Medicare Advantage,Midwest,1963-11-15
P007330,28,Male,Medicare Advantage,Northeast,1997-07-15
P007331,65,Male,Medicaid,West,1961-12-15
P007332,26,Male,Medicare,Northeast,1999-04-15
P007333,68,Male,Medicare,West,1957-12-15
P007334,64,Male,Commercial,Midwest,1961-11-15
P007335,82,Male,Medicare,Midwest,1944-07-15
P007336,74,Female,Self-Pay,Midwest,1952-10-15
P007337,79,Male,Medicare,Northeast,1946-08-15
P007338,46,Female,Self-Pay,Northeast,1979-10-15
P007339,68,Male,Medicare Advantage,South,1957-07-15
P007340,6,Male,Medicaid,West,2020-10-15
P007341,55,Female,Commercial,West,1971-04-15
P007342,74,Male,Medicare,West,1951-07-15
P007343,92,Male,Commercial,Midwest,1933-06-15
P007344,76,Female,Medicare,West,1950-08-15
P007345,94,Female,Medicaid,Northeast,1932-09-15
P007346,61,Female,Medicare Advantage,Midwest,1965-10-15
P007347,65,Male,Medicare,South,1961-07-15
P007348,61,Female,Self-Pay,South,1965-11-15
P007349,49,Female,Medicare Advantage,South,1976-01-15
P007350,69,Male,Medicare,Northeast,1956-06-15
P007351,39,Male,Medicare,South,1987-06-15
P007352,67,Male,Commercial,South,1958-06-15
P007353,14,Female,Commercial,Midwest,2012-09-15
P007354,60,Male,Medicare,Midwest,1966-12-15
P007355,0,Male,Medicare,Midwest,2025-04-15
P007356,18,Female,Commercial,South,2007-10-15
P007357,79,Male,Commercial,Northeast,1947-01-15
P007358,68,Female,Medicare,Midwest,1958-01-15
P007359,30,Female,Medicare,Midwest,1996-08-15
P007360,59,Female,Workers Comp,South,1966-12-15
P007361,85,Male,Medicare,Northeast,1940-05-15
P007362,72,Female,Medicaid,South,1953-01-15
P007363,44,Female,Medicaid,South,1981-12-15
P007364,18,Female,Medicare Advantage,South,2007-01-15
P007365,65,Female,Other,Northeast,1961-11-15
P007366,82,Female,Medicare,Midwest,1943-08-15
P007367,65,Male,Medicare Advantage,Midwest,1961-02-15
P007368,60,Female,Medicare,West,1966-11-15
P007369,33,Male,Self-Pay,Midwest,1993-09-15
P007370,79,Male,Medicare,South,1947-05-15
P007371,72,Female,Medicare Advantage,South,1953-08-15
P007372,66,Female,Commercial,Midwest,1960-06-15
P007373,49,Female,Commercial,South,1977-10-15
P007374,23,Male,Commercial,South,2003-09-15
P007375,58,Male,Other,South,1967-06-15
P007376,61,Male,Medicare,South,1964-07-15
P007377,53,Female,Self-Pay,Midwest,1972-05-15
P007378,69,Female,Medicare Advantage,South,1956-08-15
P007379,77,Female,Self-Pay,West,1948-01-15
P007380,56,Female,Commercial,Midwest,1969-01-15
P007381,37,Female,Medicare,West,1989-04-15
P007382,77,Female,Medicare,Midwest,1949-08-15
P007383,36,Female,Medicare Advantage,South,1990-04-15
P007384,14,Female,Medicare Advantage,West,2012-09-15
P007385,47,Female,Medicare,South,1978-10-15
P007386,48,Male,Commercial,Midwest,1977-12-15
P007387,56,Female,Medicaid,Midwest,1969-05-15
P007388,70,Male,Commercial,South,1955-12-15
P007389,65,Male,Medicare Advantage,South,1960-06-15
P007390,85,Male,Commercial,Northeast,1940-07-15
P007391,42,Male,Commercial,Midwest,1983-01-15
P007392,39,Male,Self-Pay,West,1987-08-15
P007393,20,Female,Medicare,West,2005-05-15
P007394,62,Male,Commercial,Northeast,1964-01-15
P007395,35,Male,Commercial,West,1991-06-15
P007396,68,Male,Commercial,Midwest,1958-02-15
P007397,66,Female,Commercial,South,1959-02-15
P007398,92,Male,Medicare,Midwest,1933-01-15
P007399,52,Male,Medicare,South,1973-05-15
P007400,59,Female,Commercial,Northeast,1967-10-15
P007401,83,Female,Medicare Advantage,South,1942-02-15
P007402,82,Male,Commercial,Northeast,1944-10-15
P007403,30,Female,Medicare,West,1996-05-15
P007404,20,Female,Medicare,Midwest,2005-04-15
P007405,71,Female,Other,Midwest,1955-06-15
P007406,63,Female,Medicare Advantage,Northeast,1962-03-15
P007407,84,Female,Medicare,Northeast,1941-07-15
P007408,23,Female,Commercial,Midwest,2002-01-15
P007409,44,Male,Commercial,Northeast,1981-01-15
P007410,24,Female,Medicare,Midwest,2002-02-15
P007411,50,Male,Medicare,South,1976-03-15
P007412,68,Male,Medicare Advantage,Midwest,1958-04-15
P007413,80,Male,Self-Pay,Midwest,1945-07-15
P007414,20,Male,Medicare,South,2005-09-15
P007415,9,Male,Medicare,Midwest,2017-05-15
P007416,66,Female,Medicaid,Midwest,1960-11-15
P007417,67,Female,Commercial,South,1959-08-15
P007418,31,Male,Medicare Advantage,West,1995-11-15
P007419,60,Male,Commercial,Midwest,1965-10-15
P007420,68,Male,Medicaid,West,1958-07-15
P007421,47,Male,Medicare Advantage,South,1979-01-15
P007422,77,Female,Commercial,Midwest,1949-04-15
P007423,46,Female,Medicare,Midwest,1979-11-15
P007424,41,Female,Medicare,South,1985-03-15
P007425,60,Female,Medicare,West,1966-11-15
P007426,12,Male,Medicare,West,2014-04-15
P007427,41,Male,Commercial,Midwest,1984-12-15
P007428,45,Female,Medicaid,Midwest,1980-11-15
P007429,51,Female,Commercial,South,1975-05-15
P007430,36,Male,Medicare Advantage,Midwest,1990-06-15
P007431,92,Male,Medicare,West,1933-04-15
P007432,44,Female,Medicare,West,1982-08-15
P007433,8,Female,Commercial,South,2018-06-15
P007434,36,Female,Commercial,South,1990-05-15
P007435,57,Female,Self-Pay,South,1969-11-15
P007436,35,Female,Commercial,South,1990-12-15
P007437,41,Female,Medicare Advantage,South,1984-01-15
P007438,24,Male,Self-Pay,Northeast,2002-05-15
P007439,29,Male,Commercial,Northeast,1996-05-15
P007440,69,Male,Self-Pay,Midwest,1957-12-15
P007441,47,Female,Commercial,West,1978-10-15
P007442,72,Female,Commercial,West,1953-03-15
P007443,10,Male,Medicare,South,2016-04-15
P007444,36,Female,Medicaid,West,1989-07-15
P007445,6,Female,Medicare Advantage,Midwest,2020-11-15
P007446,34,Female,Medicare,West,1991-06-15
P007447,10,Female,Medicare,South,2016-11-15
P007448,62,Male,Medicare,Northeast,1964-07-15
P007449,88,Female,Commercial,Midwest,1938-11-15
P007450,21,Male,Medicare,West,2004-10-15
P007451,33,Male,Commercial,Midwest,1993-02-15
P007452,64,Male,Other,Midwest,1961-05-15
P007453,58,Male,Self-Pay,Midwest,1968-06-15
P007454,40,Female,Self-Pay,Midwest,1986-02-15
P007455,36,Male,Medicare,Midwest,1989-05-15
P007456,57,Male,Medicaid,Midwest,1968-01-15
P007457,63,Male,Medicare,South,1962-01-15
P007458,78,Female,Medicaid,West,1947-09-15
P007459,88,Male,Commercial,South,1938-11-15
P007460,1,Female,Medicare,Northeast,2025-02-15
P007461,73,Male,Medicaid,Midwest,1952-08-15
P007462,45,Male,Medicare Advantage,West,1980-05-15
P007463,75,Male,Medicare Advantage,South,1951-10-15
P007464,44,Female,Medicare Advantage,South,1982-11-15
P007465,10,Male,Medicaid,West,2015-03-15
P007466,71,Female,Medicare,South,1954-11-15
P007467,73,Male,Medicare,Northeast,1953-09-15
P007468,55,Male,Medicare,South,1971-04-15
P007469,61,Male,Medicare Advantage,Northeast,1964-07-15
P007470,31,Female,Medicare Advantage,South,1994-02-15
P007471,77,Female,Medicare Advantage,Midwest,1948-09-15
P007472,76,Female,Self-Pay,Midwest,1950-01-15
P007473,67,Female,Medicaid,West,1958-10-15
P007474,20,Female,Commercial,South,2006-08-15
P007475,56,Male,Commercial,Northeast,1970-08-15
P007476,25,Female,Medicare,South,2001-11-15
P007477,34,Female,Commercial,West,1991-08-15
P007478,48,Female,Medicare Advantage,Northeast,1977-11-15
P007479,40,Male,Medicare,Midwest,1985-08-15
P007480,67,Female,Medicare,West,1959-08-15
P007481,44,Female,Medicare,South,1982-09-15
P007482,64,Male,Medicaid,Midwest,1961-10-15
P007483,92,Male,Commercial,South,1934-10-15
P007484,69,Female,Medicaid,Northeast,1956-05-15
P007485,14,Female,Self-Pay,South,2011-02-15
P007486,66,Male,Medicare,South,1959-05-15
P007487,13,Male,Medicare,West,2012-09-15
P007488,5,Male,Medicare Advantage,South,2020-11-15
P007489,90,Female,Medicare,South,1936-08-15
P007490,69,Female,Medicare,Northeast,1956-01-15
P007491,48,Male,Medicare,Northeast,1978-02-15
P007492,65,Female,Other,South,1960-09-15
P007493,63,Female,Medicare,South,1962-09-15
P007494,39,Female,Medicare,West,1987-07-15
P007495,68,Female,Medicare Advantage,Northeast,1957-08-15
P007496,58,Female,Commercial,Midwest,1968-04-15
P007497,41,Male,Workers Comp,Northeast,1984-11-15
P007498,25,Male,Commercial,South,2000-07-15
P007499,18,Female,Medicare Advantage,Northeast,2007-04-15
P007500,79,Male,Medicaid,West,1946-09-15
P007501,13,Female,Medicare,South,2013-08-15
P007502,72,Male,Medicaid,West,1954-12-15
P007503,73,Male,Medicare,South,1953-09-15
P007504,28,Male,Medicaid,West,1997-08-15
P007505,49,Female,Medicare Advantage,Midwest,1976-02-15
P007506,53,Female,Medicaid,South,1972-01-15
P007507,66,Female,Medicare,Northeast,1960-05-15
P007508,44,Male,Commercial,Midwest,1981-12-15
P007509,62,Female,Commercial,South,1963-03-15
P007510,66,Male,Commercial,South,1960-01-15
P007511,44,Male,Medicare Advantage,Midwest,1982-09-15
P007512,71,Male,Medicare Advantage,South,1954-06-15
P007513,70,Female,Medicare Advantage,Midwest,1955-01-15
P007514,28,Male,Commercial,Midwest,1997-08-15
P007515,70,Female,Medicare,Midwest,1955-03-15
P007516,63,Female,Medicare,West,1963-02-15
P007517,79,Male,Medicare,Midwest,1947-04-15
P007518,33,Female,Medicare,West,1992-11-15
P007519,40,Male,Medicare,Midwest,1985-06-15
P007520,73,Female,Commercial,West,1953-03-15
P007521,60,Female,Workers Comp,Midwest,1966-09-15
P007522,72,Male,Medicare Advantage,Midwest,1953-12-15
P007523,16,Female,Commercial,South,2010-01-15
P007524,56,Female,Medicare,Midwest,1970-05-15
P007525,73,Male,Medicare,South,1953-08-15
P007526,61,Male,Commercial,Northeast,1965-08-15
P007527,30,Female,Commercial,West,1996-11-15
P007528,49,Male,Medicaid,Midwest,1977-09-15
P007529,37,Female,Medicare Advantage,South,1989-05-15
P007530,68,Male,Medicaid,West,1958-05-15
P007531,55,Male,Commercial,Northeast,1971-11-15
P007532,24,Male,Commercial,Midwest,2001-07-15
P007533,35,Male,Medicare,South,1990-01-15
P007534,51,Male,Medicare,Northeast,1975-03-15
P007535,76,Male,Medicare,West,1950-05-15
P007536,75,Female,Commercial,South,1951-08-15
P007537,49,Female,Medicare,West,1976-06-15
P007538,50,Female,Commercial,South,1975-09-15
P007539,59,Female,Workers Comp,Midwest,1967-11-15
P007540,33,Female,Medicare,South,1992-04-15
P007541,48,Male,Medicare,Midwest,1978-05-15
P007542,63,Male,Medicare,Northeast,1963-09-15
P007543,34,Female,Medicare,South,1992-02-15
P007544,50,Male,Commercial,South,1976-06-15
P007545,42,Female,Commercial,Northeast,1983-08-15
P007546,34,Male,Medicare,West,1992-02-15
P007547,59,Male,Medicare,Midwest,1967-01-15
P007548,74,Female,Medicare Advantage,West,1951-11-15
P007549,46,Male,Workers Comp,Midwest,1979-12-15
P007550,38,Female,Medicare,South,1988-04-15
P007551,46,Female,Medicaid,Northeast,1979-06-15
P007552,73,Male,Medicaid,Midwest,1952-11-15
P007553,73,Female,Medicare,South,1952-12-15
P007554,42,Female,Medicare Advantage,Northeast,1983-03-15
P007555,67,Female,Medicaid,Northeast,1958-01-15
P007556,91,Female,Medicare,Midwest,1935-03-15
P007557,77,Male,Medicare Advantage,Northeast,1948-03-15
P007558,61,Female,Workers Comp,West,1964-07-15
P007559,29,Male,Medicare Advantage,Northeast,1997-08-15
P007560,70,Male,Self-Pay,Northeast,1956-06-15
P007561,72,Male,Commercial,West,1953-03-15
P007562,32,Male,Commercial,Midwest,1993-03-15
P007563,28,Male,Medicare,Midwest,1997-07-15
P007564,31,Male,Medicare,South,1995-12-15
P007565,48,Female,Medicare,Northeast,1977-08-15
P007566,37,Male,Medicaid,Midwest,1988-05-15
P007567,38,Male,Medicare,West,1988-04-15
P007568,28,Male,Medicare Advantage,West,1997-06-15
P007569,71,Female,Commercial,West,1954-06-15
P007570,87,Female,Medicare,South,1938-06-15
P007571,56,Male,Medicare Advantage,West,1970-05-15
P007572,3,Female,Commercial,West,2022-11-15
P007573,57,Male,Medicare Advantage,South,1968-09-15
P007574,50,Male,Medicare,South,1975-01-15
P007575,59,Female,Commercial,Northeast,1966-06-15
P007576,48,Male,Medicaid,Northeast,1978-07-15
P007577,78,Male,Medicare,Midwest,1947-11-15
P007578,38,Male,Commercial,South,1987-09-15
P007579,82,Male,Commercial,South,1943-07-15
P007580,62,Female,Medicare Advantage,West,1964-09-15
P007581,38,Female,Medicaid,West,1988-01-15
P007582,41,Male,Medicaid,West,1985-02-15
P007583,76,Male,Medicaid,South,1949-04-15
P007584,2,Female,Medicare Advantage,Midwest,2023-01-15
P007585,43,Male,Medicare Advantage,South,1983-11-15
P007586,83,Female,Medicare,South,1943-01-15
P007587,42,Male,Commercial,Midwest,1983-04-15
P007588,12,Male,Medicare,South,2013-02-15
P007589,74,Male,Medicare,South,1952-01-15
P007590,88,Male,Commercial,Midwest,1937-11-15
P007591,76,Female,Commercial,South,1950-02-15
P007592,53,Female,Other,West,1973-10-15
P007593,77,Male,Commercial,Midwest,1948-12-15
P007594,64,Female,Medicare,West,1961-07-15
P007595,8,Male,Medicare,West,2017-08-15
P007596,47,Male,Medicare,South,1979-04-15
P007597,84,Male,Medicare,South,1941-05-15
P007598,68,Male,Medicare,South,1957-04-15
P007599,71,Male,Medicaid,South,1955-07-15
P007600,44,Male,Medicaid,Northeast,1981-05-15
P007601,91,Female,Medicare Advantage,West,1934-03-15
P007602,71,Female,Medicare,Northeast,1955-04-15
P007603,56,Male,Medicare,Midwest,1970-07-15
P007604,67,Male,Medicare,South,1958-12-15
P007605,63,Male,Medicare Advantage,South,1963-10-15
P007606,47,Male,Commercial,Northeast,1979-07-15
P007607,30,Female,Medicaid,West,1996-10-15
P007608,82,Female,Medicare,Northeast,1944-11-15
P007609,28,Female,Medicaid,South,1998-09-15
P007610,61,Male,Commercial,South,1965-09-15
P007611,40,Female,Commercial,West,1986-10-15
P007612,41,Female,Medicare,South,1985-07-15
P007613,23,Female,Medicare Advantage,Northeast,2003-12-15
P007614,75,Female,Medicare,Northeast,1950-08-15
P007615,16,Male,Medicaid,West,2010-02-15
P007616,21,Female,Medicaid,South,2004-06-15
P007617,95,Female,Medicare,West,1931-10-15
P007618,52,Female,Commercial,South,1973-01-15
P007619,18,Male,Medicare,South,2007-11-15
P007620,73,Female,Commercial,Midwest,1952-03-15
P007621,37,Male,Medicare Advantage,South,1989-06-15
P007622,63,Female,Commercial,Midwest,1962-10-15
P007623,69,Male,Medicare Advantage,Northeast,1957-06-15
P007624,45,Female,Medicare Advantage,Northeast,1980-01-15
P007625,16,Male,Medicare Advantage,South,2009-07-15
P007626,32,Female,Medicare Advantage,West,1994-11-15
P007627,58,Male,Medicaid,Midwest,1967-08-15
P007628,19,Female,Medicare,South,2007-01-15
P007629,66,Male,Medicare,South,1960-02-15
P007630,61,Male,Commercial,Midwest,1964-01-15
P007631,42,Male,Medicare,Northeast,1983-05-15
P007632,27,Male,Self-Pay,South,1999-09-15
P007633,11,Female,Commercial,Northeast,2015-08-15
P007634,45,Female,Medicare,South,1981-12-15
P007635,43,Female,Medicare,Northeast,1982-11-15
P007636,78,Female,Medicaid,West,1947-04-15
P007637,93,Male,Medicare,Northeast,1932-07-15
P007638,91,Female,Medicare Advantage,Midwest,1934-08-15
P007639,44,Male,Medicare Advantage,South,1982-11-15
P007640,62,Male,Commercial,West,1964-05-15
P007641,86,Female,Workers Comp,Midwest,1940-07-15
P007642,48,Male,Medicare,Midwest,1978-02-15
P007643,3,Male,Self-Pay,Midwest,2023-06-15
P007644,48,Female,Commercial,South,1978-04-15
P007645,27,Male,Medicare,South,1999-03-15
P007646,62,Female,Medicare,West,1964-10-15
P007647,4,Female,Commercial,South,2022-11-15
P007648,15,Other,Commercial,West,2010-06-15
P007649,28,Female,Medicaid,Midwest,1997-07-15
P007650,89,Male,Commercial,West,1937-08-15
P007651,63,Male,Commercial,West,1962-09-15
P007652,64,Female,Medicare Advantage,South,1961-06-15
P007653,75,Male,Medicaid,South,1951-06-15
P007654,33,Female,Medicare Advantage,South,1992-05-15
P007655,33,Female,Medicare,Midwest,1993-06-15
P007656,34,Female,Medicare,Midwest,1992-07-15
P007657,62,Male,Medicaid,South,1964-03-15
P007658,25,Female,Self-Pay,West,2001-12-15
P007659,28,Female,Medicare,Midwest,1998-05-15
P007660,66,Female,Medicare,West,1960-07-15
P007661,85,Male,Commercial,South,1940-07-15
P007662,33,Female,Medicare,Midwest,1993-08-15
P007663,76,Female,Medicare Advantage,Midwest,1950-03-15
P007664,7,Female,Commercial,South,2018-07-15
P007665,50,Female,Medicaid,Northeast,1975-08-15
P007666,54,Female,Medicare,South,1971-06-15
P007667,52,Female,Commercial,Midwest,1974-10-15
P007668,67,Female,Medicare,Northeast,1958-03-15
P007669,44,Male,Medicare,Northeast,1981-03-15
P007670,60,Female,Medicare Advantage,West,1965-10-15
P007671,57,Female,Commercial,West,1969-10-15
P007672,40,Female,Commercial,South,1985-09-15
P007673,36,Female,Medicare,South,1990-07-15
P007674,84,Male,Commercial,Northeast,1942-10-15
P007675,78,Male,Commercial,South,1947-10-15
P007676,36,Male,Commercial,Midwest,1989-09-15
P007677,49,Male,Medicare Advantage,Northeast,1976-10-15
P007678,0,Male,Medicare,South,2025-02-15
P007679,48,Female,Medicare,South,1978-12-15
P007680,76,Male,Medicare,South,1950-07-15
P007681,68,Male,Workers Comp,Northeast,1957-11-15
P007682,8,Female,Medicare Advantage,Midwest,2018-04-15
P007683,24,Male,Medicare,South,2001-02-15
P007684,21,Female,Medicare,Midwest,2005-11-15
P007685,40,Female,Medicaid,West,1985-03-15
P007686,64,Female,Medicaid,Midwest,1961-02-15
P007687,43,Male,Medicare,West,1982-05-15
P007688,56,Female,Medicare,South,1969-10-15
P007689,27,Female,Medicare,West,1998-02-15
P007690,62,Female,Medicare,West,1964-10-15
P007691,75,Female,Commercial,South,1951-02-15
P007692,6,Male,Medicare,Midwest,2019-01-15
P007693,69,Female,Medicare,Midwest,1956-11-15
P007694,76,Female,Self-Pay,South,1949-10-15
P007695,18,Male,Medicare,Midwest,2007-07-15
P007696,50,Female,Commercial,West,1975-12-15
P007697,1,Female,Workers Comp,West,2025-09-15
P007698,76,Other,Medicare,Northeast,1950-04-15
P007699,3,Male,Self-Pay,South,2022-07-15
P007700,50,Female,Medicare,Midwest,1975-02-15
P007701,20,Male,Commercial,South,2006-12-15
P007702,13,Male,Medicaid,South,2013-02-15
P007703,29,Male,Medicare,Midwest,1997-03-15
P007704,55,Female,Medicare,Midwest,1971-01-15
P007705,65,Male,Medicare,Northeast,1960-07-15
P007706,11,Female,Medicare Advantage,Midwest,2014-06-15
P007707,45,Male,Medicare,South,1980-07-15
P007708,15,Male,Medicare,Midwest,2010-12-15
P007709,26,Male,Medicare Advantage,West,1999-08-15
P007710,52,Male,Medicare,Midwest,1974-03-15
P007711,61,Male,Medicaid,West,1965-06-15
P007712,42,Male,Commercial,South,1984-11-15
P007713,71,Male,Medicare,South,1955-07-15
P007714,37,Female,Medicare,Midwest,1988-11-15
P007715,37,Female,Medicare Advantage,Northeast,1989-01-15
P007716,70,Male,Commercial,Midwest,1956-03-15
P007717,71,Female,Commercial,Midwest,1954-07-15
P007718,1,Female,Commercial,South,2025-08-15
P007719,7,Male,Medicare Advantage,West,2019-09-15
P007720,5,Female,Commercial,West,2020-11-15
P007721,36,Female,Medicaid,West,1989-10-15
P007722,27,Male,Commercial,West,1999-01-15
P007723,43,Male,Medicare,South,1983-11-15
P007724,61,Male,Commercial,South,1965-02-15
P007725,22,Female,Medicare,South,2004-07-15
P007726,77,Male,Self-Pay,West,1948-06-15
P007727,64,Male,Medicare Advantage,South,1961-12-15
P007728,57,Female,Medicaid,South,1969-07-15
P007729,95,Male,Medicare,South,1930-01-15
P007730,35,Female,Commercial,South,1991-07-15
P007731,67,Male,Commercial,Northeast,1958-05-15
P007732,77,Female,Other,South,1949-06-15
P007733,73,Male,Commercial,Midwest,1953-10-15
P007734,60,Male,Medicare,West,1965-11-15
P007735,65,Female,Commercial,West,1960-06-15
P007736,2,Female,Medicare,Northeast,2024-07-15
P007737,76,Female,Other,South,1950-04-15
P007738,2,Female,Medicare,West,2024-10-15
P007739,39,Female,Medicare,South,1987-05-15
P007740,11,Male,Commercial,Midwest,2014-06-15
P007741,42,Female,Medicaid,South,1984-05-15
P007742,53,Male,Commercial,West,1972-10-15
P007743,35,Male,Commercial,Midwest,1990-12-15
P007744,78,Male,Medicaid,West,1947-03-15
P007745,17,Male,Medicaid,South,2009-05-15
P007746,38,Male,Self-Pay,South,1988-02-15
P007747,39,Female,Medicare,West,1987-06-15
P007748,54,Female,Medicaid,South,1971-08-15
P007749,35,Male,Medicare Advantage,South,1990-02-15
P007750,81,Female,Medicare Advantage,West,1944-01-15
P007751,76,Male,Medicare,Midwest,1950-01-15
P007752,69,Other,Commercial,West,1957-03-15
P007753,7,Male,Commercial,Midwest,2018-03-15
P007754,83,Female,Medicaid,Midwest,1942-02-15
P007755,48,Female,Medicaid,Midwest,1977-04-15
P007756,50,Female,Medicaid,South,1975-09-15
P007757,70,Female,Medicare,West,1956-07-15
P007758,80,Female,Medicare Advantage,South,1945-01-15
P007759,61,Male,Medicare,West,1965-04-15
P007760,6,Female,Commercial,Northeast,2020-04-15
P007761,85,Male,Medicaid,Midwest,1941-09-15
P007762,44,Female,Medicaid,Northeast,1981-08-15
P007763,26,Male,Workers Comp,South,2000-08-15
P007764,48,Female,Commercial,Northeast,1977-08-15
P007765,75,Male,Medicare,Northeast,1950-05-15
P007766,73,Female,Self-Pay,West,1953-07-15
P007767,39,Female,Self-Pay,South,1986-01-15
P007768,29,Male,Self-Pay,Northeast,1997-01-15
P007769,34,Female,Medicare,South,1992-06-15
P007770,13,Male,Commercial,West,2013-11-15
P007771,34,Female,Commercial,South,1992-08-15
P007772,19,Female,Medicare,Northeast,2006-05-15
P007773,34,Female,Medicare Advantage,West,1991-01-15
P007774,68,Female,Medicare,South,1958-08-15
P007775,69,Male,Self-Pay,West,1956-06-15
P007776,53,Female,Medicare,South,1972-10-15
P007777,84,Male,Medicare Advantage,South,1941-12-15
P007778,55,Male,Medicaid,West,1970-04-15
P007779,90,Female,Medicare,Midwest,1935-02-15
P007780,29,Male,Commercial,West,1997-08-15
P007781,50,Female,Medicare Advantage,South,1975-11-15
P007782,79,Male,Medicare,West,1947-06-15
P007783,33,Male,Medicaid,Northeast,1993-03-15
P007784,62,Male,Commercial,South,1963-03-15
P007785,4,Male,Medicaid,West,2021-05-15
P007786,0,Male,Medicare,West,2026-07-15
P007787,3,Female,Medicare,West,2022-01-15
P007788,21,Female,Commercial,Midwest,2004-10-15
P007789,49,Female,Self-Pay,South,1977-10-15
P007790,35,Female,Medicaid,South,1991-03-15
P007791,72,Male,Medicare,West,1953-10-15
P007792,72,Male,Commercial,Northeast,1954-04-15
P007793,67,Female,Medicare Advantage,Northeast,1959-08-15
P007794,47,Female,Commercial,West,1979-05-15
P007795,72,Male,Commercial,West,1953-06-15
P007796,53,Male,Commercial,South,1972-11-15
P007797,42,Female,Commercial,South,1984-07-15
P007798,85,Female,Medicare,Midwest,1941-10-15
P007799,61,Female,Medicaid,South,1965-08-15
P007800,87,Male,Medicare Advantage,Northeast,1938-03-15
P007801,68,Female,Medicaid,South,1957-06-15
P007802,33,Female,Medicaid,South,1992-07-15
P007803,20,Female,Medicaid,Northeast,2005-07-15
P007804,74,Male,Medicare Advantage,West,1952-04-15
P007805,27,Female,Commercial,West,1999-09-15
P007806,46,Female,Commercial,West,1980-02-15
P007807,12,Male,Commercial,Midwest,2013-08-15
P007808,34,Male,Medicare,Midwest,1991-07-15
P007809,77,Female,Commercial,South,1949-10-15
P007810,32,Female,Medicare,Northeast,1994-06-15
P007811,16,Male,Medicare,Northeast,2010-02-15
P007812,42,Female,Commercial,Northeast,1983-03-15
P007813,19,Male,Medicare,South,2007-07-15
P007814,30,Male,Medicaid,West,1995-03-15
P007815,58,Male,Medicaid,South,1967-04-15
P007816,58,Male,Medicare,West,1967-03-15
P007817,13,Male,Commercial,West,2013-07-15
P007818,77,Female,Medicare Advantage,Northeast,1949-12-15
P007819,54,Female,Medicare Advantage,South,1972-08-15
P007820,95,Female,Commercial,Midwest,1930-02-15
P007821,14,Female,Commercial,South,2012-11-15
P007822,49,Female,Medicare,West,1976-03-15
P007823,35,Male,Medicare Advantage,South,1991-02-15
P007824,94,Female,Commercial,South,1932-01-15
P007825,29,Female,Self-Pay,Northeast,1996-03-15
P007826,39,Female,Medicaid,Midwest,1987-04-15
P007827,90,Male,Medicare,South,1935-04-15
P007828,34,Male,Medicare,South,1992-05-15
P007829,55,Male,Commercial,South,1971-05-15
P007830,58,Male,Medicaid,South,1967-11-15
P007831,73,Female,Medicaid,South,1952-04-15
P007832,29,Male,Medicare,West,1997-02-15
P007833,50,Male,Medicare Advantage,South,1975-02-15
P007834,13,Male,Other,Midwest,2013-03-15
P007835,16,Female,Medicaid,South,2010-08-15
P007836,72,Male,Commercial,South,1954-10-15
P007837,74,Male,Medicare Advantage,West,1952-06-15
P007838,67,Female,Medicaid,Midwest,1959-07-15
P007839,78,Female,Medicare,West,1948-08-15
P007840,69,Male,Medicaid,Northeast,1957-07-15
P007841,53,Female,Medicaid,South,1973-04-15
P007842,46,Female,Commercial,South,1979-07-15
P007843,60,Male,Medicaid,Northeast,1966-03-15
P007844,95,Female,Medicare,West,1931-12-15
P007845,14,Female,Medicaid,Midwest,2011-11-15
P007846,65,Female,Commercial,West,1961-02-15
P007847,6,Male,Medicare,South,2020-06-15
P007848,51,Male,Commercial,Northeast,1974-02-15
P007849,35,Female,Self-Pay,South,1990-08-15
P007850,33,Male,Medicaid,West,1993-01-15
P007851,60,Female,Medicaid,Midwest,1966-04-15
P007852,50,Male,Medicare,Midwest,1976-07-15
P007853,28,Male,Medicare,West,1997-08-15
P007854,76,Male,Medicare,Northeast,1950-04-15
P007855,47,Male,Medicare Advantage,Midwest,1979-06-15
P007856,73,Female,Medicare,Northeast,1952-03-15
P007857,77,Female,Commercial,West,1948-09-15
P007858,42,Male,Commercial,West,1984-12-15
P007859,44,Male,Medicaid,South,1982-03-15
P007860,30,Female,Medicare Advantage,South,1996-12-15
P007861,93,Male,Medicaid,South,1933-09-15
P007862,27,Female,Commercial,Midwest,1998-07-15
P007863,64,Female,Commercial,South,1962-12-15
P007864,70,Female,Medicaid,Midwest,1956-12-15
P007865,7,Female,Self-Pay,Northeast,2019-07-15
P007866,57,Male,Medicare,Northeast,1968-10-15
P007867,88,Male,Medicare Advantage,Northeast,1938-10-15
P007868,75,Female,Medicaid,Northeast,1950-07-15
P007869,47,Female,Medicaid,South,1979-01-15
P007870,20,Female,Medicaid,West,2006-04-15
P007871,25,Male,Commercial,South,2000-04-15
P007872,81,Male,Medicaid,Midwest,1944-04-15
P007873,58,Female,Commercial,West,1968-10-15
P007874,69,Male,Commercial,West,1956-03-15
P007875,44,Female,Medicare,Midwest,1981-12-15
P007876,76,Female,Medicare,South,1949-06-15
P007877,11,Female,Other,West,2015-02-15
P007878,48,Male,Medicare,South,1978-09-15
P007879,50,Male,Commercial,Midwest,1975-05-15
P007880,66,Female,Medicaid,South,1960-10-15
P007881,71,Male,Medicaid,West,1954-11-15
P007882,53,Male,Commercial,Midwest,1972-05-15
P007883,34,Male,Commercial,West,1991-12-15
P007884,51,Male,Medicare,Northeast,1975-02-15
P007885,68,Female,Medicare,South,1958-01-15
P007886,65,Female,Commercial,West,1960-09-15
P007887,44,Male,Self-Pay,South,1981-11-15
P007888,53,Female,Medicare,West,1973-07-15
P007889,38,Male,Medicare,South,1988-12-15
P007890,68,Male,Medicare,Midwest,1957-09-15
P007891,60,Female,Medicare,South,1966-10-15
P007892,71,Female,Commercial,South,1954-12-15
P007893,49,Male,Commercial,Midwest,1976-12-15
P007894,67,Female,Medicaid,West,1958-11-15
P007895,74,Female,Commercial,Midwest,1951-04-15
P007896,56,Female,Medicare,South,1970-02-15
P007897,27,Male,Medicare,South,1999-09-15
P007898,54,Female,Medicare,Northeast,1972-03-15
P007899,27,Male,Medicare,West,1998-12-15
P007900,48,Male,Medicaid,Northeast,1977-10-15
P007901,30,Male,Medicaid,South,1995-02-15
P007902,22,Female,Medicare,West,2004-11-15
P007903,56,Female,Medicare,West,1970-10-15
P007904,50,Female,Commercial,South,1975-06-15
P007905,64,Female,Commercial,West,1962-11-15
P007906,60,Male,Medicare,Northeast,1965-12-15
P007907,23,Male,Medicaid,South,2003-04-15
P007908,59,Male,Medicare,West,1966-11-15
P007909,23,Female,Workers Comp,Northeast,2002-01-15
P007910,17,Male,Medicaid,Northeast,2008-04-15
P007911,79,Male,Medicare,Northeast,1946-10-15
P007912,9,Male,Medicare,West,2017-05-15
P007913,54,Male,Medicare,South,1972-01-15
P007914,27,Female,Commercial,Midwest,1998-03-15
P007915,22,Female,Medicare,South,2004-11-15
P007916,33,Male,Medicare,South,1993-03-15
P007917,69,Male,Medicare Advantage,South,1956-02-15
P007918,63,Female,Commercial,West,1962-02-15
P007919,64,Male,Medicaid,South,1961-09-15
P007920,56,Male,Medicaid,West,1969-07-15
P007921,45,Male,Medicare,South,1981-12-15
P007922,47,Female,Commercial,Midwest,1979-10-15
P007923,49,Female,Medicaid,South,1976-03-15
P007924,57,Female,Commercial,West,1968-10-15
P007925,46,Female,Medicaid,Midwest,1979-10-15
P007926,78,Male,Medicaid,Midwest,1948-12-15
P007927,90,Female,Medicaid,Midwest,1935-09-15
P007928,50,Female,Medicare,Northeast,1975-03-15
P007929,68,Female,Medicare,Northeast,1958-10-15
P007930,68,Male,Medicare,West,1958-01-15
P007931,54,Female,Commercial,Northeast,1972-01-15
P007932,51,Female,Self-Pay,Northeast,1975-07-15
P007933,39,Female,Medicare,South,1986-06-15
P007934,59,Female,Commercial,West,1966-01-15
P007935,76,Female,Medicaid,Midwest,1949-12-15
P007936,44,Male,Medicare Advantage,Northeast,1982-05-15
P007937,61,Female,Medicare Advantage,Midwest,1965-10-15
P007938,5,Female,Medicare,Midwest,2021-11-15
P007939,51,Female,Medicare,Northeast,1975-05-15
P007940,65,Female,Medicare,West,1960-04-15
P007941,33,Male,Medicaid,Northeast,1992-05-15
P007942,12,Male,Medicare,South,2013-09-15
P007943,39,Female,Commercial,South,1986-10-15
P007944,45,Female,Commercial,West,1981-01-15
P007945,64,Male,Medicare,Midwest,1962-11-15
P007946,53,Male,Commercial,West,1973-08-15
P007947,38,Male,Medicare,South,1987-10-15
P007948,93,Female,Medicaid,South,1933-06-15
P007949,68,Female,Medicare Advantage,Northeast,1958-01-15
P007950,62,Female,Commercial,Midwest,1964-08-15
P007951,22,Female,Medicare,South,2003-12-15
P007952,62,Female,Medicare Advantage,Northeast,1963-08-15
P007953,84,Female,Medicare Advantage,West,1941-04-15
P007954,33,Female,Medicare,Midwest,1993-03-15
P007955,11,Male,Medicare,Northeast,2015-01-15
P007956,72,Female,Medicare Advantage,South,1954-03-15
P007957,70,Female,Medicare,Northeast,1955-05-15
P007958,18,Male,Medicaid,West,2008-10-15
P007959,57,Female,Commercial,Midwest,1968-02-15
P007960,57,Male,Medicare,South,1969-02-15
P007961,5,Male,Commercial,Northeast,2020-11-15
P007962,42,Female,Medicare,South,1984-10-15
P007963,70,Female,Medicaid,Midwest,1956-08-15
P007964,89,Male,Medicare Advantage,South,1937-12-15
P007965,25,Male,Other,Midwest,2001-08-15
P007966,14,Female,Medicare,Midwest,2012-01-15
P007967,45,Male,Self-Pay,West,1981-06-15
P007968,48,Female,Commercial,Northeast,1978-10-15
P007969,63,Male,Medicaid,West,1962-04-15
P007970,22,Female,Medicare,Midwest,2004-02-15
P007971,35,Female,Commercial,Midwest,1990-11-15
P007972,65,Male,Medicare,South,1960-12-15
P007973,30,Female,Medicaid,South,1995-10-15
P007974,62,Male,Medicare Advantage,West,1963-09-15
P007975,77,Male,Medicare Advantage,South,1949-06-15
P007976,45,Female,Medicare,South,1981-03-15
P007977,96,Female,Commercial,Northeast,1929-03-15
P007978,96,Male,Medicare,Northeast,1929-03-15
P007979,38,Male,Medicaid,South,1988-08-15
P007980,37,Male,Medicaid,Midwest,1989-11-15
P007981,61,Female,Commercial,West,1964-12-15
P007982,80,Male,Medicaid,South,1945-11-15
P007983,61,Female,Other,Midwest,1965-03-15
P007984,81,Male,Medicaid,Northeast,1944-01-15
P007985,78,Female,Medicare,Northeast,1947-11-15
P007986,91,Male,Commercial,West,1934-10-15
P007987,41,Male,Self-Pay,West,1985-03-15
P007988,52,Female,Medicare,South,1974-10-15
P007989,5,Female,Medicare,South,2021-03-15
P007990,66,Female,Medicare,Northeast,1960-01-15
P007991,42,Male,Commercial,South,1983-06-15
P007992,65,Female,Medicare,South,1961-06-15
P007993,43,Male,Medicare,West,1983-04-15
P007994,43,Male,Workers Comp,Northeast,1982-02-15
P007995,23,Female,Medicare,South,2002-10-15
P007996,38,Male,Medicare,South,1988-12-15
P007997,19,Male,Medicare,Midwest,2007-07-15
P007998,74,Male,Medicaid,South,1952-08-15
P007999,29,Female,Other,South,1997-05-15
P008000,74,Female,Commercial,Midwest,1951-09-15
P008001,46,Male,Medicare,South,1979-10-15
P008002,26,Female,Medicare Advantage,South,2000-02-15
P008003,69,Male,Medicaid,Midwest,1957-05-15
P008004,57,Male,Medicaid,West,1968-12-15
P008005,76,Male,Medicaid,South,1949-11-15
P008006,45,Female,Medicare,South,1981-08-15
P008007,92,Male,Medicare,Northeast,1933-06-15
P008008,54,Female,Commercial,South,1972-02-15
P008009,45,Male,Medicare,Northeast,1981-10-15
P008010,55,Male,Medicare Advantage,Northeast,1970-10-15
P008011,66,Male,Medicaid,South,1960-03-15
P008012,75,Female,Medicare Advantage,West,1950-04-15
P008013,60,Female,Medicare,South,1965-04-15
P008014,37,Male,Commercial,Northeast,1988-04-15
P008015,55,Female,Commercial,South,1970-07-15
P008016,23,Male,Commercial,West,2003-05-15
P008017,89,Male,Medicare,South,1937-10-15
P008018,19,Male,Other,West,2007-11-15
P008019,79,Male,Medicare Advantage,South,1947-01-15
P008020,79,Female,Medicaid,Midwest,1946-03-15
P008021,24,Male,Medicare Advantage,Midwest,2002-01-15
P008022,24,Male,Self-Pay,Midwest,2001-02-15
P008023,22,Male,Commercial,Midwest,2003-05-15
P008024,71,Female,Medicaid,Northeast,1954-02-15
P008025,44,Female,Workers Comp,West,1982-10-15
P008026,22,Male,Commercial,Midwest,2003-05-15
P008027,43,Male,Medicare,West,1982-04-15
P008028,96,Male,Commercial,Northeast,1929-08-15
P008029,50,Female,Commercial,South,1976-11-15
P008030,29,Female,Commercial,Midwest,1996-08-15
P008031,0,Male,Medicaid,West,2026-07-15
P008032,1,Female,Commercial,South,2024-07-15
P008033,28,Male,Medicare,West,1997-02-15
P008034,78,Female,Medicaid,South,1948-03-15
P008035,3,Female,Commercial,Midwest,2023-08-15
P008036,40,Female,Medicare,South,1985-11-15
P008037,57,Female,Medicaid,Northeast,1969-11-15
P008038,76,Male,Medicare,Midwest,1949-06-15
P008039,77,Female,Medicaid,South,1948-01-15
P008040,57,Female,Commercial,South,1968-08-15
P008041,58,Male,Medicaid,South,1968-03-15
P008042,32,Male,Self-Pay,Midwest,1994-07-15
P008043,69,Male,Commercial,South,1956-11-15
P008044,54,Male,Commercial,South,1972-03-15
P008045,65,Female,Medicare Advantage,Midwest,1960-09-15
P008046,42,Female,Commercial,South,1984-03-15
P008047,74,Female,Commercial,South,1952-05-15
P008048,66,Female,Medicare Advantage,West,1959-11-15
P008049,96,Female,Medicare,South,1930-04-15
P008050,21,Female,Medicare Advantage,Northeast,2004-12-15
P008051,11,Male,Commercial,South,2015-11-15
P008052,71,Other,Medicaid,Northeast,1955-09-15
P008053,89,Male,Medicare Advantage,West,1937-11-15
P008054,71,Male,Commercial,Midwest,1955-06-15
P008055,29,Female,Commercial,South,1997-10-15
P008056,34,Female,Medicare Advantage,South,1992-03-15
P008057,44,Male,Medicaid,South,1981-12-15
P008058,74,Female,Other,Midwest,1952-10-15
P008059,27,Male,Medicaid,South,1999-04-15
P008060,77,Male,Commercial,West,1948-02-15
P008061,44,Female,Commercial,Midwest,1981-07-15
P008062,55,Male,Medicaid,Midwest,1971-09-15
P008063,65,Male,Self-Pay,South,1961-07-15
P008064,28,Female,Medicare,Midwest,1998-05-15
P008065,87,Male,Medicaid,West,1939-07-15
P008066,52,Female,Medicare Advantage,West,1974-05-15
P008067,95,Female,Commercial,South,1930-01-15
P008068,24,Female,Medicare,Midwest,2001-01-15
P008069,2,Female,Medicare,Northeast,2023-01-15
P008070,34,Female,Commercial,South,1992-07-15
P008071,62,Female,Medicare,South,1963-12-15
P008072,20,Female,Commercial,South,2006-04-15
P008073,53,Male,Medicare,Northeast,1973-04-15
P008074,71,Male,Self-Pay,South,1954-05-15
P008075,52,Male,Commercial,West,1974-08-15
P008076,92,Female,Commercial,Northeast,1933-10-15
P008077,53,Female,Medicare,South,1973-12-15
P008078,49,Female,Self-Pay,West,1977-02-15
P008079,40,Male,Medicare,West,1985-08-15
P008080,54,Female,Medicare,South,1971-05-15
P008081,37,Female,Medicare,Midwest,1989-08-15
P008082,9,Male,Medicare,West,2017-10-15
P008083,70,Male,Medicare Advantage,Midwest,1956-10-15
P008084,53,Male,Commercial,Midwest,1972-03-15
P008085,65,Male,Medicare,South,1961-09-15
P008086,95,Female,Medicaid,West,1930-09-15
P008087,68,Female,Commercial,South,1957-09-15
P008088,83,Male,Medicare Advantage,Northeast,1942-05-15
P008089,40,Male,Medicare,Midwest,1986-12-15
P008090,45,Male,Self-Pay,Northeast,1980-01-15
P008091,27,Female,Self-Pay,Midwest,1999-02-15
P008092,86,Male,Medicare,South,1940-02-15
P008093,23,Female,Medicaid,Midwest,2003-06-15
P008094,58,Female,Medicare,West,1967-08-15
P008095,42,Female,Medicare Advantage,Northeast,1984-09-15
P008096,55,Female,Medicare Advantage,Midwest,1970-02-15
P008097,49,Female,Medicare,West,1977-09-15
P008098,92,Female,Medicare Advantage,South,1933-07-15
P008099,75,Female,Commercial,Midwest,1951-12-15
P008100,1,Male,Medicaid,Northeast,2024-09-15
P008101,50,Male,Commercial,South,1976-01-15
P008102,68,Female,Medicare Advantage,Midwest,1958-05-15
P008103,89,Male,Commercial,Midwest,1937-10-15
P008104,37,Male,Medicare,Northeast,1988-10-15
P008105,31,Male,Medicare,South,1995-12-15
P008106,0,Female,Medicare,Midwest,2026-05-15
P008107,8,Male,Medicare,South,2018-01-15
P008108,27,Male,Medicare,South,1999-06-15
P008109,60,Male,Medicare,South,1966-11-15
P008110,27,Female,Medicare,West,1999-08-15
P008111,71,Female,Commercial,Northeast,1954-06-15
P008112,36,Female,Medicare Advantage,South,1989-11-15
P008113,43,Female,Medicare,South,1982-09-15
P008114,25,Other,Medicare,West,2001-12-15
P008115,35,Male,Medicare,Midwest,1991-01-15
P008116,64,Female,Workers Comp,South,1962-08-15
P008117,40,Male,Commercial,Northeast,1985-02-15
P008118,78,Male,Medicare,South,1947-06-15
P008119,70,Female,Commercial,West,1956-10-15
P008120,26,Female,Commercial,West,1999-06-15
P008121,52,Male,Medicaid,Midwest,1974-03-15
P008122,27,Male,Medicare,West,1998-04-15
P008123,53,Male,Self-Pay,South,1973-06-15
P008124,68,Male,Medicare,Midwest,1958-07-15
P008125,79,Male,Commercial,South,1946-06-15
P008126,43,Male,Commercial,Northeast,1982-01-15
P008127,72,Female,Commercial,South,1954-04-15
P008128,59,Male,Commercial,Midwest,1966-12-15
P008129,34,Female,Commercial,Northeast,1992-07-15
P008130,59,Female,Medicare,Northeast,1966-06-15
P008131,10,Male,Medicare Advantage,South,2016-12-15
P008132,47,Other,Medicare,West,1979-09-15
P008133,24,Male,Medicaid,South,2002-05-15
P008134,26,Male,Medicaid,South,2000-10-15
P008135,32,Male,Commercial,South,1994-10-15
P008136,45,Male,Commercial,West,1981-10-15
P008137,87,Female,Medicaid,South,1939-02-15
P008138,30,Male,Commercial,South,1996-12-15
P008139,77,Female,Workers Comp,West,1949-10-15
P008140,78,Female,Medicare,South,1947-09-15
P008141,81,Male,Medicare,South,1945-03-15
P008142,28,Female,Medicare Advantage,South,1997-02-15
P008143,27,Female,Medicare,Northeast,1998-07-15
P008144,21,Female,Self-Pay,South,2004-11-15
P008145,77,Male,Medicaid,South,1948-02-15
P008146,18,Female,Commercial,West,2007-03-15
P008147,52,Male,Medicare,Northeast,1974-02-15
P008148,74,Male,Other,Northeast,1952-12-15
P008149,24,Male,Self-Pay,Northeast,2002-01-15
P008150,51,Male,Medicare Advantage,West,1974-11-15
P008151,50,Female,Medicare Advantage,West,1975-07-15
P008152,58,Male,Workers Comp,Midwest,1968-07-15
P008153,17,Male,Medicare,Northeast,2009-08-15
P008154,32,Female,Medicare Advantage,Northeast,1993-04-15
P008155,52,Male,Workers Comp,South,1973-12-15
P008156,68,Female,Commercial,Midwest,1957-05-15
P008157,52,Female,Medicare,Midwest,1973-06-15
P008158,2,Male,Medicare,Midwest,2023-03-15
P008159,17,Male,Self-Pay,South,2008-03-15
P008160,37,Male,Commercial,South,1988-04-15
P008161,43,Female,Commercial,South,1982-09-15
P008162,22,Male,Commercial,West,2004-05-15
P008163,60,Male,Medicare,West,1965-07-15
P008164,69,Male,Commercial,South,1956-07-15
P008165,33,Female,Medicare,Northeast,1992-03-15
P008166,21,Male,Medicaid,West,2004-01-15
P008167,60,Male,Medicaid,West,1966-04-15
P008168,36,Female,Medicare,Midwest,1989-02-15
P008169,35,Male,Medicare,Midwest,1990-12-15
P008170,72,Male,Medicare,Northeast,1953-08-15
P008171,63,Female,Medicare,South,1962-09-15
P008172,91,Male,Medicare,West,1934-10-15
P008173,62,Male,Medicare,South,1963-12-15
P008174,71,Male,Medicaid,Northeast,1954-08-15
P008175,81,Female,Commercial,West,1945-03-15
P008176,43,Male,Medicaid,Northeast,1982-11-15
P008177,1,Male,Medicare Advantage,Northeast,2024-05-15
P008178,4,Male,Medicare,South,2022-06-15
P008179,61,Female,Self-Pay,South,1964-10-15
P008180,50,Female,Medicaid,Midwest,1975-08-15
P008181,79,Male,Medicare Advantage,South,1946-08-15
P008182,87,Male,Commercial,Midwest,1938-03-15
P008183,61,Male,Commercial,West,1965-04-15
P008184,37,Male,Medicaid,Midwest,1988-01-15
P008185,51,Male,Commercial,South,1974-08-15
P008186,59,Male,Medicaid,South,1966-06-15
P008187,72,Female,Self-Pay,South,1953-03-15
P008188,83,Female,Medicare,Midwest,1943-08-15
P008189,48,Female,Medicare,South,1978-06-15
P008190,78,Male,Commercial,South,1947-03-15
P008191,62,Female,Self-Pay,West,1964-11-15
P008192,34,Female,Commercial,West,1992-06-15
P008193,58,Male,Medicare,South,1968-07-15
P008194,53,Male,Medicare,West,1973-07-15
P008195,29,Female,Self-Pay,West,1996-02-15
P008196,40,Female,Medicaid,Midwest,1986-03-15
P008197,96,Male,Other,Midwest,1930-01-15
P008198,37,Male,Commercial,South,1989-08-15
P008199,43,Female,Self-Pay,South,1983-06-15
P008200,77,Female,Medicaid,South,1948-10-15
P008201,32,Female,Medicaid,West,1993-08-15
P008202,40,Male,Commercial,West,1986-01-15
P008203,53,Male,Medicare,West,1973-03-15
P008204,73,Male,Self-Pay,Midwest,1952-10-15
P008205,79,Male,Medicare,Northeast,1947-05-15
P008206,46,Male,Medicare Advantage,Northeast,1979-12-15
P008207,14,Male,Medicare,South,2011-10-15
P008208,72,Female,Commercial,South,1953-10-15
P008209,43,Female,Commercial,South,1982-02-15
P008210,65,Female,Medicaid,South,1961-01-15
P008211,64,Female,Medicaid,South,1961-07-15
P008212,69,Female,Commercial,Northeast,1956-03-15
P008213,45,Male,Medicare,South,1980-03-15
P008214,71,Male,Medicare Advantage,Midwest,1955-06-15
P008215,51,Female,Medicare,Midwest,1974-03-15
P008216,50,Female,Commercial,South,1976-10-15
P008217,59,Female,Medicare,Midwest,1967-06-15
P008218,40,Male,Self-Pay,West,1985-04-15
P008219,64,Female,Medicare,South,1962-07-15
P008220,50,Female,Self-Pay,Northeast,1976-01-15
P008221,23,Female,Commercial,South,2003-11-15
P008222,60,Male,Medicare,Northeast,1965-06-15
P008223,55,Male,Self-Pay,West,1971-04-15
P008224,15,Male,Medicare,Midwest,2010-07-15
P008225,60,Female,Medicare,South,1966-07-15
P008226,11,Male,Medicaid,Midwest,2015-09-15
P008227,24,Female,Medicare,South,2002-05-15
P008228,17,Female,Self-Pay,West,2009-08-15
P008229,71,Female,Medicaid,Midwest,1954-04-15
P008230,29,Male,Commercial,Northeast,1996-12-15
P008231,52,Male,Medicare,South,1973-09-15
P008232,22,Male,Medicare,South,2003-12-15
P008233,57,Female,Workers Comp,South,1969-10-15
P008234,47,Male,Medicaid,South,1979-01-15
P008235,20,Male,Commercial,South,2006-07-15
P008236,68,Female,Self-Pay,Midwest,1957-07-15
P008237,22,Male,Medicaid,West,2003-12-15
P008238,1,Male,Medicaid,West,2025-11-15
P008239,64,Male,Workers Comp,South,1962-11-15
P008240,84,Female,Medicare,Northeast,1942-09-15
P008241,52,Male,Self-Pay,Midwest,1973-06-15
P008242,2,Female,Medicare Advantage,South,2023-03-15
P008243,43,Female,Medicare,Midwest,1982-04-15
P008244,34,Female,Medicare,South,1992-02-15
P008245,40,Male,Medicare,South,1985-07-15
P008246,53,Female,Commercial,Midwest,1972-12-15
P008247,75,Male,Medicaid,Midwest,1950-12-15
P008248,94,Female,Medicare,West,1931-03-15
P008249,90,Male,Medicare,Midwest,1936-08-15
P008250,72,Female,Commercial,Northeast,1954-09-15
P008251,18,Male,Other,South,2007-09-15
P008252,79,Female,Medicare,Midwest,1947-04-15
P008253,52,Male,Medicare,South,1974-11-15
P008254,60,Male,Medicare,South,1966-01-15
P008255,23,Female,Medicaid,South,2002-07-15
P008256,96,Female,Medicare,South,1929-04-15
P008257,31,Male,Medicaid,Northeast,1994-12-15
P008258,63,Female,Commercial,Midwest,1963-08-15
P008259,45,Male,Other,South,1980-08-15
P008260,58,Male,Medicare,South,1967-12-15
P008261,36,Female,Medicare,Midwest,1990-12-15
P008262,67,Male,Medicare Advantage,West,1959-08-15
P008263,56,Female,Medicare,Northeast,1970-12-15
P008264,69,Female,Medicaid,South,1956-09-15
P008265,27,Male,Commercial,South,1998-05-15
P008266,11,Female,Medicare,Midwest,2014-11-15
P008267,23,Female,Medicare Advantage,Midwest,2003-10-15
P008268,90,Female,Commercial,South,1936-08-15
P008269,36,Female,Self-Pay,South,1989-07-15
P008270,56,Male,Medicare,West,1969-02-15
P008271,1,Male,Commercial,Northeast,2025-04-15
P008272,89,Female,Medicare,West,1937-07-15
P008273,73,Female,Self-Pay,Midwest,1953-02-15
P008274,59,Male,Medicare,Northeast,1967-05-15
P008275,56,Male,Commercial,Midwest,1970-02-15
P008276,47,Male,Medicare,Northeast,1979-09-15
P008277,63,Male,Medicare,Midwest,1962-01-15
P008278,53,Male,Workers Comp,South,1972-05-15
P008279,52,Female,Medicare Advantage,South,1973-04-15
P008280,56,Male,Medicare,West,1970-04-15
P008281,8,Male,Commercial,South,2017-12-15
P008282,33,Male,Medicare,Midwest,1992-11-15
P008283,6,Female,Medicare Advantage,South,2019-06-15
P008284,31,Male,Medicare Advantage,South,1994-08-15
P008285,54,Male,Commercial,West,1971-04-15
P008286,19,Male,Medicare Advantage,South,2007-09-15
P008287,50,Female,Medicare,Midwest,1976-11-15
P008288,66,Female,Medicaid,West,1959-11-15
P008289,46,Female,Commercial,South,1979-03-15
P008290,96,Male,Medicare Advantage,West,1929-03-15
P008291,68,Male,Medicare,South,1957-06-15
P008292,84,Female,Commercial,West,1942-07-15
P008293,86,Female,Medicare,West,1939-05-15
P008294,79,Female,Medicare,South,1946-02-15
P008295,54,Male,Medicaid,West,1971-06-15
P008296,18,Female,Commercial,South,2007-01-15
P008297,61,Female,Commercial,West,1965-04-15
P008298,56,Male,Medicare,Midwest,1970-07-15
P008299,73,Male,Medicaid,South,1953-08-15
P008300,58,Male,Medicaid,South,1968-07-15
P008301,40,Male,Commercial,Midwest,1986-01-15
P008302,34,Female,Commercial,West,1991-04-15
P008303,39,Female,Commercial,Northeast,1987-02-15
P008304,31,Female,Medicare,Midwest,1994-10-15
P008305,52,Female,Commercial,Northeast,1973-06-15
P008306,51,Male,Commercial,South,1974-06-15
P008307,56,Male,Commercial,West,1969-07-15
P008308,33,Female,Commercial,South,1993-07-15
P008309,95,Female,Medicare,Northeast,1931-01-15
P008310,37,Male,Medicare,West,1989-02-15
P008311,16,Other,Medicare,Midwest,2009-01-15
P008312,46,Female,Medicaid,Northeast,1979-03-15
P008313,43,Female,Medicaid,Northeast,1983-12-15
P008314,21,Male,Commercial,South,2004-02-15
P008315,56,Female,Commercial,South,1970-02-15
P008316,28,Female,Medicaid,West,1998-07-15
P008317,42,Female,Commercial,South,1984-06-15
P008318,73,Female,Self-Pay,South,1953-02-15
P008319,93,Male,Medicaid,South,1932-12-15
P008320,62,Female,Commercial,Midwest,1964-04-15
P008321,22,Female,Self-Pay,Midwest,2003-03-15
P008322,78,Male,Commercial,West,1948-07-15
P008323,4,Male,Commercial,Northeast,2021-12-15
P008324,27,Female,Medicare,Midwest,1998-10-15
P008325,55,Male,Medicare Advantage,Northeast,1971-11-15
P008326,72,Male,Medicaid,South,1954-08-15
P008327,76,Male,Commercial,Midwest,1950-02-15
P008328,25,Male,Medicare Advantage,Northeast,2000-12-15
P008329,34,Female,Medicare,West,1992-03-15
P008330,45,Male,Medicare,West,1980-06-15
P008331,13,Male,Medicaid,Midwest,2012-07-15
P008332,59,Male,Medicare Advantage,South,1967-11-15
P008333,68,Female,Commercial,Midwest,1958-10-15
P008334,14,Female,Medicaid,South,2012-01-15
P008335,76,Female,Commercial,West,1950-02-15
P008336,4,Male,Medicare Advantage,Northeast,2021-12-15
P008337,23,Female,Medicare,South,2003-04-15
P008338,62,Female,Medicare,South,1963-09-15
P008339,53,Male,Commercial,South,1973-04-15
P008340,70,Female,Workers Comp,Northeast,1955-11-15
P008341,36,Male,Medicaid,South,1989-08-15
P008342,93,Female,Medicaid,South,1933-06-15
P008343,50,Male,Commercial,Midwest,1976-01-15
P008344,37,Male,Commercial,South,1989-06-15
P008345,44,Female,Medicare,Northeast,1982-09-15
P008346,56,Male,Medicaid,South,1970-07-15
P008347,48,Female,Medicare Advantage,Midwest,1978-05-15
P008348,69,Female,Medicare,South,1957-01-15
P008349,43,Male,Self-Pay,Midwest,1982-04-15
P008350,23,Male,Medicare,South,2003-02-15
P008351,95,Male,Commercial,West,1930-02-15
P008352,77,Male,Medicare,Midwest,1949-12-15
P008353,41,Male,Commercial,Northeast,1984-02-15
P008354,65,Female,Commercial,South,1961-09-15
P008355,12,Female,Medicare,Midwest,2014-07-15
P008356,55,Male,Medicaid,South,1971-09-15
P008357,59,Female,Medicare Advantage,South,1967-09-15
P008358,75,Female,Other,South,1950-02-15
P008359,3,Male,Medicare,West,2022-12-15
P008360,63,Male,Medicare,South,1963-05-15
P008361,41,Female,Workers Comp,South,1984-12-15
P008362,76,Female,Medicaid,South,1949-10-15
P008363,75,Female,Medicare Advantage,Northeast,1950-10-15
P008364,74,Female,Medicaid,South,1952-02-15
P008365,73,Male,Commercial,West,1952-01-15
P008366,69,Male,Commercial,South,1956-01-15
P008367,62,Male,Medicare,South,1964-09-15
P008368,57,Female,Medicaid,South,1968-10-15
P008369,50,Male,Medicare,South,1975-01-15
P008370,35,Male,Medicare Advantage,South,1991-12-15
P008371,21,Female,Medicare,West,2004-06-15
P008372,5,Male,Self-Pay,Midwest,2020-01-15
P008373,37,Female,Medicare Advantage,South,1988-04-15
P008374,84,Male,Medicare,South,1941-11-15
P008375,88,Female,Commercial,South,1937-09-15
P008376,25,Male,Medicaid,South,2001-05-15
P008377,1,Male,Medicare,West,2025-07-15
P008378,39,Male,Medicare,West,1987-06-15
P008379,75,Male,Medicaid,Northeast,1950-03-15
P008380,53,Male,Commercial,Midwest,1973-01-15
P008381,60,Female,Commercial,West,1965-03-15
P008382,80,Male,Medicare Advantage,West,1945-04-15
P008383,0,Male,Self-Pay,West,2025-01-15
P008384,56,Male,Commercial,South,1969-04-15
P008385,56,Male,Medicaid,South,1970-02-15
P008386,57,Female,Medicare Advantage,Northeast,1968-04-15
P008387,76,Male,Medicare,Northeast,1950-04-15
P008388,51,Female,Medicare Advantage,South,1975-05-15
P008389,72,Male,Medicaid,Midwest,1954-01-15
P008390,2,Female,Medicare Advantage,Midwest,2024-11-15
P008391,40,Female,Commercial,South,1985-03-15
P008392,52,Male,Medicare Advantage,Northeast,1974-08-15
P008393,89,Male,Medicare,Midwest,1937-04-15
P008394,84,Female,Commercial,West,1941-12-15
P008395,44,Male,Medicaid,South,1982-05-15
P008396,79,Female,Medicaid,Midwest,1946-05-15
P008397,31,Male,Medicare,South,1995-02-15
P008398,51,Male,Medicare,South,1975-06-15
P008399,48,Female,Commercial,South,1977-01-15
P008400,77,Female,Medicare Advantage,Midwest,1948-02-15
P008401,28,Male,Commercial,Midwest,1997-05-15
P008402,32,Female,Self-Pay,Midwest,1994-07-15
P008403,27,Male,Medicare,South,1998-03-15
P008404,42,Male,Medicare Advantage,West,1984-12-15
P008405,59,Female,Commercial,South,1967-06-15
P008406,42,Female,Medicare,Northeast,1984-11-15
P008407,34,Female,Medicare,Northeast,1992-04-15
P008408,88,Female,Medicare,Northeast,1937-07-15
P008409,69,Female,Commercial,West,1956-04-15
P008410,75,Female,Medicare,South,1950-09-15
P008411,65,Female,Medicare,Midwest,1961-05-15
P008412,49,Female,Medicaid,West,1977-10-15
P008413,40,Female,Medicaid,South,1985-07-15
P008414,73,Male,Medicare Advantage,Midwest,1953-02-15
P008415,86,Male,Commercial,South,1939-12-15
P008416,18,Female,Medicare,South,2008-08-15
P008417,65,Female,Commercial,West,1960-08-15
P008418,44,Male,Medicare,Northeast,1981-12-15
P008419,25,Female,Medicare,Midwest,2001-11-15
P008420,47,Male,Self-Pay,Midwest,1978-11-15
P008421,77,Male,Medicaid,Midwest,1948-08-15
P008422,48,Female,Medicare Advantage,South,1978-07-15
P008423,63,Female,Commercial,South,1962-11-15
P008424,67,Male,Medicaid,South,1959-06-15
P008425,79,Male,Self-Pay,Midwest,1946-11-15
P008426,67,Female,Commercial,West,1958-07-15
P008427,96,Male,Commercial,Northeast,1930-07-15
P008428,53,Female,Medicare Advantage,West,1972-02-15
P008429,26,Male,Medicaid,Northeast,2000-12-15
P008430,71,Male,Medicare,South,1955-08-15
P008431,76,Male,Medicare Advantage,Northeast,1950-04-15
P008432,15,Female,Commercial,Midwest,2010-03-15
P008433,11,Female,Self-Pay,Northeast,2014-09-15
P008434,23,Female,Medicare,Northeast,2002-08-15
P008435,66,Male,Commercial,Northeast,1960-01-15
P008436,61,Male,Medicare Advantage,West,1965-12-15
P008437,40,Female,Commercial,West,1986-04-15
P008438,38,Male,Medicare,Midwest,1987-08-15
P008439,94,Male,Medicare,Midwest,1932-12-15
P008440,60,Female,Medicare Advantage,West,1966-12-15
P008441,49,Male,Medicare,South,1977-01-15
P008442,77,Male,Medicaid,West,1949-05-15
P008443,73,Male,Medicare,West,1952-03-15
P008444,69,Female,Commercial,South,1956-01-15
P008445,24,Male,Medicare,South,2002-09-15
P008446,64,Female,Commercial,South,1961-03-15
P008447,10,Female,Medicaid,West,2015-05-15
P008448,71,Female,Self-Pay,West,1955-01-15
P008449,19,Male,Medicaid,West,2007-03-15
P008450,77,Male,Medicare,Midwest,1949-06-15
P008451,28,Female,Medicare,West,1997-12-15
P008452,70,Female,Commercial,Northeast,1955-02-15
P008453,61,Male,Medicare Advantage,South,1964-08-15
P008454,25,Female,Medicare Advantage,West,2001-05-15
P008455,74,Male,Self-Pay,South,1951-05-15
P008456,62,Female,Medicare,West,1963-06-15
P008457,81,Female,Medicaid,Midwest,1945-04-15
P008458,60,Female,Medicaid,Midwest,1965-10-15
P008459,41,Female,Medicare Advantage,South,1984-03-15
P008460,65,Female,Medicare,Midwest,1960-04-15
P008461,63,Female,Commercial,Northeast,1963-11-15
P008462,35,Female,Medicare,South,1991-11-15
P008463,39,Male,Medicare,South,1987-09-15
P008464,54,Female,Commercial,Midwest,1972-11-15
P008465,63,Male,Medicare,South,1962-10-15
P008466,77,Female,Medicare,South,1948-11-15
P008467,61,Male,Commercial,West,1964-04-15
P008468,65,Female,Commercial,West,1961-06-15
P008469,42,Male,Medicaid,Northeast,1983-10-15
P008470,35,Female,Commercial,West,1990-10-15
P008471,40,Male,Medicaid,South,1985-09-15
P008472,69,Male,Commercial,Midwest,1956-01-15
P008473,39,Male,Medicare Advantage,South,1986-10-15
P008474,22,Male,Commercial,South,2003-08-15
P008475,51,Male,Commercial,West,1974-09-15
P008476,55,Male,Commercial,South,1971-04-15
P008477,66,Male,Medicare Advantage,West,1959-09-15
P008478,20,Male,Self-Pay,South,2006-12-15
P008479,30,Female,Medicare Advantage,Northeast,1996-06-15
P008480,91,Male,Commercial,Midwest,1934-06-15
P008481,19,Female,Commercial,South,2007-06-15
P008482,62,Female,Commercial,Northeast,1964-10-15
P008483,30,Female,Medicare,Northeast,1995-07-15
P008484,41,Male,Commercial,Midwest,1985-03-15
P008485,11,Female,Medicare Advantage,Midwest,2015-12-15
P008486,28,Female,Medicare,Midwest,1998-09-15
P008487,73,Female,Commercial,South,1952-02-15
P008488,37,Male,Commercial,South,1988-07-15
P008489,70,Male,Medicaid,West,1955-04-15
P008490,7,Female,Commercial,South,2018-04-15
P008491,43,Female,Medicare Advantage,Midwest,1982-10-15
P008492,58,Male,Medicare Advantage,Midwest,1968-05-15
P008493,32,Female,Medicaid,Northeast,1994-06-15
P008494,66,Male,Medicare,Northeast,1959-03-15
P008495,78,Male,Medicare Advantage,South,1947-09-15
P008496,53,Female,Medicare,Northeast,1973-10-15
P008497,36,Female,Medicare,South,1990-12-15
P008498,58,Male,Medicaid,Midwest,1967-04-15
P008499,54,Male,Commercial,Northeast,1972-05-15
P008500,2,Male,Commercial,West,2023-04-15
P008501,62,Male,Medicare,South,1964-04-15
P008502,16,Female,Commercial,Northeast,2010-11-15
P008503,76,Female,Medicare,Northeast,1949-07-15
P008504,39,Male,Workers Comp,South,1986-10-15
P008505,55,Male,Commercial,West,1970-09-15
P008506,74,Female,Medicare Advantage,West,1951-03-15
P008507,78,Male,Self-Pay,Midwest,1947-03-15
P008508,46,Female,Self-Pay,Northeast,1980-08-15
P008509,32,Male,Medicare,South,1994-03-15
P008510,65,Female,Self-Pay,Northeast,1960-01-15
P008511,27,Male,Commercial,South,1998-04-15
P008512,61,Female,Workers Comp,South,1964-03-15
P008513,61,Female,Self-Pay,Northeast,1965-04-15
P008514,50,Male,Medicaid,South,1975-12-15
P008515,7,Female,Commercial,South,2018-09-15
P008516,85,Female,Medicare,South,1941-10-15
P008517,86,Female,Medicare,South,1940-04-15
P008518,75,Male,Medicare Advantage,South,1951-08-15
P008519,51,Male,Other,Northeast,1974-06-15
P008520,70,Female,Medicare Advantage,Midwest,1955-02-15
P008521,57,Male,Commercial,West,1968-12-15
P008522,72,Male,Medicare Advantage,Midwest,1954-04-15
P008523,25,Female,Medicaid,South,2000-01-15
P008524,56,Female,Medicare,South,1969-02-15
P008525,75,Male,Commercial,Midwest,1950-09-15
P008526,47,Female,Commercial,West,1979-01-15
P008527,50,Male,Commercial,Northeast,1975-09-15
P008528,78,Female,Commercial,South,1948-02-15
P008529,79,Female,Medicare Advantage,Midwest,1947-01-15
P008530,6,Female,Medicaid,Northeast,2019-03-15
P008531,54,Male,Workers Comp,West,1972-08-15
P008532,74,Female,Medicaid,South,1951-06-15
P008533,68,Female,Commercial,South,1958-02-15
P008534,32,Female,Self-Pay,South,1993-11-15
P008535,14,Female,Medicaid,South,2011-12-15
P008536,74,Female,Medicare,Northeast,1952-01-15
P008537,69,Male,Commercial,Northeast,1957-11-15
P008538,18,Female,Medicare,West,2008-03-15
P008539,50,Male,Medicare,South,1975-07-15
P008540,63,Male,Commercial,Midwest,1963-10-15
P008541,42,Female,Commercial,West,1984-03-15
P008542,26,Female,Medicare,South,1999-12-15
P008543,57,Female,Self-Pay,Northeast,1969-11-15
P008544,65,Female,Medicare,West,1960-08-15
P008545,14,Female,Commercial,Midwest,2011-09-15
P008546,4,Female,Medicaid,West,2021-02-15
P008547,28,Female,Medicare,Midwest,1997-10-15
P008548,70,Female,Medicare,Midwest,1955-05-15
P008549,89,Male,Workers Comp,South,1937-03-15
P008550,36,Male,Medicare,Northeast,1989-07-15
P008551,55,Male,Workers Comp,West,1971-02-15
P008552,74,Female,Medicare Advantage,South,1952-09-15
P008553,25,Female,Medicaid,West,2001-04-15
P008554,82,Female,Medicaid,South,1944-05-15
P008555,46,Male,Other,West,1980-05-15
P008556,78,Male,Medicaid,West,1947-05-15
P008557,75,Female,Medicare Advantage,Northeast,1951-10-15
P008558,35,Male,Medicaid,South,1990-07-15
P008559,62,Male,Medicare Advantage,West,1963-05-15
P008560,51,Male,Commercial,West,1974-01-15
P008561,69,Female,Medicaid,Northeast,1957-03-15
P008562,19,Female,Medicaid,Midwest,2006-09-15
P008563,1,Male,Commercial,South,2024-04-15
P008564,55,Female,Medicare,Midwest,1971-12-15
P008565,90,Male,Medicare,Midwest,1935-10-15
P008566,34,Male,Commercial,West,1992-03-15
P008567,35,Male,Workers Comp,South,1991-09-15
P008568,19,Female,Commercial,South,2006-04-15
P008569,40,Male,Self-Pay,South,1985-11-15
P008570,18,Male,Medicare,Midwest,2007-06-15
P008571,39,Female,Medicare,West,1987-05-15
P008572,31,Male,Self-Pay,South,1995-11-15
P008573,5,Female,Medicare Advantage,South,2020-11-15
P008574,41,Male,Medicare,South,1985-09-15
P008575,49,Female,Medicare Advantage,South,1976-10-15
P008576,20,Male,Medicare,Midwest,2005-03-15
P008577,29,Male,Self-Pay,South,1997-10-15
P008578,90,Male,Commercial,South,1935-04-15
P008579,13,Female,Medicare,Northeast,2013-05-15
P008580,81,Male,Self-Pay,Northeast,1945-04-15
P008581,12,Female,Medicaid,South,2013-05-15
P008582,89,Female,Medicare Advantage,South,1936-10-15
P008583,39,Female,Medicaid,Midwest,1987-10-15
P008584,15,Female,Medicare,Northeast,2010-06-15
P008585,56,Male,Medicare,South,1970-06-15
P008586,20,Male,Medicare,Northeast,2006-04-15
P008587,79,Male,Medicare,South,1946-08-15
P008588,40,Female,Workers Comp,West,1986-03-15
P008589,36,Male,Commercial,Northeast,1989-02-15
P008590,48,Male,Medicaid,South,1978-10-15
P008591,1,Male,Medicare Advantage,Northeast,2025-11-15
P008592,56,Female,Commercial,Northeast,1969-05-15
P008593,50,Female,Commercial,West,1976-09-15
P008594,55,Female,Commercial,Midwest,1971-04-15
P008595,53,Male,Self-Pay,South,1972-03-15
P008596,79,Male,Commercial,Northeast,1946-03-15
P008597,37,Female,Medicare,South,1988-07-15
P008598,48,Male,Medicaid,South,1978-10-15
P008599,95,Male,Commercial,South,1930-08-15
P008600,30,Female,Medicare,South,1995-10-15
P008601,94,Female,Medicaid,South,1932-04-15
P008602,72,Female,Medicaid,West,1953-08-15
P008603,22,Female,Commercial,South,2003-03-15
P008604,80,Male,Medicare,South,1946-09-15
P008605,43,Female,Commercial,Northeast,1982-01-15
P008606,28,Female,Medicare,Midwest,1997-11-15
P008607,12,Female,Medicaid,South,2013-01-15
P008608,31,Male,Self-Pay,West,1995-08-15
P008609,20,Female,Medicaid,West,2006-03-15
P008610,80,Male,Self-Pay,South,1945-06-15
P008611,49,Female,Medicare,West,1976-01-15
P008612,35,Female,Medicaid,West,1991-12-15
P008613,59,Male,Commercial,South,1966-11-15
P008614,38,Male,Commercial,West,1988-06-15
P008615,52,Female,Commercial,South,1974-11-15
P008616,19,Male,Commercial,Midwest,2007-08-15
P008617,60,Male,Self-Pay,Northeast,1965-04-15
P008618,51,Male,Commercial,West,1975-08-15
P008619,36,Female,Commercial,Midwest,1990-02-15
P008620,69,Female,Medicaid,South,1957-08-15
P008621,64,Male,Workers Comp,Midwest,1962-08-15
P008622,36,Female,Medicaid,Midwest,1990-08-15
P008623,18,Male,Medicare,South,2008-01-15
P008624,45,Male,Commercial,South,1980-11-15
P008625,29,Female,Commercial,South,1996-08-15
P008626,65,Female,Medicare,Midwest,1961-10-15
P008627,71,Female,Medicare,Midwest,1955-09-15
P008628,84,Male,Other,South,1942-12-15
P008629,6,Female,Commercial,Midwest,2019-03-15
P008630,68,Male,Commercial,West,1957-11-15
P008631,79,Female,Commercial,South,1946-01-15
P008632,27,Female,Commercial,South,1999-05-15
P008633,18,Female,Other,West,2007-05-15
P008634,43,Male,Commercial,Midwest,1983-12-15
P008635,30,Female,Commercial,South,1996-02-15
P008636,40,Male,Medicare Advantage,Northeast,1985-03-15
P008637,43,Female,Commercial,Midwest,1983-07-15
P008638,53,Male,Medicare,South,1972-07-15
P008639,76,Male,Medicare Advantage,Northeast,1950-09-15
P008640,74,Female,Other,South,1951-07-15
P008641,49,Female,Medicaid,Midwest,1977-08-15
P008642,42,Male,Commercial,South,1983-10-15
P008643,56,Female,Medicare,Midwest,1970-07-15
P008644,58,Female,Medicare,Northeast,1968-06-15
P008645,11,Female,Medicare,South,2014-12-15
P008646,42,Female,Medicare,Midwest,1983-10-15
P008647,49,Female,Commercial,West,1976-03-15
P008648,49,Male,Other,South,1976-08-15
P008649,27,Female,Medicaid,South,1998-12-15
P008650,95,Female,Commercial,Midwest,1931-02-15
P008651,39,Female,Commercial,Midwest,1986-12-15
P008652,73,Female,Medicare,South,1953-02-15
P008653,20,Female,Commercial,Midwest,2006-10-15
P008654,92,Male,Commercial,Northeast,1934-11-15
P008655,49,Female,Medicare,West,1977-04-15
P008656,59,Female,Medicare,Midwest,1966-10-15
P008657,72,Male,Medicare,West,1954-08-15
P008658,18,Female,Commercial,South,2007-12-15
P008659,45,Male,Medicaid,Midwest,1981-11-15
P008660,49,Male,Medicare,Northeast,1976-06-15
P008661,1,Female,Medicare Advantage,West,2025-01-15
P008662,10,Female,Medicare,South,2015-06-15
P008663,44,Female,Commercial,South,1981-02-15
P008664,63,Female,Medicaid,West,1962-07-15
P008665,21,Female,Medicare,South,2004-08-15
P008666,5,Female,Medicare,South,2020-12-15
P008667,57,Female,Medicare,Midwest,1969-05-15
P008668,75,Male,Commercial,South,1950-10-15
P008669,61,Female,Medicare,West,1964-04-15
P008670,69,Male,Commercial,West,1956-05-15
P008671,39,Female,Commercial,Midwest,1986-10-15
P008672,71,Female,Medicare,Northeast,1954-09-15
P008673,44,Male,Workers Comp,Midwest,1981-02-15
P008674,18,Male,Commercial,Northeast,2007-11-15
P008675,83,Male,Medicare,South,1943-06-15
P008676,58,Male,Medicare,Midwest,1967-10-15
P008677,96,Male,Medicare,West,1930-01-15
P008678,37,Female,Medicare Advantage,West,1989-02-15
P008679,56,Male,Medicare,Northeast,1970-11-15
P008680,49,Female,Workers Comp,Northeast,1977-03-15
P008681,36,Male,Medicaid,South,1990-08-15
P008682,44,Female,Medicare Advantage,Northeast,1981-09-15
P008683,39,Female,Medicaid,West,1986-10-15
P008684,92,Female,Commercial,Northeast,1933-09-15
P008685,21,Female,Medicaid,South,2005-09-15
P008686,81,Female,Medicare,South,1944-06-15
P008687,73,Male,Medicare,West,1953-11-15
P008688,23,Female,Commercial,South,2002-05-15
P008689,22,Female,Self-Pay,South,2003-03-15
P008690,71,Male,Commercial,West,1954-10-15
P008691,22,Female,Commercial,Northeast,2004-02-15
P008692,60,Female,Medicare,South,1965-10-15
P008693,39,Female,Medicaid,South,1986-02-15
P008694,2,Female,Commercial,Midwest,2024-10-15
P008695,30,Male,Medicare,South,1995-12-15
P008696,96,Female,Medicaid,Midwest,1929-09-15
P008697,16,Female,Medicare,South,2009-08-15
P008698,22,Male,Commercial,Northeast,2003-04-15
P008699,38,Female,Commercial,West,1987-12-15
P008700,67,Male,Commercial,South,1959-11-15
P008701,78,Female,Medicare,Midwest,1948-08-15
P008702,78,Female,Medicare Advantage,Midwest,1948-05-15
P008703,41,Male,Medicare Advantage,South,1985-08-15
P008704,68,Male,Medicare Advantage,West,1958-11-15
P008705,14,Male,Medicare Advantage,West,2012-08-15
P008706,84,Female,Medicare,Midwest,1941-11-15
P008707,38,Male,Commercial,Northeast,1988-04-15
P008708,46,Female,Commercial,Midwest,1979-11-15
P008709,72,Female,Medicare,South,1953-09-15
P008710,54,Male,Medicare,Midwest,1972-12-15
P008711,55,Female,Medicare,South,1971-05-15
P008712,14,Male,Self-Pay,South,2011-01-15
P008713,5,Female,Workers Comp,Midwest,2020-08-15
P008714,32,Male,Medicaid,South,1994-01-15
P008715,31,Female,Medicare,West,1994-02-15
P008716,76,Female,Medicare,West,1949-03-15
P008717,94,Male,Commercial,West,1931-12-15
P008718,81,Other,Self-Pay,Northeast,1945-08-15
P008719,79,Female,Medicare,Northeast,1946-12-15
P008720,55,Female,Medicaid,Midwest,1971-04-15
P008721,47,Female,Medicare Advantage,West,1979-02-15
P008722,53,Male,Medicare,South,1972-06-15
P008723,14,Male,Medicaid,South,2012-10-15
P008724,69,Female,Medicaid,South,1957-06-15
P008725,67,Male,Medicare Advantage,Midwest,1959-06-15
P008726,64,Male,Medicare,West,1962-05-15
P008727,54,Female,Workers Comp,South,1972-02-15
P008728,39,Male,Medicare,South,1986-06-15
P008729,96,Male,Commercial,Northeast,1929-02-15
P008730,72,Female,Medicare,Northeast,1953-03-15
P008731,37,Male,Commercial,South,1989-05-15
P008732,60,Male,Commercial,Northeast,1966-04-15
P008733,38,Female,Medicaid,West,1987-08-15
P008734,23,Female,Medicare,South,2002-03-15
P008735,15,Male,Medicare,South,2011-09-15
P008736,77,Female,Medicare,Midwest,1948-02-15
P008737,70,Female,Medicare Advantage,West,1955-07-15
P008738,78,Male,Commercial,West,1948-08-15
P008739,40,Male,Medicare,Northeast,1986-03-15
P008740,41,Male,Medicare Advantage,Northeast,1984-10-15
P008741,33,Male,Medicare,Midwest,1992-11-15
P008742,60,Female,Medicare Advantage,Northeast,1965-07-15
P008743,71,Female,Commercial,West,1955-07-15
P008744,74,Female,Medicare,South,1952-12-15
P008745,44,Female,Medicare,Midwest,1982-09-15
P008746,66,Female,Medicare Advantage,South,1959-08-15
P008747,75,Female,Medicaid,South,1950-12-15
P008748,19,Male,Medicaid,South,2006-12-15
P008749,45,Male,Medicare,South,1980-02-15
P008750,96,Female,Medicaid,Northeast,1930-10-15
P008751,82,Male,Medicare,Midwest,1943-07-15
P008752,22,Female,Medicare Advantage,South,2004-09-15
P008753,20,Female,Commercial,West,2005-02-15
P008754,31,Other,Medicare,South,1994-07-15
P008755,58,Male,Commercial,South,1967-06-15
P008756,44,Male,Medicare,Midwest,1981-04-15
P008757,52,Female,Medicare,Midwest,1974-03-15
P008758,95,Male,Medicaid,West,1931-05-15
P008759,71,Male,Commercial,South,1954-10-15
P008760,55,Male,Medicaid,South,1971-06-15
P008761,60,Male,Self-Pay,South,1966-11-15
P008762,57,Male,Self-Pay,Northeast,1969-11-15
P008763,88,Male,Commercial,West,1938-05-15
P008764,82,Male,Medicare,South,1943-08-15
P008765,38,Female,Medicare,Northeast,1988-09-15
P008766,96,Female,Medicare,South,1929-01-15
P008767,68,Female,Workers Comp,West,1958-05-15
P008768,43,Female,Commercial,Northeast,1983-12-15
P008769,60,Male,Medicare Advantage,Midwest,1966-04-15
P008770,82,Female,Medicare,South,1944-03-15
P008771,26,Female,Medicare,Northeast,2000-05-15
P008772,28,Female,Medicare,South,1997-12-15
P008773,94,Female,Commercial,Northeast,1932-11-15
P008774,8,Female,Self-Pay,Northeast,2017-07-15
P008775,65,Female,Medicare,West,1960-06-15
P008776,73,Male,Commercial,South,1952-10-15
P008777,38,Male,Medicaid,West,1987-12-15
P008778,70,Male,Medicare Advantage,Northeast,1956-02-15
P008779,73,Female,Medicare,West,1953-12-15
P008780,80,Male,Self-Pay,Northeast,1945-04-15
P008781,15,Female,Commercial,West,2011-06-15
P008782,14,Female,Medicaid,West,2011-03-15
P008783,21,Male,Commercial,Northeast,2004-06-15
P008784,22,Male,Medicaid,Northeast,2004-01-15
P008785,29,Female,Medicare,West,1997-12-15
P008786,61,Male,Self-Pay,West,1964-01-15
P008787,49,Female,Commercial,South,1977-09-15
P008788,90,Female,Commercial,West,1935-04-15
P008789,29,Female,Medicare,Midwest,1996-04-15
P008790,51,Male,Medicare,West,1975-04-15
P008791,41,Female,Medicare,West,1984-09-15
P008792,53,Female,Medicare Advantage,Midwest,1972-11-15
P008793,52,Female,Medicare Advantage,South,1974-02-15
P008794,22,Female,Medicaid,South,2003-10-15
P008795,19,Female,Medicaid,West,2007-05-15
P008796,54,Male,Commercial,South,1971-09-15
P008797,72,Female,Medicare,South,1954-03-15
P008798,71,Female,Medicaid,South,1954-09-15
P008799,24,Female,Medicaid,Midwest,2002-05-15
P008800,52,Female,Commercial,Midwest,1974-11-15
P008801,19,Male,Commercial,South,2007-11-15
P008802,50,Male,Medicare Advantage,Midwest,1976-03-15
P008803,77,Female,Commercial,South,1948-04-15
P008804,69,Male,Commercial,Midwest,1957-09-15
P008805,55,Female,Medicare,Northeast,1971-11-15
P008806,74,Male,Commercial,South,1952-02-15
P008807,41,Female,Commercial,Northeast,1984-03-15
P008808,69,Male,Other,West,1957-08-15
P008809,57,Female,Self-Pay,Northeast,1968-10-15
P008810,94,Female,Self-Pay,South,1932-10-15
P008811,79,Female,Commercial,West,1946-01-15
P008812,57,Male,Medicare Advantage,Midwest,1968-10-15
P008813,93,Male,Commercial,South,1933-06-15
P008814,65,Male,Commercial,Northeast,1961-11-15
P008815,31,Female,Medicare,South,1994-08-15
P008816,40,Female,Commercial,Northeast,1986-09-15
P008817,25,Male,Medicare Advantage,Midwest,2000-01-15
P008818,10,Female,Medicare,South,2016-12-15
P008819,75,Female,Medicare,South,1950-10-15
P008820,29,Female,Other,Northeast,1996-09-15
P008821,28,Female,Medicare,Midwest,1998-12-15
P008822,80,Female,Medicare Advantage,South,1945-06-15
P008823,27,Female,Self-Pay,South,1998-03-15
P008824,92,Male,Medicare,West,1934-07-15
P008825,50,Female,Medicare,Midwest,1975-01-15
P008826,51,Female,Commercial,West,1975-07-15
P008827,67,Male,Commercial,Midwest,1958-01-15
P008828,28,Male,Medicare,Midwest,1997-01-15
P008829,53,Female,Self-Pay,West,1973-07-15
P008830,23,Female,Medicaid,Northeast,2003-12-15
P008831,59,Male,Medicaid,West,1967-07-15
P008832,40,Male,Medicare,West,1986-07-15
P008833,42,Female,Commercial,Northeast,1984-06-15
P008834,25,Male,Commercial,Midwest,2001-06-15
P008835,48,Female,Medicare,Midwest,1978-12-15
P008836,53,Male,Workers Comp,West,1973-05-15
P008837,37,Female,Commercial,South,1988-01-15
P008838,52,Female,Self-Pay,South,1973-10-15
P008839,43,Female,Medicare,West,1982-09-15
P008840,80,Female,Medicare,West,1946-03-15
P008841,54,Male,Commercial,Midwest,1971-04-15
P008842,92,Male,Medicaid,West,1933-02-15
P008843,53,Female,Commercial,South,1972-12-15
P008844,49,Male,Medicaid,Midwest,1976-08-15
P008845,45,Female,Medicare,South,1980-10-15
P008846,45,Male,Medicaid,West,1980-02-15
P008847,91,Other,Medicare Advantage,South,1934-07-15
P008848,76,Female,Commercial,Northeast,1949-09-15
P008849,77,Other,Medicaid,Northeast,1948-03-15
P008850,50,Female,Medicare Advantage,South,1976-09-15
P008851,69,Female,Medicare Advantage,Northeast,1956-02-15
P008852,51,Female,Medicare,Midwest,1975-04-15
P008853,57,Male,Medicare,Northeast,1969-08-15
P008854,53,Female,Medicaid,Midwest,1973-09-15
P008855,70,Male,Commercial,Midwest,1955-08-15
P008856,35,Female,Medicare,Midwest,1990-12-15
P008857,50,Female,Self-Pay,Northeast,1975-07-15
P008858,45,Male,Commercial,South,1981-07-15
P008859,57,Female,Medicare,Northeast,1969-12-15
P008860,64,Female,Commercial,South,1961-07-15
P008861,61,Female,Medicare,Midwest,1965-10-15
P008862,40,Male,Medicare Advantage,West,1986-05-15
P008863,51,Female,Medicaid,Northeast,1974-09-15
P008864,95,Female,Medicaid,Northeast,1931-09-15
P008865,43,Male,Medicaid,South,1982-12-15
P008866,69,Male,Commercial,South,1956-12-15
P008867,58,Male,Medicare,South,1968-11-15
P008868,63,Male,Medicare,Northeast,1963-03-15
P008869,56,Male,Other,Midwest,1969-10-15
P008870,78,Male,Medicare,West,1948-01-15
P008871,72,Male,Commercial,West,1954-04-15
P008872,45,Male,Self-Pay,West,1981-04-15
P008873,47,Female,Medicare,Midwest,1979-03-15
P008874,11,Female,Medicare,West,2015-04-15
P008875,75,Female,Medicaid,South,1951-05-15
P008876,37,Female,Medicaid,South,1989-07-15
P008877,71,Male,Medicare,West,1955-03-15
P008878,71,Female,Medicare Advantage,South,1954-11-15
P008879,65,Female,Medicaid,Midwest,1960-04-15
P008880,65,Male,Commercial,Northeast,1961-02-15
P008881,61,Male,Other,South,1965-10-15
P008882,62,Female,Commercial,West,1963-03-15
P008883,50,Male,Commercial,Northeast,1975-08-15
P008884,58,Female,Medicare,South,1968-11-15
P008885,22,Male,Medicaid,Midwest,2003-07-15
P008886,65,Male,Self-Pay,Midwest,1960-03-15
P008887,57,Other,Medicaid,Midwest,1969-07-15
P008888,50,Male,Commercial,West,1976-02-15
P008889,9,Male,Medicare,South,2016-04-15
P008890,59,Male,Medicare,South,1967-04-15
P008891,21,Male,Commercial,South,2004-12-15
P008892,55,Male,Medicare,South,1970-05-15
P008893,21,Female,Self-Pay,Midwest,2005-01-15
P008894,49,Male,Medicare Advantage,West,1976-03-15
P008895,19,Male,Medicare,Northeast,2007-02-15
P008896,55,Male,Medicare,West,1970-02-15
P008897,59,Male,Medicare,Midwest,1967-06-15
P008898,59,Male,Medicaid,South,1966-09-15
P008899,47,Male,Medicare,South,1979-02-15
P008900,25,Female,Medicaid,South,2001-07-15
P008901,91,Male,Medicare,Midwest,1935-07-15
P008902,26,Male,Medicare,Midwest,2000-06-15
P008903,24,Female,Medicare,South,2002-07-15
P008904,79,Female,Medicaid,Northeast,1946-09-15
P008905,60,Female,Medicare Advantage,Northeast,1965-09-15
P008906,21,Male,Medicare,West,2005-09-15
P008907,95,Male,Medicare Advantage,South,1931-04-15
P008908,43,Female,Medicare,Midwest,1982-03-15
P008909,82,Female,Medicare,Midwest,1943-09-15
P008910,55,Male,Medicare,Northeast,1971-01-15
P008911,60,Male,Commercial,West,1966-09-15
P008912,18,Male,Commercial,Midwest,2007-01-15
P008913,51,Male,Commercial,South,1975-07-15
P008914,17,Male,Commercial,Northeast,2008-12-15
P008915,72,Male,Commercial,Midwest,1954-07-15
P008916,88,Male,Medicaid,South,1937-09-15
P008917,20,Male,Commercial,West,2005-08-15
P008918,47,Male,Commercial,West,1978-09-15
P008919,43,Male,Medicare Advantage,West,1983-06-15
P008920,35,Male,Medicare,South,1990-09-15
P008921,77,Female,Commercial,Northeast,1949-06-15
P008922,90,Male,Medicare,South,1936-06-15
P008923,79,Male,Commercial,Northeast,1947-05-15
P008924,54,Female,Medicare,Northeast,1972-06-15
P008925,52,Male,Medicare,South,1973-01-15
P008926,28,Male,Medicare,South,1998-11-15
P008927,52,Male,Medicaid,South,1973-09-15
P008928,66,Female,Self-Pay,West,1960-02-15
P008929,77,Male,Commercial,West,1949-10-15
P008930,95,Male,Medicare Advantage,South,1931-10-15
P008931,68,Male,Medicare Advantage,South,1958-02-15
P008932,73,Male,Medicare Advantage,Northeast,1952-01-15
P008933,67,Male,Medicaid,South,1959-11-15
P008934,77,Female,Medicare Advantage,West,1948-10-15
P008935,67,Female,Medicare,South,1959-12-15
P008936,28,Female,Medicare,South,1997-05-15
P008937,12,Female,Medicaid,West,2013-09-15
P008938,76,Female,Commercial,South,1950-11-15
P008939,37,Male,Medicaid,Northeast,1988-08-15
P008940,96,Male,Other,Northeast,1930-10-15
P008941,69,Male,Medicare,West,1956-07-15
P008942,73,Female,Commercial,Midwest,1952-12-15
P008943,71,Female,Commercial,Northeast,1955-03-15
P008944,23,Male,Commercial,Northeast,2002-09-15
P008945,92,Female,Commercial,Midwest,1933-06-15
P008946,59,Female,Commercial,Midwest,1967-04-15
P008947,70,Female,Commercial,Northeast,1955-10-15
P008948,83,Female,Commercial,West,1942-12-15
P008949,24,Male,Medicaid,West,2002-11-15
P008950,31,Female,Medicaid,Midwest,1995-08-15
P008951,71,Female,Medicare,West,1954-11-15
P008952,70,Male,Medicare Advantage,South,1955-09-15
P008953,89,Female,Commercial,West,1936-01-15
P008954,4,Male,Self-Pay,West,2022-05-15
P008955,66,Female,Medicare Advantage,Northeast,1959-04-15
P008956,75,Female,Medicare Advantage,South,1950-01-15
P008957,24,Male,Self-Pay,South,2001-04-15
P008958,91,Female,Commercial,Midwest,1935-06-15
P008959,91,Male,Medicaid,South,1935-12-15
P008960,79,Female,Commercial,West,1946-07-15
P008961,37,Male,Medicare,Midwest,1988-11-15
P008962,54,Male,Self-Pay,West,1971-09-15
P008963,69,Female,Commercial,West,1957-07-15
P008964,67,Female,Medicaid,Northeast,1958-11-15
P008965,36,Female,Medicare,Northeast,1990-05-15
P008966,29,Male,Medicare Advantage,West,1997-11-15
P008967,67,Female,Commercial,South,1959-04-15
P008968,53,Female,Medicaid,Midwest,1973-08-15
P008969,22,Female,Medicare,Midwest,2003-09-15
P008970,58,Female,Medicare,West,1967-11-15
P008971,55,Male,Commercial,West,1971-10-15
P008972,60,Male,Medicaid,Northeast,1966-01-15
P008973,38,Male,Commercial,Midwest,1987-08-15
P008974,74,Male,Medicare,Northeast,1952-12-15
P008975,79,Female,Commercial,West,1946-04-15
P008976,27,Male,Medicaid,Midwest,1998-09-15
P008977,56,Female,Medicare Advantage,Northeast,1969-03-15
P008978,56,Male,Medicare,Northeast,1969-05-15
P008979,36,Male,Commercial,West,1990-05-15
P008980,47,Male,Medicare,South,1979-06-15
P008981,38,Female,Medicare,South,1988-10-15
P008982,70,Male,Medicare,Northeast,1955-08-15
P008983,45,Male,Commercial,Midwest,1981-06-15
P008984,28,Female,Commercial,West,1997-02-15
P008985,64,Other,Medicare Advantage,West,1962-08-15
P008986,67,Male,Commercial,Northeast,1958-08-15
P008987,37,Male,Medicare Advantage,South,1988-11-15
P008988,55,Male,Medicare Advantage,South,1970-11-15
P008989,93,Female,Medicare,Northeast,1933-10-15
P008990,47,Female,Workers Comp,West,1978-09-15
P008991,78,Female,Medicaid,South,1948-12-15
P008992,47,Male,Self-Pay,South,1979-03-15
P008993,36,Male,Commercial,Midwest,1990-04-15
P008994,22,Female,Medicaid,South,2003-08-15
P008995,71,Female,Medicare,South,1954-09-15
P008996,7,Female,Medicare Advantage,South,2019-09-15
P008997,43,Male,Self-Pay,Midwest,1983-05-15
P008998,49,Male,Medicaid,South,1976-08-15
P008999,53,Female,Medicaid,South,1973-12-15
P009000,6,Male,Commercial,Northeast,2020-12-15
P009001,28,Female,Medicare,West,1997-01-15
P009002,82,Female,Medicare,Midwest,1943-04-15
P009003,35,Female,Medicaid,Midwest,1990-08-15
P009004,31,Male,Medicare,South,1995-05-15
P009005,63,Male,Commercial,West,1963-03-15
P009006,54,Female,Commercial,Northeast,1972-10-15
P009007,68,Male,Medicare,Midwest,1958-07-15
P009008,78,Female,Medicare Advantage,South,1948-05-15
P009009,41,Female,Medicare,West,1985-10-15
P009010,19,Female,Medicare,South,2006-01-15
P009011,73,Male,Commercial,Midwest,1952-01-15
P009012,70,Female,Medicare,West,1956-12-15
P009013,26,Female,Other,West,1999-12-15
P009014,67,Male,Medicare,West,1959-09-15
P009015,18,Male,Other,South,2008-10-15
P009016,45,Male,Medicare,Midwest,1981-06-15
P009017,48,Female,Medicare Advantage,Midwest,1978-02-15
P009018,45,Female,Medicare,West,1981-02-15
P009019,43,Male,Medicaid,West,1982-12-15
P009020,72,Male,Medicare,South,1953-04-15
P009021,78,Male,Medicare,West,1947-03-15
P009022,44,Male,Medicare,South,1981-01-15
P009023,86,Female,Medicare,Northeast,1940-01-15
P009024,78,Male,Medicare,Midwest,1947-11-15
P009025,58,Male,Medicare Advantage,South,1968-01-15
P009026,20,Male,Commercial,Northeast,2006-11-15
P009027,24,Female,Medicare,West,2001-03-15
P009028,46,Male,Medicare,Midwest,1980-12-15
P009029,23,Male,Medicaid,South,2002-11-15
P009030,47,Male,Workers Comp,West,1979-02-15
P009031,68,Male,Medicare,South,1958-04-15
P009032,14,Male,Medicare,South,2011-05-15
P009033,76,Male,Medicare,Northeast,1949-02-15
P009034,46,Male,Commercial,South,1979-07-15
P009035,27,Male,Medicare,Midwest,1998-10-15
P009036,48,Male,Medicare,Midwest,1977-06-15
P009037,52,Female,Medicare,Northeast,1973-08-15
P009038,67,Female,Medicare,West,1958-10-15
P009039,30,Female,Commercial,South,1996-01-15
P009040,96,Male,Medicaid,Midwest,1930-11-15
P009041,27,Male,Commercial,South,1998-10-15
P009042,59,Male,Self-Pay,South,1966-08-15
P009043,80,Male,Medicare,Midwest,1946-04-15
P009044,62,Male,Medicare,Midwest,1963-04-15
P009045,50,Male,Commercial,South,1975-09-15
P009046,59,Female,Medicare Advantage,South,1966-02-15
P009047,59,Female,Commercial,South,1966-03-15
P009048,96,Male,Medicaid,South,1930-11-15
P009049,59,Male,Medicare Advantage,South,1967-02-15
P009050,68,Female,Medicare,Northeast,1957-02-15
P009051,13,Female,Medicaid,South,2012-08-15
P009052,58,Male,Medicare,West,1968-10-15
P009053,43,Female,Medicaid,Northeast,1983-12-15
P009054,55,Male,Commercial,West,1971-09-15
P009055,38,Male,Medicare Advantage,South,1987-01-15
P009056,70,Female,Commercial,South,1956-07-15
P009057,37,Male,Commercial,South,1989-07-15
P009058,38,Female,Medicare Advantage,South,1988-01-15
P009059,85,Female,Medicare,West,1941-01-15
P009060,58,Male,Medicare,South,1968-04-15
P009061,28,Female,Medicare,Midwest,1998-12-15
P009062,65,Male,Medicare,South,1961-10-15
P009063,29,Female,Medicare,South,1997-11-15
P009064,61,Male,Medicare,Midwest,1964-03-15
P009065,7,Female,Medicare,South,2018-12-15
P009066,27,Female,Medicare,West,1998-03-15
P009067,59,Female,Medicare,South,1966-11-15
P009068,37,Female,Medicare,Northeast,1989-01-15
P009069,66,Female,Medicare,West,1959-11-15
P009070,40,Male,Medicare,South,1985-10-15
P009071,52,Male,Medicare,South,1974-11-15
P009072,25,Female,Commercial,South,2001-05-15
P009073,19,Male,Medicaid,Midwest,2006-02-15
P009074,45,Male,Medicaid,South,1981-08-15
P009075,56,Male,Medicare,South,1969-02-15
P009076,72,Female,Medicare,Northeast,1953-09-15
P009077,21,Male,Medicare,South,2004-12-15
P009078,38,Male,Commercial,Northeast,1987-09-15
P009079,61,Female,Commercial,Northeast,1964-08-15
P009080,32,Male,Other,South,1994-03-15
P009081,62,Female,Medicare,West,1964-05-15
P009082,24,Female,Medicaid,Northeast,2001-04-15
P009083,28,Male,Medicare Advantage,Northeast,1997-09-15
P009084,57,Male,Medicare,South,1969-01-15
P009085,56,Female,Commercial,South,1969-02-15
P009086,37,Male,Medicare,Northeast,1989-10-15
P009087,2,Male,Commercial,South,2023-11-15
P009088,11,Male,Commercial,West,2014-10-15
P009089,23,Female,Medicare,South,2002-03-15
P009090,90,Male,Workers Comp,Northeast,1936-12-15
P009091,24,Male,Workers Comp,South,2001-04-15
P009092,86,Male,Medicaid,South,1940-09-15
P009093,77,Male,Medicare,West,1949-01-15
P009094,72,Other,Medicare,South,1953-11-15
P009095,60,Male,Commercial,Northeast,1966-06-15
P009096,71,Female,Commercial,Northeast,1955-01-15
P009097,32,Male,Self-Pay,West,1993-06-15
P009098,78,Female,Medicare,South,1948-03-15
P009099,32,Female,Medicare Advantage,Northeast,1993-09-15
P009100,96,Male,Medicaid,Northeast,1929-01-15
P009101,58,Female,Medicare,South,1968-04-15
P009102,42,Female,Medicare Advantage,Northeast,1983-01-15
P009103,55,Male,Commercial,West,1970-04-15
P009104,6,Female,Commercial,Northeast,2019-10-15
P009105,74,Female,Medicaid,West,1951-01-15
P009106,90,Female,Commercial,Midwest,1936-05-15
P009107,9,Female,Commercial,South,2016-05-15
P009108,31,Female,Self-Pay,Midwest,1995-02-15
P009109,33,Male,Commercial,West,1993-04-15
P009110,37,Female,Medicare Advantage,Northeast,1988-02-15
P009111,22,Female,Medicare,Midwest,2003-04-15
P009112,79,Male,Commercial,West,1946-06-15
P009113,55,Female,Medicare,Northeast,1970-08-15
P009114,58,Female,Workers Comp,West,1967-07-15
P009115,58,Female,Medicare Advantage,Midwest,1968-11-15
P009116,71,Male,Medicare,West,1954-04-15
P009117,80,Female,Commercial,West,1945-11-15
P009118,87,Male,Medicare,Midwest,1938-08-15
P009119,7,Male,Medicaid,Midwest,2018-09-15
P009120,43,Female,Medicare Advantage,Midwest,1983-02-15
P009121,16,Male,Commercial,South,2009-01-15
P009122,69,Male,Medicare Advantage,South,1957-03-15
P009123,20,Male,Commercial,West,2006-12-15
P009124,62,Female,Commercial,Midwest,1963-09-15
P009125,4,Female,Medicaid,Midwest,2022-04-15
P009126,44,Male,Commercial,Midwest,1982-06-15
P009127,39,Female,Medicaid,West,1987-10-15
P009128,46,Female,Medicare,Midwest,1980-05-15
P009129,71,Female,Commercial,South,1955-01-15
P009130,37,Female,Commercial,Midwest,1989-12-15
P009131,55,Female,Medicare Advantage,Northeast,1970-10-15
P009132,59,Male,Commercial,Northeast,1967-12-15
P009133,31,Male,Medicare,West,1994-07-15
P009134,50,Female,Self-Pay,Midwest,1975-10-15
P009135,75,Male,Medicaid,Midwest,1950-04-15
P009136,58,Female,Commercial,Midwest,1968-01-15
P009137,84,Male,Medicare,South,1941-01-15
P009138,66,Male,Medicare,West,1959-07-15
P009139,74,Male,Other,Midwest,1951-05-15
P009140,62,Female,Commercial,South,1963-10-15
P009141,48,Male,Medicare Advantage,West,1978-05-15
P009142,62,Female,Medicare,South,1963-09-15
P009143,66,Female,Medicaid,West,1959-02-15
P009144,32,Female,Medicaid,Midwest,1993-03-15
P009145,82,Female,Medicaid,South,1944-09-15
P009146,42,Male,Medicaid,West,1983-04-15
P009147,16,Female,Commercial,West,2009-03-15
P009148,68,Female,Medicaid,Midwest,1958-09-15
P009149,78,Male,Medicaid,Midwest,1947-07-15
P009150,61,Female,Medicaid,West,1964-11-15
P009151,54,Female,Self-Pay,South,1971-09-15
P009152,63,Female,Medicaid,West,1963-05-15
P009153,60,Male,Workers Comp,West,1966-06-15
P009154,39,Male,Commercial,West,1986-10-15
P009155,43,Male,Medicare,Northeast,1983-04-15
P009156,72,Male,Medicare Advantage,Midwest,1954-11-15
P009157,45,Female,Medicaid,West,1980-05-15
P009158,55,Female,Medicare,West,1971-10-15
P009159,5,Female,Medicare Advantage,West,2021-02-15
P009160,79,Female,Medicare,Midwest,1946-09-15
P009161,20,Female,Commercial,South,2006-06-15
P009162,37,Female,Self-Pay,West,1989-10-15
P009163,8,Male,Commercial,Midwest,2017-11-15
P009164,58,Female,Medicare Advantage,South,1968-06-15
P009165,63,Female,Medicare,South,1962-09-15
P009166,66,Female,Commercial,Midwest,1960-09-15
P009167,9,Female,Medicaid,Midwest,2017-06-15
P009168,49,Female,Medicare,West,1976-07-15
P009169,74,Female,Commercial,South,1952-12-15
P009170,3,Male,Medicare,West,2023-05-15
P009171,41,Male,Medicaid,South,1985-06-15
P009172,76,Male,Medicare Advantage,West,1950-02-15
P009173,60,Female,Medicare,Northeast,1965-07-15
P009174,61,Female,Medicare,Northeast,1964-12-15
P009175,24,Female,Commercial,Midwest,2002-01-15
P009176,56,Male,Medicaid,West,1970-09-15
P009177,19,Male,Medicare Advantage,West,2007-04-15
P009178,58,Male,Medicare,Midwest,1967-05-15
P009179,75,Male,Medicare,Northeast,1951-11-15
P009180,76,Male,Medicare,South,1949-03-15
P009181,60,Female,Medicare,Midwest,1966-10-15
P009182,45,Male,Commercial,South,1981-10-15
P009183,66,Male,Commercial,Midwest,1959-08-15
P009184,64,Male,Medicaid,Midwest,1962-12-15
P009185,46,Female,Medicare,West,1979-03-15
P009186,52,Female,Commercial,West,1973-01-15
P009187,4,Female,Commercial,Northeast,2022-07-15
P009188,11,Male,Commercial,South,2014-06-15
P009189,28,Female,Medicare Advantage,South,1997-09-15
P009190,60,Female,Medicare Advantage,West,1966-04-15
P009191,77,Female,Commercial,West,1948-09-15
P009192,45,Female,Workers Comp,South,1980-02-15
P009193,49,Female,Commercial,South,1976-01-15
P009194,65,Female,Commercial,South,1961-12-15
P009195,51,Male,Medicare Advantage,South,1975-03-15
P009196,70,Female,Commercial,Midwest,1955-10-15
P009197,48,Female,Commercial,South,1978-02-15
P009198,77,Female,Commercial,Northeast,1949-12-15
P009199,70,Male,Medicaid,Midwest,1955-12-15
P009200,88,Male,Medicaid,Midwest,1937-05-15
P009201,70,Female,Medicare Advantage,Midwest,1955-01-15
P009202,56,Male,Medicare,South,1970-09-15
P009203,23,Male,Medicare,Midwest,2002-06-15
P009204,18,Male,Self-Pay,West,2008-10-15
P009205,68,Female,Medicare Advantage,Midwest,1957-01-15
P009206,36,Female,Commercial,Midwest,1989-01-15
P009207,64,Female,Medicaid,South,1962-04-15
P009208,73,Female,Medicaid,Northeast,1952-03-15
P009209,54,Female,Medicare,Midwest,1971-07-15
P009210,66,Female,Self-Pay,West,1960-03-15
P009211,43,Female,Commercial,Northeast,1982-01-15
P009212,26,Male,Commercial,South,1999-11-15
P009213,36,Male,Medicare,West,1989-01-15
P009214,52,Male,Medicaid,South,1973-05-15
P009215,73,Female,Commercial,South,1952-09-15
P009216,43,Male,Commercial,South,1982-09-15
P009217,47,Male,Commercial,Midwest,1979-08-15
P009218,28,Female,Medicare,South,1998-01-15
P009219,76,Male,Self-Pay,West,1950-06-15
P009220,69,Male,Medicare,South,1956-09-15
P009221,34,Male,Medicare,West,1991-06-15
P009222,46,Female,Commercial,Northeast,1980-03-15
P009223,74,Female,Commercial,West,1951-07-15
P009224,70,Female,Medicaid,Midwest,1955-12-15
P009225,56,Male,Commercial,Northeast,1970-01-15
P009226,90,Female,Medicare,Northeast,1935-12-15
P009227,32,Female,Commercial,West,1993-09-15
P009228,59,Female,Other,South,1966-05-15
P009229,74,Male,Commercial,West,1951-01-15
P009230,45,Female,Self-Pay,South,1981-08-15
P009231,51,Male,Commercial,South,1975-08-15
P009232,75,Female,Medicare Advantage,South,1951-12-15
P009233,2,Female,Commercial,Midwest,2023-11-15
P009234,55,Female,Medicaid,Northeast,1970-02-15
P009235,69,Female,Commercial,South,1957-02-15
P009236,53,Female,Medicare Advantage,South,1972-06-15
P009237,50,Female,Medicare,Midwest,1976-06-15
P009238,24,Female,Commercial,West,2001-09-15
P009239,78,Female,Commercial,South,1948-06-15
P009240,53,Male,Commercial,West,1972-01-15
P009241,40,Male,Medicaid,South,1985-03-15
P009242,91,Male,Medicare,South,1934-06-15
P009243,18,Female,Commercial,South,2007-08-15
P009244,40,Male,Medicare,West,1986-07-15
P009245,10,Male,Medicare Advantage,Midwest,2015-07-15
P009246,19,Female,Medicare Advantage,Northeast,2007-08-15
P009247,4,Female,Commercial,West,2022-01-15
P009248,91,Male,Medicare Advantage,Midwest,1934-03-15
P009249,44,Male,Commercial,Northeast,1982-10-15
P009250,9,Male,Self-Pay,Northeast,2017-03-15
P009251,59,Male,Commercial,West,1966-01-15
P009252,28,Male,Medicare,Midwest,1998-12-15
P009253,1,Female,Commercial,Northeast,2025-10-15
P009254,29,Male,Commercial,South,1996-10-15
P009255,73,Female,Self-Pay,South,1953-10-15
P009256,42,Female,Medicare Advantage,Midwest,1984-08-15
P009257,10,Male,Self-Pay,South,2015-06-15
P009258,77,Female,Commercial,Midwest,1948-02-15
P009259,69,Female,Medicare Advantage,West,1956-05-15
P009260,50,Female,Medicare,Northeast,1975-08-15
P009261,77,Male,Commercial,South,1949-05-15
P009262,24,Male,Medicaid,Midwest,2002-04-15
P009263,69,Male,Commercial,South,1956-09-15
P009264,65,Female,Commercial,South,1960-02-15
P009265,87,Male,Medicare,Northeast,1938-05-15
P009266,87,Female,Medicare Advantage,South,1938-07-15
P009267,67,Male,Other,South,1959-06-15
P009268,24,Female,Commercial,South,2001-11-15
P009269,24,Male,Medicaid,South,2002-07-15
P009270,14,Female,Medicare,West,2011-04-15
P009271,18,Male,Medicare,South,2008-02-15
P009272,62,Female,Commercial,Northeast,1964-05-15
P009273,39,Female,Medicare,South,1986-09-15
P009274,46,Male,Medicare,Midwest,1980-06-15
P009275,1,Male,Commercial,South,2024-01-15
P009276,35,Female,Medicaid,West,1991-04-15
P009277,4,Male,Medicaid,Midwest,2021-06-15
P009278,31,Female,Workers Comp,Midwest,1995-05-15
P009279,34,Female,Medicare,South,1991-01-15
P009280,60,Male,Medicare,South,1965-05-15
P009281,52,Male,Commercial,South,1974-02-15
P009282,45,Female,Medicare,Northeast,1981-06-15
P009283,23,Male,Medicare,Midwest,2002-04-15
P009284,62,Female,Medicare,South,1963-07-15
P009285,19,Male,Medicare Advantage,Northeast,2007-11-15
P009286,67,Male,Commercial,South,1958-08-15
P009287,72,Male,Medicare,Midwest,1954-08-15
P009288,46,Female,Medicare Advantage,Northeast,1979-06-15
P009289,74,Male,Workers Comp,South,1952-06-15
P009290,63,Male,Self-Pay,South,1962-11-15
P009291,55,Female,Self-Pay,Midwest,1971-09-15
P009292,49,Male,Medicare,West,1977-09-15
P009293,2,Female,Medicaid,Northeast,2023-04-15
P009294,55,Female,Commercial,West,1971-05-15
P009295,94,Male,Commercial,South,1932-01-15
P009296,71,Female,Medicare,South,1954-12-15
P009297,66,Female,Medicare,Northeast,1960-08-15
P009298,94,Female,Medicaid,West,1932-01-15
P009299,74,Male,Medicare,Northeast,1951-10-15
P009300,31,Male,Medicare,Midwest,1995-04-15
P009301,54,Female,Medicare Advantage,West,1972-12-15
P009302,34,Male,Commercial,West,1992-05-15
P009303,35,Female,Self-Pay,Midwest,1991-07-15
P009304,46,Female,Medicaid,Northeast,1979-08-15
P009305,4,Male,Commercial,Northeast,2022-10-15
P009306,24,Male,Medicare Advantage,South,2001-04-15
P009307,69,Female,Medicare,South,1956-11-15
P009308,37,Male,Medicare,West,1988-11-15
P009309,89,Female,Self-Pay,Northeast,1936-08-15
P009310,74,Female,Medicare Advantage,Midwest,1951-08-15
P009311,54,Female,Commercial,West,1972-03-15
P009312,27,Female,Commercial,West,1998-09-15
P009313,37,Male,Commercial,Midwest,1989-11-15
P009314,37,Male,Commercial,Northeast,1988-10-15
P009315,73,Male,Medicare,South,1953-06-15
P009316,10,Female,Commercial,West,2016-06-15
P009317,19,Female,Medicaid,Northeast,2006-12-15
P009318,72,Female,Medicare,Northeast,1954-04-15
P009319,60,Female,Medicare,South,1965-03-15
P009320,49,Male,Commercial,West,1977-03-15
P009321,83,Male,Medicare Advantage,South,1943-08-15
P009322,9,Female,Medicare,Northeast,2016-12-15
P009323,56,Male,Medicare,West,1969-02-15
P009324,64,Female,Medicare,Northeast,1961-06-15
P009325,55,Male,Self-Pay,West,1971-09-15
P009326,8,Female,Medicare Advantage,South,2018-09-15
P009327,41,Male,Commercial,South,1985-11-15
P009328,44,Male,Medicare Advantage,West,1981-06-15
P009329,40,Female,Commercial,West,1986-05-15
P009330,33,Female,Commercial,West,1993-11-15
P009331,77,Female,Commercial,Midwest,1949-06-15
P009332,25,Male,Medicare,Northeast,2001-03-15
P009333,49,Female,Medicaid,South,1976-07-15
P009334,64,Male,Medicare Advantage,Northeast,1962-11-15
P009335,50,Male,Self-Pay,Northeast,1976-09-15
P009336,14,Male,Commercial,South,2012-08-15
P009337,19,Male,Medicare,South,2006-10-15
P009338,51,Female,Medicare,Northeast,1975-08-15
P009339,74,Female,Commercial,West,1952-06-15
P009340,60,Female,Medicare,West,1966-06-15
P009341,66,Female,Commercial,West,1960-02-15
P009342,10,Female,Medicare Advantage,Midwest,2016-06-15
P009343,19,Female,Medicare,Northeast,2006-05-15
P009344,29,Female,Medicare,Northeast,1997-12-15
P009345,9,Female,Medicare,Northeast,2016-11-15
P009346,20,Female,Self-Pay,Midwest,2006-06-15
P009347,57,Female,Medicare,West,1969-05-15
P009348,64,Female,Medicare,South,1961-01-15
P009349,9,Female,Commercial,South,2017-06-15
P009350,17,Female,Commercial,South,2008-05-15
P009351,80,Female,Medicare,Midwest,1945-05-15
P009352,78,Female,Medicare,South,1947-03-15
P009353,85,Female,Medicare Advantage,Northeast,1941-08-15
P009354,66,Male,Commercial,West,1960-09-15
P009355,67,Male,Commercial,West,1959-12-15
P009356,86,Female,Commercial,West,1939-02-15
P009357,76,Female,Commercial,South,1949-05-15
P009358,57,Male,Medicare Advantage,Northeast,1968-09-15
P009359,21,Male,Commercial,Midwest,2004-06-15
P009360,2,Female,Medicare,Midwest,2024-12-15
P009361,58,Male,Self-Pay,Midwest,1968-10-15
P009362,82,Female,Commercial,South,1943-07-15
P009363,74,Male,Medicare Advantage,Northeast,1951-03-15
P009364,21,Female,Medicare,South,2005-06-15
P009365,65,Male,Medicaid,West,1960-05-15
P009366,11,Female,Commercial,Midwest,2014-02-15
P009367,66,Female,Commercial,South,1959-09-15
P009368,72,Female,Medicare,Midwest,1954-08-15
P009369,69,Female,Medicaid,South,1957-09-15
P009370,4,Male,Other,West,2022-11-15
P009371,12,Male,Medicaid,South,2013-09-15
P009372,61,Male,Commercial,South,1964-02-15
P009373,13,Female,Workers Comp,Northeast,2012-07-15
P009374,83,Male,Commercial,Midwest,1942-09-15
P009375,64,Female,Medicare Advantage,West,1961-01-15
P009376,56,Male,Commercial,Midwest,1969-08-15
P009377,95,Male,Medicare,West,1931-10-15
P009378,53,Female,Commercial,West,1972-05-15
P009379,61,Male,Medicare Advantage,South,1964-09-15
P009380,43,Female,Medicare,West,1982-08-15
P009381,65,Female,Medicare,South,1960-04-15
P009382,38,Other,Medicare,West,1988-08-15
P009383,90,Male,Commercial,Northeast,1935-11-15
P009384,64,Female,Medicare,West,1961-02-15
P009385,22,Female,Commercial,Midwest,2003-08-15
P009386,44,Male,Medicare Advantage,Northeast,1981-04-15
P009387,57,Female,Medicare Advantage,West,1969-11-15
P009388,73,Female,Medicare Advantage,Midwest,1953-05-15
P009389,32,Female,Medicare,Northeast,1993-05-15
P009390,70,Male,Medicare,South,1955-07-15
P009391,39,Male,Medicare Advantage,Northeast,1986-09-15
P009392,18,Male,Medicare,Midwest,2008-02-15
P009393,52,Male,Self-Pay,South,1973-05-15
P009394,58,Male,Commercial,West,1967-02-15
P009395,78,Female,Medicare Advantage,West,1948-02-15
P009396,52,Female,Medicare,South,1973-05-15
P009397,41,Male,Commercial,South,1985-07-15
P009398,66,Female,Self-Pay,Midwest,1960-09-15
P009399,18,Female,Other,Midwest,2008-11-15
P009400,54,Male,Medicaid,South,1972-03-15
P009401,44,Female,Commercial,Northeast,1982-02-15
P009402,67,Male,Self-Pay,South,1959-12-15
P009403,17,Male,Medicare Advantage,South,2008-08-15
P009404,75,Male,Commercial,South,1951-06-15
P009405,58,Female,Self-Pay,Midwest,1967-02-15
P009406,37,Male,Workers Comp,Northeast,1988-11-15
P009407,68,Female,Commercial,Northeast,1957-04-15
P009408,26,Male,Self-Pay,West,2000-04-15
P009409,71,Female,Medicare,Northeast,1955-12-15
P009410,74,Male,Commercial,South,1951-07-15
P009411,42,Female,Medicare,South,1984-09-15
P009412,21,Male,Commercial,South,2005-08-15
P009413,74,Female,Commercial,Northeast,1952-10-15
P009414,48,Female,Self-Pay,Northeast,1977-01-15
P009415,24,Male,Commercial,Midwest,2002-02-15
P009416,69,Female,Commercial,Midwest,1956-05-15
P009417,36,Male,Medicare,Northeast,1990-02-15
P009418,12,Male,Medicare,South,2014-10-15
P009419,88,Female,Commercial,Northeast,1938-03-15
P009420,33,Male,Medicare,South,1993-01-15
P009421,28,Female,Medicare,South,1997-07-15
P009422,54,Female,Medicaid,West,1972-06-15
P009423,82,Male,Medicare,South,1944-10-15
P009424,69,Male,Commercial,Midwest,1956-01-15
P009425,14,Female,Medicare Advantage,South,2011-06-15
P009426,71,Male,Medicare,South,1955-08-15
P009427,70,Other,Medicare,South,1956-08-15
P009428,74,Male,Medicare,South,1952-06-15
P009429,18,Male,Commercial,Northeast,2008-12-15
P009430,67,Female,Other,South,1958-01-15
P009431,72,Female,Medicare Advantage,South,1954-04-15
P009432,37,Female,Commercial,South,1989-05-15
P009433,50,Female,Medicare,South,1976-06-15
P009434,10,Male,Self-Pay,Northeast,2015-05-15
P009435,65,Female,Medicaid,South,1961-11-15
P009436,64,Male,Commercial,Midwest,1962-03-15
P009437,72,Female,Medicare,West,1954-01-15
P009438,45,Female,Medicare Advantage,West,1981-09-15
P009439,67,Male,Commercial,West,1959-02-15
P009440,41,Female,Commercial,Midwest,1985-10-15
P009441,54,Male,Commercial,South,1971-07-15
P009442,26,Male,Medicaid,West,2000-06-15
P009443,86,Male,Commercial,West,1940-10-15
P009444,64,Female,Medicare,Northeast,1962-12-15
P009445,53,Female,Commercial,Northeast,1972-09-15
P009446,34,Female,Medicaid,South,1991-10-15
P009447,47,Female,Medicare,South,1978-02-15
P009448,57,Female,Medicare,Midwest,1968-12-15
P009449,10,Male,Medicaid,Midwest,2015-02-15
P009450,40,Male,Medicare,Northeast,1986-08-15
P009451,95,Male,Commercial,Northeast,1930-03-15
P009452,71,Female,Commercial,Midwest,1955-07-15
P009453,6,Female,Medicaid,Midwest,2020-10-15
P009454,59,Male,Medicare,South,1967-10-15
P009455,1,Female,Commercial,Midwest,2024-12-15
P009456,2,Female,Medicare,South,2023-07-15
P009457,58,Female,Medicare Advantage,Midwest,1968-10-15
P009458,49,Female,Self-Pay,South,1977-05-15
P009459,77,Female,Medicare,South,1948-06-15
P009460,86,Female,Medicare,West,1940-03-15
P009461,64,Female,Commercial,Northeast,1962-03-15
P009462,7,Female,Medicare,Midwest,2019-06-15
P009463,28,Male,Medicare,South,1998-01-15
P009464,35,Female,Medicaid,South,1991-05-15
P009465,89,Female,Workers Comp,South,1937-02-15
P009466,8,Male,Medicare Advantage,South,2018-02-15
P009467,88,Male,Commercial,South,1938-06-15
P009468,57,Female,Commercial,Northeast,1968-03-15
P009469,69,Male,Self-Pay,South,1957-08-15
P009470,3,Female,Self-Pay,Midwest,2023-10-15
P009471,24,Female,Medicare Advantage,South,2001-02-15
P009472,15,Female,Medicare Advantage,South,2010-03-15
P009473,4,Female,Workers Comp,Midwest,2021-10-15
P009474,27,Female,Medicare Advantage,Northeast,1999-10-15
P009475,91,Male,Medicaid,Northeast,1935-02-15
P009476,40,Male,Commercial,West,1986-01-15
P009477,43,Male,Medicare,West,1982-05-15
P009478,12,Male,Medicare,Midwest,2013-10-15
P009479,42,Female,Medicare Advantage,Midwest,1984-12-15
P009480,75,Male,Medicare,West,1951-01-15
P009481,20,Female,Medicaid,South,2006-09-15
P009482,8,Female,Medicare Advantage,Midwest,2018-03-15
P009483,0,Male,Commercial,Midwest,2026-07-15
P009484,82,Female,Medicare,South,1944-08-15
P009485,33,Female,Medicare,South,1992-03-15
P009486,63,Male,Commercial,West,1963-02-15
P009487,31,Female,Medicaid,Northeast,1994-02-15
P009488,45,Male,Workers Comp,Northeast,1981-11-15
P009489,54,Female,Medicare,South,1971-02-15
P009490,27,Female,Medicare Advantage,South,1998-05-15
P009491,39,Male,Commercial,South,1987-08-15
P009492,75,Female,Commercial,West,1950-08-15
P009493,96,Male,Commercial,Midwest,1929-10-15
P009494,55,Male,Medicare,Northeast,1971-07-15
P009495,43,Female,Medicaid,Northeast,1982-01-15
P009496,38,Female,Commercial,Midwest,1987-09-15
P009497,27,Male,Medicare,South,1998-05-15
P009498,69,Female,Medicare Advantage,Northeast,1956-09-15
P009499,52,Female,Medicare,South,1973-09-15
P009500,60,Other,Commercial,Midwest,1965-10-15
P009501,7,Female,Commercial,Northeast,2018-04-15
P009502,39,Male,Medicaid,Northeast,1986-08-15
P009503,21,Male,Self-Pay,South,2005-04-15
P009504,75,Female,Commercial,West,1950-03-15
P009505,31,Female,Medicare,South,1994-06-15
P009506,49,Male,Workers Comp,Midwest,1976-01-15
P009507,68,Female,Medicare Advantage,West,1958-09-15
P009508,36,Female,Self-Pay,South,1989-07-15
P009509,16,Female,Medicare,South,2009-09-15
P009510,59,Female,Medicare Advantage,Midwest,1967-10-15
P009511,49,Female,Commercial,West,1977-01-15
P009512,45,Female,Commercial,West,1981-01-15
P009513,94,Male,Medicare Advantage,West,1932-02-15
P009514,69,Male,Commercial,West,1956-10-15
P009515,69,Female,Medicare,Northeast,1956-09-15
P009516,92,Female,Medicaid,Northeast,1933-06-15
P009517,19,Female,Medicare,South,2007-01-15
P009518,61,Female,Medicare,Midwest,1965-01-15
P009519,42,Female,Medicaid,West,1984-04-15
P009520,67,Female,Medicaid,South,1959-11-15
P009521,1,Female,Commercial,South,2024-10-15
P009522,79,Male,Medicare Advantage,Midwest,1946-08-15
P009523,65,Male,Commercial,West,1960-08-15
P009524,0,Female,Medicare,Midwest,2025-06-15
P009525,59,Female,Medicare,South,1967-12-15
P009526,85,Male,Commercial,Midwest,1940-03-15
P009527,61,Female,Medicare,Midwest,1965-04-15
P009528,78,Male,Medicare Advantage,South,1948-10-15
P009529,83,Male,Medicare,Midwest,1942-01-15
P009530,14,Male,Medicaid,South,2012-11-15
P009531,9,Female,Medicaid,West,2016-11-15
P009532,25,Other,Medicare,Northeast,2001-01-15
P009533,4,Female,Medicaid,Midwest,2021-06-15
P009534,58,Male,Commercial,South,1967-01-15
P009535,77,Female,Commercial,Northeast,1949-01-15
P009536,77,Female,Medicaid,South,1949-04-15
P009537,96,Female,Self-Pay,Midwest,1930-03-15
P009538,30,Female,Commercial,West,1996-05-15
P009539,67,Female,Medicare,South,1958-01-15
P009540,55,Female,Medicare,Northeast,1971-05-15
P009541,31,Male,Medicare Advantage,South,1994-04-15
P009542,12,Female,Self-Pay,West,2014-06-15
P009543,61,Female,Other,Northeast,1964-11-15
P009544,62,Female,Medicare Advantage,South,1963-05-15
P009545,39,Female,Commercial,South,1986-12-15
P009546,71,Female,Commercial,South,1955-07-15
P009547,90,Female,Other,Northeast,1935-07-15
P009548,16,Female,Medicare,Midwest,2010-10-15
P009549,52,Female,Self-Pay,West,1974-05-15
P009550,36,Female,Medicare Advantage,South,1989-02-15
P009551,69,Female,Medicare,Midwest,1957-07-15
P009552,65,Female,Medicare Advantage,Midwest,1961-09-15
P009553,42,Female,Medicare Advantage,Northeast,1983-12-15
P009554,82,Male,Medicare Advantage,South,1944-03-15
P009555,67,Female,Medicare Advantage,South,1959-02-15
P009556,67,Male,Commercial,West,1958-10-15
P009557,87,Female,Medicare,Midwest,1938-07-15
P009558,7,Male,Self-Pay,West,2019-03-15
P009559,22,Male,Commercial,Northeast,2003-12-15
P009560,10,Other,Commercial,Northeast,2016-09-15
P009561,79,Female,Medicare,West,1947-01-15
P009562,55,Male,Medicare,Northeast,1970-02-15
P009563,81,Female,Medicare,West,1944-04-15
P009564,63,Female,Self-Pay,South,1963-05-15
P009565,65,Male,Medicaid,Northeast,1961-09-15
P009566,57,Female,Medicare,West,1968-04-15
P009567,4,Male,Medicaid,West,2021-07-15
P009568,93,Male,Commercial,South,1932-06-15
P009569,58,Male,Commercial,Northeast,1967-02-15
P009570,52,Male,Medicare,Northeast,1974-10-15
P009571,42,Female,Commercial,West,1984-10-15
P009572,60,Female,Medicaid,West,1966-06-15
P009573,56,Female,Medicaid,South,1969-09-15
P009574,70,Female,Commercial,West,1955-02-15
P009575,62,Female,Medicare,South,1963-03-15
P009576,84,Male,Medicare,South,1941-09-15
P009577,54,Female,Medicare Advantage,Northeast,1971-06-15
P009578,19,Male,Medicare Advantage,Northeast,2006-10-15
P009579,41,Female,Commercial,West,1985-10-15
P009580,75,Male,Medicare,South,1950-11-15
P009581,88,Female,Medicare,Northeast,1937-06-15
P009582,73,Female,Other,West,1953-11-15
P009583,4,Female,Medicare,Midwest,2022-04-15
P009584,20,Female,Medicaid,Midwest,2005-10-15
P009585,45,Female,Medicaid,Midwest,1981-02-15
P009586,60,Male,Medicare Advantage,South,1966-10-15
P009587,71,Female,Medicare,Midwest,1955-05-15
P009588,52,Male,Medicaid,South,1974-05-15
P009589,80,Male,Medicaid,Midwest,1945-05-15
P009590,11,Male,Medicare,West,2015-09-15
P009591,53,Male,Commercial,Northeast,1972-05-15
P009592,67,Female,Self-Pay,West,1958-08-15
P009593,65,Female,Commercial,Northeast,1961-03-15
P009594,7,Female,Self-Pay,Midwest,2019-03-15
P009595,50,Male,Medicare,South,1976-03-15
P009596,31,Female,Medicare Advantage,West,1995-03-15
P009597,73,Female,Self-Pay,Midwest,1952-04-15
P009598,78,Male,Commercial,South,1947-11-15
P009599,76,Female,Medicare Advantage,Midwest,1950-05-15
P009600,29,Male,Commercial,South,1996-06-15
P009601,72,Male,Medicare,South,1954-04-15
P009602,64,Male,Medicare,Northeast,1962-02-15
P009603,17,Female,Medicare,South,2009-02-15
P009604,61,Female,Medicaid,Northeast,1965-12-15
P009605,76,Male,Commercial,South,1950-12-15
P009606,55,Female,Medicaid,Northeast,1971-11-15
P009607,64,Male,Medicare,West,1961-11-15
P009608,68,Female,Medicaid,Northeast,1958-06-15
P009609,42,Male,Other,West,1983-10-15
P009610,68,Female,Commercial,Northeast,1957-04-15
P009611,66,Male,Medicare Advantage,South,1959-02-15
P009612,69,Female,Medicare,South,1957-07-15
P009613,14,Female,Commercial,Northeast,2012-12-15
P009614,10,Male,Workers Comp,Northeast,2015-02-15
P009615,66,Female,Commercial,South,1959-10-15
P009616,19,Female,Medicaid,Midwest,2006-11-15
P009617,55,Female,Medicare,Midwest,1971-02-15
P009618,50,Male,Medicare,South,1976-01-15
P009619,38,Male,Commercial,Midwest,1988-04-15
P009620,14,Female,Commercial,Northeast,2012-02-15
P009621,92,Male,Medicare,West,1933-11-15
P009622,74,Male,Medicaid,Northeast,1952-05-15
P009623,73,Male,Commercial,South,1953-12-15
P009624,74,Male,Commercial,South,1951-10-15
P009625,35,Male,Other,West,1991-06-15
P009626,78,Female,Commercial,South,1947-01-15
P009627,88,Female,Medicaid,South,1938-03-15
P009628,61,Male,Medicare Advantage,West,1965-10-15
P009629,60,Male,Medicare,South,1966-08-15
P009630,73,Female,Commercial,West,1953-07-15
P009631,41,Female,Medicare,South,1984-04-15
P009632,77,Female,Medicaid,Midwest,1948-11-15
P009633,59,Female,Medicare,West,1966-07-15
P009634,28,Female,Medicare,South,1998-06-15
P009635,52,Male,Medicare,South,1974-06-15
P009636,74,Female,Medicaid,Northeast,1951-04-15
P009637,64,Female,Commercial,West,1961-08-15
P009638,44,Female,Self-Pay,West,1982-09-15
P009639,71,Male,Commercial,Midwest,1954-08-15
P009640,1,Male,Commercial,Northeast,2025-04-15
P009641,35,Male,Medicare Advantage,South,1991-09-15
P009642,43,Female,Medicare,Midwest,1983-03-15
P009643,38,Female,Commercial,Midwest,1987-11-15
P009644,60,Male,Medicare,South,1965-10-15
P009645,75,Male,Medicare,West,1951-10-15
P009646,58,Male,Medicare,Midwest,1968-01-15
P009647,17,Male,Commercial,Midwest,2008-08-15
P009648,93,Female,Medicare,South,1932-04-15
P009649,40,Male,Commercial,South,1985-05-15
P009650,27,Female,Workers Comp,South,1999-03-15
P009651,75,Male,Medicare,West,1950-07-15
P009652,84,Male,Commercial,Midwest,1941-07-15
P009653,55,Male,Medicare,South,1970-06-15
P009654,43,Male,Commercial,West,1982-09-15
P009655,75,Male,Commercial,Midwest,1950-03-15
P009656,54,Male,Medicare,West,1972-03-15
P009657,70,Female,Medicaid,South,1955-08-15
P009658,32,Male,Medicare Advantage,Midwest,1993-08-15
P009659,67,Male,Commercial,Midwest,1958-09-15
P009660,6,Female,Medicaid,Midwest,2020-10-15
P009661,64,Female,Other,Midwest,1961-09-15
P009662,21,Male,Medicare,Northeast,2005-12-15
P009663,86,Male,Medicaid,West,1939-05-15
P009664,29,Male,Commercial,South,1997-09-15
P009665,0,Male,Medicare,Northeast,2025-08-15
P009666,32,Male,Medicare,West,1994-10-15
P009667,92,Male,Medicare,Northeast,1934-02-15
P009668,73,Female,Workers Comp,West,1952-06-15
P009669,87,Male,Medicare Advantage,South,1939-06-15
P009670,94,Male,Commercial,West,1931-05-15
P009671,28,Male,Medicare,Northeast,1997-05-15
P009672,61,Female,Medicare,Midwest,1964-04-15
P009673,54,Female,Commercial,West,1971-01-15
P009674,39,Male,Commercial,Northeast,1987-04-15
P009675,23,Female,Medicare,West,2002-07-15
P009676,25,Male,Commercial,South,2000-11-15
P009677,11,Male,Medicaid,South,2015-10-15
P009678,71,Female,Commercial,South,1955-03-15
P009679,65,Female,Medicare Advantage,West,1960-07-15
P009680,47,Female,Commercial,West,1979-09-15
P009681,51,Male,Medicare,Northeast,1974-07-15
P009682,45,Male,Medicare,West,1980-03-15
P009683,19,Male,Other,South,2007-01-15
P009684,79,Female,Medicare,Northeast,1947-10-15
P009685,74,Female,Commercial,South,1952-02-15
P009686,43,Female,Commercial,Midwest,1982-12-15
P009687,69,Male,Medicaid,Midwest,1957-04-15
P009688,66,Female,Commercial,South,1960-02-15
P009689,81,Female,Medicare,South,1945-01-15
P009690,5,Male,Medicare Advantage,West,2021-02-15
P009691,38,Female,Other,West,1988-10-15
P009692,66,Male,Medicaid,West,1959-05-15
P009693,58,Male,Commercial,South,1968-09-15
P009694,75,Male,Medicaid,West,1950-02-15
P009695,65,Female,Medicare,Midwest,1961-04-15
P009696,20,Female,Medicaid,Northeast,2006-12-15
P009697,22,Female,Self-Pay,West,2004-10-15
P009698,70,Female,Medicare,Northeast,1955-01-15
P009699,52,Female,Medicaid,West,1974-06-15
P009700,93,Female,Medicare Advantage,South,1933-03-15
P009701,38,Female,Commercial,South,1987-02-15
P009702,60,Male,Medicaid,West,1966-09-15
P009703,37,Male,Medicare,Northeast,1988-12-15
P009704,30,Male,Commercial,Midwest,1995-03-15
P009705,59,Female,Self-Pay,South,1966-10-15
P009706,60,Male,Medicare Advantage,South,1966-09-15
P009707,56,Male,Medicare,Midwest,1970-04-15
P009708,84,Female,Commercial,Northeast,1942-10-15
P009709,46,Female,Self-Pay,West,1979-01-15
P009710,62,Male,Medicaid,Northeast,1964-08-15
P009711,44,Male,Commercial,South,1981-03-15
P009712,57,Male,Medicare Advantage,South,1969-10-15
P009713,72,Female,Medicare,West,1954-12-15
P009714,15,Female,Medicaid,Northeast,2011-06-15
P009715,68,Male,Other,South,1958-06-15
P009716,61,Male,Medicaid,Midwest,1964-01-15
P009717,69,Male,Medicaid,Northeast,1956-09-15
P009718,57,Female,Medicare,Midwest,1968-10-15
P009719,80,Male,Medicare Advantage,West,1945-07-15
P009720,32,Female,Commercial,Midwest,1993-04-15
P009721,52,Male,Medicaid,South,1973-04-15
P009722,43,Male,Commercial,Northeast,1983-08-15
P009723,67,Male,Medicaid,Midwest,1958-11-15
P009724,47,Female,Commercial,Midwest,1978-03-15
P009725,56,Female,Commercial,Northeast,1970-04-15
P009726,73,Male,Commercial,South,1952-09-15
P009727,76,Female,Medicaid,West,1950-10-15
P009728,65,Female,Medicare,West,1961-09-15
P009729,26,Female,Medicaid,South,2000-01-15
P009730,44,Female,Medicare,Midwest,1982-12-15
P009731,38,Female,Medicaid,Northeast,1988-07-15
P009732,28,Female,Medicaid,Midwest,1998-04-15
P009733,68,Male,Medicare,South,1958-07-15
P009734,49,Male,Medicaid,South,1976-07-15
P009735,58,Female,Self-Pay,Northeast,1968-06-15
P009736,69,Male,Medicare,South,1956-04-15
P009737,0,Female,Commercial,West,2026-09-15
P009738,8,Male,Medicare,Northeast,2017-05-15
P009739,69,Male,Medicare,Midwest,1956-03-15
P009740,76,Male,Medicare,Midwest,1950-07-15
P009741,65,Male,Commercial,West,1961-10-15
P009742,94,Female,Commercial,West,1931-08-15
P009743,59,Male,Medicare,Midwest,1967-09-15
P009744,31,Female,Medicare Advantage,West,1995-09-15
P009745,34,Male,Medicare,West,1992-10-15
P009746,53,Male,Commercial,West,1972-08-15
P009747,71,Female,Medicare Advantage,South,1954-02-15
P009748,67,Male,Other,South,1959-10-15
P009749,52,Female,Medicare,South,1973-12-15
P009750,56,Female,Commercial,Midwest,1969-09-15
P009751,68,Female,Medicaid,South,1957-01-15
P009752,55,Female,Commercial,West,1970-09-15
P009753,72,Male,Commercial,West,1954-02-15
P009754,43,Male,Medicaid,South,1982-03-15
P009755,13,Female,Medicaid,Midwest,2012-08-15
P009756,45,Male,Medicaid,Northeast,1981-02-15
P009757,34,Female,Commercial,Midwest,1991-03-15
P009758,53,Male,Commercial,West,1973-01-15
P009759,11,Male,Other,Midwest,2014-08-15
P009760,75,Female,Medicaid,Midwest,1950-08-15
P009761,44,Female,Commercial,West,1981-01-15
P009762,70,Male,Medicare Advantage,South,1955-01-15
P009763,15,Female,Medicaid,West,2011-11-15
P009764,82,Female,Commercial,South,1943-12-15
P009765,27,Male,Medicare,West,1998-02-15
P009766,79,Female,Commercial,Northeast,1947-02-15
P009767,73,Female,Medicare Advantage,South,1952-04-15
P009768,53,Female,Medicare,Northeast,1972-06-15
P009769,88,Female,Medicare Advantage,South,1937-02-15
P009770,23,Female,Medicare,Midwest,2002-01-15
P009771,69,Male,Medicare Advantage,Midwest,1957-04-15
P009772,45,Male,Commercial,West,1980-04-15
P009773,61,Male,Medicare,Midwest,1965-06-15
P009774,54,Female,Commercial,Northeast,1971-07-15
P009775,24,Female,Self-Pay,South,2002-03-15
P009776,40,Female,Medicare,West,1986-02-15
P009777,21,Female,Medicaid,South,2005-07-15
P009778,27,Male,Medicaid,South,1998-12-15
P009779,41,Male,Other,West,1984-08-15
P009780,66,Female,Medicare,South,1959-02-15
P009781,89,Male,Commercial,Northeast,1936-08-15
P009782,60,Female,Medicare Advantage,Northeast,1965-08-15
P009783,70,Female,Commercial,Midwest,1955-01-15
P009784,83,Female,Medicare,Midwest,1943-09-15
P009785,39,Male,Commercial,South,1986-03-15
P009786,8,Male,Medicare,South,2018-06-15
P009787,60,Male,Medicare,West,1965-02-15
P009788,35,Male,Commercial,South,1990-01-15
P009789,34,Male,Medicare Advantage,West,1992-07-15
P009790,57,Female,Medicare Advantage,South,1969-10-15
P009791,53,Female,Medicare,West,1973-08-15
P009792,5,Male,Medicare,Midwest,2020-02-15
P009793,25,Female,Commercial,South,2000-06-15
P009794,75,Male,Medicare Advantage,Midwest,1950-01-15
P009795,45,Female,Commercial,South,1980-03-15
P009796,60,Male,Self-Pay,South,1966-06-15
P009797,39,Female,Medicare,Midwest,1986-05-15
P009798,71,Male,Commercial,Northeast,1954-06-15
P009799,63,Female,Commercial,South,1963-11-15
P009800,53,Male,Medicaid,South,1972-08-15
P009801,39,Female,Self-Pay,Midwest,1987-11-15
P009802,77,Female,Commercial,South,1948-06-15
P009803,44,Female,Commercial,Northeast,1981-04-15
P009804,84,Male,Medicaid,South,1942-03-15
P009805,38,Male,Medicare,West,1988-05-15
P009806,7,Female,Medicare Advantage,South,2018-10-15
P009807,75,Female,Self-Pay,Midwest,1950-09-15
P009808,55,Male,Medicare,West,1971-09-15
P009809,68,Male,Other,Northeast,1958-01-15
P009810,5,Female,Medicaid,Midwest,2021-08-15
P009811,40,Male,Commercial,Northeast,1985-05-15
P009812,86,Female,Medicaid,South,1940-07-15
P009813,60,Male,Medicare,South,1965-03-15
P009814,46,Male,Medicaid,South,1979-11-15
P009815,24,Male,Commercial,Northeast,2002-02-15
P009816,30,Female,Commercial,Midwest,1996-09-15
P009817,20,Female,Medicare,South,2006-06-15
P009818,4,Male,Medicare,West,2021-07-15
P009819,82,Male,Medicare Advantage,Midwest,1944-11-15
P009820,74,Female,Medicare Advantage,Midwest,1951-08-15
P009821,89,Female,Self-Pay,Midwest,1937-08-15
P009822,50,Male,Commercial,West,1975-04-15
P009823,72,Female,Medicare Advantage,West,1953-11-15
P009824,70,Male,Commercial,West,1956-03-15
P009825,96,Male,Self-Pay,South,1929-06-15
P009826,56,Female,Commercial,South,1969-03-15
P009827,59,Male,Medicare,South,1966-03-15
P009828,63,Male,Medicare,Midwest,1962-02-15
P009829,76,Male,Medicare Advantage,South,1949-08-15
P009830,79,Female,Self-Pay,Northeast,1946-10-15
P009831,42,Male,Medicaid,Northeast,1983-02-15
P009832,9,Female,Medicare,West,2016-12-15
P009833,78,Male,Medicaid,South,1948-10-15
P009834,46,Male,Commercial,Midwest,1980-11-15
P009835,22,Male,Medicare,West,2004-10-15
P009836,55,Male,Medicare Advantage,South,1970-11-15
P009837,90,Female,Medicare,Midwest,1936-08-15
P009838,54,Female,Medicare,Northeast,1971-08-15
P009839,59,Female,Commercial,Northeast,1966-04-15
P009840,55,Female,Medicare Advantage,West,1971-12-15
P009841,31,Male,Medicare,Midwest,1995-02-15
P009842,71,Female,Commercial,Midwest,1955-04-15
P009843,56,Female,Commercial,West,1969-03-15
P009844,56,Male,Commercial,Northeast,1969-11-15
P009845,52,Female,Medicare,South,1973-02-15
P009846,76,Female,Medicare,West,1949-08-15
P009847,46,Male,Medicare,West,1980-05-15
P009848,69,Male,Commercial,West,1956-10-15
P009849,61,Female,Commercial,South,1965-01-15
P009850,68,Male,Medicare,Northeast,1957-11-15
P009851,20,Male,Workers Comp,West,2006-09-15
P009852,74,Female,Medicaid,Midwest,1951-01-15
P009853,58,Female,Medicare,West,1968-08-15
P009854,57,Female,Medicare,Midwest,1969-07-15
P009855,8,Male,Medicare,Midwest,2018-02-15
P009856,24,Male,Medicare,West,2002-03-15
P009857,53,Male,Medicaid,South,1972-02-15
P009858,39,Female,Medicare Advantage,Northeast,1987-04-15
P009859,20,Male,Commercial,Northeast,2006-11-15
P009860,36,Male,Medicare Advantage,West,1990-05-15
P009861,48,Female,Commercial,West,1977-01-15
P009862,66,Female,Medicare Advantage,South,1959-02-15
P009863,19,Female,Self-Pay,Northeast,2006-01-15
P009864,44,Female,Self-Pay,South,1981-01-15
P009865,42,Female,Medicaid,Midwest,1983-09-15
P009866,6,Male,Medicare Advantage,South,2020-01-15
P009867,31,Male,Medicare Advantage,South,1995-11-15
P009868,1,Male,Self-Pay,South,2025-11-15
P009869,75,Male,Self-Pay,Midwest,1950-11-15
P009870,29,Female,Commercial,Midwest,1997-05-15
P009871,90,Male,Commercial,West,1935-05-15
P009872,64,Male,Medicaid,West,1962-03-15
P009873,39,Male,Medicare,Midwest,1987-03-15
P009874,73,Male,Medicare,Midwest,1953-03-15
P009875,76,Female,Medicaid,Northeast,1949-03-15
P009876,74,Male,Medicare Advantage,South,1952-01-15
P009877,46,Female,Medicaid,West,1980-12-15
P009878,8,Female,Medicare,Northeast,2018-07-15
P009879,74,Female,Medicare Advantage,Midwest,1951-08-15
P009880,18,Female,Medicare,West,2008-11-15
P009881,58,Female,Commercial,South,1967-09-15
P009882,79,Male,Medicare,South,1946-11-15
P009883,65,Male,Medicare,South,1960-10-15
P009884,44,Female,Commercial,Midwest,1981-12-15
P009885,58,Female,Medicare,West,1968-03-15
P009886,91,Male,Medicare,Midwest,1935-12-15
P009887,71,Male,Commercial,West,1955-08-15
P009888,21,Male,Commercial,West,2005-10-15
P009889,70,Female,Medicare,Northeast,1956-08-15
P009890,72,Male,Self-Pay,Northeast,1953-07-15
P009891,55,Male,Commercial,South,1971-09-15
P009892,29,Female,Medicare,Northeast,1996-09-15
P009893,62,Male,Medicaid,South,1963-07-15
P009894,57,Female,Commercial,Midwest,1968-11-15
P009895,38,Female,Self-Pay,Northeast,1987-05-15
P009896,4,Male,Self-Pay,Northeast,2021-07-15
P009897,77,Male,Medicare,West,1949-07-15
P009898,36,Male,Medicare Advantage,West,1989-02-15
P009899,75,Female,Commercial,Northeast,1950-08-15
P009900,24,Female,Commercial,Northeast,2002-11-15
P009901,51,Female,Commercial,Northeast,1975-01-15
P009902,71,Male,Medicaid,West,1954-07-15
P009903,95,Male,Commercial,West,1931-03-15
P009904,26,Male,Workers Comp,South,1999-10-15
P009905,33,Male,Medicare,Midwest,1993-03-15
P009906,28,Female,Commercial,West,1997-02-15
P009907,63,Male,Medicaid,Midwest,1962-09-15
P009908,63,Male,Commercial,West,1962-01-15
P009909,45,Male,Medicare,South,1980-02-15
P009910,28,Female,Commercial,Northeast,1997-07-15
P009911,23,Female,Medicaid,West,2002-01-15
P009912,73,Female,Medicare Advantage,South,1952-01-15
P009913,53,Male,Medicare,Northeast,1973-07-15
P009914,5,Female,Commercial,Northeast,2021-12-15
P009915,61,Female,Commercial,South,1964-11-15
P009916,37,Female,Medicare,Northeast,1989-09-15
P009917,70,Male,Medicaid,South,1955-06-15
P009918,62,Male,Commercial,Midwest,1964-09-15
P009919,60,Female,Medicare,Northeast,1965-06-15
P009920,51,Female,Self-Pay,West,1974-02-15
P009921,30,Male,Medicaid,West,1995-05-15
P009922,53,Female,Commercial,West,1972-07-15
P009923,87,Female,Medicaid,South,1939-11-15
P009924,74,Male,Medicare Advantage,South,1951-04-15
P009925,42,Female,Medicare,West,1984-11-15
P009926,59,Male,Medicare,South,1966-01-15
P009927,67,Female,Medicare Advantage,Northeast,1958-10-15
P009928,73,Female,Commercial,Midwest,1953-12-15
P009929,46,Male,Medicaid,Midwest,1979-08-15
P009930,46,Female,Self-Pay,Midwest,1979-02-15
P009931,69,Male,Medicaid,South,1957-12-15
P009932,34,Female,Commercial,Northeast,1991-12-15
P009933,78,Male,Medicare,South,1948-10-15
P009934,61,Female,Medicaid,Northeast,1964-10-15
P009935,44,Female,Commercial,South,1981-08-15
P009936,74,Female,Self-Pay,Midwest,1951-10-15
P009937,89,Male,Medicaid,Northeast,1936-05-15
P009938,76,Male,Workers Comp,Northeast,1950-06-15
P009939,65,Male,Commercial,Northeast,1961-08-15
P009940,46,Male,Medicaid,Northeast,1980-02-15
P009941,60,Male,Commercial,Midwest,1966-07-15
P009942,57,Female,Medicaid,West,1968-01-15
P009943,76,Female,Commercial,South,1949-08-15
P009944,20,Male,Other,South,2005-04-15
P009945,25,Female,Medicaid,South,2000-04-15
P009946,21,Female,Commercial,West,2005-12-15
P009947,93,Female,Medicare,Midwest,1932-05-15
P009948,48,Female,Medicare,Northeast,1977-11-15
P009949,74,Male,Self-Pay,Northeast,1952-07-15
P009950,39,Male,Commercial,South,1987-05-15
P009951,30,Female,Self-Pay,South,1996-03-15
P009952,86,Female,Medicare,South,1939-03-15
P009953,26,Male,Commercial,South,2000-11-15
P009954,51,Female,Medicare,South,1975-09-15
P009955,73,Female,Medicaid,West,1953-06-15
P009956,37,Male,Commercial,South,1989-05-15
P009957,38,Female,Commercial,South,1987-03-15
P009958,5,Male,Medicaid,Midwest,2021-10-15
P009959,80,Female,Medicaid,Midwest,1946-01-15
P009960,32,Male,Workers Comp,South,1994-03-15
P009961,40,Female,Other,Midwest,1985-07-15
P009962,79,Female,Other,Midwest,1946-08-15
P009963,22,Male,Workers Comp,Northeast,2004-03-15
P009964,45,Female,Commercial,Midwest,1980-01-15
P009965,26,Female,Self-Pay,West,2000-05-15
P009966,23,Female,Medicaid,Midwest,2002-05-15
P009967,68,Male,Medicare,Northeast,1957-08-15
P009968,29,Female,Medicare,South,1996-10-15
P009969,70,Male,Medicare,Midwest,1955-06-15
P009970,49,Male,Medicare,Northeast,1976-01-15
P009971,80,Female,Self-Pay,Midwest,1946-11-15
P009972,4,Female,Medicare Advantage,Northeast,2022-02-15
P009973,0,Female,Other,South,2026-03-15
P009974,77,Female,Commercial,West,1948-10-15
P009975,8,Female,Commercial,West,2017-04-15
P009976,82,Male,Medicaid,South,1943-05-15
P009977,44,Female,Medicaid,Midwest,1981-11-15
P009978,44,Female,Commercial,Midwest,1981-08-15
P009979,47,Female,Commercial,West,1979-12-15
P009980,42,Male,Commercial,West,1984-11-15
P009981,47,Male,Commercial,West,1979-08-15
P009982,76,Male,Medicaid,Midwest,1950-11-15
P009983,37,Female,Commercial,Northeast,1989-07-15
P009984,43,Male,Medicaid,West,1983-01-15
P009985,68,Male,Commercial,South,1958-08-15
P009986,33,Male,Medicare,South,1992-08-15
P009987,45,Female,Medicare,Midwest,1980-04-15
P009988,49,Male,Medicare,South,1977-06-15
P009989,76,Female,Medicare,West,1950-02-15
P009990,53,Female,Medicare,South,1973-06-15
P009991,41,Male,Medicare,South,1984-12-15
P009992,30,Male,Medicare,Northeast,1996-04-15
P009993,89,Male,Medicare,West,1936-03-15
P009994,63,Male,Medicare,Northeast,1962-10-15
P009995,78,Male,Medicare,South,1947-10-15
P009996,3,Male,Commercial,Midwest,2023-05-15
P009997,50,Female,Medicaid,South,1975-12-15
P009998,31,Male,Medicare Advantage,West,1994-04-15
P009999,77,Female,Medicaid,West,1949-07-15
P010000,5,Female,Medicare Advantage,Midwest,2020-05-15
P010001,91,Male,Self-Pay,Northeast,1935-03-15
P010002,10,Male,Medicare,Northeast,2016-03-15
P010003,44,Female,Commercial,South,1982-10-15
P010004,56,Male,Medicare,Northeast,1969-03-15
P010005,50,Male,Medicare,South,1975-06-15
P010006,60,Male,Medicare,West,1966-09-15
P010007,69,Female,Commercial,Midwest,1957-08-15
P010008,71,Female,Medicare,Midwest,1954-12-15
P010009,72,Male,Medicare,South,1953-02-15
P010010,65,Female,Medicare,Midwest,1960-11-15
P010011,7,Male,Medicare,West,2018-01-15
P010012,15,Female,Medicaid,West,2011-09-15
P010013,43,Female,Medicare,Northeast,1982-08-15
P010014,12,Male,Medicare,Northeast,2013-09-15
P010015,54,Male,Medicare,West,1971-08-15
P010016,77,Female,Commercial,West,1949-08-15
P010017,65,Male,Commercial,Northeast,1960-03-15
P010018,26,Male,Medicare,West,1999-11-15
P010019,49,Male,Workers Comp,South,1976-05-15
P010020,65,Male,Medicaid,West,1960-07-15
P010021,76,Male,Self-Pay,West,1949-10-15
P010022,12,Female,Medicare,Midwest,2014-03-15
P010023,27,Male,Medicare Advantage,Midwest,1998-01-15
P010024,39,Male,Commercial,West,1987-10-15
P010025,70,Male,Medicaid,West,1955-02-15
P010026,53,Female,Commercial,South,1973-12-15
P010027,14,Male,Commercial,South,2011-09-15
P010028,36,Female,Other,South,1990-12-15
P010029,94,Female,Medicare,South,1931-05-15
P010030,52,Male,Medicaid,South,1973-10-15
P010031,73,Female,Medicare Advantage,Midwest,1953-11-15
P010032,55,Female,Self-Pay,Northeast,1971-06-15
P010033,71,Female,Medicare Advantage,West,1955-09-15
P010034,46,Female,Medicare Advantage,South,1980-04-15
P010035,26,Female,Commercial,South,2000-01-15
P010036,10,Female,Commercial,Northeast,2016-10-15
P010037,27,Male,Workers Comp,South,1998-06-15
P010038,77,Female,Medicaid,Midwest,1948-10-15
P010039,29,Male,Commercial,Midwest,1997-01-15
P010040,68,Male,Commercial,West,1957-11-15
P010041,85,Female,Medicaid,Northeast,1940-08-15
P010042,40,Male,Self-Pay,West,1985-01-15
P010043,89,Male,Commercial,Midwest,1936-05-15
P010044,37,Female,Self-Pay,Northeast,1988-01-15
P010045,33,Male,Medicare,West,1993-09-15
P010046,21,Female,Commercial,West,2004-07-15
P010047,26,Female,Medicare Advantage,Midwest,2000-06-15
P010048,30,Female,Medicare,West,1996-09-15
P010049,70,Male,Medicaid,West,1956-09-15
P010050,62,Male,Other,South,1963-08-15
P010051,59,Male,Medicare,Northeast,1966-01-15
P010052,59,Female,Medicaid,South,1966-12-15
P010053,67,Male,Commercial,Midwest,1958-04-15
P010054,57,Male,Self-Pay,Midwest,1968-09-15
P010055,53,Male,Medicaid,Northeast,1972-04-15
P010056,41,Male,Medicare,Midwest,1984-09-15
P010057,56,Male,Medicare,Midwest,1970-04-15
P010058,47,Male,Medicaid,South,1979-08-15
P010059,70,Male,Medicare,West,1955-03-15
P010060,33,Female,Medicare,South,1993-06-15
P010061,35,Female,Medicare Advantage,Midwest,1990-08-15
P010062,61,Female,Medicaid,West,1965-10-15
P010063,51,Male,Medicaid,Midwest,1974-12-15
P010064,73,Female,Commercial,Northeast,1952-09-15
P010065,77,Female,Commercial,West,1948-12-15
P010066,36,Male,Workers Comp,South,1989-05-15
P010067,26,Female,Medicaid,South,1999-06-15
P010068,5,Female,Self-Pay,South,2020-09-15
P010069,0,Female,Self-Pay,South,2025-08-15
P010070,33,Male,Medicare,West,1992-05-15
P010071,56,Male,Medicare,Northeast,1970-02-15
P010072,92,Male,Medicare,Midwest,1933-08-15
P010073,57,Female,Commercial,West,1969-08-15
P010074,72,Female,Medicare,South,1953-11-15
P010075,68,Male,Self-Pay,West,1958-10-15
P010076,91,Male,Medicare,Midwest,1934-11-15
P010077,64,Male,Commercial,South,1962-07-15
P010078,11,Female,Medicare Advantage,South,2015-06-15
P010079,77,Female,Medicare,West,1949-06-15
P010080,25,Male,Self-Pay,Northeast,2001-10-15
P010081,64,Female,Medicaid,Midwest,1961-10-15
P010082,56,Female,Medicare,South,1970-05-15
P010083,50,Male,Medicare Advantage,South,1976-10-15
P010084,23,Male,Medicare Advantage,West,2002-02-15
P010085,29,Male,Medicare Advantage,South,1997-12-15
P010086,79,Male,Medicare,West,1946-10-15
P010087,46,Female,Commercial,Midwest,1979-08-15
P010088,64,Male,Medicare,Midwest,1961-12-15
P010089,6,Female,Self-Pay,West,2019-06-15
P010090,45,Female,Medicare,Northeast,1981-11-15
P010091,1,Female,Commercial,Midwest,2024-09-15
P010092,59,Female,Commercial,West,1967-06-15
P010093,81,Female,Commercial,South,1944-08-15
P010094,29,Female,Medicare Advantage,Northeast,1996-06-15
P010095,54,Female,Medicare,South,1971-02-15
P010096,8,Male,Medicare,South,2018-09-15
P010097,79,Male,Commercial,West,1946-01-15
P010098,27,Female,Commercial,Midwest,1999-08-15
P010099,65,Female,Medicare Advantage,South,1960-09-15
P010100,17,Female,Other,Midwest,2009-07-15
P010101,34,Male,Medicare Advantage,South,1991-05-15
P010102,1,Female,Commercial,West,2025-07-15
P010103,40,Male,Commercial,Northeast,1986-06-15
P010104,78,Female,Commercial,South,1947-01-15
P010105,63,Female,Medicaid,South,1962-05-15
P010106,92,Female,Commercial,South,1933-02-15
P010107,63,Male,Medicare,Midwest,1962-07-15
P010108,30,Female,Medicare Advantage,Midwest,1995-12-15
P010109,76,Female,Medicare Advantage,Northeast,1949-12-15
P010110,91,Female,Commercial,South,1934-08-15
P010111,55,Male,Medicare,West,1970-02-15
P010112,49,Male,Medicare,South,1977-07-15
P010113,39,Female,Commercial,West,1987-04-15
P010114,64,Male,Medicaid,South,1962-03-15
P010115,36,Male,Medicare,South,1990-10-15
P010116,77,Male,Commercial,West,1949-04-15
P010117,21,Female,Medicaid,South,2005-07-15
P010118,52,Male,Medicare,South,1973-06-15
P010119,53,Male,Medicare,Midwest,1973-12-15
P010120,57,Male,Medicare,Northeast,1969-01-15
P010121,61,Male,Medicaid,West,1964-10-15
P010122,15,Male,Medicaid,Northeast,2010-01-15
P010123,87,Male,Commercial,West,1938-06-15
P010124,28,Female,Medicare Advantage,West,1997-07-15
P010125,85,Female,Commercial,West,1941-08-15
P010126,59,Male,Commercial,Midwest,1966-11-15
P010127,68,Female,Medicaid,South,1958-01-15
P010128,58,Male,Commercial,South,1968-09-15
P010129,69,Male,Medicare,South,1957-11-15
P010130,25,Female,Workers Comp,Midwest,2000-07-15
P010131,77,Male,Commercial,Northeast,1948-04-15
P010132,60,Male,Commercial,Midwest,1966-08-15
P010133,16,Female,Medicare,South,2009-08-15
P010134,43,Male,Commercial,Midwest,1982-07-15
P010135,70,Male,Self-Pay,Northeast,1955-12-15
P010136,26,Female,Commercial,Midwest,2000-01-15
P010137,28,Female,Medicare,Midwest,1998-08-15
P010138,72,Female,Commercial,South,1954-08-15
P010139,39,Male,Commercial,Midwest,1987-09-15
P010140,64,Female,Workers Comp,South,1962-12-15
P010141,24,Female,Medicare Advantage,Northeast,2001-03-15
P010142,47,Female,Medicare Advantage,South,1979-07-15
P010143,78,Female,Medicare,South,1947-12-15
P010144,77,Female,Commercial,Midwest,1948-05-15
P010145,57,Female,Self-Pay,South,1968-04-15
P010146,53,Female,Medicare,Midwest,1973-08-15
P010147,79,Female,Medicaid,South,1947-06-15
P010148,76,Male,Medicare Advantage,West,1950-07-15
P010149,56,Female,Commercial,Midwest,1969-01-15
P010150,6,Female,Medicare,South,2019-02-15
P010151,77,Female,Medicare Advantage,South,1948-04-15
P010152,40,Female,Self-Pay,West,1985-12-15
P010153,67,Female,Commercial,South,1958-08-15
P010154,84,Male,Commercial,Midwest,1941-05-15
P010155,71,Female,Medicare,South,1954-04-15
P010156,40,Male,Commercial,South,1985-04-15
P010157,54,Male,Medicare Advantage,West,1972-04-15
P010158,66,Male,Medicare,Northeast,1960-06-15
P010159,20,Female,Other,Midwest,2005-12-15
P010160,31,Male,Medicaid,Northeast,1994-09-15
P010161,60,Male,Medicare Advantage,Midwest,1965-10-15
P010162,7,Male,Medicare,Midwest,2018-12-15
P010163,45,Male,Medicare,South,1980-07-15
P010164,20,Male,Medicare,West,2006-01-15
P010165,84,Female,Commercial,Midwest,1942-06-15
P010166,8,Male,Commercial,Northeast,2017-12-15
P010167,50,Female,Medicare,South,1975-10-15
P010168,69,Male,Commercial,West,1956-04-15
P010169,54,Male,Self-Pay,West,1972-05-15
P010170,69,Female,Medicare,Northeast,1956-01-15
P010171,19,Female,Medicaid,South,2006-10-15
P010172,52,Female,Medicare,West,1974-05-15
P010173,59,Male,Medicare Advantage,Midwest,1966-12-15
P010174,4,Female,Commercial,Midwest,2021-03-15
P010175,6,Male,Commercial,West,2020-01-15
P010176,9,Male,Medicare,Midwest,2016-06-15
P010177,68,Female,Commercial,South,1958-06-15
P010178,66,Female,Commercial,South,1959-08-15
P010179,3,Male,Medicare,South,2023-02-15
P010180,65,Female,Medicare,West,1961-12-15
P010181,39,Female,Workers Comp,Midwest,1987-05-15
P010182,64,Female,Medicare Advantage,Northeast,1962-06-15
P010183,17,Female,Medicare Advantage,West,2008-07-15
P010184,1,Female,Commercial,West,2024-03-15
P010185,60,Female,Medicaid,South,1966-03-15
P010186,24,Male,Commercial,Midwest,2001-08-15
P010187,20,Male,Commercial,Midwest,2005-08-15
P010188,73,Female,Workers Comp,West,1952-09-15
P010189,49,Male,Self-Pay,South,1976-06-15
P010190,96,Male,Commercial,West,1929-12-15
P010191,39,Female,Commercial,South,1986-01-15
P010192,71,Female,Medicaid,Midwest,1954-06-15
P010193,72,Male,Medicaid,Midwest,1954-01-15
P010194,20,Male,Medicare,South,2006-06-15
P010195,71,Female,Medicare,West,1955-09-15
P010196,27,Female,Commercial,Northeast,1998-03-15
P010197,70,Female,Other,Northeast,1955-06-15
P010198,33,Male,Medicaid,West,1992-06-15
P010199,55,Male,Medicare,South,1971-01-15
P010200,79,Male,Medicaid,West,1946-02-15
P010201,80,Female,Medicare,West,1945-11-15
P010202,63,Female,Medicare,Northeast,1963-11-15
P010203,45,Female,Medicaid,Midwest,1981-05-15
P010204,53,Male,Medicare,West,1973-07-15
P010205,58,Other,Medicare,West,1967-04-15
P010206,56,Male,Medicaid,South,1970-05-15
P010207,75,Male,Commercial,Northeast,1950-04-15
P010208,53,Male,Commercial,Midwest,1973-11-15
P010209,48,Female,Medicare,Northeast,1977-03-15
P010210,64,Male,Medicare,West,1961-03-15
P010211,48,Female,Commercial,Northeast,1978-04-15
P010212,23,Female,Commercial,South,2002-04-15
P010213,10,Male,Medicaid,South,2015-11-15
P010214,21,Male,Commercial,Northeast,2004-03-15
P010215,6,Male,Medicare,South,2020-02-15
P010216,74,Male,Self-Pay,Midwest,1951-08-15
P010217,93,Female,Commercial,Northeast,1932-11-15
P010218,24,Female,Medicaid,South,2002-03-15
P010219,52,Male,Commercial,West,1973-11-15
P010220,60,Male,Medicaid,South,1965-07-15
P010221,59,Female,Medicaid,South,1967-05-15
P010222,26,Female,Medicare,South,2000-12-15
P010223,69,Male,Medicare,Northeast,1957-03-15
P010224,3,Female,Medicare,South,2022-08-15
P010225,78,Male,Commercial,Midwest,1947-03-15
P010226,69,Male,Medicare,South,1956-01-15
P010227,86,Female,Medicare,Northeast,1939-02-15
P010228,90,Male,Commercial,South,1935-02-15
P010229,52,Female,Commercial,South,1974-02-15
P010230,16,Female,Medicare,West,2009-04-15
P010231,31,Female,Medicaid,West,1994-01-15
P010232,25,Female,Medicare Advantage,South,2000-08-15
P010233,9,Male,Medicare Advantage,South,2016-01-15
P010234,17,Male,Medicare Advantage,West,2008-06-15
P010235,50,Female,Commercial,South,1976-08-15
P010236,38,Female,Medicaid,South,1987-01-15
P010237,44,Female,Medicare,Northeast,1982-06-15
P010238,42,Male,Medicaid,South,1983-11-15
P010239,44,Female,Medicaid,Northeast,1982-02-15
P010240,58,Female,Medicare,Midwest,1967-11-15
P010241,79,Female,Self-Pay,South,1946-01-15
P010242,77,Male,Medicare,South,1948-11-15
P010243,84,Male,Medicare,South,1941-03-15
P010244,54,Female,Medicare,Midwest,1971-04-15
P010245,67,Female,Medicare,Northeast,1958-10-15
P010246,11,Male,Self-Pay,Midwest,2014-06-15
P010247,50,Male,Medicare,Northeast,1975-07-15
P010248,67,Male,Self-Pay,Midwest,1959-07-15
P010249,59,Female,Medicaid,Midwest,1966-05-15
P010250,67,Female,Self-Pay,South,1958-11-15
P010251,0,Female,Commercial,South,2025-02-15
P010252,24,Female,Medicare,South,2001-05-15
P010253,1,Female,Self-Pay,Midwest,2025-09-15
P010254,90,Female,Self-Pay,Midwest,1936-04-15
P010255,67,Female,Self-Pay,West,1959-08-15
P010256,60,Female,Medicaid,South,1965-04-15
P010257,65,Female,Medicare,Midwest,1960-02-15
P010258,75,Female,Medicare Advantage,Northeast,1951-07-15
P010259,96,Male,Medicare,West,1930-09-15
P010260,71,Female,Medicare,West,1955-02-15
P010261,96,Female,Medicare,South,1930-04-15
P010262,37,Male,Medicaid,South,1989-11-15
P010263,27,Female,Medicare,South,1998-11-15
P010264,25,Male,Commercial,West,2001-08-15
P010265,70,Female,Medicare,West,1956-01-15
P010266,62,Male,Self-Pay,West,1963-10-15
P010267,17,Male,Medicaid,South,2009-09-15
P010268,57,Male,Medicare,South,1969-01-15
P010269,6,Female,Medicare Advantage,Midwest,2020-05-15
P010270,52,Female,Medicare,West,1974-01-15
P010271,37,Female,Medicare,South,1988-11-15
P010272,46,Female,Medicare Advantage,Northeast,1980-12-15
P010273,75,Male,Medicare,Northeast,1950-01-15
P010274,56,Male,Medicare Advantage,Northeast,1969-10-15
P010275,32,Female,Commercial,Northeast,1993-01-15
P010276,79,Female,Medicaid,South,1946-12-15
P010277,59,Male,Commercial,Northeast,1967-11-15
P010278,19,Female,Medicaid,Northeast,2006-08-15
P010279,71,Female,Medicare Advantage,South,1954-10-15
P010280,53,Female,Commercial,South,1973-03-15
P010281,76,Male,Medicaid,Midwest,1950-05-15
P010282,33,Male,Self-Pay,West,1993-12-15
P010283,77,Male,Medicaid,Northeast,1949-10-15
P010284,19,Male,Medicare Advantage,Midwest,2007-03-15
P010285,79,Male,Medicaid,Midwest,1946-01-15
P010286,40,Male,Medicaid,Midwest,1985-01-15
P010287,28,Male,Medicare Advantage,West,1998-02-15
P010288,79,Male,Medicaid,South,1946-02-15
P010289,29,Female,Medicare,South,1996-05-15
P010290,89,Male,Commercial,Midwest,1937-05-15
P010291,91,Male,Self-Pay,Northeast,1934-11-15
P010292,55,Male,Self-Pay,South,1970-01-15
P010293,50,Female,Commercial,South,1975-06-15
P010294,57,Female,Medicaid,Midwest,1968-07-15
P010295,60,Female,Commercial,Midwest,1966-09-15
P010296,2,Male,Workers Comp,Midwest,2023-12-15
P010297,42,Male,Medicare,West,1984-10-15
P010298,95,Male,Commercial,West,1930-12-15
P010299,22,Female,Medicaid,Northeast,2004-07-15
P010300,66,Male,Commercial,West,1960-11-15
P010301,20,Female,Commercial,South,2005-11-15
P010302,71,Male,Medicare,Midwest,1955-02-15
P010303,82,Male,Medicare,South,1944-09-15
P010304,25,Male,Medicare,Midwest,2001-01-15
P010305,42,Male,Medicare Advantage,Northeast,1983-04-15
P010306,76,Male,Medicare,South,1950-04-15
P010307,48,Male,Medicare Advantage,Midwest,1977-06-15
P010308,66,Female,Medicaid,West,1959-03-15
P010309,90,Male,Commercial,West,1935-06-15
P010310,81,Male,Self-Pay,South,1944-07-15
P010311,20,Female,Commercial,West,2006-06-15
P010312,1,Male,Self-Pay,Northeast,2024-10-15
P010313,75,Female,Medicare Advantage,Northeast,1950-11-15
P010314,73,Male,Medicare,Northeast,1952-10-15
P010315,17,Male,Commercial,Midwest,2008-10-15
P010316,68,Female,Commercial,West,1957-09-15
P010317,75,Female,Commercial,South,1950-07-15
P010318,75,Female,Medicare,South,1951-09-15
P010319,59,Male,Self-Pay,South,1967-08-15
P010320,86,Female,Medicaid,South,1940-10-15
P010321,36,Female,Medicare,West,1990-10-15
P010322,11,Female,Commercial,South,2014-03-15
P010323,73,Male,Medicaid,South,1953-10-15
P010324,45,Male,Medicare Advantage,West,1981-05-15
P010325,76,Male,Medicare,South,1949-03-15
P010326,38,Female,Medicare Advantage,South,1987-01-15
P010327,73,Female,Commercial,Midwest,1952-04-15
P010328,62,Male,Medicare,Midwest,1964-03-15
P010329,64,Male,Self-Pay,South,1961-01-15
P010330,75,Female,Medicare,West,1951-08-15
P010331,73,Male,Medicaid,Northeast,1952-08-15
P010332,74,Female,Self-Pay,Midwest,1951-07-15
P010333,77,Female,Medicare Advantage,West,1948-03-15
P010334,29,Female,Medicare,Midwest,1997-04-15
P010335,70,Female,Medicare,Northeast,1956-07-15
P010336,3,Female,Other,Northeast,2022-02-15
P010337,62,Female,Medicare Advantage,Midwest,1963-06-15
P010338,19,Male,Medicare,Midwest,2006-08-15
P010339,81,Female,Medicare,South,1945-02-15
P010340,32,Female,Medicaid,West,1993-03-15
P010341,65,Female,Self-Pay,Midwest,1960-07-15
P010342,56,Female,Commercial,South,1970-09-15
P010343,43,Male,Commercial,West,1982-11-15
P010344,38,Female,Medicare Advantage,Northeast,1988-04-15
P010345,44,Female,Medicare,West,1981-08-15
P010346,73,Male,Self-Pay,Midwest,1952-08-15
P010347,64,Male,Commercial,West,1962-01-15
P010348,60,Female,Medicaid,West,1965-10-15
P010349,46,Female,Medicare,South,1979-06-15
P010350,23,Male,Medicare,South,2002-04-15
P010351,74,Male,Medicare,South,1952-12-15
P010352,40,Female,Medicare,South,1985-09-15
P010353,66,Male,Commercial,Northeast,1959-11-15
P010354,47,Male,Commercial,South,1978-07-15
P010355,32,Male,Medicare,West,1993-02-15
P010356,79,Female,Medicare,Northeast,1947-08-15
P010357,68,Male,Medicare,South,1958-03-15
P010358,68,Female,Medicaid,South,1957-04-15
P010359,70,Male,Medicare,South,1955-04-15
P010360,72,Female,Commercial,West,1954-06-15
P010361,53,Male,Medicaid,South,1972-08-15
P010362,81,Male,Medicare,West,1945-02-15
P010363,58,Female,Medicare Advantage,Northeast,1968-04-15
P010364,72,Female,Workers Comp,South,1954-03-15
P010365,67,Male,Medicaid,Midwest,1958-07-15
P010366,48,Female,Self-Pay,South,1978-11-15
P010367,26,Female,Self-Pay,Midwest,2000-06-15
P010368,56,Female,Commercial,Midwest,1969-09-15
P010369,86,Female,Self-Pay,South,1939-04-15
P010370,29,Male,Commercial,Midwest,1996-05-15
P010371,60,Male,Medicare,Northeast,1966-08-15
P010372,58,Female,Commercial,South,1967-09-15
P010373,49,Female,Medicare,Northeast,1977-04-15
P010374,93,Female,Self-Pay,Northeast,1933-09-15
P010375,62,Female,Medicare Advantage,South,1964-12-15
P010376,91,Male,Medicare,West,1935-02-15
P010377,55,Male,Self-Pay,Midwest,1970-12-15
P010378,85,Female,Commercial,West,1941-08-15
P010379,27,Female,Medicare,Midwest,1998-04-15
P010380,48,Male,Commercial,Midwest,1978-01-15
P010381,53,Female,Medicaid,Midwest,1973-02-15
P010382,64,Female,Medicare,Midwest,1962-01-15
P010383,7,Female,Medicare,South,2018-07-15
P010384,66,Female,Medicaid,Midwest,1960-09-15
P010385,9,Female,Medicare,Northeast,2017-01-15
P010386,66,Female,Medicare Advantage,South,1960-09-15
P010387,50,Female,Medicare,Midwest,1976-02-15
P010388,11,Male,Commercial,Northeast,2015-09-15
P010389,78,Female,Medicare,South,1947-11-15
P010390,41,Female,Medicaid,Northeast,1985-09-15
P010391,18,Female,Medicaid,Midwest,2007-05-15
P010392,84,Male,Medicare,South,1942-06-15
P010393,36,Female,Medicaid,Northeast,1989-01-15
P010394,68,Male,Medicare,South,1957-10-15
P010395,34,Male,Medicare Advantage,Midwest,1992-03-15
P010396,35,Male,Medicare Advantage,Northeast,1990-10-15
P010397,95,Male,Workers Comp,South,1931-03-15
P010398,6,Female,Medicaid,West,2019-10-15
P010399,50,Male,Self-Pay,South,1975-06-15
P010400,27,Male,Medicare Advantage,Northeast,1998-07-15
P010401,12,Female,Medicare,West,2014-07-15
P010402,67,Male,Medicaid,West,1958-04-15
P010403,89,Male,Other,Midwest,1937-01-15
P010404,78,Male,Medicaid,Northeast,1947-03-15
P010405,61,Male,Commercial,Midwest,1964-03-15
P010406,67,Male,Medicare,Northeast,1958-12-15
P010407,25,Female,Medicare,Midwest,2001-12-15
P010408,8,Female,Commercial,Northeast,2017-01-15
P010409,19,Female,Commercial,South,2007-11-15
P010410,47,Female,Workers Comp,West,1978-04-15
P010411,78,Male,Medicaid,South,1948-06-15
P010412,24,Male,Commercial,Northeast,2002-05-15
P010413,78,Female,Medicaid,South,1948-07-15
P010414,42,Female,Medicaid,Midwest,1983-08-15
P010415,77,Female,Medicaid,South,1948-05-15
P010416,15,Male,Commercial,South,2010-02-15
P010417,20,Female,Commercial,South,2005-11-15
P010418,12,Female,Medicaid,Northeast,2013-03-15
P010419,58,Male,Medicare Advantage,Midwest,1967-01-15
P010420,66,Male,Self-Pay,South,1959-10-15
P010421,35,Male,Medicare Advantage,Northeast,1991-07-15
P010422,66,Female,Medicare Advantage,West,1959-03-15
P010423,68,Male,Other,South,1957-10-15
P010424,28,Male,Medicaid,Midwest,1998-07-15
P010425,88,Female,Workers Comp,South,1937-02-15
P010426,55,Male,Commercial,South,1971-02-15
P010427,27,Female,Medicare,West,1998-03-15
P010428,76,Female,Medicare,Midwest,1949-04-15
P010429,60,Female,Medicaid,Midwest,1966-12-15
P010430,74,Male,Medicaid,West,1951-04-15
P010431,93,Male,Medicaid,Northeast,1932-01-15
P010432,58,Female,Self-Pay,Midwest,1968-05-15
P010433,70,Female,Commercial,Northeast,1956-06-15
P010434,94,Male,Commercial,South,1931-07-15
P010435,66,Female,Medicare Advantage,Midwest,1960-02-15
P010436,82,Male,Medicare,West,1944-11-15
P010437,48,Male,Commercial,Northeast,1978-06-15
P010438,36,Female,Commercial,Northeast,1990-10-15
P010439,63,Female,Self-Pay,South,1963-02-15
P010440,18,Male,Medicare Advantage,South,2007-04-15
P010441,48,Male,Medicaid,Midwest,1978-01-15
P010442,70,Female,Medicare Advantage,South,1956-01-15
P010443,64,Male,Medicare Advantage,Northeast,1961-02-15
P010444,68,Male,Commercial,Midwest,1957-04-15
P010445,55,Male,Self-Pay,South,1971-05-15
P010446,69,Male,Medicare Advantage,South,1957-11-15
P010447,83,Female,Medicare Advantage,South,1942-02-15
P010448,56,Male,Medicare Advantage,South,1969-01-15
P010449,95,Male,Commercial,Northeast,1930-10-15
P010450,42,Female,Medicare,West,1983-05-15
P010451,48,Female,Medicaid,South,1978-10-15
P010452,38,Female,Medicaid,South,1987-04-15
P010453,57,Male,Medicare Advantage,West,1969-03-15
P010454,50,Female,Medicare Advantage,Midwest,1975-11-15
P010455,52,Male,Medicare,South,1974-08-15
P010456,21,Male,Medicare,Northeast,2004-04-15
P010457,56,Female,Commercial,Midwest,1969-06-15
P010458,64,Female,Commercial,South,1961-07-15
P010459,30,Female,Medicare,Northeast,1995-04-15
P010460,36,Female,Commercial,West,1989-08-15
P010461,45,Female,Commercial,West,1980-04-15
P010462,68,Other,Medicare,Northeast,1958-08-15
P010463,23,Female,Commercial,Northeast,2003-04-15
P010464,66,Female,Commercial,South,1960-07-15
P010465,22,Male,Commercial,Midwest,2003-09-15
P010466,71,Female,Medicare,Northeast,1954-05-15
P010467,29,Male,Commercial,South,1996-07-15
P010468,49,Female,Medicare,South,1977-03-15
P010469,22,Female,Workers Comp,Northeast,2004-08-15
P010470,83,Male,Medicare Advantage,South,1942-04-15
P010471,26,Male,Commercial,West,1999-05-15
P010472,49,Male,Medicare,Midwest,1976-02-15
P010473,66,Male,Medicare Advantage,Midwest,1960-03-15
P010474,51,Female,Medicare,South,1974-04-15
P010475,70,Male,Medicare,South,1956-03-15
P010476,41,Male,Commercial,Midwest,1984-09-15
P010477,5,Male,Medicare Advantage,Northeast,2021-04-15
P010478,12,Female,Medicare,West,2013-06-15
P010479,69,Male,Medicare Advantage,Midwest,1957-06-15
P010480,46,Male,Medicaid,South,1979-08-15
P010481,45,Other,Commercial,Midwest,1981-07-15
P010482,77,Female,Self-Pay,South,1949-04-15
P010483,51,Male,Medicare,West,1975-02-15
P010484,19,Female,Workers Comp,Midwest,2007-09-15
P010485,64,Female,Medicare,South,1961-06-15
P010486,27,Female,Self-Pay,Midwest,1998-08-15
P010487,30,Female,Medicaid,West,1995-07-15
P010488,54,Male,Medicare,West,1971-04-15
P010489,19,Female,Medicare Advantage,South,2006-07-15
P010490,47,Female,Commercial,South,1978-11-15
P010491,91,Male,Commercial,Midwest,1934-08-15
P010492,66,Female,Medicare,Northeast,1960-05-15
P010493,38,Male,Commercial,South,1987-10-15
P010494,25,Female,Self-Pay,South,2000-10-15
P010495,41,Female,Medicare Advantage,West,1984-02-15
P010496,69,Female,Medicare,Midwest,1957-06-15
P010497,80,Female,Self-Pay,West,1946-07-15
P010498,88,Female,Commercial,South,1938-04-15
P010499,55,Female,Commercial,Northeast,1970-02-15
P010500,73,Male,Medicare,West,1952-10-15
P010501,81,Male,Medicare,South,1945-01-15
P010502,78,Female,Commercial,West,1947-05-15
P010503,58,Female,Medicare,Midwest,1968-01-15
P010504,22,Female,Self-Pay,South,2004-07-15
P010505,79,Male,Medicaid,Northeast,1947-09-15
P010506,65,Female,Medicare,South,1961-04-15
P010507,77,Female,Medicare,West,1949-09-15
P010508,26,Female,Medicare,Northeast,2000-03-15
P010509,68,Female,Medicare,Northeast,1958-06-15
P010510,60,Female,Medicare,Midwest,1966-02-15
P010511,40,Male,Medicaid,West,1986-01-15
P010512,36,Male,Medicare,Midwest,1989-06-15
P010513,71,Female,Commercial,South,1954-12-15
P010514,59,Male,Commercial,South,1966-09-15
P010515,64,Female,Medicaid,South,1962-06-15
P010516,76,Male,Medicare,West,1950-03-15
P010517,0,Male,Medicaid,South,2025-11-15
P010518,76,Female,Commercial,South,1950-07-15
P010519,8,Female,Commercial,South,2017-10-15
P010520,78,Male,Self-Pay,West,1947-03-15
P010521,76,Female,Commercial,South,1949-06-15
P010522,42,Male,Medicaid,Northeast,1983-03-15
P010523,29,Male,Medicaid,Northeast,1997-01-15
P010524,77,Male,Commercial,South,1948-05-15
P010525,51,Male,Commercial,West,1975-07-15
P010526,69,Female,Medicaid,West,1957-02-15
P010527,1,Male,Commercial,West,2025-05-15
P010528,47,Male,Medicaid,South,1978-09-15
P010529,87,Male,Self-Pay,Northeast,1938-09-15
P010530,50,Male,Commercial,West,1975-05-15
P010531,26,Male,Medicare Advantage,Midwest,2000-12-15
P010532,57,Female,Commercial,West,1968-04-15
P010533,73,Male,Medicare,Midwest,1953-09-15
P010534,77,Male,Medicare Advantage,West,1949-03-15
P010535,75,Female,Commercial,West,1951-07-15
P010536,37,Female,Other,South,1988-07-15
P010537,53,Female,Medicare Advantage,West,1973-12-15
P010538,62,Male,Other,Midwest,1963-11-15
P010539,71,Male,Medicaid,South,1955-03-15
P010540,30,Female,Medicaid,Northeast,1995-01-15
P010541,26,Male,Commercial,South,1999-06-15
P010542,81,Male,Medicare,Northeast,1945-03-15
P010543,79,Female,Medicare Advantage,Midwest,1947-02-15
P010544,34,Female,Self-Pay,South,1992-06-15
P010545,71,Female,Other,West,1954-11-15
P010546,40,Female,Commercial,South,1986-12-15
P010547,11,Male,Medicare Advantage,West,2014-02-15
P010548,36,Female,Medicare,South,1989-02-15
P010549,69,Male,Medicare Advantage,Northeast,1957-10-15
P010550,15,Male,Medicaid,Northeast,2010-11-15
P010551,40,Female,Self-Pay,South,1985-12-15
P010552,69,Female,Medicare,West,1957-09-15
P010553,76,Other,Medicare Advantage,West,1949-09-15
P010554,43,Female,Self-Pay,Northeast,1983-08-15
P010555,30,Female,Commercial,Midwest,1996-02-15
P010556,77,Male,Medicaid,South,1948-01-15
P010557,59,Other,Commercial,Northeast,1966-08-15
P010558,9,Female,Medicaid,South,2016-03-15
P010559,56,Female,Self-Pay,Midwest,1969-12-15
P010560,19,Male,Medicare,Midwest,2006-11-15
P010561,35,Female,Commercial,Northeast,1991-12-15
P010562,94,Male,Medicaid,Midwest,1932-01-15
P010563,58,Male,Medicaid,Northeast,1967-07-15
P010564,55,Female,Medicare Advantage,West,1970-12-15
P010565,44,Female,Medicare,Midwest,1982-11-15
P010566,79,Female,Other,South,1947-05-15
P010567,76,Male,Medicare Advantage,Midwest,1949-11-15
P010568,25,Female,Medicare,South,2000-09-15
P010569,87,Male,Workers Comp,Midwest,1939-05-15
P010570,76,Female,Medicaid,Northeast,1949-02-15
P010571,77,Male,Medicaid,South,1949-12-15
P010572,38,Female,Medicare,South,1988-06-15
P010573,38,Female,Other,South,1987-10-15
P010574,52,Female,Commercial,South,1974-10-15
P010575,51,Female,Medicare,Midwest,1974-06-15
P010576,61,Female,Medicare,West,1965-07-15
P010577,23,Female,Commercial,Northeast,2003-10-15
P010578,8,Female,Commercial,Midwest,2017-07-15
P010579,56,Male,Medicaid,West,1969-01-15
P010580,65,Female,Commercial,Midwest,1961-08-15
P010581,47,Female,Other,Midwest,1979-03-15
P010582,38,Female,Commercial,Midwest,1987-06-15
P010583,55,Male,Medicare Advantage,West,1971-02-15
P010584,63,Male,Medicaid,South,1962-05-15
P010585,44,Male,Commercial,Northeast,1982-04-15
P010586,12,Female,Commercial,Northeast,2014-02-15
P010587,28,Male,Commercial,South,1997-01-15
P010588,84,Male,Medicare Advantage,South,1941-05-15
P010589,72,Male,Commercial,Midwest,1953-12-15
P010590,37,Male,Other,South,1988-08-15
P010591,47,Male,Commercial,West,1979-04-15
P010592,34,Other,Medicare,West,1991-03-15
P010593,61,Female,Commercial,South,1964-02-15
P010594,33,Male,Commercial,South,1992-07-15
P010595,14,Female,Medicaid,South,2012-11-15
P010596,20,Female,Medicare,South,2005-07-15
P010597,29,Male,Medicare,West,1996-05-15
P010598,7,Female,Workers Comp,South,2019-07-15
P010599,0,Male,Medicare,Midwest,2025-06-15
P010600,33,Female,Medicare Advantage,South,1992-09-15
P010601,21,Female,Medicare,West,2004-11-15
P010602,71,Female,Medicare,South,1955-05-15
P010603,78,Male,Medicare,Midwest,1948-03-15
P010604,65,Female,Medicare,Midwest,1961-08-15
P010605,73,Male,Commercial,South,1952-10-15
P010606,56,Female,Medicaid,Midwest,1970-12-15
P010607,28,Male,Medicare Advantage,South,1997-03-15
P010608,60,Male,Workers Comp,South,1966-09-15
P010609,68,Male,Commercial,Northeast,1958-12-15
P010610,49,Female,Commercial,South,1977-06-15
P010611,54,Male,Commercial,South,1971-08-15
P010612,25,Female,Commercial,Midwest,2000-09-15
P010613,32,Female,Medicare,South,1994-12-15
P010614,70,Male,Medicare Advantage,Northeast,1956-05-15
P010615,54,Male,Commercial,West,1972-04-15
P010616,0,Male,Medicare,Midwest,2026-11-15
P010617,49,Male,Medicare Advantage,Northeast,1977-06-15
P010618,75,Male,Commercial,Northeast,1950-06-15
P010619,74,Male,Medicare,South,1951-11-15
P010620,56,Female,Medicare,South,1970-01-15
P010621,22,Female,Commercial,South,2004-06-15
P010622,24,Female,Commercial,South,2001-10-15
P010623,61,Male,Medicare,South,1965-10-15
P010624,56,Female,Commercial,Northeast,1970-12-15
P010625,44,Male,Other,West,1981-04-15
P010626,41,Female,Other,West,1984-10-15
P010627,50,Female,Workers Comp,South,1975-07-15
P010628,48,Female,Self-Pay,South,1978-09-15
P010629,84,Female,Medicare,Midwest,1941-08-15
P010630,43,Male,Medicare,Midwest,1982-10-15
P010631,47,Other,Medicare,Northeast,1978-04-15
P010632,38,Female,Commercial,West,1988-05-15
P010633,76,Female,Medicaid,Midwest,1950-05-15
P010634,32,Female,Medicare,West,1994-02-15
P010635,66,Male,Medicaid,West,1960-03-15
P010636,79,Male,Self-Pay,South,1947-01-15
P010637,38,Female,Medicare,Northeast,1987-03-15
P010638,76,Female,Commercial,West,1950-07-15
P010639,59,Male,Medicare,West,1966-06-15
P010640,32,Female,Medicare,West,1993-09-15
P010641,7,Female,Medicaid,Northeast,2019-11-15
P010642,27,Male,Medicare,Northeast,1998-07-15
P010643,54,Male,Commercial,Midwest,1971-12-15
P010644,22,Female,Medicare Advantage,South,2004-09-15
P010645,71,Male,Medicare,Midwest,1954-09-15
P010646,43,Male,Commercial,Midwest,1982-10-15
P010647,60,Male,Medicare Advantage,Northeast,1966-02-15
P010648,71,Male,Medicare,West,1954-07-15
P010649,51,Male,Commercial,Midwest,1974-11-15
P010650,77,Female,Commercial,Northeast,1949-11-15
P010651,19,Male,Medicaid,West,2006-08-15
P010652,84,Male,Medicare,Midwest,1942-04-15
P010653,82,Female,Medicare,Northeast,1944-08-15
P010654,47,Female,Commercial,Midwest,1978-01-15
P010655,46,Female,Commercial,West,1980-06-15
P010656,52,Female,Workers Comp,Midwest,1973-07-15
P010657,47,Female,Commercial,Northeast,1979-11-15
P010658,73,Male,Medicare,Midwest,1952-10-15
P010659,8,Female,Medicare,South,2018-02-15
P010660,53,Male,Medicaid,South,1973-09-15
P010661,52,Male,Medicaid,South,1973-07-15
P010662,60,Male,Commercial,South,1965-12-15
P010663,77,Male,Commercial,Midwest,1948-04-15
P010664,66,Male,Medicaid,Midwest,1960-10-15
P010665,48,Other,Medicare Advantage,Midwest,1978-08-15
P010666,72,Male,Medicaid,Midwest,1954-05-15
P010667,46,Female,Commercial,Northeast,1979-06-15
P010668,69,Female,Commercial,South,1957-07-15
P010669,11,Male,Medicare,Northeast,2014-12-15
P010670,38,Male,Medicaid,West,1988-09-15
P010671,77,Male,Commercial,South,1948-09-15
P010672,50,Female,Medicare,South,1975-04-15
P010673,42,Male,Medicare Advantage,Northeast,1983-11-15
P010674,74,Female,Commercial,Northeast,1951-12-15
P010675,66,Female,Medicare Advantage,Midwest,1959-06-15
P010676,24,Female,Commercial,West,2002-04-15
P010677,18,Male,Medicaid,South,2007-03-15
P010678,35,Male,Medicaid,Midwest,1991-02-15
P010679,47,Female,Commercial,Northeast,1979-11-15
P010680,52,Male,Commercial,Midwest,1973-08-15
P010681,57,Male,Medicare,South,1969-09-15
P010682,43,Female,Workers Comp,South,1982-03-15
P010683,51,Female,Medicare Advantage,Midwest,1975-11-15
P010684,80,Male,Medicare Advantage,Northeast,1945-08-15
P010685,67,Female,Medicare,West,1959-03-15
P010686,88,Female,Commercial,Midwest,1938-02-15
P010687,26,Female,Commercial,South,2000-01-15
P010688,20,Female,Medicare,West,2005-08-15
P010689,72,Male,Medicaid,South,1954-05-15
P010690,2,Male,Other,South,2024-05-15
P010691,47,Male,Self-Pay,West,1978-09-15
P010692,58,Other,Medicare,Midwest,1967-06-15
P010693,62,Male,Self-Pay,West,1963-04-15
P010694,40,Female,Medicare,Northeast,1985-05-15
P010695,57,Male,Self-Pay,Northeast,1968-11-15
P010696,1,Female,Other,South,2025-09-15
P010697,89,Female,Medicare,West,1936-08-15
P010698,25,Female,Other,Midwest,2000-02-15
P010699,44,Female,Commercial,Midwest,1982-10-15
P010700,21,Female,Medicare,Northeast,2005-03-15
P010701,51,Male,Medicare Advantage,South,1975-08-15
P010702,77,Male,Medicare,South,1948-06-15
P010703,33,Female,Self-Pay,Midwest,1992-08-15
P010704,48,Other,Workers Comp,South,1978-07-15
P010705,50,Female,Commercial,Midwest,1975-04-15
P010706,46,Female,Commercial,Midwest,1980-02-15
P010707,63,Female,Medicare,Midwest,1962-03-15
P010708,39,Male,Commercial,Midwest,1986-06-15
P010709,57,Male,Commercial,Midwest,1968-12-15
P010710,65,Other,Medicaid,Midwest,1961-10-15
P010711,86,Male,Medicaid,West,1940-08-15
P010712,8,Male,Medicare Advantage,Midwest,2018-12-15
P010713,92,Female,Medicare,Northeast,1933-02-15
P010714,69,Male,Commercial,West,1956-12-15
P010715,25,Male,Commercial,South,2001-12-15
P010716,43,Female,Commercial,Midwest,1982-04-15
P010717,40,Female,Self-Pay,Midwest,1985-06-15
P010718,76,Female,Commercial,South,1949-03-15
P010719,90,Female,Medicare,West,1935-03-15
P010720,58,Female,Medicare,West,1968-10-15
P010721,40,Female,Medicaid,Midwest,1986-08-15
P010722,72,Female,Medicare,South,1954-12-15
P010723,7,Male,Medicare,Midwest,2019-08-15
P010724,87,Female,Medicare Advantage,South,1939-10-15
P010725,15,Female,Medicare,West,2011-01-15
P010726,45,Male,Medicaid,West,1981-11-15
P010727,27,Female,Medicare Advantage,Midwest,1998-05-15
P010728,21,Female,Medicare,South,2005-05-15
P010729,65,Female,Workers Comp,Midwest,1961-03-15
P010730,50,Female,Medicare Advantage,Midwest,1975-03-15
P010731,53,Female,Self-Pay,West,1972-01-15
P010732,54,Male,Commercial,West,1971-05-15
P010733,82,Male,Medicare,South,1943-06-15
P010734,52,Male,Commercial,South,1973-07-15
P010735,17,Female,Medicaid,West,2008-04-15
P010736,64,Female,Commercial,South,1962-02-15
P010737,49,Male,Medicare Advantage,South,1977-04-15
P010738,6,Female,Medicaid,Midwest,2020-09-15
P010739,55,Female,Commercial,Midwest,1971-07-15
P010740,79,Male,Self-Pay,West,1946-07-15
P010741,33,Female,Commercial,South,1992-09-15
P010742,56,Female,Medicare Advantage,Midwest,1969-01-15
P010743,66,Female,Commercial,West,1959-03-15
P010744,55,Female,Medicare Advantage,West,1971-03-15
P010745,86,Male,Medicare Advantage,Midwest,1940-12-15
P010746,53,Female,Workers Comp,Northeast,1973-01-15
P010747,37,Female,Medicare Advantage,Northeast,1989-02-15
P010748,28,Other,Commercial,Northeast,1998-10-15
P010749,42,Female,Medicare,West,1983-01-15
P010750,45,Male,Medicare Advantage,West,1980-05-15
P010751,63,Male,Self-Pay,West,1962-11-15
P010752,14,Male,Medicare,Midwest,2012-04-15
P010753,62,Female,Medicare,Northeast,1964-04-15
P010754,26,Male,Other,West,1999-10-15
P010755,18,Male,Commercial,West,2008-08-15
P010756,40,Male,Medicaid,South,1985-05-15
P010757,28,Female,Commercial,South,1997-10-15
P010758,59,Female,Medicaid,Midwest,1966-08-15
P010759,50,Female,Medicaid,Northeast,1975-11-15
P010760,42,Female,Commercial,Midwest,1983-05-15
P010761,1,Female,Commercial,Midwest,2024-03-15
P010762,94,Female,Medicare,Northeast,1931-05-15
P010763,3,Female,Medicare Advantage,Northeast,2023-04-15
P010764,83,Female,Medicaid,Midwest,1942-09-15
P010765,27,Male,Medicare Advantage,South,1999-02-15
P010766,34,Female,Medicare Advantage,South,1991-07-15
P010767,81,Female,Medicaid,Midwest,1945-01-15
P010768,37,Female,Medicare Advantage,South,1988-09-15
P010769,52,Female,Self-Pay,West,1973-01-15
P010770,26,Male,Medicare Advantage,South,1999-03-15
P010771,45,Female,Commercial,West,1980-06-15
P010772,62,Male,Medicaid,Midwest,1963-07-15
P010773,56,Female,Medicaid,West,1969-06-15
P010774,89,Male,Commercial,Midwest,1937-10-15
P010775,88,Male,Commercial,South,1937-05-15
P010776,66,Male,Other,South,1959-10-15
P010777,67,Female,Medicare,Northeast,1959-06-15
P010778,75,Male,Medicare,Northeast,1951-11-15
P010779,65,Female,Commercial,West,1960-06-15
P010780,44,Male,Medicare,Midwest,1982-01-15
P010781,56,Female,Self-Pay,South,1970-02-15
P010782,67,Female,Medicare,South,1958-10-15
P010783,36,Female,Medicaid,Northeast,1989-06-15
P010784,9,Female,Medicaid,West,2016-01-15
P010785,61,Female,Commercial,Northeast,1964-05-15
P010786,36,Female,Medicare Advantage,West,1990-08-15
P010787,70,Female,Medicare Advantage,South,1955-04-15
P010788,6,Male,Medicare Advantage,Midwest,2020-03-15
P010789,61,Female,Commercial,South,1965-09-15
P010790,44,Male,Commercial,Northeast,1982-02-15
P010791,51,Female,Medicaid,Midwest,1974-12-15
P010792,21,Male,Medicaid,South,2005-01-15
P010793,49,Male,Medicaid,South,1977-05-15
P010794,58,Female,Commercial,Midwest,1967-06-15
P010795,65,Female,Commercial,South,1960-09-15
P010796,58,Male,Medicare,West,1967-06-15
P010797,58,Female,Medicare,South,1967-09-15
P010798,55,Female,Medicare Advantage,Midwest,1971-09-15
P010799,40,Male,Commercial,South,1985-12-15
P010800,41,Female,Self-Pay,South,1985-07-15
P010801,87,Female,Commercial,South,1938-06-15
P010802,72,Male,Commercial,Northeast,1954-06-15
P010803,56,Female,Medicaid,Northeast,1969-09-15
P010804,82,Female,Medicaid,South,1943-04-15
P010805,77,Female,Medicare,Midwest,1948-04-15
P010806,7,Male,Commercial,Northeast,2018-02-15
P010807,85,Female,Self-Pay,South,1941-01-15
P010808,89,Female,Medicare,West,1937-03-15
P010809,54,Female,Commercial,Midwest,1971-10-15
P010810,64,Female,Commercial,South,1962-03-15
P010811,30,Female,Workers Comp,Northeast,1996-07-15
P010812,29,Male,Commercial,South,1996-02-15
P010813,60,Male,Commercial,South,1965-04-15
P010814,57,Male,Medicaid,Midwest,1969-09-15
P010815,70,Female,Medicare Advantage,Northeast,1955-06-15
P010816,58,Male,Commercial,South,1967-02-15
P010817,35,Male,Medicaid,South,1990-09-15
P010818,56,Male,Medicaid,Northeast,1969-04-15
P010819,69,Female,Medicare,South,1956-12-15
P010820,78,Male,Commercial,West,1947-10-15
P010821,35,Female,Medicare,West,1991-03-15
P010822,69,Female,Medicare,West,1956-12-15
P010823,47,Male,Commercial,Midwest,1978-06-15
P010824,52,Male,Self-Pay,West,1973-09-15
P010825,43,Female,Medicaid,Midwest,1982-02-15
P010826,80,Female,Commercial,West,1945-04-15
P010827,30,Female,Medicaid,South,1995-03-15
P010828,30,Male,Commercial,West,1995-03-15
P010829,17,Female,Medicare Advantage,South,2008-05-15
P010830,63,Female,Medicare,South,1962-04-15
P010831,12,Female,Medicaid,West,2013-03-15
P010832,38,Female,Medicare,West,1987-08-15
P010833,75,Female,Commercial,South,1950-02-15
P010834,73,Male,Medicaid,South,1952-04-15
P010835,71,Male,Medicare,Midwest,1954-04-15
P010836,57,Female,Medicaid,Midwest,1969-08-15
P010837,27,Female,Commercial,South,1998-01-15
P010838,49,Female,Commercial,Midwest,1976-10-15
P010839,56,Female,Medicare Advantage,West,1970-01-15
P010840,51,Male,Commercial,Northeast,1974-03-15
P010841,39,Female,Medicaid,South,1986-02-15
P010842,71,Male,Medicare,South,1954-10-15
P010843,41,Female,Medicaid,Midwest,1985-03-15
P010844,0,Male,Medicare,South,2026-09-15
P010845,48,Male,Medicare,Northeast,1977-05-15
P010846,85,Female,Medicare,Northeast,1940-08-15
P010847,73,Female,Medicaid,West,1953-03-15
P010848,45,Male,Medicaid,Northeast,1980-07-15
P010849,64,Female,Commercial,South,1962-06-15
P010850,62,Male,Medicaid,South,1963-09-15
P010851,38,Female,Commercial,South,1988-11-15
P010852,32,Female,Medicaid,West,1994-07-15
P010853,62,Male,Medicare,Midwest,1963-08-15
P010854,39,Male,Commercial,South,1987-12-15
P010855,52,Male,Medicare,South,1973-12-15
P010856,70,Female,Medicare,Northeast,1955-02-15
P010857,13,Female,Workers Comp,Midwest,2012-04-15
P010858,22,Female,Medicare,Midwest,2003-04-15
P010859,22,Male,Commercial,Midwest,2004-07-15
P010860,65,Male,Commercial,South,1960-05-15
P010861,65,Female,Medicare,South,1960-10-15
P010862,56,Female,Medicare Advantage,Midwest,1970-09-15
P010863,65,Male,Commercial,South,1961-07-15
P010864,56,Male,Medicare Advantage,South,1969-12-15
P010865,77,Female,Medicare Advantage,South,1948-09-15
P010866,60,Female,Medicaid,South,1965-01-15
P010867,59,Male,Medicare,South,1966-07-15
P010868,60,Female,Medicare,South,1965-01-15
P010869,52,Female,Commercial,West,1973-03-15
P010870,53,Female,Medicare,West,1972-01-15
P010871,18,Male,Commercial,South,2007-10-15
P010872,16,Female,Medicare,Northeast,2009-05-15
P010873,94,Male,Medicare Advantage,South,1931-04-15
P010874,60,Female,Commercial,West,1965-02-15
P010875,79,Male,Medicare,Midwest,1947-07-15
P010876,41,Female,Medicare,West,1985-09-15
P010877,77,Female,Medicaid,West,1949-09-15
P010878,76,Male,Medicare,South,1950-07-15
P010879,66,Female,Commercial,South,1960-10-15
P010880,79,Female,Medicare,Midwest,1947-02-15
P010881,16,Male,Medicaid,South,2009-08-15
P010882,63,Female,Medicare,Northeast,1963-07-15
P010883,71,Male,Medicaid,West,1954-03-15
P010884,78,Female,Commercial,Midwest,1948-09-15
P010885,63,Female,Commercial,Northeast,1963-11-15
P010886,71,Male,Medicare,South,1955-03-15
P010887,52,Female,Self-Pay,Northeast,1973-02-15
P010888,67,Female,Medicaid,Midwest,1959-12-15
P010889,39,Female,Commercial,Midwest,1987-03-15
P010890,28,Male,Commercial,South,1998-09-15
P010891,73,Male,Commercial,West,1953-12-15
P010892,22,Female,Medicare,Northeast,2003-10-15
P010893,13,Female,Medicare,South,2012-10-15
P010894,38,Male,Commercial,Midwest,1988-09-15
P010895,45,Female,Medicare Advantage,Northeast,1980-08-15
P010896,67,Male,Medicare,South,1958-11-15
P010897,60,Male,Commercial,Midwest,1966-04-15
P010898,77,Female,Medicaid,West,1948-06-15
P010899,24,Female,Workers Comp,South,2001-05-15
P010900,41,Female,Medicare,Midwest,1985-06-15
P010901,64,Female,Commercial,Midwest,1962-05-15
P010902,88,Male,Self-Pay,South,1938-07-15
P010903,29,Male,Commercial,South,1997-03-15
P010904,51,Female,Commercial,South,1975-10-15
P010905,53,Male,Medicaid,South,1973-02-15
P010906,76,Male,Commercial,West,1950-05-15
P010907,33,Male,Medicaid,West,1992-12-15
P010908,96,Male,Medicare,South,1930-12-15
P010909,75,Male,Medicare Advantage,Midwest,1951-05-15
P010910,6,Female,Medicare,Northeast,2020-10-15
P010911,91,Male,Commercial,West,1934-08-15
P010912,66,Female,Commercial,South,1959-03-15
P010913,54,Male,Medicare Advantage,South,1972-12-15
P010914,53,Female,Medicare Advantage,Midwest,1973-03-15
P010915,47,Female,Self-Pay,South,1979-02-15
P010916,17,Male,Medicare Advantage,South,2009-02-15
P010917,69,Male,Medicaid,Northeast,1957-09-15
P010918,64,Female,Medicaid,South,1962-06-15
P010919,95,Female,Commercial,Midwest,1930-09-15
P010920,78,Male,Commercial,South,1948-07-15
P010921,24,Female,Medicaid,South,2002-07-15
P010922,76,Male,Medicaid,South,1950-11-15
P010923,17,Female,Medicaid,Midwest,2009-12-15
P010924,67,Male,Commercial,West,1959-07-15
P010925,65,Male,Medicare,Northeast,1961-11-15
P010926,56,Male,Commercial,South,1969-10-15
P010927,14,Male,Commercial,Midwest,2011-01-15
P010928,54,Female,Medicaid,West,1971-08-15
P010929,39,Female,Medicare,Midwest,1986-04-15
P010930,38,Female,Commercial,South,1987-07-15
P010931,52,Female,Medicaid,Midwest,1973-06-15
P010932,80,Male,Commercial,Northeast,1945-07-15
P010933,7,Male,Medicare,Northeast,2018-08-15
P010934,46,Male,Medicare,Midwest,1979-01-15
P010935,44,Female,Commercial,West,1981-02-15
P010936,58,Male,Commercial,South,1968-02-15
P010937,44,Female,Medicare,West,1981-11-15
P010938,51,Female,Medicaid,South,1974-11-15
P010939,53,Female,Commercial,South,1973-05-15
P010940,50,Male,Medicaid,West,1976-02-15
P010941,42,Female,Commercial,West,1983-03-15
P010942,12,Female,Commercial,Midwest,2013-03-15
P010943,74,Male,Commercial,South,1951-04-15
P010944,85,Female,Medicare,South,1940-07-15
P010945,36,Female,Workers Comp,Northeast,1989-09-15
P010946,52,Female,Medicare,South,1974-09-15
P010947,18,Male,Medicare,Midwest,2007-04-15
P010948,37,Female,Medicare,Midwest,1989-03-15
P010949,54,Female,Medicare,South,1971-01-15
P010950,30,Female,Medicare,South,1996-01-15
P010951,54,Male,Medicare,Northeast,1972-12-15
P010952,32,Male,Medicare,South,1993-05-15
P010953,18,Female,Medicaid,Midwest,2008-09-15
P010954,1,Male,Commercial,Midwest,2025-09-15
P010955,79,Female,Commercial,Midwest,1946-12-15
P010956,56,Female,Workers Comp,Midwest,1969-05-15
P010957,40,Female,Commercial,South,1986-01-15
P010958,47,Male,Medicaid,Northeast,1978-03-15
P010959,71,Male,Medicare,Northeast,1954-09-15
P010960,94,Male,Medicare Advantage,Northeast,1932-12-15
P010961,42,Female,Medicare,South,1983-03-15
P010962,54,Male,Commercial,West,1971-09-15
P010963,10,Male,Commercial,South,2016-01-15
P010964,8,Male,Commercial,South,2018-09-15
P010965,78,Female,Medicaid,Northeast,1947-02-15
P010966,47,Male,Commercial,South,1979-04-15
P010967,40,Female,Medicare Advantage,Midwest,1985-11-15
P010968,53,Male,Self-Pay,South,1973-08-15
P010969,74,Female,Commercial,Midwest,1952-10-15
P010970,73,Female,Medicare Advantage,West,1953-05-15
P010971,44,Female,Commercial,South,1981-10-15
P010972,57,Female,Medicare Advantage,Northeast,1969-04-15
P010973,34,Male,Medicaid,South,1991-06-15
P010974,49,Female,Other,South,1977-04-15
P010975,61,Male,Medicare,Midwest,1965-04-15
P010976,53,Male,Medicare,West,1972-12-15
P010977,73,Female,Medicare Advantage,South,1952-01-15
P010978,53,Female,Commercial,South,1973-11-15
P010979,87,Male,Workers Comp,South,1939-02-15
P010980,65,Female,Medicare,South,1961-08-15
P010981,21,Male,Medicare,South,2004-08-15
P010982,34,Female,Commercial,Midwest,1991-02-15
P010983,63,Male,Medicare,South,1962-02-15
P010984,30,Female,Commercial,Northeast,1996-02-15
P010985,61,Female,Commercial,South,1964-12-15
P010986,59,Female,Commercial,Midwest,1967-07-15
P010987,77,Female,Self-Pay,South,1948-12-15
P010988,52,Female,Commercial,South,1973-12-15
P010989,50,Male,Medicare,West,1976-01-15
P010990,79,Male,Medicaid,Midwest,1946-11-15
P010991,74,Female,Medicare,South,1952-09-15
P010992,56,Female,Commercial,Midwest,1969-06-15
P010993,12,Female,Medicaid,West,2014-09-15
P010994,46,Female,Medicaid,Northeast,1979-11-15
P010995,43,Female,Medicaid,Northeast,1983-11-15
P010996,37,Male,Commercial,West,1989-09-15
P010997,33,Male,Medicare,South,1992-12-15
P010998,42,Female,Medicare Advantage,South,1984-10-15
P010999,72,Male,Medicare,Northeast,1953-07-15
P011000,53,Female,Medicaid,West,1972-04-15
P011001,51,Female,Medicare,West,1974-11-15
P011002,5,Female,Commercial,Midwest,2020-02-15
P011003,74,Female,Medicare,West,1951-10-15
P011004,8,Male,Medicare Advantage,West,2018-08-15
P011005,48,Male,Medicare Advantage,South,1977-02-15
P011006,17,Female,Medicare,West,2009-05-15
P011007,82,Male,Commercial,South,1943-11-15
P011008,74,Male,Medicare Advantage,South,1951-08-15
P011009,17,Female,Medicaid,West,2008-01-15
P011010,52,Male,Commercial,Midwest,1974-03-15
P011011,16,Male,Medicare Advantage,Midwest,2010-04-15
P011012,90,Female,Medicaid,South,1935-12-15
P011013,0,Female,Self-Pay,South,2026-10-15
P011014,71,Female,Commercial,Midwest,1954-03-15
P011015,70,Female,Medicare,West,1955-02-15
P011016,67,Male,Medicaid,South,1959-08-15
P011017,34,Female,Medicare Advantage,South,1992-09-15
P011018,60,Male,Medicare,South,1965-07-15
P011019,59,Female,Commercial,West,1966-04-15
P011020,45,Male,Self-Pay,West,1981-05-15
P011021,73,Female,Self-Pay,South,1953-10-15
P011022,43,Female,Medicaid,Midwest,1982-09-15
P011023,53,Female,Other,Northeast,1972-02-15
P011024,57,Female,Commercial,West,1969-02-15
P011025,34,Female,Medicare Advantage,Midwest,1991-03-15
P011026,73,Female,Commercial,West,1953-02-15
P011027,49,Female,Medicaid,Midwest,1976-11-15
P011028,76,Female,Medicare,Midwest,1950-09-15
P011029,78,Female,Medicare,West,1948-09-15
P011030,61,Male,Commercial,South,1965-04-15
P011031,22,Male,Commercial,Northeast,2004-02-15
P011032,32,Female,Commercial,Midwest,1993-06-15
P011033,39,Male,Other,Midwest,1986-05-15
P011034,67,Male,Medicare Advantage,South,1959-08-15
P011035,73,Female,Medicare Advantage,South,1952-07-15
P011036,47,Male,Medicare Advantage,South,1979-05-15
P011037,13,Female,Medicare,South,2013-01-15
P011038,79,Male,Commercial,South,1947-07-15
P011039,28,Female,Self-Pay,Midwest,1997-09-15
P011040,88,Male,Medicaid,Midwest,1937-01-15
P011041,76,Male,Medicaid,West,1949-09-15
P011042,73,Female,Medicare,Midwest,1953-12-15
P011043,35,Female,Self-Pay,South,1990-09-15
P011044,74,Male,Self-Pay,West,1952-03-15
P011045,47,Female,Commercial,South,1979-10-15
P011046,35,Female,Medicaid,Midwest,1991-07-15
P011047,52,Female,Medicare Advantage,Northeast,1973-05-15
P011048,41,Female,Medicare,West,1985-10-15
P011049,88,Female,Medicare Advantage,South,1937-10-15
P011050,29,Female,Commercial,South,1997-03-15
P011051,65,Female,Workers Comp,West,1961-10-15
P011052,63,Male,Medicaid,South,1962-07-15
P011053,60,Male,Medicare,Midwest,1965-09-15
P011054,24,Male,Medicare,South,2001-02-15
P011055,45,Female,Medicare,Northeast,1980-04-15
P011056,35,Male,Medicare Advantage,Midwest,1991-05-15
P011057,55,Male,Medicaid,Northeast,1971-06-15
P011058,81,Male,Medicaid,West,1944-08-15
P011059,71,Female,Commercial,Northeast,1954-05-15
P011060,49,Male,Medicare,West,1976-06-15
P011061,25,Female,Medicare,South,2000-03-15
P011062,11,Female,Medicare,Northeast,2015-04-15
P011063,20,Male,Medicare,Northeast,2005-05-15
P011064,95,Male,Medicaid,West,1930-09-15
P011065,16,Male,Medicaid,South,2009-09-15
P011066,42,Female,Commercial,Midwest,1983-07-15
P011067,37,Female,Commercial,West,1988-10-15
P011068,86,Female,Medicare Advantage,Midwest,1940-11-15
P011069,59,Male,Commercial,West,1966-06-15
P011070,41,Female,Medicaid,Midwest,1985-09-15
P011071,36,Female,Medicare,South,1990-02-15
P011072,63,Female,Medicare,South,1963-10-15
P011073,21,Female,Medicare Advantage,Midwest,2005-02-15
P011074,61,Female,Medicare,West,1964-07-15
P011075,24,Female,Commercial,West,2001-12-15
P011076,57,Male,Medicaid,West,1969-01-15
P011077,74,Male,Medicaid,Midwest,1952-01-15
P011078,74,Male,Workers Comp,Midwest,1952-07-15
P011079,20,Female,Commercial,South,2005-11-15
P011080,31,Female,Workers Comp,West,1994-10-15
P011081,28,Female,Self-Pay,South,1997-05-15
P011082,23,Female,Medicare,South,2002-04-15
P011083,56,Female,Medicare,Midwest,1970-10-15
P011084,7,Male,Medicare,West,2018-05-15
P011085,37,Female,Medicare,West,1988-04-15
P011086,31,Male,Commercial,Northeast,1994-07-15
P011087,5,Male,Medicare Advantage,West,2021-11-15
P011088,22,Female,Medicaid,South,2004-11-15
P011089,86,Female,Medicare,Midwest,1940-10-15
P011090,33,Male,Medicaid,Midwest,1992-01-15
P011091,47,Male,Self-Pay,West,1978-10-15
P011092,24,Female,Commercial,West,2001-03-15
P011093,73,Female,Medicare,South,1952-09-15
P011094,33,Female,Medicare Advantage,South,1992-04-15
P011095,17,Male,Commercial,West,2009-01-15
P011096,0,Female,Medicare Advantage,Northeast,2025-04-15
P011097,74,Male,Self-Pay,Midwest,1951-09-15
P011098,17,Female,Commercial,South,2009-07-15
P011099,50,Male,Medicare,Northeast,1975-11-15
P011100,54,Male,Medicare,West,1972-11-15
P011101,73,Female,Commercial,West,1953-11-15
P011102,55,Male,Commercial,South,1970-02-15
P011103,77,Female,Medicaid,Northeast,1948-06-15
P011104,61,Female,Medicare,South,1965-12-15
P011105,24,Female,Medicare Advantage,Northeast,2001-07-15
P011106,41,Male,Medicaid,South,1985-02-15
P011107,45,Male,Medicare Advantage,South,1980-03-15
P011108,91,Female,Medicare,Northeast,1934-07-15
P011109,86,Male,Medicare,Northeast,1940-08-15
P011110,36,Female,Medicare,West,1989-03-15
P011111,38,Male,Self-Pay,Midwest,1987-10-15
P011112,55,Female,Medicare Advantage,West,1971-12-15
P011113,81,Male,Commercial,Midwest,1945-01-15
P011114,52,Female,Commercial,South,1973-12-15
P011115,62,Male,Commercial,South,1963-07-15
P011116,74,Female,Workers Comp,South,1951-07-15
P011117,39,Female,Medicare Advantage,West,1986-12-15
P011118,70,Male,Commercial,South,1956-09-15
P011119,88,Female,Medicare Advantage,West,1937-12-15
P011120,75,Female,Commercial,South,1951-11-15
P011121,78,Male,Medicaid,South,1947-11-15
P011122,70,Female,Other,Northeast,1956-06-15
P011123,51,Male,Commercial,South,1974-01-15
P011124,69,Male,Medicare,Midwest,1957-11-15
P011125,74,Male,Medicare,West,1952-01-15
P011126,35,Male,Medicaid,Midwest,1991-05-15
P011127,42,Female,Medicare,West,1983-10-15
P011128,26,Female,Medicaid,South,1999-09-15
P011129,39,Female,Medicare,South,1986-04-15
P011130,24,Female,Commercial,South,2001-01-15
P011131,75,Female,Self-Pay,Midwest,1950-04-15
P011132,40,Male,Medicaid,South,1985-08-15
P011133,34,Female,Medicare,Midwest,1991-11-15
P011134,64,Male,Medicare,Northeast,1961-08-15
P011135,17,Male,Commercial,West,2008-02-15
P011136,65,Female,Medicaid,West,1960-11-15
P011137,45,Female,Commercial,West,1980-08-15
P011138,30,Female,Commercial,West,1996-02-15
P011139,45,Female,Commercial,Northeast,1980-04-15
P011140,37,Male,Medicare,Northeast,1988-07-15
P011141,44,Male,Commercial,West,1982-01-15
P011142,43,Male,Medicare,Midwest,1982-02-15
P011143,41,Female,Self-Pay,Midwest,1985-09-15
P011144,41,Male,Medicaid,Northeast,1984-10-15
P011145,27,Male,Medicaid,Midwest,1998-07-15
P011146,35,Female,Medicare Advantage,Northeast,1990-05-15
P011147,68,Male,Medicare Advantage,Midwest,1957-06-15
P011148,6,Male,Medicare,West,2019-06-15
P011149,65,Female,Medicare Advantage,West,1961-09-15
P011150,24,Male,Medicare,South,2001-04-15
P011151,77,Male,Medicare Advantage,South,1948-12-15
P011152,60,Male,Commercial,South,1965-05-15
P011153,55,Female,Other,South,1970-08-15
P011154,53,Female,Medicaid,Midwest,1973-12-15
P011155,58,Female,Medicaid,South,1967-06-15
P011156,50,Male,Self-Pay,West,1975-08-15
P011157,50,Male,Medicaid,Northeast,1976-08-15
P011158,29,Male,Commercial,Midwest,1996-01-15
P011159,20,Male,Commercial,South,2006-10-15
P011160,77,Female,Medicare,West,1948-06-15
P011161,70,Female,Medicare,South,1956-09-15
P011162,22,Male,Medicare,South,2003-04-15
P011163,41,Female,Commercial,South,1985-09-15
P011164,64,Female,Workers Comp,Midwest,1961-07-15
P011165,68,Male,Medicare,Northeast,1957-06-15
P011166,64,Female,Medicare,South,1962-02-15
P011167,58,Female,Medicare,West,1968-02-15
P011168,44,Male,Commercial,South,1982-07-15
P011169,53,Female,Medicare,Northeast,1973-04-15
P011170,52,Female,Commercial,Northeast,1974-09-15
P011171,42,Male,Self-Pay,Northeast,1983-09-15
P011172,2,Male,Commercial,Northeast,2023-10-15
P011173,49,Female,Medicare,South,1977-06-15
P011174,44,Male,Medicare,Midwest,1982-11-15
P011175,47,Female,Commercial,Northeast,1978-03-15
P011176,42,Male,Commercial,Midwest,1984-08-15
P011177,74,Female,Medicare,South,1952-04-15
P011178,76,Female,Workers Comp,West,1949-12-15
P011179,43,Female,Commercial,South,1982-04-15
P011180,53,Female,Medicare Advantage,Midwest,1972-10-15
P011181,62,Male,Medicare,South,1964-05-15
P011182,71,Female,Medicare,Northeast,1954-01-15
P011183,5,Male,Medicare,Midwest,2021-06-15
P011184,70,Male,Workers Comp,Northeast,1956-04-15
P011185,66,Male,Medicare Advantage,West,1960-02-15
P011186,50,Female,Medicare,South,1976-01-15
P011187,28,Female,Commercial,Midwest,1998-02-15
P011188,44,Female,Commercial,West,1982-12-15
P011189,64,Male,Medicaid,Midwest,1961-07-15
P011190,24,Female,Medicaid,West,2002-11-15
P011191,49,Male,Workers Comp,Midwest,1976-01-15
P011192,78,Female,Medicare,Northeast,1947-07-15
P011193,30,Male,Self-Pay,South,1996-03-15
P011194,65,Male,Commercial,Northeast,1961-11-15
P011195,93,Male,Commercial,South,1933-11-15
P011196,37,Female,Medicare Advantage,Northeast,1988-03-15
P011197,91,Female,Other,Midwest,1934-09-15
P011198,53,Male,Medicare Advantage,Northeast,1972-05-15
P011199,25,Female,Medicaid,South,2000-12-15
P011200,61,Male,Medicare Advantage,South,1964-06-15
P011201,49,Female,Medicaid,West,1977-08-15
P011202,9,Male,Self-Pay,South,2017-07-15
P011203,88,Male,Medicare Advantage,West,1937-11-15
P011204,70,Male,Medicaid,South,1956-05-15
P011205,19,Female,Medicaid,South,2007-07-15
P011206,30,Male,Medicaid,Midwest,1995-12-15
P011207,24,Female,Self-Pay,West,2001-07-15
P011208,45,Female,Medicaid,South,1981-12-15
P011209,95,Male,Medicare,South,1930-10-15
P011210,61,Male,Medicare,West,1964-07-15
P011211,69,Female,Commercial,Midwest,1956-03-15
P011212,62,Male,Medicare Advantage,Northeast,1964-01-15
P011213,59,Female,Medicare,South,1966-09-15
P011214,36,Female,Medicare,South,1990-04-15
P011215,71,Female,Medicare,Northeast,1954-07-15
P011216,60,Male,Medicaid,South,1966-03-15
P011217,76,Female,Medicaid,West,1949-06-15
P011218,35,Female,Medicare,West,1991-03-15
P011219,63,Female,Medicare,West,1962-06-15
P011220,74,Male,Medicare Advantage,South,1952-10-15
P011221,86,Male,Commercial,South,1940-12-15
P011222,41,Female,Medicare Advantage,South,1985-08-15
P011223,96,Male,Commercial,West,1929-03-15
P011224,19,Female,Commercial,South,2007-09-15
P011225,18,Male,Medicaid,West,2007-04-15
P011226,39,Male,Medicare,Northeast,1986-08-15
P011227,94,Female,Medicare,Midwest,1931-10-15
P011228,41,Female,Medicaid,West,1984-09-15
P011229,41,Male,Commercial,South,1984-12-15
P011230,21,Male,Medicare,South,2004-09-15
P011231,75,Male,Commercial,West,1951-04-15
P011232,47,Female,Workers Comp,West,1978-04-15
P011233,40,Female,Medicare,South,1985-09-15
P011234,37,Female,Medicare,Midwest,1988-03-15
P011235,88,Female,Medicare,Midwest,1938-07-15
P011236,14,Female,Medicare,Midwest,2012-08-15
P011237,41,Female,Commercial,Northeast,1984-03-15
P011238,90,Female,Medicaid,Midwest,1936-10-15
P011239,51,Female,Medicare,South,1975-10-15
P011240,55,Male,Commercial,Midwest,1970-10-15
P011241,95,Female,Medicare Advantage,South,1930-09-15
P011242,42,Male,Commercial,West,1983-12-15
P011243,30,Female,Medicare,West,1995-02-15
P011244,26,Female,Self-Pay,Midwest,1999-03-15
P011245,72,Male,Other,West,1953-07-15
P011246,56,Male,Commercial,Northeast,1970-12-15
P011247,11,Female,Commercial,South,2015-01-15
P011248,8,Female,Medicaid,Midwest,2017-08-15
P011249,21,Male,Medicare,West,2005-04-15
P011250,67,Male,Self-Pay,South,1958-01-15
P011251,73,Male,Medicaid,Northeast,1953-02-15
P011252,36,Female,Medicare,South,1990-11-15
P011253,39,Male,Medicare,Midwest,1986-03-15
P011254,55,Male,Other,South,1970-04-15
P011255,59,Female,Medicare Advantage,Northeast,1966-11-15
P011256,68,Female,Medicare,South,1957-07-15
P011257,61,Female,Medicaid,West,1965-04-15
P011258,56,Female,Commercial,South,1970-12-15
P011259,72,Male,Medicare Advantage,Midwest,1954-11-15
P011260,65,Female,Other,West,1961-01-15
P011261,45,Female,Commercial,West,1980-01-15
P011262,46,Male,Self-Pay,Midwest,1980-06-15
P011263,45,Male,Commercial,West,1980-03-15
P011264,47,Female,Commercial,South,1979-12-15
P011265,28,Male,Commercial,Midwest,1997-10-15
P011266,7,Female,Medicare,West,2019-05-15
P011267,25,Female,Medicare,South,2000-08-15
P011268,55,Female,Commercial,South,1971-06-15
P011269,71,Male,Medicare Advantage,South,1955-07-15
P011270,33,Male,Commercial,South,1993-01-15
P011271,61,Male,Medicaid,West,1964-12-15
P011272,53,Female,Commercial,Midwest,1973-03-15
P011273,67,Female,Medicare,Northeast,1958-07-15
P011274,70,Male,Commercial,Midwest,1955-04-15
P011275,28,Female,Self-Pay,Midwest,1997-07-15
P011276,6,Male,Medicare,West,2019-04-15
P011277,59,Male,Medicare,Midwest,1966-02-15
P011278,93,Male,Medicaid,Northeast,1933-05-15
P011279,58,Male,Commercial,West,1968-01-15
P011280,50,Female,Medicare Advantage,West,1976-02-15
P011281,76,Female,Commercial,Northeast,1950-05-15
P011282,55,Female,Commercial,West,1971-05-15
P011283,3,Male,Commercial,Northeast,2023-02-15
P011284,76,Female,Medicare,South,1949-06-15
P011285,58,Female,Other,South,1967-05-15
P011286,25,Female,Medicaid,Midwest,2000-09-15
P011287,47,Female,Commercial,South,1978-06-15
P011288,13,Male,Medicaid,West,2012-12-15
P011289,40,Female,Self-Pay,Midwest,1986-07-15
P011290,36,Male,Medicare,South,1989-07-15
P011291,33,Female,Medicare Advantage,South,1992-08-15
P011292,30,Female,Medicare,West,1996-08-15
P011293,15,Female,Medicare,South,2011-07-15
P011294,27,Female,Commercial,South,1998-08-15
P011295,36,Male,Commercial,West,1989-07-15
P011296,21,Male,Medicaid,South,2004-05-15
P011297,79,Female,Medicare,West,1946-08-15
P011298,62,Male,Medicare,Northeast,1964-08-15
P011299,54,Male,Commercial,West,1972-02-15
P011300,48,Female,Medicare,South,1977-06-15
P011301,20,Male,Commercial,South,2006-04-15
P011302,27,Female,Medicare,Midwest,1999-09-15
P011303,40,Male,Commercial,West,1985-03-15
P011304,2,Male,Medicare,West,2023-01-15
P011305,41,Male,Commercial,Midwest,1984-10-15
P011306,64,Female,Medicare,Midwest,1962-04-15
P011307,58,Female,Commercial,Midwest,1967-03-15
P011308,30,Female,Commercial,West,1996-05-15
P011309,47,Female,Medicare Advantage,South,1978-01-15
P011310,43,Male,Commercial,Midwest,1982-05-15
P011311,48,Male,Other,South,1977-08-15
P011312,72,Male,Commercial,West,1954-04-15
P011313,1,Female,Commercial,South,2025-06-15
P011314,75,Male,Medicare Advantage,Midwest,1951-12-15
P011315,89,Male,Medicare Advantage,Midwest,1936-04-15
P011316,71,Female,Medicare Advantage,Northeast,1954-02-15
P011317,49,Male,Commercial,South,1977-08-15
P011318,87,Male,Medicare,West,1938-11-15
P011319,42,Male,Commercial,South,1983-09-15
P011320,71,Female,Commercial,Midwest,1954-09-15
P011321,54,Male,Medicare Advantage,West,1971-07-15
P011322,49,Female,Medicare,South,1977-01-15
P011323,50,Male,Medicaid,South,1975-05-15
P011324,76,Male,Medicare Advantage,West,1949-01-15
P011325,63,Female,Medicare,Midwest,1963-10-15
P011326,42,Male,Medicare,West,1984-07-15
P011327,66,Male,Medicare,West,1960-06-15
P011328,28,Male,Self-Pay,Midwest,1997-02-15
P011329,37,Female,Medicare Advantage,South,1988-07-15
P011330,55,Male,Medicare,Midwest,1970-03-15
P011331,52,Female,Commercial,Northeast,1974-08-15
P011332,38,Female,Medicaid,West,1987-05-15
P011333,53,Other,Commercial,West,1973-07-15
P011334,32,Male,Commercial,South,1994-08-15
P011335,77,Male,Medicare,Midwest,1948-05-15
P011336,45,Female,Commercial,West,1980-09-15
P011337,70,Female,Commercial,South,1955-12-15
P011338,73,Female,Medicare,South,1953-02-15
P011339,60,Female,Commercial,Midwest,1966-05-15
P011340,87,Male,Medicare,Midwest,1938-11-15
P011341,43,Male,Medicare,Midwest,1983-10-15
P011342,53,Male,Self-Pay,South,1973-11-15
P011343,78,Male,Commercial,West,1947-09-15
P011344,63,Male,Medicare,West,1963-10-15
P011345,7,Female,Commercial,Midwest,2019-01-15
P011346,68,Male,Medicaid,Midwest,1958-02-15
P011347,59,Female,Medicare,Midwest,1966-05-15
P011348,85,Male,Commercial,South,1941-09-15
P011349,71,Male,Commercial,Midwest,1954-03-15
P011350,33,Female,Medicare,South,1993-04-15
P011351,91,Male,Medicare,Midwest,1934-01-15
P011352,73,Female,Medicare,Northeast,1953-03-15
P011353,61,Male,Self-Pay,West,1965-06-15
P011354,45,Female,Medicare,South,1980-05-15
P011355,51,Female,Commercial,Northeast,1974-04-15
P011356,37,Female,Medicare Advantage,Northeast,1988-05-15
P011357,46,Male,Other,West,1980-07-15
P011358,45,Female,Medicare Advantage,West,1980-09-15
P011359,65,Male,Medicare,Northeast,1960-12-15
P011360,42,Female,Medicare,Northeast,1983-12-15
P011361,32,Female,Workers Comp,South,1994-06-15
P011362,7,Male,Medicare Advantage,West,2018-06-15
P011363,53,Female,Commercial,Northeast,1972-10-15
P011364,29,Female,Commercial,Midwest,1996-07-15
P011365,60,Male,Medicare,South,1966-07-15
P011366,79,Female,Medicare,South,1946-12-15
P011367,51,Male,Medicaid,West,1975-10-15
P011368,61,Female,Medicare,West,1964-08-15
P011369,8,Male,Medicare Advantage,West,2018-03-15
P011370,54,Female,Medicare Advantage,South,1972-01-15
P011371,42,Male,Medicaid,Midwest,1983-06-15
P011372,24,Female,Commercial,South,2002-04-15
P011373,76,Female,Workers Comp,Midwest,1950-09-15
P011374,58,Female,Medicaid,South,1968-09-15
P011375,62,Female,Commercial,Midwest,1964-08-15
P011376,13,Female,Medicare Advantage,South,2012-11-15
P011377,26,Male,Medicaid,South,2000-09-15
P011378,62,Male,Commercial,South,1964-04-15
P011379,93,Male,Medicare,South,1932-05-15
P011380,69,Male,Commercial,Northeast,1956-04-15
P011381,32,Female,Medicare Advantage,West,1993-03-15
P011382,19,Male,Medicare,South,2007-11-15
P011383,94,Female,Commercial,South,1931-03-15
P011384,37,Female,Medicaid,Northeast,1988-02-15
P011385,55,Female,Commercial,Midwest,1971-06-15
P011386,8,Female,Medicare,West,2017-10-15
P011387,21,Male,Medicare,Northeast,2004-09-15
P011388,81,Female,Commercial,Midwest,1944-12-15
P011389,19,Female,Medicaid,Midwest,2007-10-15
P011390,49,Male,Workers Comp,West,1977-10-15
P011391,18,Female,Medicare,West,2008-08-15
P011392,2,Female,Medicaid,West,2024-11-15
P011393,62,Female,Commercial,South,1964-12-15
P011394,23,Female,Medicare,South,2003-12-15
P011395,32,Male,Medicare Advantage,Northeast,1994-08-15
P011396,91,Male,Commercial,West,1935-09-15
P011397,3,Male,Medicare,South,2022-03-15
P011398,57,Female,Commercial,Northeast,1969-06-15
P011399,0,Female,Medicare,West,2025-04-15
P011400,36,Male,Medicare Advantage,Northeast,1989-02-15
P011401,15,Male,Medicare,West,2010-08-15
P011402,54,Female,Commercial,Northeast,1972-04-15
P011403,38,Female,Other,South,1988-02-15
P011404,38,Male,Self-Pay,Midwest,1988-05-15
P011405,65,Male,Medicare,West,1961-02-15
P011406,94,Male,Commercial,Northeast,1931-11-15
P011407,58,Male,Medicare,Northeast,1967-10-15
P011408,58,Male,Commercial,South,1967-01-15
P011409,73,Female,Medicare,South,1952-09-15
P011410,82,Female,Commercial,Midwest,1944-11-15
P011411,38,Female,Commercial,West,1988-09-15
P011412,43,Male,Medicaid,Northeast,1983-02-15
P011413,51,Female,Medicaid,Northeast,1974-12-15
P011414,53,Female,Medicare,South,1972-07-15
P011415,62,Female,Medicaid,South,1964-09-15
P011416,9,Male,Commercial,Midwest,2017-04-15
P011417,69,Female,Commercial,South,1957-07-15
P011418,59,Other,Medicare Advantage,Midwest,1966-07-15
P011419,50,Female,Medicare Advantage,South,1975-07-15
P011420,56,Female,Medicaid,West,1970-02-15
P011421,28,Male,Medicare,South,1998-08-15
P011422,35,Male,Medicare,West,1991-07-15
P011423,75,Female,Medicaid,Midwest,1950-04-15
P011424,61,Female,Self-Pay,West,1964-10-15
P011425,90,Male,Medicaid,Northeast,1935-11-15
P011426,28,Female,Commercial,Northeast,1998-03-15
P011427,53,Female,Medicare Advantage,West,1973-06-15
P011428,38,Female,Commercial,Midwest,1987-02-15
P011429,8,Female,Medicare,Midwest,2018-07-15
P011430,73,Female,Commercial,South,1953-03-15
P011431,64,Male,Self-Pay,South,1962-04-15
P011432,41,Male,Medicare,South,1984-01-15
P011433,62,Male,Medicare Advantage,Northeast,1964-12-15
P011434,95,Male,Commercial,Midwest,1931-10-15
P011435,67,Female,Medicare,Midwest,1958-10-15
P011436,86,Male,Medicaid,South,1940-07-15
P011437,93,Female,Medicare,Midwest,1933-08-15
P011438,57,Other,Medicaid,Northeast,1969-01-15
P011439,92,Female,Self-Pay,South,1934-04-15
P011440,10,Male,Medicare,West,2016-11-15
P011441,17,Female,Medicare,South,2008-02-15
P011442,56,Male,Medicare Advantage,South,1970-01-15
P011443,63,Female,Medicare,West,1962-09-15
P011444,28,Female,Commercial,West,1998-10-15
P011445,24,Male,Medicare,South,2001-09-15
P011446,55,Female,Medicare,Midwest,1971-07-15
P011447,87,Female,Commercial,West,1938-08-15
P011448,28,Female,Medicaid,Northeast,1998-03-15
P011449,63,Male,Medicaid,Northeast,1963-03-15
P011450,66,Other,Medicare,South,1960-10-15
P011451,64,Male,Medicaid,South,1962-07-15
P011452,78,Male,Commercial,Northeast,1948-04-15
P011453,56,Female,Commercial,South,1969-08-15
P011454,72,Female,Medicare,South,1954-05-15
P011455,12,Female,Medicare,Northeast,2014-10-15
P011456,51,Female,Medicare Advantage,South,1974-06-15
P011457,40,Male,Medicare,West,1986-03-15
P011458,52,Male,Self-Pay,West,1974-02-15
P011459,31,Male,Self-Pay,South,1995-12-15
P011460,56,Female,Self-Pay,Northeast,1969-05-15
P011461,71,Female,Medicaid,Midwest,1955-08-15
P011462,26,Male,Medicaid,Midwest,1999-09-15
P011463,22,Male,Self-Pay,South,2004-10-15
P011464,63,Female,Commercial,West,1962-01-15
P011465,74,Female,Medicare Advantage,Midwest,1952-10-15
P011466,81,Female,Medicare Advantage,Midwest,1944-02-15
P011467,85,Female,Medicare,West,1940-06-15
P011468,68,Female,Medicaid,West,1958-11-15
P011469,58,Female,Medicaid,West,1968-11-15
P011470,50,Male,Workers Comp,Northeast,1975-02-15
P011471,27,Male,Commercial,Midwest,1998-06-15
P011472,14,Female,Medicare,Midwest,2011-08-15
P011473,92,Male,Medicare,South,1933-10-15
P011474,53,Female,Medicaid,Northeast,1972-05-15
P011475,34,Male,Medicare,South,1992-01-15
P011476,13,Male,Medicare Advantage,South,2013-10-15
P011477,78,Male,Commercial,Northeast,1947-12-15
P011478,71,Female,Commercial,South,1954-02-15
P011479,42,Female,Medicare,Northeast,1984-03-15
P011480,22,Male,Medicare,Northeast,2003-09-15
P011481,72,Male,Medicare,Midwest,1953-12-15
P011482,96,Female,Medicare,South,1929-07-15
P011483,79,Female,Commercial,Midwest,1946-12-15
P011484,86,Male,Medicare Advantage,South,1939-10-15
P011485,84,Male,Medicare Advantage,South,1942-01-15
P011486,43,Female,Medicaid,West,1983-06-15
P011487,28,Male,Medicaid,Northeast,1998-01-15
P011488,32,Female,Medicare Advantage,West,1994-11-15
P011489,68,Female,Commercial,South,1958-05-15
P011490,73,Male,Commercial,Northeast,1953-05-15
P011491,48,Male,Medicare Advantage,West,1978-10-15
P011492,74,Female,Medicare,South,1951-06-15
P011493,23,Male,Commercial,West,2003-07-15
P011494,9,Female,Commercial,South,2016-01-15
P011495,58,Female,Medicare,Northeast,1968-10-15
P011496,33,Female,Workers Comp,West,1992-11-15
P011497,12,Male,Medicaid,West,2013-09-15
P011498,66,Female,Medicaid,Northeast,1960-10-15
P011499,52,Male,Workers Comp,South,1973-07-15
P011500,26,Female,Other,West,1999-12-15
P011501,79,Male,Medicare Advantage,South,1946-02-15
P011502,36,Female,Medicare,West,1989-11-15
P011503,60,Female,Medicare,South,1965-02-15
P011504,71,Female,Medicaid,Northeast,1954-05-15
P011505,49,Female,Medicare,Northeast,1977-10-15
P011506,8,Male,Medicare,Northeast,2018-07-15
P011507,67,Male,Medicare,Northeast,1959-09-15
P011508,58,Male,Medicare,Northeast,1967-03-15
P011509,73,Male,Medicaid,Midwest,1953-05-15
P011510,53,Male,Commercial,South,1973-08-15
P011511,68,Female,Commercial,South,1957-04-15
P011512,62,Male,Commercial,Northeast,1964-02-15
P011513,47,Male,Commercial,West,1979-03-15
P011514,16,Other,Medicare,West,2009-10-15
P011515,92,Male,Self-Pay,Midwest,1933-05-15
P011516,66,Female,Self-Pay,West,1959-12-15
P011517,76,Female,Medicare Advantage,Northeast,1950-01-15
P011518,49,Female,Commercial,West,1976-09-15
P011519,23,Male,Commercial,Northeast,2002-07-15
P011520,89,Male,Self-Pay,Midwest,1936-11-15
P011521,80,Male,Commercial,West,1945-03-15
P011522,35,Female,Medicare,South,1990-08-15
P011523,68,Female,Self-Pay,South,1957-12-15
P011524,33,Male,Medicare Advantage,Northeast,1992-03-15
P011525,33,Male,Medicare,Midwest,1992-09-15
P011526,79,Female,Commercial,Northeast,1946-12-15
P011527,78,Male,Medicare Advantage,Midwest,1947-09-15
P011528,38,Male,Medicaid,Midwest,1987-03-15
P011529,59,Female,Medicare,Midwest,1966-09-15
P011530,77,Male,Commercial,South,1948-09-15
P011531,69,Male,Medicare Advantage,West,1957-04-15
P011532,20,Male,Medicare,Midwest,2005-01-15
P011533,76,Male,Medicare Advantage,West,1949-11-15
P011534,91,Female,Other,Midwest,1935-02-15
P011535,60,Female,Medicare,South,1965-01-15
P011536,57,Female,Self-Pay,West,1969-03-15
P011537,64,Male,Medicaid,West,1961-08-15
P011538,85,Male,Medicaid,West,1940-07-15
P011539,12,Male,Commercial,West,2013-10-15
P011540,71,Male,Medicare Advantage,Midwest,1954-04-15
P011541,76,Female,Commercial,Northeast,1949-05-15
P011542,66,Female,Medicaid,South,1960-09-15
P011543,32,Female,Self-Pay,South,1993-12-15
P011544,61,Female,Commercial,South,1964-04-15
P011545,28,Male,Medicare Advantage,Northeast,1997-06-15
P011546,49,Male,Workers Comp,Northeast,1976-03-15
P011547,46,Female,Medicare Advantage,Midwest,1979-06-15
P011548,70,Male,Other,South,1955-02-15
P011549,51,Female,Medicare,Midwest,1974-10-15
P011550,1,Male,Commercial,Northeast,2024-08-15
P011551,71,Female,Commercial,South,1955-05-15
P011552,71,Female,Medicare,South,1955-07-15
P011553,14,Female,Medicare,South,2012-01-15
P011554,35,Male,Commercial,Northeast,1991-12-15
P011555,72,Female,Commercial,West,1953-06-15
P011556,9,Male,Commercial,South,2017-05-15
P011557,75,Male,Medicare,South,1951-10-15
P011558,78,Male,Medicare,West,1947-02-15
P011559,11,Female,Commercial,Northeast,2015-05-15
P011560,44,Male,Medicare Advantage,Midwest,1981-09-15
P011561,25,Female,Medicare,Midwest,2000-09-15
P011562,36,Male,Medicare,West,1990-12-15
P011563,33,Male,Commercial,West,1993-12-15
P011564,55,Female,Commercial,Midwest,1971-09-15
P011565,16,Female,Medicaid,Midwest,2010-08-15
P011566,68,Female,Medicare Advantage,West,1957-04-15
P011567,43,Male,Medicaid,South,1983-04-15
P011568,90,Male,Medicare,Midwest,1935-05-15
P011569,70,Male,Medicare Advantage,West,1956-03-15
P011570,19,Female,Commercial,West,2006-09-15
P011571,37,Female,Medicaid,South,1988-08-15
P011572,85,Male,Medicare,South,1941-03-15
P011573,66,Male,Self-Pay,South,1959-02-15
P011574,87,Male,Medicare Advantage,West,1938-01-15
P011575,53,Male,Medicare,Northeast,1972-03-15
P011576,46,Female,Commercial,West,1980-09-15
P011577,55,Male,Medicare,South,1971-07-15
P011578,66,Male,Other,Midwest,1960-07-15
P011579,36,Female,Medicaid,West,1990-07-15
P011580,21,Male,Medicare,South,2005-04-15
P011581,61,Female,Medicare,South,1965-06-15
P011582,38,Male,Medicaid,Midwest,1987-07-15
P011583,0,Female,Workers Comp,West,2026-08-15
P011584,64,Female,Medicaid,South,1962-12-15
P011585,47,Female,Commercial,West,1979-06-15
P011586,90,Male,Medicaid,South,1935-12-15
P011587,36,Female,Commercial,Midwest,1990-09-15
P011588,32,Male,Medicare,Northeast,1993-02-15
P011589,31,Male,Commercial,South,1995-11-15
P011590,8,Male,Medicaid,West,2018-02-15
P011591,75,Male,Medicare,South,1951-07-15
P011592,28,Male,Medicare,West,1997-12-15
P011593,23,Male,Commercial,West,2003-12-15
P011594,0,Male,Medicare Advantage,West,2025-09-15
P011595,18,Female,Commercial,South,2008-02-15
P011596,26,Female,Commercial,South,2000-11-15
P011597,66,Male,Medicare,Midwest,1960-12-15
P011598,55,Female,Medicare Advantage,Midwest,1970-07-15
P011599,45,Male,Medicare,West,1980-02-15
P011600,63,Male,Medicare,South,1962-11-15
P011601,45,Female,Commercial,South,1981-05-15
P011602,80,Female,Medicare,South,1945-11-15
P011603,47,Male,Medicare Advantage,South,1978-07-15
P011604,40,Male,Commercial,South,1986-08-15
P011605,13,Male,Commercial,Midwest,2013-03-15
P011606,28,Male,Medicare,South,1997-09-15
P011607,43,Female,Commercial,Northeast,1982-10-15
P011608,42,Male,Self-Pay,South,1983-01-15
P011609,4,Female,Medicaid,Northeast,2021-01-15
P011610,45,Male,Commercial,Midwest,1981-07-15
P011611,67,Other,Medicare,Northeast,1959-03-15
P011612,70,Male,Commercial,Midwest,1956-10-15
P011613,69,Male,Medicare Advantage,Midwest,1956-04-15
P011614,1,Female,Medicare Advantage,South,2024-06-15
P011615,51,Female,Commercial,Midwest,1975-04-15
P011616,72,Female,Commercial,Northeast,1954-12-15
P011617,55,Male,Medicare Advantage,Midwest,1970-06-15
P011618,29,Male,Self-Pay,West,1996-10-15
P011619,48,Female,Medicare,Northeast,1977-02-15
P011620,58,Male,Commercial,Northeast,1967-11-15
P011621,25,Female,Commercial,West,2001-05-15
P011622,12,Female,Commercial,Northeast,2013-06-15
P011623,32,Female,Commercial,South,1993-06-15
P011624,68,Female,Medicare,South,1958-09-15
P011625,31,Male,Medicaid,Midwest,1995-05-15
P011626,42,Male,Commercial,South,1983-02-15
P011627,78,Female,Medicare Advantage,West,1947-11-15
P011628,45,Male,Medicare Advantage,South,1981-05-15
P011629,30,Male,Medicaid,South,1995-01-15
P011630,21,Male,Medicare,South,2004-06-15
P011631,71,Female,Medicare,South,1954-07-15
P011632,79,Female,Commercial,South,1946-08-15
P011633,13,Male,Commercial,Midwest,2012-02-15
P011634,65,Female,Medicare,West,1961-04-15
P011635,20,Male,Commercial,Midwest,2005-11-15
P011636,49,Male,Medicaid,South,1977-07-15
P011637,59,Male,Medicare,Midwest,1967-10-15
P011638,50,Female,Self-Pay,South,1976-12-15
P011639,60,Female,Medicaid,Northeast,1965-12-15
P011640,55,Male,Commercial,Northeast,1970-04-15
P011641,35,Female,Commercial,South,1990-05-15
P011642,90,Male,Self-Pay,Northeast,1936-03-15
P011643,69,Male,Medicare,South,1957-10-15
P011644,47,Male,Medicare,West,1978-10-15
P011645,80,Female,Workers Comp,West,1946-06-15
P011646,51,Female,Medicaid,South,1975-09-15
P011647,62,Female,Medicare,Midwest,1964-07-15
P011648,70,Female,Medicare,Midwest,1955-03-15
P011649,4,Female,Medicare,West,2021-02-15
P011650,75,Male,Medicare Advantage,South,1950-06-15
P011651,20,Female,Self-Pay,Midwest,2006-04-15
P011652,2,Male,Medicare,Midwest,2024-04-15
P011653,64,Female,Workers Comp,West,1961-04-15
P011654,54,Male,Medicare Advantage,Midwest,1972-02-15
P011655,46,Male,Medicaid,Northeast,1979-05-15
P011656,51,Female,Medicare,Northeast,1974-06-15
P011657,41,Female,Medicare,West,1984-12-15
P011658,62,Male,Medicare,Midwest,1964-02-15
P011659,76,Female,Commercial,South,1950-02-15
P011660,79,Male,Medicare,West,1946-05-15
P011661,41,Female,Commercial,West,1984-07-15
P011662,71,Male,Medicare,Northeast,1954-05-15
P011663,58,Male,Medicare,West,1967-12-15
P011664,66,Male,Medicaid,Midwest,1959-06-15
P011665,49,Male,Commercial,South,1976-07-15
P011666,0,Male,Commercial,South,2025-08-15
P011667,19,Female,Medicare,Northeast,2006-10-15
P011668,25,Male,Commercial,Midwest,2001-04-15
P011669,93,Female,Commercial,Northeast,1933-04-15
P011670,51,Female,Commercial,Northeast,1975-06-15
P011671,27,Female,Medicare Advantage,South,1999-05-15
P011672,32,Male,Commercial,Midwest,1993-03-15
P011673,83,Female,Commercial,Midwest,1942-06-15
P011674,42,Female,Medicare,South,1983-12-15
P011675,2,Female,Commercial,Midwest,2024-05-15
P011676,37,Female,Commercial,South,1988-09-15
P011677,3,Male,Medicaid,West,2022-11-15
P011678,76,Male,Medicare,Midwest,1949-05-15
P011679,18,Female,Medicare Advantage,South,2007-09-15
P011680,63,Male,Medicare,Midwest,1963-03-15
P011681,73,Male,Commercial,South,1952-08-15
P011682,17,Female,Medicare,Northeast,2008-08-15
P011683,54,Male,Medicare,South,1971-03-15
P011684,28,Female,Medicaid,South,1998-05-15
P011685,56,Other,Medicare,Northeast,1970-08-15
P011686,55,Male,Medicare Advantage,Northeast,1970-10-15
P011687,69,Male,Self-Pay,South,1956-02-15
P011688,53,Male,Medicare Advantage,South,1972-12-15
P011689,58,Male,Medicare Advantage,South,1967-08-15
P011690,47,Female,Medicare,Northeast,1979-05-15
P011691,57,Female,Medicare,Midwest,1969-03-15
P011692,72,Female,Self-Pay,Midwest,1954-04-15
P011693,42,Female,Commercial,Northeast,1983-12-15
P011694,80,Female,Commercial,Midwest,1945-12-15
P011695,58,Female,Medicaid,West,1967-06-15
P011696,68,Male,Medicaid,Northeast,1958-01-15
P011697,62,Female,Commercial,West,1963-01-15
P011698,25,Female,Medicaid,West,2000-04-15
P011699,19,Female,Medicare,West,2006-12-15
P011700,69,Male,Commercial,West,1956-12-15
P011701,47,Male,Medicare Advantage,South,1978-04-15
P011702,44,Male,Workers Comp,Midwest,1982-05-15
P011703,73,Male,Commercial,South,1952-03-15
P011704,13,Male,Commercial,Midwest,2012-04-15
P011705,43,Male,Medicare,Northeast,1982-02-15
P011706,27,Female,Medicaid,Midwest,1998-08-15
P011707,43,Male,Medicare,West,1982-01-15
P011708,68,Female,Medicare Advantage,West,1957-02-15
P011709,70,Female,Commercial,Northeast,1955-12-15
P011710,10,Female,Other,Northeast,2015-07-15
P011711,39,Female,Medicare Advantage,West,1986-10-15
P011712,67,Female,Self-Pay,Midwest,1959-08-15
P011713,60,Female,Medicare,Midwest,1966-06-15
P011714,66,Female,Medicare,Northeast,1960-01-15
P011715,23,Female,Commercial,South,2002-08-15
P011716,43,Female,Workers Comp,Northeast,1983-11-15
P011717,66,Female,Medicaid,West,1959-04-15
P011718,66,Male,Self-Pay,South,1959-01-15
P011719,84,Male,Medicaid,South,1942-12-15
P011720,20,Female,Commercial,Northeast,2005-03-15
P011721,13,Male,Medicaid,West,2012-08-15
P011722,53,Male,Medicare,West,1972-08-15
P011723,31,Male,Self-Pay,Midwest,1995-12-15
P011724,69,Female,Medicare,West,1957-11-15
P011725,4,Female,Commercial,Northeast,2021-12-15
P011726,51,Female,Commercial,Midwest,1974-03-15
P011727,87,Male,Commercial,West,1938-09-15
P011728,57,Male,Medicare,South,1968-04-15
P011729,78,Female,Commercial,West,1947-09-15
P011730,40,Male,Medicare,West,1986-11-15
P011731,48,Female,Medicaid,Midwest,1978-03-15
P011732,59,Male,Medicaid,Northeast,1966-04-15
P011733,14,Male,Medicare,West,2011-09-15
P011734,92,Male,Medicare,West,1934-08-15
P011735,43,Female,Commercial,West,1982-08-15
P011736,42,Male,Medicare,West,1983-12-15
P011737,40,Female,Medicaid,West,1986-05-15
P011738,52,Male,Medicare Advantage,Midwest,1973-01-15
P011739,16,Female,Medicare Advantage,Northeast,2010-08-15
P011740,47,Female,Self-Pay,South,1978-01-15
P011741,11,Female,Medicaid,South,2015-03-15
P011742,58,Male,Commercial,Northeast,1967-05-15
P011743,41,Female,Self-Pay,Northeast,1985-07-15
P011744,68,Female,Commercial,West,1957-08-15
P011745,41,Female,Medicare,South,1985-09-15
P011746,21,Male,Medicare,South,2005-08-15
P011747,43,Male,Medicare,South,1983-12-15
P011748,0,Female,Medicare,South,2025-07-15
P011749,75,Male,Medicaid,Northeast,1951-10-15
P011750,42,Female,Commercial,West,1984-06-15
P011751,37,Female,Commercial,West,1989-07-15
P011752,33,Female,Medicaid,South,1993-05-15
P011753,74,Female,Medicare Advantage,Northeast,1952-01-15
P011754,50,Female,Medicare,South,1975-06-15
P011755,69,Female,Commercial,West,1956-09-15
P011756,3,Female,Medicaid,South,2022-04-15
P011757,40,Male,Commercial,South,1986-04-15
P011758,33,Male,Medicare Advantage,West,1993-06-15
P011759,57,Male,Medicare,South,1968-04-15
P011760,28,Female,Medicaid,South,1998-01-15
P011761,75,Female,Medicaid,South,1950-03-15
P011762,73,Female,Commercial,West,1952-02-15
P011763,73,Female,Commercial,South,1952-02-15
P011764,62,Male,Medicare,West,1963-04-15
P011765,77,Female,Medicare Advantage,South,1948-07-15
P011766,44,Female,Medicare,South,1981-05-15
P011767,42,Female,Medicare,South,1984-01-15
P011768,93,Male,Medicare,Northeast,1932-08-15
P011769,39,Female,Self-Pay,South,1987-09-15
P011770,64,Female,Commercial,South,1961-09-15
P011771,77,Female,Commercial,South,1949-12-15
P011772,51,Male,Medicare Advantage,South,1974-10-15
P011773,4,Male,Commercial,Midwest,2022-02-15
P011774,62,Male,Commercial,South,1964-04-15
P011775,94,Female,Medicare Advantage,Midwest,1931-07-15
P011776,8,Female,Medicare,Northeast,2017-09-15
P011777,32,Female,Commercial,South,1993-01-15
P011778,51,Female,Medicaid,West,1975-03-15
P011779,24,Male,Commercial,South,2001-04-15
P011780,86,Male,Medicare,Midwest,1939-05-15
P011781,57,Male,Medicare Advantage,South,1969-01-15
P011782,20,Male,Medicare Advantage,South,2006-05-15
P011783,83,Female,Medicaid,West,1943-09-15
P011784,44,Male,Commercial,South,1981-01-15
P011785,62,Male,Self-Pay,Midwest,1964-12-15
P011786,54,Male,Medicare,South,1972-08-15
P011787,30,Female,Commercial,Midwest,1995-06-15
P011788,82,Male,Commercial,Midwest,1944-01-15
P011789,63,Male,Self-Pay,West,1963-10-15
P011790,40,Female,Medicare Advantage,Northeast,1985-01-15
P011791,52,Male,Medicare Advantage,Northeast,1973-04-15
P011792,19,Female,Medicare,Northeast,2006-03-15
P011793,95,Male,Commercial,South,1930-05-15
P011794,30,Male,Medicare,West,1995-06-15
P011795,63,Male,Medicare Advantage,Northeast,1963-09-15
P011796,74,Male,Medicare,Northeast,1952-04-15
P011797,74,Other,Medicaid,South,1952-04-15
P011798,49,Male,Medicare,West,1977-07-15
P011799,52,Male,Self-Pay,South,1974-03-15
P011800,29,Female,Medicare,Midwest,1997-09-15
P011801,62,Male,Medicare Advantage,West,1964-03-15
P011802,30,Female,Commercial,South,1996-11-15
P011803,43,Female,Medicare,Midwest,1982-02-15
P011804,59,Female,Medicaid,West,1966-04-15
P011805,42,Female,Commercial,Midwest,1983-01-15
P011806,46,Female,Other,Northeast,1979-08-15
P011807,76,Male,Medicare Advantage,Northeast,1949-08-15
P011808,56,Male,Commercial,Northeast,1970-09-15
P011809,55,Male,Commercial,Midwest,1971-06-15
P011810,73,Male,Commercial,Northeast,1952-03-15
P011811,23,Female,Commercial,Midwest,2003-09-15
P011812,19,Female,Medicare,Midwest,2007-01-15
P011813,78,Male,Medicare,West,1948-01-15
P011814,49,Female,Medicaid,South,1977-07-15
P011815,90,Male,Medicare,South,1936-08-15
P011816,82,Male,Medicare Advantage,Midwest,1944-11-15
P011817,25,Female,Commercial,South,2001-08-15
P011818,7,Female,Commercial,South,2019-06-15
P011819,93,Male,Medicare,Northeast,1933-04-15
P011820,25,Female,Medicare,South,2000-02-15
P011821,30,Female,Commercial,West,1995-04-15
P011822,66,Male,Medicaid,West,1960-05-15
P011823,69,Male,Self-Pay,South,1956-03-15
P011824,27,Male,Medicare,West,1998-03-15
P011825,36,Female,Medicare,West,1990-08-15
P011826,20,Male,Commercial,South,2005-07-15
P011827,72,Female,Medicare,South,1954-06-15
P011828,69,Male,Medicaid,South,1956-04-15
P011829,79,Male,Medicaid,West,1946-03-15
P011830,57,Male,Commercial,Northeast,1969-04-15
P011831,45,Male,Medicare,South,1981-07-15
P011832,21,Male,Commercial,West,2004-04-15
P011833,22,Male,Medicare Advantage,West,2003-11-15
P011834,94,Female,Medicare,Midwest,1932-09-15
P011835,74,Male,Medicare,South,1952-10-15
P011836,37,Female,Medicaid,West,1988-07-15
P011837,43,Female,Medicaid,West,1983-05-15
P011838,69,Male,Medicaid,Northeast,1957-01-15
P011839,8,Male,Commercial,Midwest,2018-02-15
P011840,15,Female,Medicare,South,2011-06-15
P011841,63,Female,Medicaid,Midwest,1963-07-15
P011842,18,Male,Commercial,West,2008-11-15
P011843,73,Male,Commercial,South,1952-05-15
P011844,1,Male,Medicaid,Midwest,2024-07-15
P011845,42,Male,Medicare,Midwest,1983-05-15
P011846,30,Male,Medicaid,West,1996-06-15
P011847,64,Male,Medicare,Midwest,1962-11-15
P011848,47,Male,Commercial,South,1979-04-15
P011849,87,Male,Workers Comp,Northeast,1939-01-15
P011850,78,Male,Medicaid,Northeast,1947-05-15
P011851,74,Female,Medicaid,South,1952-07-15
P011852,19,Female,Commercial,Midwest,2007-06-15
P011853,49,Female,Commercial,West,1977-04-15
P011854,73,Male,Medicaid,South,1952-01-15
P011855,71,Female,Commercial,South,1954-08-15
P011856,52,Male,Medicare,Midwest,1974-02-15
P011857,65,Male,Medicare,South,1961-07-15
P011858,53,Female,Commercial,West,1973-10-15
P011859,18,Female,Medicare Advantage,Midwest,2008-08-15
P011860,64,Female,Medicare,Northeast,1962-11-15
P011861,69,Female,Medicare,West,1956-09-15
P011862,74,Female,Medicare,South,1952-12-15
P011863,44,Female,Medicare,West,1981-06-15
P011864,2,Female,Medicare,West,2024-01-15
P011865,91,Female,Medicaid,West,1935-02-15
P011866,72,Male,Medicaid,Northeast,1953-07-15
P011867,76,Male,Medicaid,West,1949-06-15
P011868,45,Male,Medicaid,South,1981-04-15
P011869,73,Male,Self-Pay,South,1953-03-15
P011870,74,Male,Medicare,South,1952-01-15
P011871,50,Female,Medicaid,Northeast,1976-11-15
P011872,50,Female,Commercial,Northeast,1976-03-15
P011873,85,Female,Medicare,West,1941-05-15
P011874,56,Female,Self-Pay,South,1969-05-15
P011875,77,Male,Medicaid,West,1949-01-15
P011876,58,Male,Medicare,Northeast,1968-07-15
P011877,42,Female,Medicare,Northeast,1983-06-15
P011878,18,Male,Medicaid,South,2008-01-15
P011879,44,Male,Workers Comp,South,1982-08-15
P011880,55,Male,Commercial,South,1971-05-15
P011881,24,Male,Commercial,South,2001-08-15
P011882,8,Male,Workers Comp,Midwest,2018-02-15
P011883,37,Male,Medicare Advantage,South,1989-07-15
P011884,90,Male,Medicare,West,1936-04-15
P011885,50,Male,Medicaid,Midwest,1976-02-15
P011886,91,Male,Medicare Advantage,Midwest,1934-03-15
P011887,40,Male,Other,Midwest,1986-05-15
P011888,49,Female,Medicare Advantage,Northeast,1977-09-15
P011889,60,Female,Commercial,South,1965-01-15
P011890,6,Female,Medicaid,Northeast,2019-09-15
P011891,71,Female,Medicare,South,1954-02-15
P011892,38,Female,Workers Comp,West,1987-08-15
P011893,40,Female,Workers Comp,West,1985-05-15
P011894,22,Female,Medicare Advantage,West,2004-02-15
P011895,70,Male,Commercial,South,1956-11-15
P011896,45,Female,Medicare Advantage,West,1981-08-15
P011897,28,Female,Commercial,West,1997-01-15
P011898,35,Female,Medicare Advantage,South,1990-06-15
P011899,63,Male,Commercial,South,1962-05-15
P011900,66,Female,Commercial,South,1960-06-15
P011901,11,Female,Medicare,South,2015-12-15
P011902,19,Female,Medicaid,South,2006-01-15
P011903,71,Male,Medicare,South,1954-10-15
P011904,33,Female,Commercial,Northeast,1992-07-15
P011905,42,Female,Medicare,South,1983-06-15
P011906,73,Female,Medicare,South,1953-01-15
P011907,62,Male,Self-Pay,West,1963-01-15
P011908,7,Male,Commercial,South,2018-08-15
P011909,61,Male,Commercial,South,1965-01-15
P011910,68,Female,Medicare Advantage,Midwest,1957-02-15
P011911,79,Female,Commercial,South,1946-02-15
P011912,37,Male,Medicaid,West,1988-01-15
P011913,48,Male,Commercial,Midwest,1978-11-15
P011914,75,Female,Medicare,South,1951-09-15
P011915,52,Female,Commercial,Northeast,1974-06-15
P011916,62,Female,Medicaid,South,1964-01-15
P011917,53,Female,Commercial,South,1973-05-15
P011918,56,Male,Commercial,South,1969-12-15
P011919,41,Male,Commercial,Midwest,1985-10-15
P011920,74,Female,Self-Pay,South,1952-11-15
P011921,8,Male,Other,West,2018-12-15
P011922,77,Male,Commercial,West,1948-06-15
P011923,60,Female,Medicare,Northeast,1966-11-15
P011924,74,Male,Medicare,Northeast,1952-10-15
P011925,20,Female,Medicaid,South,2005-02-15
P011926,57,Female,Commercial,Midwest,1969-02-15
P011927,56,Female,Commercial,West,1970-05-15
P011928,19,Female,Medicare Advantage,West,2006-11-15
P011929,77,Female,Commercial,Northeast,1949-01-15
P011930,56,Male,Medicaid,West,1969-01-15
P011931,1,Female,Commercial,South,2024-03-15
P011932,43,Male,Commercial,Northeast,1983-09-15
P011933,44,Male,Medicaid,Northeast,1981-03-15
P011934,40,Female,Commercial,West,1986-03-15
P011935,64,Male,Medicare,Midwest,1961-04-15
P011936,29,Other,Medicare,Northeast,1996-06-15
P011937,52,Female,Commercial,West,1974-01-15
P011938,27,Female,Commercial,Midwest,1999-08-15
P011939,40,Female,Commercial,Midwest,1986-01-15
P011940,73,Female,Medicare,West,1952-11-15
P011941,33,Female,Medicare,Northeast,1993-05-15
P011942,33,Male,Medicare,West,1992-09-15
P011943,42,Female,Commercial,South,1984-04-15
P011944,69,Male,Medicare Advantage,South,1957-09-15
P011945,33,Female,Medicaid,West,1992-03-15
P011946,63,Male,Medicare,South,1962-11-15
P011947,61,Female,Commercial,South,1964-05-15
P011948,13,Male,Medicaid,South,2012-06-15
P011949,48,Male,Medicare,Midwest,1977-09-15
P011950,33,Female,Medicare,South,1992-05-15
P011951,74,Female,Medicare Advantage,South,1952-09-15
P011952,57,Female,Commercial,Midwest,1968-09-15
P011953,95,Male,Medicaid,West,1930-09-15
P011954,56,Male,Medicare,South,1969-06-15
P011955,39,Male,Workers Comp,Northeast,1987-01-15
P011956,36,Female,Commercial,Midwest,1990-06-15
P011957,62,Female,Medicare Advantage,South,1964-04-15
P011958,52,Female,Self-Pay,West,1973-05-15
P011959,71,Male,Medicaid,South,1955-05-15
P011960,82,Male,Medicare Advantage,Midwest,1943-12-15
P011961,20,Male,Medicare Advantage,Midwest,2005-12-15
P011962,45,Male,Medicare,South,1981-12-15
P011963,61,Female,Self-Pay,Northeast,1964-12-15
P011964,74,Female,Workers Comp,West,1952-11-15
P011965,51,Female,Medicare,South,1975-12-15
P011966,39,Male,Medicare,Midwest,1986-05-15
P011967,58,Female,Medicare,West,1967-03-15
P011968,46,Male,Medicare Advantage,South,1980-07-15
P011969,6,Male,Medicare,West,2019-07-15
P011970,58,Male,Medicare Advantage,South,1968-07-15
P011971,68,Female,Commercial,South,1957-04-15
P011972,74,Female,Medicaid,Midwest,1952-10-15
P011973,36,Female,Medicaid,Midwest,1989-10-15
P011974,24,Female,Medicare Advantage,Midwest,2002-01-15
P011975,17,Male,Medicare,Northeast,2009-03-15
P011976,79,Female,Commercial,Midwest,1946-07-15
P011977,50,Female,Commercial,Midwest,1975-03-15
P011978,4,Female,Medicaid,South,2021-06-15
P011979,10,Female,Self-Pay,West,2016-12-15
P011980,45,Female,Medicare,West,1980-05-15
P011981,74,Male,Medicaid,West,1951-11-15
P011982,96,Male,Medicaid,West,1929-02-15
P011983,50,Male,Medicaid,South,1976-01-15
P011984,46,Female,Commercial,South,1979-09-15
P011985,13,Female,Self-Pay,Northeast,2012-01-15
P011986,90,Female,Medicare,South,1935-03-15
P011987,57,Female,Medicare,South,1968-06-15
P011988,60,Female,Medicaid,West,1965-12-15
P011989,46,Other,Commercial,South,1980-11-15
P011990,67,Female,Medicare,South,1959-08-15
P011991,62,Male,Medicaid,West,1964-02-15
P011992,55,Male,Medicare Advantage,South,1970-07-15
P011993,62,Male,Medicaid,Northeast,1963-04-15
P011994,29,Female,Medicare Advantage,West,1997-10-15
P011995,54,Female,Commercial,Midwest,1972-05-15
P011996,69,Male,Commercial,Northeast,1956-04-15
P011997,48,Female,Medicare,Northeast,1978-12-15
P011998,52,Female,Commercial,Northeast,1974-07-15
P011999,59,Male,Medicare,South,1966-12-15
P012000,70,Female,Commercial,Northeast,1956-07-15
P012001,6,Female,Medicare Advantage,Northeast,2019-06-15
P012002,10,Female,Self-Pay,South,2016-04-15
P012003,33,Male,Commercial,Northeast,1992-02-15
P012004,79,Male,Medicare,Midwest,1947-03-15
P012005,74,Female,Commercial,West,1951-12-15
P012006,34,Male,Medicaid,Northeast,1991-01-15
P012007,15,Male,Self-Pay,South,2010-02-15
P012008,37,Male,Commercial,South,1988-04-15
P012009,31,Female,Medicare,Midwest,1994-09-15
P012010,43,Female,Medicaid,Midwest,1982-07-15
P012011,51,Male,Medicare Advantage,South,1974-05-15
P012012,36,Male,Commercial,South,1990-08-15
P012013,24,Female,Commercial,West,2001-08-15
P012014,45,Female,Commercial,South,1981-03-15
P012015,61,Female,Commercial,Northeast,1965-08-15
P012016,57,Male,Medicare Advantage,West,1969-11-15
P012017,61,Female,Commercial,Northeast,1964-02-15
P012018,23,Female,Medicare Advantage,West,2003-12-15
P012019,30,Female,Medicare,Northeast,1996-07-15
P012020,46,Male,Commercial,South,1980-08-15
P012021,28,Male,Medicare Advantage,South,1997-05-15
P012022,50,Male,Medicare,South,1976-05-15
P012023,12,Male,Medicare Advantage,West,2013-05-15
P012024,74,Male,Self-Pay,Northeast,1952-02-15
P012025,31,Male,Medicare Advantage,South,1994-05-15
P012026,2,Male,Commercial,South,2023-05-15
P012027,70,Male,Medicare,Northeast,1955-11-15
P012028,75,Female,Commercial,West,1951-09-15
P012029,75,Female,Commercial,West,1950-09-15
P012030,33,Male,Medicare Advantage,Northeast,1993-03-15
P012031,40,Male,Medicaid,West,1986-10-15
P012032,92,Male,Workers Comp,West,1934-12-15
P012033,67,Male,Commercial,Northeast,1959-06-15
P012034,68,Female,Medicare Advantage,South,1957-04-15
P012035,73,Male,Medicare Advantage,West,1953-10-15
P012036,3,Male,Medicare Advantage,Northeast,2023-01-15
P012037,70,Female,Commercial,Northeast,1955-01-15
P012038,77,Female,Medicare,South,1948-08-15
P012039,67,Female,Medicare,West,1958-02-15
P012040,57,Female,Workers Comp,South,1968-01-15
P012041,81,Male,Medicare Advantage,West,1944-08-15
P012042,23,Female,Medicare Advantage,South,2003-10-15
P012043,44,Female,Medicaid,West,1981-10-15
P012044,90,Female,Medicare Advantage,Midwest,1935-06-15
P012045,73,Male,Commercial,South,1952-04-15
P012046,27,Female,Commercial,West,1998-03-15
P012047,36,Female,Medicare Advantage,South,1989-01-15
P012048,52,Other,Medicare,Midwest,1974-05-15
P012049,72,Female,Medicare Advantage,West,1954-04-15
P012050,76,Female,Commercial,South,1950-04-15
P012051,65,Female,Commercial,South,1961-06-15
P012052,57,Female,Commercial,South,1969-08-15
P012053,17,Female,Medicaid,West,2008-01-15
P012054,69,Male,Medicare,West,1957-04-15
P012055,32,Male,Medicare,Northeast,1994-08-15
P012056,48,Male,Medicaid,South,1977-08-15
P012057,73,Male,Commercial,Midwest,1953-09-15
P012058,61,Female,Medicare,West,1964-01-15
P012059,1,Female,Medicare Advantage,Northeast,2025-12-15
P012060,79,Female,Medicaid,West,1947-08-15
P012061,66,Male,Commercial,Northeast,1959-12-15
P012062,46,Male,Medicaid,South,1980-10-15
P012063,57,Female,Commercial,Midwest,1969-06-15
P012064,41,Male,Medicare Advantage,Midwest,1985-10-15
P012065,72,Female,Medicaid,West,1954-11-15
P012066,35,Female,Medicare,South,1990-10-15
P012067,66,Male,Commercial,West,1959-12-15
P012068,71,Female,Self-Pay,West,1955-05-15
P012069,71,Male,Self-Pay,South,1954-03-15
P012070,79,Female,Self-Pay,South,1946-07-15
P012071,64,Female,Medicaid,West,1961-07-15
P012072,54,Female,Commercial,Northeast,1971-01-15
P012073,79,Male,Commercial,South,1946-05-15
P012074,11,Female,Commercial,Northeast,2014-08-15
P012075,35,Female,Medicaid,West,1990-05-15
P012076,60,Male,Medicaid,Northeast,1966-04-15
P012077,88,Male,Commercial,Midwest,1937-08-15
P012078,51,Female,Commercial,West,1974-05-15
P012079,39,Female,Medicaid,Northeast,1987-11-15
P012080,52,Female,Self-Pay,Midwest,1973-02-15
P012081,79,Male,Self-Pay,Midwest,1946-03-15
P012082,20,Female,Medicare,Northeast,2006-03-15
P012083,49,Male,Medicare,West,1976-07-15
P012084,66,Female,Commercial,Midwest,1960-07-15
P012085,38,Female,Self-Pay,South,1987-10-15
P012086,75,Male,Medicaid,South,1951-09-15
P012087,66,Male,Medicare,West,1960-10-15
P012088,74,Female,Medicaid,West,1952-06-15
P012089,47,Female,Medicaid,South,1978-03-15
P012090,42,Female,Commercial,Midwest,1983-11-15
P012091,58,Male,Workers Comp,Northeast,1967-12-15
P012092,34,Male,Workers Comp,Midwest,1991-09-15
P012093,20,Female,Commercial,South,2006-07-15
P012094,75,Female,Commercial,Midwest,1950-07-15
P012095,55,Female,Self-Pay,South,1971-08-15
P012096,15,Female,Self-Pay,Midwest,2010-04-15
P012097,0,Female,Medicaid,South,2026-03-15
P012098,56,Female,Medicare,South,1970-01-15
P012099,92,Male,Commercial,Midwest,1934-10-15
P012100,4,Male,Self-Pay,Midwest,2021-11-15
P012101,59,Male,Medicare Advantage,South,1967-04-15
P012102,11,Male,Medicare Advantage,South,2014-06-15
P012103,44,Female,Commercial,South,1982-12-15
P012104,47,Female,Commercial,West,1979-09-15
P012105,5,Male,Medicare Advantage,South,2021-05-15
P012106,65,Female,Medicaid,South,1960-05-15
P012107,10,Female,Medicare,Northeast,2015-04-15
P012108,3,Female,Medicare Advantage,Northeast,2022-03-15
P012109,30,Female,Medicare Advantage,Northeast,1995-04-15
P012110,69,Male,Medicaid,South,1956-01-15
P012111,20,Female,Commercial,Midwest,2005-01-15
P012112,38,Male,Medicare Advantage,South,1988-12-15
P012113,71,Female,Medicare,South,1954-11-15
P012114,49,Male,Medicaid,South,1977-11-15
P012115,14,Female,Medicare,South,2012-10-15
P012116,6,Female,Medicaid,South,2019-07-15
P012117,61,Male,Commercial,West,1964-11-15
P012118,0,Male,Commercial,Northeast,2025-01-15
P012119,57,Female,Commercial,Northeast,1968-10-15
P012120,47,Male,Medicare,South,1978-01-15
P012121,60,Male,Commercial,West,1966-11-15
P012122,73,Male,Medicaid,Midwest,1952-07-15
P012123,47,Male,Medicaid,South,1979-12-15
P012124,25,Female,Medicaid,Midwest,2000-05-15
P012125,50,Female,Medicaid,South,1975-10-15
P012126,69,Male,Medicare Advantage,West,1956-06-15
P012127,77,Female,Commercial,South,1949-10-15
P012128,95,Female,Medicaid,Northeast,1931-05-15
P012129,65,Female,Medicare,South,1960-05-15
P012130,77,Male,Medicare,Northeast,1948-09-15
P012131,95,Female,Commercial,South,1930-07-15
P012132,47,Female,Medicare,South,1978-04-15
P012133,54,Male,Medicare,West,1972-06-15
P012134,55,Male,Medicare,West,1971-09-15
P012135,73,Female,Commercial,Midwest,1952-01-15
P012136,6,Female,Medicare Advantage,Midwest,2020-08-15
P012137,12,Female,Medicaid,South,2014-08-15
P012138,45,Female,Medicare,South,1980-04-15
P012139,26,Male,Medicaid,South,1999-01-15
P012140,77,Male,Medicaid,Midwest,1949-07-15
P012141,24,Male,Commercial,South,2001-05-15
P012142,70,Male,Medicaid,South,1956-10-15
P012143,54,Male,Medicare Advantage,Northeast,1971-10-15
P012144,18,Male,Medicare,Northeast,2007-07-15
P012145,69,Female,Medicare Advantage,Northeast,1956-05-15
P012146,41,Male,Commercial,South,1985-03-15
P012147,75,Male,Medicare,West,1951-02-15
P012148,32,Male,Other,Midwest,1994-02-15
P012149,73,Male,Medicare,South,1952-03-15
P012150,35,Male,Self-Pay,South,1991-04-15
P012151,16,Male,Medicare Advantage,Northeast,2009-05-15
P012152,39,Female,Commercial,West,1986-07-15
P012153,16,Female,Medicare,Midwest,2009-09-15
P012154,45,Female,Other,South,1980-01-15
P012155,55,Female,Medicare Advantage,South,1970-01-15
P012156,74,Male,Medicare,Midwest,1951-02-15
P012157,91,Female,Medicaid,Midwest,1934-07-15
P012158,40,Male,Commercial,West,1986-03-15
P012159,21,Male,Commercial,Midwest,2004-03-15
P012160,31,Female,Medicaid,West,1994-08-15
P012161,39,Male,Medicare Advantage,Midwest,1986-11-15
P012162,45,Female,Medicaid,Northeast,1981-04-15
P012163,70,Male,Medicare,South,1956-05-15
P012164,79,Male,Self-Pay,Midwest,1946-02-15
P012165,56,Male,Commercial,Midwest,1969-11-15
P012166,63,Female,Medicare,Northeast,1963-09-15
P012167,58,Female,Commercial,South,1968-04-15
P012168,69,Male,Commercial,South,1956-02-15
P012169,40,Female,Commercial,Northeast,1986-07-15
P012170,66,Male,Commercial,South,1959-08-15
P012171,59,Male,Medicaid,West,1967-03-15
P012172,74,Male,Self-Pay,South,1951-02-15
P012173,57,Female,Medicare,Midwest,1968-04-15
P012174,32,Female,Medicare,West,1993-01-15
P012175,54,Male,Medicaid,South,1971-05-15
P012176,45,Male,Commercial,South,1980-05-15
P012177,51,Female,Commercial,West,1975-01-15
P012178,76,Female,Self-Pay,Northeast,1950-09-15
P012179,37,Male,Medicare Advantage,South,1988-02-15
P012180,42,Female,Medicare,South,1983-09-15
P012181,66,Female,Medicaid,Northeast,1959-01-15
P012182,94,Male,Medicaid,Midwest,1932-08-15
P012183,56,Female,Medicare,Midwest,1969-02-15
P012184,47,Female,Medicaid,South,1979-11-15
P012185,85,Male,Medicare,South,1940-12-15
P012186,45,Female,Medicare,South,1981-06-15
P012187,28,Female,Medicare,South,1998-02-15
P012188,70,Male,Medicare Advantage,Midwest,1956-06-15
P012189,63,Male,Self-Pay,South,1962-03-15
P012190,0,Male,Commercial,West,2025-01-15
P012191,49,Male,Medicaid,Midwest,1976-02-15
P012192,41,Female,Medicare,Midwest,1984-09-15
P012193,49,Male,Medicare,South,1976-08-15
P012194,10,Male,Medicare,South,2016-05-15
P012195,65,Male,Commercial,Midwest,1961-12-15
P012196,61,Male,Medicare Advantage,West,1965-03-15
P012197,21,Male,Medicaid,Midwest,2004-06-15
P012198,67,Male,Medicaid,West,1959-03-15
P012199,57,Male,Medicare,Northeast,1969-12-15
P012200,77,Male,Medicare Advantage,South,1949-01-15
P012201,79,Female,Medicare Advantage,South,1946-12-15
P012202,76,Male,Medicare,South,1949-09-15
P012203,18,Female,Commercial,South,2008-04-15
P012204,50,Male,Medicare Advantage,West,1975-11-15
P012205,18,Male,Medicare,Midwest,2007-04-15
P012206,62,Female,Commercial,Northeast,1963-11-15
P012207,43,Female,Medicare,West,1983-01-15
P012208,68,Male,Commercial,West,1957-09-15
P012209,73,Female,Medicare,West,1952-07-15
P012210,36,Male,Commercial,Midwest,1990-03-15
P012211,38,Female,Workers Comp,South,1988-07-15
P012212,25,Other,Commercial,South,2000-01-15
P012213,46,Male,Commercial,South,1980-02-15
P012214,49,Female,Commercial,Northeast,1976-01-15
P012215,85,Female,Commercial,West,1941-02-15
P012216,3,Male,Commercial,South,2023-09-15
P012217,76,Female,Medicare Advantage,West,1949-03-15
P012218,46,Male,Medicare,Northeast,1980-06-15
P012219,36,Female,Commercial,Northeast,1990-10-15
P012220,75,Female,Medicare,Northeast,1951-03-15
P012221,43,Female,Commercial,Midwest,1982-05-15
P012222,9,Male,Medicare Advantage,South,2017-02-15
P012223,68,Female,Commercial,Northeast,1957-05-15
P012224,95,Male,Commercial,South,1930-07-15
P012225,30,Female,Commercial,Northeast,1996-10-15
P012226,41,Male,Commercial,Midwest,1985-01-15
P012227,52,Male,Medicare Advantage,South,1973-11-15
P012228,19,Female,Medicare,Northeast,2006-08-15
P012229,19,Female,Medicare,Northeast,2007-12-15
P012230,94,Female,Medicaid,South,1931-11-15
P012231,58,Male,Commercial,West,1968-07-15
P012232,67,Male,Commercial,West,1958-04-15
P012233,67,Male,Medicare,Northeast,1958-06-15
P012234,44,Female,Medicaid,West,1982-07-15
P012235,74,Female,Commercial,Midwest,1952-03-15
P012236,11,Male,Medicare,South,2014-03-15
P012237,78,Female,Medicare Advantage,South,1948-02-15
P012238,53,Female,Medicaid,West,1973-07-15
P012239,16,Female,Medicare,Midwest,2009-02-15
P012240,47,Male,Commercial,Midwest,1978-02-15
P012241,82,Male,Commercial,West,1943-12-15
P012242,74,Female,Commercial,Northeast,1952-02-15
P012243,75,Male,Commercial,Northeast,1951-12-15
P012244,79,Male,Medicare Advantage,South,1946-08-15
P012245,14,Female,Medicare Advantage,West,2011-07-15
P012246,57,Male,Medicaid,West,1969-01-15
P012247,25,Male,Commercial,South,2000-09-15
P012248,7,Female,Commercial,South,2019-10-15
P012249,94,Female,Medicaid,Midwest,1932-11-15
P012250,53,Male,Medicare,South,1972-05-15
P012251,39,Female,Medicaid,South,1987-01-15
P012252,78,Male,Medicaid,West,1948-03-15
P012253,52,Male,Self-Pay,South,1973-04-15
P012254,67,Male,Medicaid,Northeast,1958-06-15
P012255,68,Male,Commercial,West,1958-07-15
P012256,44,Male,Self-Pay,West,1982-08-15
P012257,51,Male,Medicaid,West,1975-01-15
P012258,3,Female,Medicare,South,2023-08-15
P012259,75,Female,Medicare,West,1951-11-15
P012260,51,Male,Medicare,South,1974-10-15
P012261,17,Male,Medicaid,West,2009-07-15
P012262,18,Male,Medicare,West,2008-03-15
P012263,70,Male,Medicare,South,1956-08-15
P012264,7,Female,Medicaid,South,2019-05-15
P012265,41,Female,Medicare,Northeast,1984-01-15
P012266,51,Female,Commercial,South,1974-01-15
P012267,74,Male,Medicare Advantage,South,1952-02-15
P012268,63,Female,Medicaid,South,1962-03-15
P012269,8,Female,Medicaid,West,2017-06-15
P012270,92,Female,Commercial,Northeast,1934-12-15
P012271,72,Female,Medicaid,West,1953-01-15
P012272,51,Female,Self-Pay,West,1975-12-15
P012273,54,Female,Medicare,South,1972-01-15
P012274,30,Female,Self-Pay,South,1996-07-15
P012275,10,Male,Commercial,South,2015-10-15
P012276,25,Female,Medicare,South,2000-03-15
P012277,6,Male,Medicare,Northeast,2020-03-15
P012278,55,Female,Medicare,West,1970-11-15
P012279,7,Male,Medicare,West,2018-05-15
P012280,29,Male,Commercial,Northeast,1997-07-15
P012281,39,Female,Medicare Advantage,West,1986-07-15
P012282,94,Female,Medicaid,South,1931-03-15
P012283,72,Female,Medicare,West,1954-07-15
P012284,58,Male,Medicare,West,1968-02-15
P012285,4,Female,Commercial,South,2021-12-15
P012286,37,Female,Commercial,Midwest,1989-12-15
P012287,56,Female,Commercial,West,1970-01-15
P012288,32,Male,Medicare,West,1993-09-15
P012289,90,Male,Medicare,West,1935-09-15
P012290,58,Female,Medicare Advantage,West,1967-10-15
P012291,57,Female,Medicaid,West,1968-04-15
P012292,64,Female,Medicare,South,1961-11-15
P012293,41,Female,Medicare Advantage,Northeast,1985-10-15
P012294,44,Female,Medicare,Midwest,1982-09-15
P012295,45,Female,Commercial,Midwest,1981-01-15
P012296,38,Male,Medicare Advantage,South,1987-11-15
P012297,73,Male,Medicare,Northeast,1952-10-15
P012298,48,Female,Medicare Advantage,Midwest,1977-12-15
P012299,46,Male,Medicaid,West,1980-07-15
P012300,20,Male,Medicaid,South,2005-08-15
P012301,30,Male,Medicare,South,1996-03-15
P012302,28,Male,Self-Pay,South,1997-10-15
P012303,71,Male,Medicare,Northeast,1955-07-15
P012304,68,Male,Medicare Advantage,Northeast,1957-09-15
P012305,32,Female,Medicare Advantage,Midwest,1994-05-15
P012306,46,Male,Medicare,Midwest,1979-03-15
P012307,33,Female,Commercial,South,1992-01-15
P012308,75,Female,Medicare Advantage,South,1950-10-15
P012309,54,Female,Medicare Advantage,South,1971-02-15
P012310,20,Male,Commercial,South,2005-07-15
P012311,59,Female,Medicare Advantage,Northeast,1966-09-15
P012312,49,Male,Medicare Advantage,Midwest,1977-06-15
P012313,53,Female,Commercial,South,1972-10-15
P012314,4,Female,Medicaid,South,2022-11-15
P012315,28,Female,Medicaid,South,1998-09-15
P012316,31,Female,Medicare,West,1995-01-15
P012317,42,Female,Medicare,South,1983-11-15
P012318,75,Female,Medicare Advantage,West,1951-05-15
P012319,24,Male,Commercial,South,2001-04-15
P012320,56,Male,Medicare Advantage,South,1970-10-15
P012321,52,Female,Medicaid,West,1974-01-15
P012322,65,Female,Self-Pay,South,1960-09-15
P012323,9,Female,Commercial,South,2016-05-15
P012324,45,Male,Commercial,South,1981-11-15
P012325,66,Male,Medicare Advantage,West,1959-08-15
P012326,41,Female,Medicaid,Northeast,1984-02-15
P012327,57,Female,Medicare Advantage,West,1969-05-15
P012328,69,Female,Medicaid,West,1956-03-15
P012329,73,Female,Medicare,Northeast,1952-11-15
P012330,66,Female,Medicare Advantage,South,1960-05-15
P012331,70,Male,Medicare,Northeast,1956-08-15
P012332,69,Male,Medicare,South,1956-04-15
P012333,71,Male,Medicare,West,1954-06-15
P012334,77,Female,Medicare,Northeast,1949-01-15
P012335,52,Male,Commercial,South,1974-02-15
P012336,71,Female,Medicare,South,1954-03-15
P012337,73,Female,Commercial,West,1953-02-15
P012338,56,Male,Medicare,West,1970-07-15
P012339,36,Female,Medicare Advantage,West,1989-05-15
P012340,83,Male,Medicaid,Midwest,1942-10-15
P012341,47,Female,Medicaid,South,1979-06-15
P012342,36,Male,Commercial,South,1989-06-15
P012343,89,Male,Commercial,Northeast,1936-04-15
P012344,2,Female,Commercial,South,2024-01-15
P012345,15,Male,Commercial,West,2011-02-15
P012346,33,Female,Commercial,Northeast,1992-05-15
P012347,18,Female,Medicaid,South,2008-04-15
P012348,62,Male,Medicare,West,1964-05-15
P012349,77,Female,Medicare,Northeast,1949-08-15
P012350,43,Female,Medicare,Midwest,1982-08-15
P012351,73,Male,Medicare Advantage,South,1953-03-15
P012352,38,Female,Commercial,Midwest,1987-08-15
P012353,72,Female,Commercial,Northeast,1954-08-15
P012354,52,Female,Commercial,South,1973-11-15
P012355,58,Male,Medicare,West,1967-11-15
P012356,95,Male,Medicare,Midwest,1930-01-15
P012357,35,Male,Medicare,Midwest,1990-05-15
P012358,32,Female,Medicaid,Northeast,1994-12-15
P012359,44,Male,Medicaid,South,1982-09-15
P012360,88,Male,Commercial,West,1937-01-15
P012361,38,Female,Medicaid,West,1988-11-15
P012362,35,Female,Medicaid,Midwest,1990-09-15
P012363,14,Male,Commercial,Midwest,2012-12-15
P012364,75,Male,Medicare Advantage,Midwest,1950-01-15
P012365,74,Male,Medicare,West,1951-01-15
P012366,77,Male,Self-Pay,West,1949-12-15
P012367,28,Female,Medicare,Northeast,1998-08-15
P012368,75,Female,Medicare,West,1950-06-15
P012369,16,Female,Medicare,West,2010-04-15
P012370,61,Male,Medicare,Northeast,1964-03-15
P012371,61,Female,Workers Comp,Northeast,1965-03-15
P012372,64,Male,Commercial,Northeast,1962-05-15
P012373,79,Female,Commercial,Northeast,1946-04-15
P012374,73,Female,Self-Pay,South,1953-06-15
P012375,23,Male,Medicare Advantage,West,2003-10-15
P012376,20,Female,Commercial,Northeast,2005-10-15
P012377,60,Female,Commercial,Midwest,1965-08-15
P012378,6,Female,Medicaid,Midwest,2019-07-15
P012379,85,Female,Medicare,Northeast,1941-02-15
P012380,23,Female,Commercial,West,2002-08-15
P012381,72,Female,Medicare Advantage,Northeast,1954-02-15
P012382,60,Female,Commercial,West,1966-03-15
P012383,63,Female,Commercial,Midwest,1962-12-15
P012384,21,Male,Other,South,2005-06-15
P012385,73,Female,Medicare,Midwest,1952-07-15
P012386,41,Female,Commercial,South,1984-01-15
P012387,58,Male,Commercial,Northeast,1967-07-15
P012388,78,Female,Commercial,South,1948-03-15
P012389,42,Female,Medicare,Midwest,1984-07-15
P012390,65,Female,Medicare,West,1960-07-15
P012391,70,Female,Medicare Advantage,Midwest,1955-08-15
P012392,51,Female,Commercial,Northeast,1975-02-15
P012393,57,Female,Commercial,West,1969-11-15
P012394,73,Male,Medicaid,West,1952-04-15
P012395,10,Male,Commercial,South,2016-06-15
P012396,50,Female,Commercial,West,1976-05-15
P012397,59,Female,Commercial,South,1966-07-15
P012398,13,Male,Medicare,Midwest,2012-01-15
P012399,91,Female,Medicare,Midwest,1934-02-15
P012400,42,Female,Medicare Advantage,South,1983-02-15
P012401,61,Male,Medicaid,Midwest,1965-02-15
P012402,47,Female,Medicare,West,1978-01-15
P012403,25,Female,Medicaid,Midwest,2001-05-15
P012404,37,Female,Commercial,Midwest,1988-02-15
P012405,30,Female,Medicare Advantage,West,1996-06-15
P012406,69,Male,Medicare Advantage,South,1957-07-15
P012407,9,Female,Commercial,South,2017-02-15
P012408,89,Male,Commercial,West,1937-08-15
P012409,26,Female,Commercial,Midwest,1999-09-15
P012410,93,Male,Medicare,Midwest,1932-05-15
P012411,42,Female,Medicare Advantage,South,1983-04-15
P012412,45,Female,Medicaid,Midwest,1980-06-15
P012413,55,Male,Commercial,Midwest,1971-01-15
P012414,40,Female,Commercial,West,1985-07-15
P012415,55,Male,Commercial,West,1971-06-15
P012416,25,Female,Medicare Advantage,Midwest,2001-12-15
P012417,73,Female,Medicare Advantage,South,1953-11-15
P012418,42,Male,Medicaid,South,1983-02-15
P012419,55,Female,Medicare,Midwest,1970-02-15
P012420,65,Male,Medicaid,Midwest,1961-03-15
P012421,58,Male,Medicaid,Midwest,1968-07-15
P012422,39,Female,Medicare,South,1986-03-15
P012423,15,Female,Medicaid,South,2011-06-15
P012424,48,Female,Medicaid,South,1977-11-15
P012425,12,Female,Commercial,Midwest,2014-01-15
P012426,51,Male,Commercial,South,1974-01-15
P012427,73,Female,Medicare,Midwest,1952-10-15
P012428,29,Female,Medicare Advantage,Midwest,1996-09-15
P012429,73,Male,Commercial,South,1952-02-15
P012430,63,Female,Medicare,West,1962-11-15
P012431,32,Female,Medicare,South,1993-02-15
P012432,87,Female,Medicare,South,1939-09-15
P012433,74,Female,Commercial,South,1952-10-15
P012434,40,Female,Commercial,Midwest,1985-02-15
P012435,96,Male,Medicare,West,1929-04-15
P012436,56,Male,Commercial,Midwest,1970-11-15
P012437,26,Female,Medicare,South,1999-11-15
P012438,62,Male,Medicare Advantage,Midwest,1963-10-15
P012439,43,Male,Medicare,Northeast,1982-09-15
P012440,35,Female,Commercial,Northeast,1991-01-15
P012441,56,Male,Self-Pay,Midwest,1969-09-15
P012442,70,Female,Medicare,West,1955-08-15
P012443,62,Male,Commercial,West,1963-07-15
P012444,21,Female,Medicaid,South,2005-04-15
P012445,23,Female,Commercial,South,2003-11-15
P012446,56,Female,Commercial,Midwest,1969-11-15
P012447,21,Female,Medicare,West,2004-09-15
P012448,68,Female,Commercial,Midwest,1958-12-15
P012449,21,Female,Commercial,South,2005-12-15
P012450,46,Female,Commercial,West,1979-09-15
P012451,72,Female,Commercial,South,1954-06-15
P012452,33,Female,Commercial,South,1993-05-15
P012453,56,Male,Medicare Advantage,Northeast,1970-09-15
P012454,46,Male,Medicaid,South,1980-05-15
P012455,9,Male,Workers Comp,South,2017-10-15
P012456,47,Female,Other,South,1978-07-15
P012457,30,Male,Commercial,South,1996-06-15
P012458,45,Female,Self-Pay,South,1980-12-15
P012459,73,Female,Commercial,Northeast,1952-10-15
P012460,2,Male,Medicare Advantage,Midwest,2023-07-15
P012461,1,Male,Medicare,South,2024-08-15
P012462,93,Female,Medicare Advantage,South,1932-03-15
P012463,27,Male,Medicare,South,1998-08-15
P012464,55,Female,Medicaid,West,1970-05-15
P012465,59,Female,Commercial,South,1967-06-15
P012466,44,Female,Medicare,Northeast,1981-04-15
P012467,61,Female,Medicare,West,1964-11-15
P012468,74,Male,Commercial,Northeast,1951-03-15
P012469,39,Male,Commercial,Midwest,1987-08-15
P012470,11,Female,Commercial,Northeast,2015-03-15
P012471,48,Female,Commercial,South,1977-01-15
P012472,59,Other,Medicare,Northeast,1966-05-15
P012473,59,Male,Medicare,West,1966-07-15
P012474,63,Female,Medicaid,South,1962-01-15
P012475,79,Female,Medicaid,South,1947-07-15
P012476,67,Male,Medicare,Midwest,1959-02-15
P012477,37,Male,Medicaid,South,1988-03-15
P012478,46,Male,Medicare,Midwest,1979-02-15
P012479,26,Male,Commercial,Northeast,1999-08-15
P012480,41,Female,Commercial,South,1984-02-15
P012481,79,Male,Commercial,West,1947-09-15
P012482,88,Female,Medicaid,West,1938-03-15
P012483,78,Female,Commercial,Northeast,1948-09-15
P012484,17,Male,Medicare,Midwest,2009-12-15
P012485,34,Female,Medicare Advantage,South,1991-06-15
P012486,93,Female,Medicare Advantage,South,1933-04-15
P012487,2,Male,Commercial,West,2024-06-15
P012488,68,Male,Medicare,Northeast,1958-07-15
P012489,30,Male,Other,Midwest,1995-09-15
P012490,76,Female,Self-Pay,Northeast,1949-12-15
P012491,77,Male,Medicaid,Northeast,1949-02-15
P012492,64,Female,Medicaid,Northeast,1961-02-15
P012493,26,Male,Medicare Advantage,Northeast,1999-01-15
P012494,66,Female,Commercial,Midwest,1959-07-15
P012495,8,Female,Commercial,West,2017-04-15
P012496,58,Male,Medicaid,Midwest,1967-03-15
P012497,14,Male,Medicare Advantage,Midwest,2012-11-15
P012498,60,Male,Medicaid,Midwest,1966-04-15
P012499,65,Female,Commercial,Midwest,1960-08-15
P012500,66,Female,Medicare,Northeast,1960-11-15
P012501,41,Female,Medicare Advantage,Northeast,1985-04-15
P012502,47,Male,Medicare Advantage,Northeast,1979-04-15
P012503,62,Male,Self-Pay,South,1964-10-15
P012504,54,Male,Medicare Advantage,Northeast,1972-07-15
P012505,36,Female,Self-Pay,South,1990-10-15
P012506,68,Male,Medicaid,West,1957-06-15
P012507,42,Male,Medicare,South,1984-01-15
P012508,73,Female,Medicare Advantage,Northeast,1953-01-15
P012509,74,Male,Medicare,South,1952-11-15
P012510,80,Male,Medicaid,South,1946-08-15
P012511,54,Male,Medicare,Northeast,1972-04-15
P012512,66,Female,Commercial,South,1960-03-15
P012513,73,Male,Medicare,West,1952-03-15
P012514,70,Female,Self-Pay,Northeast,1956-11-15
P012515,41,Male,Commercial,West,1985-07-15
P012516,77,Female,Medicaid,South,1948-04-15
P012517,74,Male,Medicare,South,1951-10-15
P012518,34,Female,Medicaid,Midwest,1992-02-15
P012519,64,Male,Medicaid,South,1961-07-15
P012520,21,Male,Commercial,West,2004-01-15
P012521,38,Female,Commercial,West,1987-07-15
P012522,34,Male,Medicare,South,1991-06-15
P012523,73,Male,Medicare Advantage,Midwest,1953-04-15
P012524,22,Female,Medicare,West,2003-10-15
P012525,71,Male,Medicaid,Midwest,1955-10-15
P012526,85,Female,Medicare Advantage,South,1940-01-15
P012527,54,Female,Medicare,Midwest,1972-08-15
P012528,68,Female,Commercial,Midwest,1958-07-15
P012529,49,Female,Medicaid,Midwest,1976-01-15
P012530,27,Male,Commercial,Midwest,1998-09-15
P012531,84,Female,Medicare,South,1942-05-15
P012532,50,Male,Commercial,Midwest,1975-09-15
P012533,34,Female,Medicare,West,1992-02-15
P012534,96,Female,Medicare Advantage,Midwest,1929-09-15
P012535,28,Male,Self-Pay,West,1998-04-15
P012536,32,Female,Medicare Advantage,South,1993-10-15
P012537,75,Female,Medicare Advantage,South,1950-09-15
P012538,53,Male,Medicare,Northeast,1973-02-15
P012539,0,Female,Medicare Advantage,Northeast,2025-04-15
P012540,25,Male,Commercial,Midwest,2001-05-15
P012541,44,Male,Medicaid,West,1982-03-15
P012542,53,Female,Medicare,West,1973-03-15
P012543,56,Female,Medicare Advantage,West,1969-07-15
P012544,28,Female,Commercial,Midwest,1997-10-15
P012545,49,Female,Medicare,Northeast,1977-06-15
P012546,33,Male,Medicaid,West,1992-03-15
P012547,49,Male,Commercial,West,1976-12-15
P012548,36,Female,Medicaid,South,1990-09-15
P012549,49,Female,Medicare,Midwest,1977-10-15
P012550,46,Female,Medicare Advantage,West,1979-08-15
P012551,23,Female,Medicaid,West,2002-08-15
P012552,21,Male,Commercial,West,2005-02-15
P012553,37,Male,Medicare,South,1989-09-15
P012554,34,Female,Medicaid,West,1992-03-15
P012555,84,Male,Medicaid,Northeast,1941-11-15
P012556,9,Male,Commercial,South,2017-01-15
P012557,46,Male,Medicare,Northeast,1979-06-15
P012558,77,Male,Medicare,Northeast,1949-02-15
P012559,53,Male,Medicare,South,1973-03-15
P012560,50,Male,Commercial,Northeast,1976-09-15
P012561,20,Female,Commercial,Northeast,2005-11-15
P012562,60,Female,Medicare,South,1966-04-15
P012563,22,Female,Medicare Advantage,Northeast,2003-06-15
P012564,41,Male,Commercial,South,1985-05-15
P012565,20,Female,Self-Pay,South,2005-06-15
P012566,67,Female,Medicare,South,1959-11-15
P012567,64,Male,Medicaid,West,1962-10-15
P012568,62,Female,Medicare Advantage,Midwest,1963-03-15
P012569,55,Female,Commercial,Midwest,1970-05-15
P012570,72,Female,Medicaid,South,1953-04-15
P012571,70,Male,Commercial,Midwest,1956-05-15
P012572,63,Female,Medicare Advantage,South,1963-11-15
P012573,66,Female,Other,Northeast,1959-08-15
P012574,6,Female,Medicare,West,2019-08-15
P012575,73,Female,Self-Pay,Midwest,1953-03-15
P012576,39,Female,Medicare,West,1986-11-15
P012577,78,Female,Medicare Advantage,West,1947-10-15
P012578,36,Male,Commercial,West,1990-03-15
P012579,57,Female,Self-Pay,West,1969-05-15
P012580,91,Female,Commercial,Northeast,1934-08-15
P012581,81,Male,Medicaid,Northeast,1945-01-15
P012582,65,Male,Medicare Advantage,South,1960-07-15
P012583,33,Male,Commercial,West,1992-02-15
P012584,64,Female,Medicare,West,1962-01-15
P012585,54,Female,Medicare,Midwest,1972-01-15
P012586,74,Female,Medicare Advantage,Northeast,1952-05-15
P012587,10,Female,Self-Pay,Northeast,2016-01-15
P012588,69,Female,Other,Northeast,1957-09-15
P012589,74,Female,Commercial,Midwest,1952-12-15
P012590,31,Male,Medicare,South,1995-05-15
P012591,56,Male,Medicaid,West,1969-03-15
P012592,28,Female,Medicare Advantage,West,1998-04-15
P012593,55,Female,Medicare Advantage,South,1970-12-15
P012594,43,Male,Medicaid,South,1983-05-15
P012595,47,Female,Medicare Advantage,South,1979-09-15
P012596,79,Male,Medicare Advantage,Northeast,1947-07-15
P012597,8,Female,Medicare,Northeast,2017-05-15
P012598,46,Male,Medicare,South,1979-07-15
P012599,78,Male,Commercial,West,1948-02-15
P012600,71,Female,Medicaid,West,1954-04-15
P012601,75,Male,Commercial,West,1951-03-15
P012602,88,Male,Medicare Advantage,South,1937-01-15
P012603,71,Female,Commercial,West,1954-08-15
P012604,92,Female,Commercial,West,1933-07-15
P012605,21,Male,Medicare Advantage,Northeast,2005-09-15
P012606,73,Female,Medicare,Northeast,1952-10-15
P012607,6,Male,Self-Pay,South,2020-12-15
P012608,4,Male,Commercial,Northeast,2022-01-15
P012609,48,Female,Commercial,Northeast,1978-12-15
P012610,60,Male,Commercial,Midwest,1965-08-15
P012611,15,Female,Medicare,West,2010-07-15
P012612,73,Female,Medicare Advantage,South,1952-10-15
P012613,57,Female,Medicaid,Northeast,1968-07-15
P012614,72,Male,Medicare Advantage,West,1954-08-15
P012615,19,Male,Medicare,South,2007-04-15
P012616,49,Male,Medicare,South,1977-01-15
P012617,34,Male,Commercial,West,1992-04-15
P012618,17,Female,Self-Pay,Midwest,2008-03-15
P012619,37,Male,Commercial,West,1988-03-15
P012620,27,Male,Commercial,South,1999-05-15
P012621,33,Female,Medicare Advantage,South,1992-08-15
P012622,54,Male,Medicaid,Midwest,1972-01-15
P012623,28,Male,Commercial,Northeast,1998-08-15
P012624,47,Male,Medicare Advantage,Northeast,1979-03-15
P012625,41,Female,Medicare Advantage,South,1985-01-15
P012626,65,Female,Medicare,South,1961-04-15
P012627,79,Male,Self-Pay,South,1947-05-15
P012628,2,Male,Medicaid,South,2023-11-15
P012629,55,Male,Medicaid,Midwest,1971-01-15
P012630,2,Male,Commercial,South,2024-03-15
P012631,73,Female,Medicare Advantage,Midwest,1953-06-15
P012632,68,Male,Medicare,South,1957-08-15
P012633,59,Female,Self-Pay,Northeast,1967-09-15
P012634,62,Female,Self-Pay,Midwest,1963-02-15
P012635,44,Male,Medicare,South,1981-06-15
P012636,23,Female,Self-Pay,West,2003-10-15
P012637,16,Female,Medicaid,Northeast,2009-08-15
P012638,44,Male,Self-Pay,West,1982-10-15
P012639,40,Female,Workers Comp,Midwest,1985-05-15
P012640,76,Female,Medicare Advantage,Northeast,1950-10-15
P012641,60,Male,Medicare,Northeast,1966-03-15
P012642,31,Female,Medicaid,South,1995-08-15
P012643,3,Female,Medicaid,South,2023-08-15
P012644,54,Male,Medicare,West,1971-07-15
P012645,72,Male,Medicare Advantage,Midwest,1953-04-15
P012646,62,Male,Medicare,South,1963-10-15
P012647,35,Male,Medicare Advantage,West,1990-01-15
P012648,50,Female,Medicaid,Midwest,1975-08-15
P012649,20,Female,Other,South,2006-01-15
P012650,56,Male,Medicare,Northeast,1969-11-15
P012651,21,Female,Medicaid,South,2004-04-15
P012652,36,Male,Commercial,West,1989-04-15
P012653,69,Female,Commercial,South,1956-09-15
P012654,72,Male,Medicare Advantage,South,1954-10-15
P012655,62,Female,Medicare Advantage,Midwest,1964-12-15
P012656,69,Female,Medicare Advantage,West,1957-06-15
P012657,36,Female,Medicare Advantage,West,1990-08-15
P012658,92,Female,Medicare,South,1934-10-15
P012659,78,Female,Commercial,West,1947-11-15
P012660,57,Male,Medicare,Northeast,1968-12-15
P012661,50,Female,Medicare Advantage,Midwest,1975-02-15
P012662,69,Male,Medicare,South,1956-02-15
P012663,18,Male,Commercial,Midwest,2008-01-15
P012664,29,Male,Commercial,West,1996-12-15
P012665,66,Male,Commercial,South,1959-04-15
P012666,49,Female,Commercial,South,1977-10-15
P012667,46,Female,Medicare Advantage,West,1980-05-15
P012668,52,Male,Workers Comp,South,1974-05-15
P012669,75,Female,Medicare,South,1951-02-15
P012670,35,Male,Commercial,South,1991-11-15
P012671,42,Male,Medicaid,South,1984-02-15
P012672,4,Male,Workers Comp,Midwest,2022-12-15
P012673,10,Male,Medicare,West,2015-11-15
P012674,15,Male,Medicare Advantage,West,2010-02-15
P012675,26,Male,Commercial,South,1999-07-15
P012676,55,Female,Commercial,Northeast,1970-06-15
P012677,51,Male,Commercial,Midwest,1975-05-15
P012678,78,Female,Medicare Advantage,West,1947-09-15
P012679,59,Male,Commercial,Midwest,1967-02-15
P012680,46,Female,Medicare Advantage,Midwest,1980-01-15
P012681,32,Male,Medicaid,West,1994-03-15
P012682,29,Male,Medicare,Midwest,1996-04-15
P012683,62,Male,Commercial,South,1964-08-15
P012684,68,Female,Medicare,Northeast,1958-05-15
P012685,47,Female,Medicare,West,1978-07-15
P012686,59,Female,Medicare,Midwest,1967-09-15
P012687,60,Female,Medicaid,South,1965-03-15
P012688,42,Female,Commercial,South,1984-08-15
P012689,65,Female,Medicare,South,1960-05-15
P012690,25,Male,Self-Pay,South,2000-05-15
P012691,89,Female,Medicare Advantage,South,1936-08-15
P012692,12,Male,Medicare,Midwest,2013-09-15
P012693,53,Female,Commercial,South,1972-08-15
P012694,54,Female,Medicare Advantage,Midwest,1971-02-15
P012695,43,Male,Commercial,South,1983-08-15
P012696,61,Male,Commercial,South,1965-02-15
P012697,33,Male,Medicare,Midwest,1992-08-15
P012698,62,Male,Medicaid,South,1963-10-15
P012699,15,Male,Commercial,South,2011-01-15
P012700,21,Female,Commercial,Northeast,2004-07-15
P012701,23,Male,Commercial,Northeast,2002-12-15
P012702,7,Female,Other,West,2019-11-15
P012703,88,Female,Medicare,Midwest,1937-11-15
P012704,45,Male,Medicare,South,1980-10-15
P012705,52,Female,Commercial,South,1973-03-15
P012706,64,Female,Commercial,Midwest,1961-07-15
P012707,42,Female,Commercial,Northeast,1983-08-15
P012708,74,Female,Medicare,South,1951-05-15
P012709,58,Male,Commercial,Midwest,1968-01-15
P012710,47,Male,Medicare,South,1979-04-15
P012711,73,Male,Medicaid,Midwest,1952-04-15
P012712,83,Female,Commercial,South,1943-04-15
P012713,27,Male,Medicare Advantage,West,1998-08-15
P012714,59,Female,Medicare,West,1967-10-15
P012715,95,Female,Medicaid,South,1931-04-15
P012716,16,Male,Workers Comp,South,2009-11-15
P012717,59,Male,Workers Comp,South,1966-11-15
P012718,43,Female,Medicare Advantage,Midwest,1982-01-15
P012719,69,Female,Medicare,South,1957-03-15
P012720,52,Female,Medicare Advantage,West,1973-04-15
P012721,52,Female,Medicaid,South,1973-04-15
P012722,18,Female,Commercial,Northeast,2008-12-15
P012723,46,Male,Medicaid,Midwest,1980-03-15
P012724,78,Female,Commercial,Northeast,1948-12-15
P012725,58,Male,Medicare,Northeast,1968-08-15
P012726,88,Female,Medicare,West,1937-11-15
P012727,55,Male,Medicaid,South,1971-05-15
P012728,29,Female,Commercial,West,1997-01-15
P012729,16,Female,Self-Pay,West,2009-08-15
P012730,24,Male,Medicare,Northeast,2002-03-15
P012731,59,Male,Commercial,Midwest,1967-05-15
P012732,75,Female,Self-Pay,Midwest,1950-10-15
P012733,6,Male,Commercial,Midwest,2020-09-15
P012734,41,Female,Medicare,South,1985-06-15
P012735,96,Female,Commercial,Midwest,1929-04-15
P012736,46,Female,Medicare Advantage,Northeast,1979-02-15
P012737,76,Male,Medicare,Northeast,1949-10-15
P012738,93,Male,Commercial,Northeast,1932-05-15
P012739,29,Male,Medicaid,West,1996-08-15
P012740,20,Male,Commercial,Midwest,2005-03-15
P012741,45,Male,Commercial,West,1980-05-15
P012742,26,Male,Other,Northeast,2000-07-15
P012743,65,Male,Commercial,West,1960-06-15
P012744,72,Female,Commercial,South,1954-12-15
P012745,70,Female,Medicare,West,1956-06-15
P012746,69,Male,Medicare,South,1956-11-15
P012747,95,Male,Medicaid,Midwest,1931-11-15
P012748,58,Female,Commercial,South,1967-09-15
P012749,31,Female,Medicare Advantage,West,1995-03-15
P012750,47,Female,Commercial,South,1978-08-15
P012751,13,Male,Commercial,Midwest,2012-03-15
P012752,2,Female,Medicare,Midwest,2023-08-15
P012753,42,Male,Commercial,Northeast,1983-01-15
P012754,76,Male,Medicare Advantage,South,1950-11-15
P012755,96,Male,Commercial,Midwest,1929-10-15
P012756,31,Male,Medicare,Midwest,1995-08-15
P012757,43,Female,Medicaid,West,1982-08-15
P012758,72,Female,Medicare,Midwest,1953-07-15
P012759,46,Male,Medicare,South,1979-09-15
P012760,17,Male,Medicaid,West,2009-08-15
P012761,75,Female,Medicare,South,1951-03-15
P012762,2,Female,Commercial,West,2023-06-15
P012763,49,Male,Medicaid,West,1977-04-15
P012764,44,Female,Commercial,South,1981-03-15
P012765,20,Male,Medicare Advantage,West,2006-09-15
P012766,45,Male,Workers Comp,South,1980-06-15
P012767,18,Female,Medicare,West,2007-06-15
P012768,59,Male,Medicare Advantage,South,1967-07-15
P012769,66,Male,Commercial,Northeast,1959-03-15
P012770,67,Male,Medicare,Midwest,1958-07-15
P012771,75,Female,Medicare,South,1950-04-15
P012772,22,Female,Medicare,South,2003-12-15
P012773,64,Female,Commercial,Midwest,1961-10-15
P012774,2,Female,Medicare,Midwest,2024-01-15
P012775,47,Male,Commercial,Midwest,1979-06-15
P012776,73,Male,Medicaid,West,1952-10-15
P012777,67,Male,Medicare Advantage,West,1958-09-15
P012778,38,Female,Medicare,South,1987-06-15
P012779,73,Female,Commercial,Midwest,1953-06-15
P012780,28,Other,Commercial,Northeast,1997-12-15
P012781,2,Male,Medicare,West,2024-05-15
P012782,52,Female,Workers Comp,Northeast,1974-07-15
P012783,4,Male,Commercial,West,2021-05-15
P012784,64,Male,Medicare Advantage,West,1962-02-15
P012785,47,Female,Medicare,Midwest,1978-04-15
P012786,31,Female,Commercial,West,1995-10-15
P012787,30,Male,Commercial,Midwest,1995-05-15
P012788,22,Male,Medicare,Midwest,2003-09-15
P012789,38,Male,Medicaid,West,1988-12-15
P012790,33,Male,Medicare Advantage,West,1992-05-15
P012791,30,Female,Medicare Advantage,West,1996-12-15
P012792,70,Female,Medicare Advantage,South,1955-11-15
P012793,80,Male,Commercial,Northeast,1946-11-15
P012794,41,Female,Medicare,South,1985-05-15
P012795,50,Male,Medicare,West,1975-03-15
P012796,73,Female,Commercial,West,1953-06-15
P012797,44,Female,Commercial,Midwest,1982-02-15
P012798,57,Male,Medicare,Midwest,1969-04-15
P012799,44,Male,Medicare,West,1981-11-15
P012800,52,Female,Medicare,West,1974-03-15
P012801,67,Female,Commercial,South,1958-09-15
P012802,56,Male,Commercial,Midwest,1969-12-15
P012803,29,Male,Commercial,West,1997-09-15
P012804,44,Male,Medicaid,Northeast,1981-11-15
P012805,37,Female,Medicare Advantage,Northeast,1988-06-15
P012806,62,Male,Commercial,Midwest,1963-01-15
P012807,72,Male,Medicaid,Midwest,1954-09-15
P012808,59,Male,Commercial,West,1966-07-15
P012809,93,Male,Medicaid,South,1933-07-15
P012810,27,Male,Self-Pay,West,1998-01-15
P012811,89,Male,Medicare,West,1936-03-15
P012812,45,Female,Commercial,South,1981-07-15
P012813,21,Male,Medicare,West,2005-05-15
P012814,78,Female,Medicaid,Northeast,1948-10-15
P012815,74,Male,Medicare Advantage,West,1951-06-15
P012816,38,Female,Medicare,South,1987-10-15
P012817,67,Female,Medicare Advantage,South,1958-01-15
P012818,90,Female,Medicare,West,1935-06-15
P012819,83,Male,Medicare Advantage,Midwest,1943-11-15
P012820,14,Other,Self-Pay,Northeast,2012-02-15
P012821,37,Female,Medicaid,Midwest,1988-05-15
P012822,80,Female,Medicare,West,1945-03-15
P012823,16,Male,Medicare,South,2010-08-15
P012824,56,Female,Medicaid,South,1970-01-15
P012825,20,Male,Medicaid,Northeast,2005-09-15
P012826,50,Male,Medicare Advantage,West,1975-07-15
P012827,20,Male,Medicaid,South,2005-09-15
P012828,33,Female,Medicaid,South,1993-03-15
P012829,29,Female,Commercial,South,1997-10-15
P012830,61,Female,Commercial,South,1965-11-15
P012831,21,Male,Medicaid,South,2005-01-15
P012832,60,Female,Other,South,1966-11-15
P012833,57,Male,Medicare Advantage,Midwest,1969-11-15
P012834,64,Female,Medicare,Northeast,1962-12-15
P012835,21,Male,Medicaid,West,2004-01-15
P012836,60,Female,Commercial,South,1965-10-15
P012837,59,Female,Medicare,Midwest,1966-09-15
P012838,21,Female,Medicare Advantage,South,2004-04-15
P012839,75,Female,Medicare,South,1950-12-15
P012840,10,Female,Commercial,Northeast,2016-11-15
P012841,43,Female,Medicaid,South,1982-04-15
P012842,71,Female,Medicare Advantage,Northeast,1954-11-15
P012843,21,Male,Medicare,Midwest,2004-11-15
P012844,56,Male,Medicare Advantage,West,1970-02-15
P012845,71,Female,Commercial,West,1955-05-15
P012846,54,Female,Medicare Advantage,West,1972-02-15
P012847,63,Female,Medicaid,South,1963-06-15
P012848,78,Male,Commercial,West,1948-08-15
P012849,72,Male,Medicare Advantage,South,1954-03-15
P012850,35,Male,Self-Pay,West,1990-07-15
P012851,28,Female,Other,West,1997-03-15
P012852,22,Female,Medicare,Northeast,2003-04-15
P012853,55,Male,Medicaid,South,1971-12-15
P012854,59,Male,Other,South,1966-08-15
P012855,38,Male,Commercial,West,1988-02-15
P012856,10,Male,Medicare,Northeast,2016-05-15
P012857,66,Male,Workers Comp,Northeast,1960-06-15
P012858,21,Male,Medicare,Northeast,2004-10-15
P012859,71,Female,Medicare Advantage,South,1955-06-15
P012860,26,Female,Medicare Advantage,Midwest,1999-06-15
P012861,91,Female,Commercial,Northeast,1934-02-15
P012862,69,Female,Medicare,West,1957-07-15
P012863,61,Female,Medicare,South,1965-01-15
P012864,78,Female,Medicare Advantage,Northeast,1948-05-15
P012865,64,Male,Workers Comp,South,1961-02-15
P012866,60,Female,Medicaid,South,1965-03-15
P012867,64,Male,Medicare,Northeast,1962-06-15
P012868,79,Female,Commercial,South,1946-05-15
P012869,1,Male,Medicaid,Northeast,2025-12-15
P012870,53,Male,Commercial,South,1972-02-15
P012871,83,Female,Medicare Advantage,South,1942-09-15
P012872,77,Female,Medicare,Northeast,1948-08-15
P012873,74,Female,Medicaid,South,1951-09-15
P012874,79,Male,Medicare Advantage,Northeast,1947-01-15
P012875,56,Male,Medicare,South,1969-11-15
P012876,61,Male,Commercial,Northeast,1965-08-15
P012877,18,Female,Self-Pay,Northeast,2007-05-15
P012878,78,Female,Medicaid,South,1948-11-15
P012879,0,Male,Medicare,South,2025-02-15
P012880,48,Male,Commercial,Northeast,1977-01-15
P012881,23,Female,Commercial,Midwest,2002-03-15
P012882,30,Female,Medicaid,South,1996-04-15
P012883,67,Female,Medicare,Midwest,1958-04-15
P012884,25,Female,Medicare Advantage,West,2001-07-15
P012885,59,Female,Medicaid,South,1967-02-15
P012886,70,Male,Commercial,West,1956-09-15
P012887,78,Male,Medicare,West,1947-12-15
P012888,50,Male,Medicare Advantage,West,1975-09-15
P012889,20,Male,Commercial,Midwest,2005-05-15
P012890,75,Male,Medicare,West,1951-03-15
P012891,40,Male,Commercial,South,1985-01-15
P012892,33,Female,Commercial,South,1992-09-15
P012893,76,Male,Medicaid,Northeast,1950-11-15
P012894,48,Female,Medicaid,West,1977-12-15
P012895,62,Male,Medicare Advantage,South,1964-06-15
P012896,52,Male,Medicare,West,1973-10-15
P012897,39,Female,Commercial,Midwest,1986-02-15
P012898,1,Female,Medicare Advantage,Northeast,2024-12-15
P012899,5,Female,Commercial,Northeast,2021-05-15
P012900,52,Male,Medicare Advantage,West,1973-08-15
P012901,61,Female,Medicare Advantage,Northeast,1965-10-15
P012902,70,Male,Commercial,South,1955-11-15
P012903,58,Male,Medicare,Midwest,1968-10-15
P012904,21,Female,Workers Comp,West,2004-04-15
P012905,29,Female,Medicare,West,1996-07-15
P012906,42,Male,Commercial,West,1983-01-15
P012907,39,Female,Medicaid,Midwest,1987-07-15
P012908,31,Male,Self-Pay,Midwest,1995-04-15
P012909,22,Female,Medicare,Midwest,2004-05-15
P012910,21,Male,Medicaid,Northeast,2004-07-15
P012911,20,Female,Medicare,South,2006-02-15
P012912,79,Female,Self-Pay,South,1946-02-15
P012913,55,Female,Medicare,South,1970-11-15
P012914,50,Female,Commercial,West,1975-03-15
P012915,12,Male,Commercial,Midwest,2014-04-15
P012916,26,Female,Medicare Advantage,South,1999-03-15
P012917,71,Male,Medicare,South,1954-11-15
P012918,79,Male,Commercial,South,1946-01-15
P012919,72,Male,Medicare,South,1953-06-15
P012920,70,Male,Commercial,Midwest,1956-02-15
P012921,87,Female,Commercial,Northeast,1939-02-15
P012922,46,Male,Other,South,1979-07-15
P012923,32,Female,Medicare Advantage,South,1993-04-15
P012924,35,Female,Medicare,West,1990-04-15
P012925,64,Female,Commercial,West,1961-06-15
P012926,70,Female,Medicare,Northeast,1956-08-15
P012927,2,Female,Commercial,South,2024-08-15
P012928,92,Male,Commercial,Midwest,1934-01-15
P012929,71,Male,Commercial,South,1954-07-15
P012930,57,Female,Commercial,Midwest,1968-07-15
P012931,78,Female,Commercial,South,1948-08-15
P012932,46,Male,Medicare,Midwest,1979-08-15
P012933,55,Male,Medicare,South,1971-10-15
P012934,70,Female,Medicare Advantage,Midwest,1955-03-15
P012935,65,Male,Medicare,South,1960-03-15
P012936,19,Male,Medicare Advantage,Northeast,2007-05-15
P012937,44,Female,Commercial,South,1982-12-15
P012938,72,Male,Medicare,West,1953-04-15
P012939,55,Female,Medicare,South,1971-09-15
P012940,56,Female,Medicare,West,1970-11-15
P012941,78,Female,Medicare,Northeast,1947-05-15
P012942,66,Male,Medicaid,Midwest,1959-02-15
P012943,72,Male,Medicare,Northeast,1953-08-15
P012944,43,Male,Medicare,West,1983-04-15
P012945,67,Female,Medicare Advantage,South,1959-10-15
P012946,54,Female,Medicare,Northeast,1971-08-15
P012947,60,Female,Commercial,Northeast,1966-05-15
P012948,72,Male,Commercial,West,1953-06-15
P012949,21,Female,Commercial,Northeast,2005-09-15
P012950,87,Female,Self-Pay,Midwest,1938-02-15
P012951,47,Male,Medicaid,West,1979-03-15
P012952,60,Female,Commercial,South,1966-01-15
P012953,55,Female,Medicare,South,1971-08-15
P012954,40,Female,Medicare Advantage,Northeast,1985-12-15
P012955,48,Female,Other,South,1978-06-15
P012956,69,Male,Medicaid,Northeast,1956-04-15
P012957,60,Male,Medicare Advantage,South,1965-09-15
P012958,43,Male,Medicare,South,1982-04-15
P012959,95,Male,Medicare,South,1930-11-15
P012960,75,Female,Medicare,South,1950-07-15
P012961,55,Female,Medicare,West,1971-07-15
P012962,21,Male,Medicaid,West,2005-07-15
P012963,47,Male,Medicare,Midwest,1979-04-15
P012964,69,Male,Self-Pay,Northeast,1956-10-15
P012965,46,Male,Commercial,Midwest,1979-06-15
P012966,43,Male,Medicaid,West,1982-02-15
P012967,34,Male,Commercial,South,1991-10-15
P012968,33,Female,Medicare,South,1992-09-15
P012969,63,Female,Medicare,Northeast,1962-12-15
P012970,24,Female,Medicare,Midwest,2002-07-15
P012971,62,Male,Commercial,West,1963-07-15
P012972,60,Female,Medicaid,Midwest,1966-05-15
P012973,23,Male,Commercial,West,2002-11-15
P012974,72,Female,Medicare Advantage,South,1953-02-15
P012975,50,Male,Medicaid,Northeast,1975-10-15
P012976,56,Female,Medicare,West,1970-03-15
P012977,70,Male,Medicare Advantage,West,1955-10-15
P012978,50,Male,Medicare Advantage,South,1976-07-15
P012979,40,Male,Commercial,Midwest,1986-03-15
P012980,1,Male,Commercial,South,2024-06-15
P012981,74,Male,Self-Pay,South,1952-06-15
P012982,46,Female,Commercial,South,1979-05-15
P012983,49,Female,Commercial,South,1976-09-15
P012984,88,Female,Medicaid,West,1937-10-15
P012985,84,Female,Medicare,South,1942-11-15
P012986,83,Male,Commercial,South,1942-11-15
P012987,39,Female,Medicare,Northeast,1987-02-15
P012988,62,Male,Medicaid,West,1964-05-15
P012989,39,Female,Medicare,West,1986-10-15
P012990,29,Female,Self-Pay,West,1997-03-15
P012991,75,Female,Medicare,South,1951-08-15
P012992,18,Male,Commercial,Northeast,2007-07-15
P012993,76,Female,Workers Comp,Northeast,1950-06-15
P012994,48,Male,Medicaid,South,1978-06-15
P012995,40,Male,Medicare Advantage,South,1985-01-15
P012996,77,Male,Medicare,South,1949-06-15
P012997,16,Male,Other,South,2009-03-15
P012998,72,Male,Commercial,Midwest,1954-08-15
P012999,78,Female,Medicare Advantage,South,1947-06-15
P013000,64,Female,Commercial,South,1962-06-15
P013001,47,Male,Commercial,Midwest,1978-08-15
P013002,62,Female,Commercial,South,1963-11-15
P013003,85,Female,Medicaid,West,1940-08-15
P013004,65,Female,Medicare,West,1960-06-15
P013005,65,Female,Medicaid,South,1960-05-15
P013006,64,Female,Medicare,South,1961-11-15
P013007,23,Male,Medicare Advantage,Northeast,2002-05-15
P013008,13,Female,Commercial,West,2013-02-15
P013009,59,Female,Medicare,Midwest,1966-09-15
P013010,69,Female,Medicare Advantage,South,1956-02-15
P013011,96,Female,Medicare,South,1929-04-15
P013012,25,Male,Medicare,Northeast,2001-07-15
P013013,11,Male,Commercial,South,2014-01-15
P013014,50,Female,Self-Pay,South,1976-11-15
P013015,18,Female,Medicaid,Midwest,2008-02-15
P013016,76,Female,Commercial,Midwest,1950-03-15
P013017,62,Male,Medicaid,South,1963-02-15
P013018,65,Male,Commercial,Midwest,1960-05-15
P013019,65,Male,Commercial,Northeast,1960-08-15
P013020,23,Female,Medicare,West,2003-09-15
P013021,1,Female,Medicare,Midwest,2024-10-15
P013022,59,Male,Medicare,Midwest,1966-05-15
P013023,18,Male,Commercial,Midwest,2007-06-15
P013024,59,Male,Medicare,Midwest,1967-06-15
P013025,37,Male,Medicaid,South,1989-07-15
P013026,37,Female,Commercial,South,1989-05-15
P013027,20,Female,Workers Comp,Northeast,2006-03-15
P013028,22,Female,Medicare,Midwest,2004-01-15
P013029,69,Male,Commercial,West,1957-08-15
P013030,60,Male,Medicare Advantage,Northeast,1966-10-15
P013031,78,Female,Medicare,South,1948-07-15
P013032,55,Male,Self-Pay,Midwest,1970-06-15
P013033,63,Female,Workers Comp,West,1962-12-15
P013034,23,Female,Medicare,Northeast,2003-09-15
P013035,65,Female,Self-Pay,West,1960-04-15
P013036,64,Female,Medicare,West,1962-11-15
P013037,21,Female,Medicare,Midwest,2004-12-15
P013038,79,Female,Medicare Advantage,South,1947-04-15
P013039,1,Male,Commercial,West,2024-09-15
P013040,90,Female,Medicare,West,1936-03-15
P013041,32,Male,Commercial,Northeast,1993-07-15
P013042,52,Male,Medicare,Midwest,1973-11-15
P013043,93,Male,Medicare Advantage,Northeast,1932-09-15
P013044,77,Female,Commercial,Midwest,1948-01-15
P013045,70,Female,Medicare,Midwest,1955-07-15
P013046,77,Female,Commercial,Midwest,1949-09-15
P013047,61,Male,Self-Pay,Midwest,1964-07-15
P013048,62,Female,Commercial,West,1963-03-15
P013049,43,Female,Commercial,South,1982-11-15
P013050,49,Male,Medicare,South,1977-12-15
P013051,72,Male,Medicaid,West,1954-05-15
P013052,75,Male,Commercial,West,1950-02-15
P013053,47,Male,Medicare Advantage,Northeast,1978-09-15
P013054,79,Male,Commercial,West,1946-07-15
P013055,50,Female,Medicare,Northeast,1975-12-15
P013056,51,Female,Medicare,South,1975-01-15
P013057,40,Female,Medicare,Northeast,1985-10-15
P013058,40,Male,Medicare,South,1985-10-15
P013059,48,Female,Medicare Advantage,West,1977-01-15
P013060,53,Male,Medicare,Northeast,1972-05-15
P013061,74,Female,Other,South,1951-09-15
P013062,24,Male,Medicaid,Midwest,2002-03-15
P013063,75,Female,Commercial,West,1950-02-15
P013064,65,Male,Medicare,West,1960-07-15
P013065,43,Male,Medicaid,Midwest,1983-12-15
P013066,56,Female,Medicare,South,1970-07-15
P013067,44,Female,Medicare,West,1982-08-15
P013068,77,Female,Medicaid,Midwest,1948-10-15
P013069,66,Female,Medicare,South,1959-03-15
P013070,77,Male,Medicare,Northeast,1948-10-15
P013071,42,Female,Commercial,South,1984-01-15
P013072,8,Male,Medicaid,West,2018-06-15
P013073,53,Male,Commercial,Midwest,1972-04-15
P013074,59,Male,Medicaid,Northeast,1966-08-15
P013075,31,Male,Medicare,South,1994-02-15
P013076,60,Male,Medicare Advantage,West,1965-01-15
P013077,36,Female,Commercial,South,1990-05-15
P013078,77,Male,Medicare,South,1948-08-15
P013079,18,Female,Medicare Advantage,South,2007-08-15
P013080,73,Female,Commercial,South,1952-03-15
P013081,48,Male,Medicaid,Midwest,1978-04-15
P013082,85,Male,Medicare,South,1940-07-15
P013083,58,Female,Medicare Advantage,South,1968-10-15
P013084,48,Male,Commercial,Midwest,1978-08-15
P013085,37,Female,Medicare Advantage,Midwest,1988-09-15
P013086,37,Female,Medicare,South,1989-08-15
P013087,66,Female,Medicare Advantage,South,1959-03-15
P013088,78,Female,Medicare,Northeast,1947-06-15
P013089,58,Female,Commercial,Midwest,1967-09-15
P013090,80,Female,Commercial,South,1946-08-15
P013091,78,Female,Commercial,Midwest,1948-05-15
P013092,51,Male,Medicare Advantage,South,1974-04-15
P013093,36,Male,Self-Pay,South,1989-12-15
P013094,35,Female,Commercial,South,1990-07-15
P013095,11,Female,Medicare Advantage,Midwest,2015-04-15
P013096,30,Female,Commercial,West,1996-05-15
P013097,64,Female,Medicaid,West,1962-03-15
P013098,76,Male,Commercial,South,1950-08-15
P013099,38,Female,Workers Comp,Northeast,1988-02-15
P013100,56,Female,Medicare,South,1969-01-15
P013101,1,Male,Commercial,Northeast,2024-09-15
P013102,21,Male,Medicare,West,2004-06-15
P013103,33,Male,Commercial,West,1993-04-15
P013104,56,Male,Medicare,West,1969-02-15
P013105,55,Other,Medicare,Midwest,1970-03-15
P013106,10,Female,Commercial,South,2015-02-15
P013107,26,Female,Medicare,West,1999-03-15
P013108,68,Female,Medicare Advantage,Northeast,1957-09-15
P013109,20,Male,Medicaid,Northeast,2005-09-15
P013110,37,Male,Medicare,Midwest,1989-12-15
P013111,56,Female,Commercial,South,1970-09-15
P013112,92,Female,Medicare,South,1934-07-15
P013113,59,Female,Medicaid,West,1966-02-15
P013114,71,Female,Medicare,West,1955-08-15
P013115,41,Female,Commercial,South,1984-03-15
P013116,34,Male,Medicare Advantage,Northeast,1991-03-15
P013117,1,Male,Commercial,South,2024-02-15
P013118,46,Female,Medicare,Midwest,1980-12-15
P013119,57,Other,Medicaid,Midwest,1969-09-15
P013120,69,Female,Medicare,West,1956-03-15
P013121,94,Male,Medicare,South,1931-09-15
P013122,48,Male,Medicare,Midwest,1978-04-15
P013123,70,Male,Medicare,Northeast,1955-12-15
P013124,46,Male,Commercial,Midwest,1979-03-15
P013125,67,Female,Commercial,West,1959-09-15
P013126,43,Female,Self-Pay,Northeast,1983-12-15
P013127,71,Female,Medicaid,South,1954-11-15
P013128,87,Female,Other,West,1939-12-15
P013129,44,Male,Medicare Advantage,West,1981-06-15
P013130,78,Male,Medicaid,West,1948-10-15
P013131,64,Female,Commercial,West,1961-08-15
P013132,53,Male,Medicaid,South,1972-04-15
P013133,79,Female,Commercial,South,1947-04-15
P013134,23,Male,Commercial,Midwest,2003-03-15
P013135,50,Female,Medicare,Northeast,1975-06-15
P013136,71,Male,Commercial,Northeast,1954-07-15
P013137,61,Female,Medicare Advantage,South,1964-04-15
P013138,92,Female,Medicaid,South,1934-09-15
P013139,63,Male,Commercial,South,1963-04-15
P013140,45,Male,Medicare Advantage,Midwest,1980-03-15
P013141,52,Female,Medicare Advantage,Northeast,1973-03-15
P013142,79,Female,Other,Northeast,1946-01-15
P013143,71,Male,Commercial,South,1955-09-15
P013144,13,Female,Commercial,South,2013-12-15
P013145,79,Male,Self-Pay,Midwest,1947-02-15
P013146,68,Male,Commercial,West,1957-01-15
P013147,37,Male,Medicaid,West,1989-03-15
P013148,79,Male,Self-Pay,Northeast,1946-12-15
P013149,65,Male,Commercial,West,1960-06-15
P013150,41,Male,Medicare,South,1984-08-15
P013151,39,Female,Medicaid,West,1987-09-15
P013152,39,Male,Medicare,West,1986-10-15
P013153,51,Female,Medicare Advantage,Northeast,1975-06-15
P013154,18,Male,Medicaid,South,2007-03-15
P013155,53,Female,Medicare,Midwest,1972-04-15
P013156,75,Male,Self-Pay,West,1951-07-15
P013157,24,Male,Self-Pay,Midwest,2001-11-15
P013158,82,Female,Self-Pay,West,1943-05-15
P013159,19,Female,Medicaid,South,2007-05-15
P013160,41,Female,Medicaid,South,1984-06-15
P013161,5,Female,Commercial,Northeast,2021-12-15
P013162,67,Female,Commercial,Northeast,1958-09-15
P013163,24,Female,Commercial,South,2002-10-15
P013164,62,Female,Commercial,West,1963-01-15
P013165,90,Male,Medicare Advantage,South,1936-10-15
P013166,2,Other,Medicare Advantage,Midwest,2023-09-15
P013167,33,Female,Commercial,West,1993-12-15
P013168,57,Female,Medicare Advantage,South,1969-04-15
P013169,44,Female,Self-Pay,South,1981-09-15
P013170,38,Male,Medicare,South,1988-09-15
P013171,46,Female,Medicare,Northeast,1979-05-15
P013172,52,Female,Medicaid,South,1974-02-15
P013173,54,Female,Medicare,South,1972-12-15
P013174,50,Female,Commercial,Midwest,1975-11-15
P013175,34,Male,Commercial,Midwest,1992-02-15
P013176,55,Female,Medicare Advantage,Midwest,1971-06-15
P013177,89,Female,Commercial,West,1937-03-15
P013178,66,Male,Self-Pay,South,1960-10-15
P013179,24,Female,Medicare,South,2002-02-15
P013180,71,Male,Medicare,Northeast,1954-11-15
P013181,36,Male,Medicare,Midwest,1990-08-15
P013182,49,Male,Commercial,West,1977-11-15
P013183,78,Male,Commercial,West,1947-10-15
P013184,52,Female,Self-Pay,Northeast,1974-12-15
P013185,22,Male,Self-Pay,South,2003-09-15
P013186,20,Male,Medicare,Northeast,2005-04-15
P013187,13,Male,Medicaid,South,2013-11-15
P013188,84,Male,Medicare Advantage,South,1941-02-15
P013189,44,Female,Medicare,West,1982-01-15
P013190,79,Male,Medicare,South,1947-05-15
P013191,72,Male,Medicare Advantage,South,1954-07-15
P013192,42,Male,Medicare Advantage,Northeast,1983-10-15
P013193,11,Male,Medicare,Midwest,2015-10-15
P013194,15,Female,Commercial,South,2010-08-15
P013195,48,Female,Medicare,West,1977-10-15
P013196,95,Female,Medicare Advantage,West,1930-07-15
P013197,57,Female,Workers Comp,South,1969-09-15
P013198,65,Male,Commercial,West,1961-01-15
P013199,68,Female,Commercial,South,1958-09-15
P013200,77,Male,Commercial,West,1949-09-15
P013201,29,Female,Medicare,Midwest,1997-06-15
P013202,43,Male,Medicare,South,1982-02-15
P013203,61,Female,Commercial,Midwest,1965-07-15
P013204,84,Male,Medicare,West,1942-12-15
P013205,91,Male,Medicare,South,1935-10-15
P013206,35,Male,Medicare,Midwest,1991-04-15
P013207,30,Female,Medicare Advantage,Midwest,1996-05-15
P013208,51,Male,Commercial,West,1974-08-15
P013209,67,Female,Medicare,Northeast,1959-01-15
P013210,74,Male,Medicare,West,1951-09-15
P013211,73,Female,Commercial,Midwest,1953-01-15
P013212,35,Female,Commercial,South,1991-07-15
P013213,69,Female,Commercial,South,1956-07-15
P013214,24,Male,Commercial,West,2002-07-15
P013215,42,Male,Commercial,South,1984-08-15
P013216,33,Male,Medicaid,West,1993-10-15
P013217,45,Female,Medicare Advantage,South,1980-03-15
P013218,75,Female,Medicare,West,1950-07-15
P013219,71,Male,Commercial,West,1955-07-15
P013220,67,Female,Medicare,Midwest,1959-05-15
P013221,88,Male,Medicaid,West,1938-06-15
P013222,82,Female,Medicare Advantage,Midwest,1944-04-15
P013223,67,Female,Commercial,South,1958-08-15
P013224,36,Male,Commercial,West,1990-01-15
P013225,40,Male,Commercial,Northeast,1985-09-15
P013226,47,Male,Medicare,South,1979-12-15
P013227,91,Female,Medicare Advantage,West,1934-03-15
P013228,95,Female,Commercial,Northeast,1931-09-15
P013229,13,Female,Commercial,South,2013-06-15
P013230,56,Male,Medicaid,West,1969-02-15
P013231,54,Male,Commercial,West,1971-12-15
P013232,3,Male,Medicare,Northeast,2023-12-15
P013233,38,Female,Medicare,South,1988-10-15
P013234,34,Male,Commercial,Northeast,1992-01-15
P013235,71,Male,Medicare,Midwest,1955-12-15
P013236,33,Male,Commercial,South,1993-06-15
P013237,7,Female,Medicare Advantage,Midwest,2019-04-15
P013238,53,Male,Commercial,West,1972-11-15
P013239,74,Female,Medicare,West,1951-01-15
P013240,78,Female,Commercial,South,1948-02-15
P013241,89,Female,Medicare,West,1936-07-15
P013242,95,Male,Medicare Advantage,Northeast,1931-09-15
P013243,54,Female,Medicare,South,1972-07-15
P013244,12,Female,Medicaid,South,2014-03-15
P013245,91,Female,Commercial,Northeast,1935-04-15
P013246,66,Female,Commercial,West,1959-05-15
P013247,75,Male,Medicare,South,1950-09-15
P013248,55,Male,Commercial,South,1971-09-15
P013249,23,Female,Medicare,West,2002-05-15
P013250,22,Male,Medicaid,Midwest,2003-01-15
P013251,85,Male,Medicaid,Midwest,1940-09-15
P013252,21,Male,Commercial,South,2004-08-15
P013253,67,Female,Medicare,West,1958-08-15
P013254,65,Female,Medicare,South,1961-10-15
P013255,21,Female,Commercial,Midwest,2004-10-15
P013256,69,Male,Commercial,Northeast,1956-02-15
P013257,46,Male,Medicare Advantage,West,1979-08-15
P013258,31,Female,Commercial,Northeast,1994-12-15
P013259,59,Male,Self-Pay,Midwest,1967-10-15
P013260,45,Male,Medicare Advantage,South,1980-07-15
P013261,77,Male,Commercial,South,1948-11-15
P013262,20,Male,Commercial,South,2006-11-15
P013263,19,Male,Medicare,Northeast,2006-03-15
P013264,44,Female,Self-Pay,South,1981-12-15
P013265,67,Female,Self-Pay,Northeast,1959-05-15
P013266,51,Male,Commercial,West,1975-09-15
P013267,2,Male,Medicaid,West,2023-03-15
P013268,46,Female,Commercial,Midwest,1980-03-15
P013269,62,Male,Medicaid,Midwest,1963-08-15
P013270,33,Male,Medicare Advantage,Midwest,1993-11-15
P013271,55,Female,Medicare Advantage,Midwest,1971-03-15
P013272,4,Female,Medicare,South,2021-10-15
P013273,52,Male,Commercial,South,1974-01-15
P013274,0,Female,Commercial,Northeast,2025-08-15
P013275,62,Female,Medicare,South,1963-06-15
P013276,41,Female,Medicare,Midwest,1984-05-15
P013277,72,Female,Commercial,Midwest,1953-07-15
P013278,59,Male,Other,Northeast,1967-11-15
P013279,70,Male,Commercial,West,1955-06-15
P013280,76,Female,Commercial,South,1950-08-15
P013281,59,Male,Medicare,Midwest,1967-03-15
P013282,55,Female,Medicaid,West,1970-07-15
P013283,72,Female,Medicare,Midwest,1953-10-15
P013284,66,Male,Commercial,South,1960-09-15
P013285,52,Male,Medicare,Northeast,1973-12-15
P013286,53,Male,Commercial,West,1973-09-15
P013287,76,Female,Medicare Advantage,South,1950-08-15
P013288,42,Female,Medicare,Northeast,1984-04-15
P013289,63,Female,Self-Pay,West,1963-06-15
P013290,48,Female,Commercial,Midwest,1978-06-15
P013291,87,Female,Self-Pay,Northeast,1938-09-15
P013292,72,Male,Self-Pay,West,1954-04-15
P013293,49,Female,Medicaid,West,1977-01-15
P013294,63,Female,Commercial,South,1962-11-15
P013295,18,Female,Medicare Advantage,Northeast,2007-03-15
P013296,47,Male,Commercial,South,1978-06-15
P013297,89,Male,Commercial,Northeast,1936-02-15
P013298,40,Male,Medicare Advantage,South,1986-10-15
P013299,57,Female,Medicare,South,1968-05-15
P013300,52,Female,Medicare,South,1973-10-15
P013301,55,Female,Commercial,Northeast,1970-12-15
P013302,76,Male,Medicare,West,1949-09-15
P013303,63,Female,Medicare,South,1962-06-15
P013304,85,Female,Medicare,South,1940-12-15
P013305,75,Male,Medicaid,South,1950-07-15
P013306,51,Female,Self-Pay,West,1975-06-15
P013307,79,Female,Medicaid,Northeast,1947-04-15
P013308,35,Male,Commercial,West,1991-09-15
P013309,70,Female,Commercial,South,1955-03-15
P013310,18,Male,Medicare,West,2008-08-15
P013311,59,Male,Commercial,South,1966-07-15
P013312,72,Male,Medicare Advantage,Northeast,1953-04-15
P013313,46,Male,Commercial,West,1980-09-15
P013314,66,Female,Commercial,Midwest,1960-07-15
P013315,54,Female,Commercial,South,1971-10-15
P013316,30,Male,Medicaid,West,1995-01-15
P013317,48,Male,Medicare Advantage,South,1978-05-15
P013318,64,Male,Medicaid,Northeast,1962-07-15
P013319,79,Male,Self-Pay,West,1947-09-15
P013320,0,Male,Medicare Advantage,South,2025-11-15
P013321,71,Male,Medicare,Midwest,1954-01-15
P013322,14,Male,Self-Pay,South,2012-12-15
P013323,74,Female,Workers Comp,South,1951-09-15
P013324,33,Male,Medicare,South,1992-01-15
P013325,55,Male,Commercial,South,1970-05-15
P013326,82,Male,Other,Northeast,1943-11-15
P013327,66,Female,Medicare,South,1959-05-15
P013328,45,Female,Commercial,West,1980-12-15
P013329,53,Female,Medicare Advantage,South,1972-03-15
P013330,50,Male,Medicare Advantage,Northeast,1975-11-15
P013331,30,Male,Medicare,Midwest,1996-04-15
P013332,19,Male,Medicare,West,2006-07-15
P013333,65,Male,Medicare Advantage,South,1961-11-15
P013334,27,Female,Workers Comp,West,1999-01-15
P013335,91,Female,Medicaid,South,1934-12-15
P013336,70,Female,Medicare,West,1955-04-15
P013337,51,Female,Medicaid,South,1975-05-15
P013338,66,Female,Commercial,West,1960-10-15
P013339,70,Female,Medicaid,South,1956-05-15
P013340,19,Female,Commercial,Midwest,2007-06-15
P013341,3,Male,Medicare,South,2022-10-15
P013342,41,Female,Commercial,South,1985-09-15
P013343,48,Female,Self-Pay,South,1977-03-15
P013344,78,Female,Medicaid,West,1947-08-15
P013345,18,Female,Medicare Advantage,Midwest,2007-08-15
P013346,63,Female,Medicare Advantage,West,1963-02-15
P013347,72,Female,Medicare,Midwest,1953-08-15
P013348,19,Female,Medicare Advantage,South,2007-06-15
P013349,25,Female,Medicare Advantage,South,2000-11-15
P013350,68,Female,Commercial,West,1958-01-15
P013351,35,Female,Medicaid,West,1991-04-15
P013352,63,Male,Medicare,Northeast,1962-05-15
P013353,70,Female,Commercial,Northeast,1955-08-15
P013354,70,Male,Commercial,South,1956-08-15
P013355,57,Male,Medicare Advantage,South,1969-12-15
P013356,75,Female,Medicare Advantage,South,1950-09-15
P013357,6,Female,Medicare,South,2019-01-15
P013358,91,Female,Medicare Advantage,Northeast,1935-06-15
P013359,49,Female,Commercial,West,1977-01-15
P013360,21,Male,Commercial,South,2004-10-15
P013361,86,Male,Medicaid,Northeast,1940-07-15
P013362,70,Male,Medicare,West,1956-06-15
P013363,38,Female,Commercial,West,1988-03-15
P013364,70,Male,Medicare,Midwest,1956-09-15
P013365,96,Female,Workers Comp,South,1930-01-15
P013366,51,Male,Commercial,West,1975-04-15
P013367,49,Female,Medicare Advantage,South,1976-03-15
P013368,96,Male,Medicaid,West,1929-08-15
P013369,37,Male,Medicare,Northeast,1988-11-15
P013370,74,Male,Medicare,Midwest,1951-01-15
P013371,17,Female,Medicare,Midwest,2009-05-15
P013372,96,Male,Commercial,South,1929-02-15
P013373,44,Female,Workers Comp,South,1982-12-15
P013374,11,Female,Medicare,South,2015-10-15
P013375,74,Male,Medicaid,West,1952-03-15
P013376,54,Male,Workers Comp,Midwest,1971-09-15
P013377,36,Female,Medicare,Midwest,1990-09-15
P013378,67,Female,Other,West,1959-05-15
P013379,52,Male,Medicare,West,1974-08-15
P013380,75,Male,Self-Pay,West,1950-02-15
P013381,41,Female,Commercial,South,1984-05-15
P013382,71,Female,Medicare,Northeast,1954-07-15
P013383,23,Female,Self-Pay,West,2002-05-15
P013384,55,Male,Medicare Advantage,South,1971-07-15
P013385,44,Male,Medicare,West,1981-12-15
P013386,62,Female,Commercial,Midwest,1964-06-15
P013387,46,Female,Medicare,South,1980-01-15
P013388,21,Female,Medicare,West,2005-10-15
P013389,39,Female,Medicaid,South,1986-02-15
P013390,51,Female,Medicaid,West,1974-06-15
P013391,78,Male,Commercial,Midwest,1947-04-15
P013392,60,Male,Commercial,West,1966-04-15
P013393,77,Male,Commercial,Northeast,1948-08-15
P013394,59,Female,Self-Pay,Midwest,1967-02-15
P013395,60,Male,Commercial,South,1965-03-15
P013396,88,Female,Commercial,South,1937-09-15
P013397,55,Male,Self-Pay,West,1970-06-15
P013398,73,Male,Medicare,Northeast,1953-04-15
P013399,52,Female,Medicare,West,1973-12-15
P013400,42,Male,Medicare,South,1983-08-15
P013401,62,Male,Medicaid,Midwest,1964-08-15
P013402,65,Female,Medicaid,South,1961-05-15
P013403,47,Female,Medicare Advantage,Midwest,1979-08-15
P013404,14,Female,Medicare,South,2011-10-15
P013405,76,Male,Workers Comp,Midwest,1950-07-15
P013406,52,Female,Medicare,South,1973-04-15
P013407,55,Male,Medicare,Midwest,1970-03-15
P013408,79,Male,Medicare,South,1947-05-15
P013409,41,Male,Commercial,Midwest,1985-01-15
P013410,90,Male,Commercial,Northeast,1936-09-15
P013411,40,Female,Medicare,Midwest,1985-11-15
P013412,73,Female,Medicare Advantage,South,1953-03-15
P013413,69,Male,Commercial,Midwest,1956-04-15
P013414,49,Male,Self-Pay,Northeast,1976-12-15
P013415,11,Male,Medicare,South,2015-10-15
P013416,83,Female,Self-Pay,South,1943-07-15
P013417,69,Male,Medicare,West,1956-08-15
P013418,63,Male,Commercial,South,1963-01-15
P013419,51,Male,Medicaid,South,1975-08-15
P013420,41,Female,Medicaid,South,1985-01-15
P013421,87,Female,Medicare Advantage,South,1938-04-15
P013422,73,Male,Medicaid,West,1953-08-15
P013423,55,Female,Medicaid,South,1971-07-15
P013424,26,Male,Commercial,South,2000-06-15
P013425,92,Male,Commercial,Midwest,1933-07-15
P013426,7,Female,Commercial,West,2018-01-15
P013427,21,Male,Self-Pay,West,2005-03-15
P013428,49,Male,Medicare,Midwest,1977-01-15
P013429,30,Male,Commercial,South,1996-05-15
P013430,59,Male,Commercial,South,1967-09-15
P013431,55,Female,Medicaid,Midwest,1971-10-15
P013432,71,Female,Commercial,Northeast,1955-10-15
P013433,75,Female,Medicaid,South,1950-11-15
P013434,28,Female,Medicaid,South,1998-07-15
P013435,9,Female,Commercial,Northeast,2016-01-15
P013436,67,Female,Self-Pay,Northeast,1959-05-15
P013437,66,Female,Commercial,West,1959-03-15
P013438,53,Female,Self-Pay,Midwest,1973-09-15
P013439,59,Male,Medicare Advantage,Midwest,1966-09-15
P013440,29,Female,Medicare Advantage,West,1996-09-15
P013441,64,Male,Medicaid,West,1962-11-15
P013442,52,Female,Medicaid,Northeast,1974-10-15
P013443,32,Male,Commercial,Northeast,1994-01-15
P013444,65,Female,Medicare Advantage,South,1960-02-15
P013445,37,Male,Medicaid,Midwest,1988-11-15
P013446,77,Male,Commercial,South,1949-10-15
P013447,54,Male,Medicare,West,1971-02-15
P013448,52,Male,Self-Pay,Northeast,1973-01-15
P013449,48,Male,Medicaid,Northeast,1978-08-15
P013450,50,Male,Self-Pay,Northeast,1976-10-15
P013451,67,Female,Medicare Advantage,Northeast,1958-07-15
P013452,1,Male,Medicaid,Northeast,2025-05-15
P013453,43,Male,Commercial,Midwest,1982-06-15
P013454,38,Female,Commercial,Northeast,1988-05-15
P013455,16,Female,Medicare,South,2009-09-15
P013456,55,Female,Commercial,Midwest,1970-04-15
P013457,80,Male,Commercial,South,1945-06-15
P013458,59,Male,Commercial,South,1967-08-15
P013459,1,Male,Medicare,South,2025-03-15
P013460,24,Male,Medicare,West,2002-12-15
P013461,80,Male,Commercial,Northeast,1945-03-15
P013462,45,Male,Medicaid,Midwest,1980-07-15
P013463,3,Female,Medicare,South,2023-09-15
P013464,19,Male,Medicare,Northeast,2006-04-15
P013465,24,Male,Self-Pay,South,2002-02-15
P013466,45,Female,Medicare Advantage,West,1981-03-15
P013467,59,Female,Other,Northeast,1967-10-15
P013468,35,Male,Medicaid,Northeast,1990-12-15
P013469,78,Female,Commercial,Northeast,1948-08-15
P013470,50,Female,Medicare,South,1976-04-15
P013471,4,Male,Commercial,Midwest,2021-10-15
P013472,67,Male,Commercial,Midwest,1958-08-15
P013473,63,Female,Commercial,Midwest,1962-05-15
P013474,67,Male,Commercial,South,1959-11-15
P013475,69,Male,Medicaid,Midwest,1957-11-15
P013476,89,Male,Commercial,South,1936-08-15
P013477,91,Male,Medicaid,Northeast,1935-11-15
P013478,43,Male,Medicare Advantage,Midwest,1982-09-15
P013479,68,Male,Commercial,South,1957-07-15
P013480,37,Male,Medicare,West,1988-10-15
P013481,75,Female,Medicare,South,1951-04-15
P013482,74,Female,Medicare Advantage,West,1951-05-15
P013483,79,Male,Commercial,West,1946-10-15
P013484,50,Male,Commercial,Northeast,1975-04-15
P013485,92,Female,Medicare,Northeast,1934-08-15
P013486,40,Male,Medicare,Midwest,1985-10-15
P013487,79,Female,Medicaid,Midwest,1946-10-15
P013488,80,Female,Medicare Advantage,South,1946-08-15
P013489,74,Male,Medicaid,South,1952-11-15
P013490,37,Female,Medicare Advantage,South,1989-01-15
P013491,94,Female,Medicare,Midwest,1932-03-15
P013492,72,Female,Commercial,South,1954-08-15
P013493,44,Female,Medicare,West,1981-09-15
P013494,65,Male,Medicare,South,1960-08-15
P013495,70,Female,Medicare Advantage,South,1955-08-15
P013496,89,Male,Commercial,South,1937-08-15
P013497,2,Female,Workers Comp,Midwest,2024-04-15
P013498,21,Female,Other,Midwest,2005-01-15
P013499,61,Male,Medicare Advantage,South,1964-01-15
P013500,75,Male,Self-Pay,South,1950-01-15
P013501,73,Female,Commercial,South,1952-07-15
P013502,67,Female,Medicaid,South,1958-03-15
P013503,17,Female,Commercial,Midwest,2009-01-15
P013504,56,Female,Medicaid,Northeast,1969-07-15
P013505,8,Male,Self-Pay,Midwest,2018-10-15
P013506,69,Female,Medicare,South,1957-04-15
P013507,68,Male,Medicare Advantage,West,1958-05-15
P013508,74,Male,Medicare,Northeast,1952-12-15
P013509,78,Male,Medicaid,West,1948-08-15
P013510,70,Female,Medicaid,South,1955-10-15
P013511,65,Female,Medicaid,South,1961-01-15
P013512,47,Male,Self-Pay,Midwest,1979-06-15
P013513,59,Female,Commercial,South,1967-09-15
P013514,12,Male,Medicare,South,2014-06-15
P013515,46,Male,Medicare,Midwest,1980-05-15
P013516,74,Female,Medicare,South,1951-08-15
P013517,51,Male,Medicare Advantage,Midwest,1975-08-15
P013518,73,Male,Medicaid,Midwest,1952-03-15
P013519,32,Female,Commercial,South,1993-06-15
P013520,6,Female,Self-Pay,West,2020-05-15
P013521,78,Female,Medicare,South,1947-04-15
P013522,85,Male,Medicare,South,1940-04-15
P013523,73,Male,Commercial,South,1953-05-15
P013524,24,Male,Medicare,Northeast,2001-09-15
P013525,0,Male,Medicare,Northeast,2026-03-15
P013526,24,Male,Medicare,West,2002-12-15
P013527,48,Male,Medicare Advantage,Midwest,1977-10-15
P013528,59,Female,Medicare Advantage,Midwest,1966-08-15
P013529,69,Female,Medicare,South,1956-08-15
P013530,17,Male,Commercial,Northeast,2008-06-15
P013531,76,Female,Medicare,South,1949-06-15
P013532,30,Male,Medicaid,West,1996-10-15
P013533,70,Male,Medicaid,Midwest,1955-02-15
P013534,77,Female,Medicare,South,1948-04-15
P013535,84,Female,Medicare,South,1942-06-15
P013536,73,Female,Medicaid,West,1952-03-15
P013537,67,Female,Medicaid,South,1958-06-15
P013538,96,Female,Self-Pay,Midwest,1930-03-15
P013539,41,Female,Medicare Advantage,South,1984-10-15
P013540,34,Female,Commercial,West,1992-12-15
P013541,36,Male,Self-Pay,Northeast,1989-10-15
P013542,50,Female,Commercial,West,1976-04-15
P013543,62,Female,Medicare,South,1963-01-15
P013544,79,Female,Medicaid,South,1946-03-15
P013545,39,Female,Commercial,West,1987-07-15
P013546,13,Female,Commercial,West,2012-05-15
P013547,74,Male,Workers Comp,South,1952-05-15
P013548,56,Female,Medicare,Northeast,1969-04-15
P013549,58,Female,Self-Pay,Midwest,1968-03-15
P013550,49,Male,Medicare,West,1976-02-15
P013551,52,Female,Medicare Advantage,South,1973-03-15
P013552,65,Female,Medicaid,Midwest,1960-01-15
P013553,47,Female,Commercial,South,1979-01-15
P013554,19,Male,Commercial,West,2006-12-15
P013555,22,Female,Medicare,Northeast,2003-11-15
P013556,26,Female,Commercial,South,2000-09-15
P013557,79,Female,Medicare Advantage,South,1946-10-15
P013558,74,Female,Commercial,Northeast,1952-12-15
P013559,53,Female,Medicaid,South,1972-01-15
P013560,76,Male,Medicare Advantage,Midwest,1950-04-15
P013561,33,Male,Medicare,Midwest,1993-12-15
P013562,65,Female,Medicare Advantage,West,1960-09-15
P013563,69,Male,Medicaid,Midwest,1957-01-15
P013564,79,Male,Self-Pay,West,1946-04-15
P013565,35,Male,Commercial,South,1990-01-15
P013566,29,Female,Medicare,West,1996-10-15
P013567,42,Male,Self-Pay,South,1984-01-15
P013568,6,Male,Medicare Advantage,West,2019-01-15
P013569,36,Male,Medicare,Midwest,1990-11-15
P013570,32,Male,Commercial,South,1994-07-15
P013571,22,Male,Medicare Advantage,Midwest,2003-07-15
P013572,61,Male,Commercial,South,1965-07-15
P013573,75,Male,Commercial,South,1951-05-15
P013574,18,Female,Medicaid,South,2007-02-15
P013575,35,Female,Medicare,West,1990-12-15
P013576,39,Female,Self-Pay,West,1987-03-15
P013577,50,Female,Medicare,South,1976-12-15
P013578,41,Female,Medicaid,West,1985-03-15
P013579,52,Female,Commercial,South,1973-10-15
P013580,37,Female,Medicare,Midwest,1988-08-15
P013581,49,Female,Medicare,South,1977-07-15
P013582,64,Female,Medicare Advantage,South,1961-02-15
P013583,27,Female,Medicaid,South,1998-10-15
P013584,45,Female,Commercial,South,1981-09-15
P013585,12,Male,Medicare,West,2013-08-15
P013586,47,Male,Medicaid,West,1978-05-15
P013587,82,Female,Commercial,South,1943-01-15
P013588,17,Male,Self-Pay,South,2009-07-15
P013589,66,Female,Medicare Advantage,Midwest,1960-09-15
P013590,48,Female,Medicare Advantage,Midwest,1978-11-15
P013591,31,Male,Medicaid,South,1995-09-15
P013592,71,Male,Medicare Advantage,South,1954-07-15
P013593,67,Female,Medicaid,Midwest,1958-03-15
P013594,72,Male,Self-Pay,South,1953-07-15
P013595,50,Female,Workers Comp,Midwest,1976-11-15
P013596,58,Female,Medicare Advantage,South,1967-04-15
P013597,60,Male,Medicare,West,1966-07-15
P013598,76,Other,Commercial,West,1949-09-15
P013599,6,Male,Commercial,South,2019-06-15
P013600,13,Female,Medicaid,West,2012-11-15
P013601,55,Male,Workers Comp,Midwest,1970-01-15
P013602,89,Female,Self-Pay,West,1936-08-15
P013603,25,Male,Commercial,Midwest,2001-08-15
P013604,75,Male,Self-Pay,Northeast,1950-01-15
P013605,38,Female,Workers Comp,Northeast,1987-10-15
P013606,53,Male,Medicaid,West,1973-08-15
P013607,80,Female,Commercial,Midwest,1946-08-15
P013608,1,Female,Medicare,South,2024-06-15
P013609,23,Female,Workers Comp,West,2002-10-15
P013610,73,Female,Medicare,West,1953-06-15
P013611,48,Male,Medicare Advantage,West,1978-04-15
P013612,59,Male,Other,West,1967-08-15
P013613,42,Male,Medicare,South,1983-10-15
P013614,55,Female,Medicare Advantage,West,1970-12-15
P013615,18,Male,Medicare,South,2007-05-15
P013616,41,Female,Commercial,South,1984-02-15
P013617,68,Female,Medicare,Midwest,1958-07-15
P013618,20,Male,Medicaid,Midwest,2006-02-15
P013619,77,Male,Self-Pay,West,1948-04-15
P013620,46,Male,Commercial,South,1979-08-15
P013621,34,Male,Commercial,West,1991-03-15
P013622,34,Female,Other,Northeast,1992-05-15
P013623,67,Male,Medicare,West,1959-07-15
P013624,14,Male,Medicare Advantage,Northeast,2012-05-15
P013625,76,Male,Commercial,South,1950-12-15
P013626,73,Male,Commercial,South,1953-08-15
P013627,72,Female,Medicaid,West,1954-06-15
P013628,22,Male,Self-Pay,South,2003-07-15
P013629,22,Male,Medicare,South,2004-03-15
P013630,20,Female,Commercial,South,2005-04-15
P013631,16,Male,Commercial,West,2010-11-15
P013632,76,Male,Medicaid,Midwest,1949-01-15
P013633,14,Female,Medicare,West,2012-09-15
P013634,61,Male,Commercial,Northeast,1965-02-15
P013635,49,Female,Commercial,West,1977-12-15
P013636,39,Male,Medicare,Midwest,1986-01-15
P013637,82,Female,Commercial,West,1944-04-15
P013638,58,Female,Medicare,South,1967-07-15
P013639,78,Male,Commercial,Midwest,1948-02-15
P013640,19,Male,Medicare,West,2007-07-15
P013641,71,Female,Commercial,South,1954-11-15
P013642,89,Male,Medicaid,South,1937-05-15
P013643,89,Male,Medicare Advantage,Midwest,1937-12-15
P013644,48,Female,Medicare,South,1978-12-15
P013645,77,Female,Medicaid,South,1948-02-15
P013646,45,Female,Workers Comp,Northeast,1981-02-15
P013647,79,Male,Medicare Advantage,South,1946-07-15
P013648,17,Female,Workers Comp,Midwest,2009-06-15
P013649,29,Female,Medicare,South,1997-04-15
P013650,71,Male,Self-Pay,Northeast,1954-04-15
P013651,59,Male,Medicare,South,1966-12-15
P013652,66,Female,Medicare,West,1960-10-15
P013653,28,Female,Commercial,Northeast,1998-01-15
P013654,19,Female,Commercial,Midwest,2006-03-15
P013655,29,Male,Medicare,Northeast,1996-02-15
P013656,66,Female,Self-Pay,South,1960-04-15
P013657,68,Male,Commercial,Midwest,1958-07-15
P013658,33,Male,Medicare,Northeast,1993-11-15
P013659,45,Male,Medicaid,West,1980-03-15
P013660,57,Female,Medicare,Midwest,1968-11-15
P013661,86,Female,Medicare,West,1940-06-15
P013662,65,Female,Commercial,South,1960-07-15
P013663,36,Female,Medicare Advantage,Midwest,1990-01-15
P013664,35,Female,Medicaid,West,1990-04-15
P013665,21,Female,Medicare Advantage,South,2004-06-15
P013666,65,Male,Medicaid,West,1960-06-15
P013667,23,Male,Medicare Advantage,South,2003-04-15
P013668,52,Female,Medicare,South,1974-02-15
P013669,39,Female,Commercial,South,1987-07-15
P013670,6,Female,Medicare,South,2019-09-15
P013671,65,Male,Commercial,South,1961-09-15
P013672,48,Male,Medicare Advantage,Northeast,1977-07-15
P013673,74,Female,Commercial,Northeast,1952-07-15
P013674,25,Female,Medicare,Northeast,2000-12-15
P013675,75,Male,Medicare Advantage,Midwest,1951-10-15
P013676,37,Male,Commercial,South,1988-07-15
P013677,51,Male,Medicare Advantage,South,1975-12-15
P013678,48,Male,Commercial,Midwest,1978-10-15
P013679,67,Female,Medicare,Midwest,1958-12-15
P013680,17,Female,Medicaid,Northeast,2008-09-15
P013681,57,Male,Commercial,Midwest,1968-01-15
P013682,16,Male,Other,Midwest,2009-08-15
P013683,52,Male,Medicare,Northeast,1974-01-15
P013684,49,Female,Commercial,South,1977-12-15
P013685,69,Male,Medicare Advantage,Northeast,1957-10-15
P013686,65,Female,Medicare,West,1961-12-15
P013687,66,Male,Medicare Advantage,Northeast,1959-03-15
P013688,91,Female,Medicare Advantage,Northeast,1935-08-15
P013689,20,Female,Medicare Advantage,West,2006-03-15
P013690,60,Male,Commercial,South,1965-03-15
P013691,56,Female,Commercial,Northeast,1970-09-15
P013692,29,Male,Medicare,Midwest,1997-02-15
P013693,59,Male,Self-Pay,West,1966-04-15
P013694,64,Male,Commercial,South,1962-11-15
P013695,50,Male,Medicaid,Northeast,1975-10-15
P013696,40,Female,Medicare,Midwest,1986-12-15
P013697,27,Female,Medicare,West,1999-06-15
P013698,66,Male,Medicaid,Northeast,1960-02-15
P013699,64,Male,Medicare,Northeast,1961-07-15
P013700,57,Female,Medicare,South,1969-10-15
P013701,21,Male,Medicare,Northeast,2004-11-15
P013702,58,Female,Commercial,West,1967-05-15
P013703,26,Male,Medicare,Midwest,2000-01-15
P013704,41,Female,Medicaid,Midwest,1984-05-15
P013705,55,Female,Medicare,South,1970-10-15
P013706,60,Male,Medicare,South,1965-01-15
P013707,24,Male,Medicare,West,2002-01-15
P013708,56,Male,Medicare,West,1969-10-15
P013709,67,Male,Commercial,Midwest,1958-07-15
P013710,79,Female,Medicare,South,1947-09-15
P013711,79,Male,Commercial,Northeast,1947-07-15
P013712,41,Male,Commercial,West,1985-11-15
P013713,60,Female,Medicare Advantage,Northeast,1966-01-15
P013714,70,Male,Medicare Advantage,South,1955-12-15
P013715,30,Female,Commercial,West,1996-07-15
P013716,62,Female,Medicare,West,1963-07-15
P013717,21,Male,Other,South,2004-07-15
P013718,76,Male,Medicare,Northeast,1950-11-15
P013719,24,Female,Medicare Advantage,Midwest,2002-10-15
P013720,23,Male,Self-Pay,Northeast,2002-07-15
P013721,62,Female,Medicare,Northeast,1963-07-15
P013722,3,Male,Medicare,South,2022-05-15
P013723,57,Female,Medicaid,South,1968-02-15
P013724,74,Female,Medicare,South,1951-05-15
P013725,79,Male,Commercial,Northeast,1946-01-15
P013726,79,Female,Medicaid,Northeast,1947-10-15
P013727,27,Female,Medicare,West,1999-01-15
P013728,10,Male,Medicare,Northeast,2016-04-15
P013729,64,Male,Medicare,Northeast,1962-04-15
P013730,31,Female,Medicare,South,1995-11-15
P013731,22,Female,Medicaid,South,2003-11-15
P013732,43,Female,Commercial,South,1983-04-15
P013733,35,Male,Medicare,Midwest,1990-02-15
P013734,21,Male,Commercial,Midwest,2004-04-15
P013735,20,Male,Other,Northeast,2005-08-15
P013736,8,Male,Commercial,South,2018-12-15
P013737,48,Male,Medicare Advantage,West,1977-02-15
P013738,90,Male,Other,Northeast,1936-08-15
P013739,34,Female,Commercial,Northeast,1991-12-15
P013740,43,Female,Medicare Advantage,West,1982-07-15
P013741,14,Female,Medicare,South,2012-10-15
P013742,74,Female,Medicare Advantage,West,1952-09-15
P013743,63,Female,Medicaid,South,1962-04-15
P013744,51,Male,Medicare Advantage,West,1975-07-15
P013745,65,Female,Medicare Advantage,South,1960-06-15
P013746,69,Male,Medicare Advantage,Midwest,1957-05-15
P013747,79,Male,Medicaid,West,1947-12-15
P013748,36,Male,Commercial,Midwest,1990-03-15
P013749,92,Female,Medicare Advantage,Midwest,1934-05-15
P013750,43,Male,Commercial,West,1982-11-15
P013751,54,Female,Commercial,South,1971-09-15
P013752,57,Female,Medicare Advantage,South,1969-07-15
P013753,78,Female,Medicaid,Northeast,1947-09-15
P013754,74,Female,Other,South,1951-08-15
P013755,62,Female,Self-Pay,Midwest,1963-02-15
P013756,19,Female,Commercial,Northeast,2006-11-15
P013757,29,Female,Commercial,Northeast,1996-11-15
P013758,27,Male,Medicare,Northeast,1999-05-15
P013759,21,Male,Medicare,South,2004-05-15
P013760,63,Female,Medicare,South,1963-09-15
P013761,38,Male,Medicaid,South,1988-07-15
P013762,77,Female,Commercial,Midwest,1948-02-15
P013763,18,Male,Medicare Advantage,West,2008-11-15
P013764,35,Male,Medicare,South,1990-10-15
P013765,44,Male,Medicaid,West,1981-04-15
P013766,28,Female,Medicare Advantage,West,1997-06-15
P013767,48,Female,Commercial,South,1977-04-15
P013768,55,Male,Medicare Advantage,South,1970-10-15
P013769,43,Female,Commercial,Midwest,1982-03-15
P013770,46,Female,Commercial,South,1979-01-15
P013771,75,Male,Self-Pay,West,1951-09-15
P013772,0,Female,Self-Pay,South,2025-02-15
P013773,41,Male,Commercial,South,1985-05-15
P013774,18,Male,Commercial,Midwest,2008-11-15
P013775,12,Female,Medicaid,Midwest,2014-12-15
P013776,24,Female,Medicaid,South,2002-04-15
P013777,85,Female,Medicare Advantage,Northeast,1940-11-15
P013778,22,Male,Self-Pay,West,2004-10-15
P013779,69,Female,Medicare,South,1957-03-15
P013780,90,Female,Medicare,South,1936-08-15
P013781,70,Male,Medicare,South,1955-11-15
P013782,71,Male,Commercial,Midwest,1954-09-15
P013783,60,Male,Commercial,West,1965-09-15
P013784,36,Male,Medicare,Northeast,1990-01-15
P013785,62,Male,Medicare,South,1963-10-15
P013786,8,Female,Medicare,South,2017-12-15
P013787,35,Female,Commercial,Midwest,1991-12-15
P013788,40,Male,Commercial,Midwest,1985-02-15
P013789,61,Female,Medicare,West,1964-05-15
P013790,79,Male,Commercial,South,1946-12-15
P013791,43,Male,Commercial,West,1982-07-15
P013792,60,Female,Medicaid,Midwest,1965-02-15
P013793,76,Female,Commercial,West,1950-01-15
P013794,76,Male,Medicaid,West,1949-04-15
P013795,63,Male,Other,Northeast,1962-10-15
P013796,74,Female,Medicaid,Midwest,1952-05-15
P013797,40,Male,Self-Pay,South,1986-07-15
P013798,52,Male,Workers Comp,South,1974-03-15
P013799,93,Male,Workers Comp,South,1933-07-15
P013800,42,Female,Self-Pay,Northeast,1984-12-15
P013801,5,Male,Medicaid,Northeast,2021-09-15
P013802,70,Male,Medicare,South,1956-01-15
P013803,14,Male,Medicare Advantage,Midwest,2011-02-15
P013804,3,Male,Medicare,Midwest,2023-06-15
P013805,6,Female,Commercial,West,2020-03-15
P013806,25,Male,Medicare,Midwest,2000-05-15
P013807,63,Male,Commercial,Northeast,1962-03-15
P013808,49,Male,Medicaid,South,1976-03-15
P013809,72,Male,Medicare,West,1954-06-15
P013810,78,Male,Commercial,South,1947-01-15
P013811,58,Male,Commercial,South,1967-11-15
P013812,94,Male,Commercial,Northeast,1932-06-15
P013813,74,Male,Medicaid,Northeast,1952-09-15
P013814,46,Female,Medicaid,South,1980-03-15
P013815,38,Female,Medicare,West,1987-05-15
P013816,49,Male,Commercial,South,1977-06-15
P013817,68,Female,Medicare Advantage,South,1958-06-15
P013818,20,Female,Commercial,South,2006-12-15
P013819,56,Female,Medicaid,West,1970-02-15
P013820,44,Male,Commercial,West,1982-02-15
P013821,1,Female,Self-Pay,South,2025-12-15
P013822,25,Male,Workers Comp,West,2001-06-15
P013823,68,Male,Medicaid,South,1958-07-15
P013824,73,Male,Medicare Advantage,South,1952-11-15
P013825,79,Male,Other,South,1946-02-15
P013826,43,Female,Medicaid,Midwest,1982-05-15
P013827,94,Female,Self-Pay,West,1932-10-15
P013828,33,Male,Commercial,South,1992-02-15
P013829,71,Male,Medicare Advantage,South,1954-09-15
P013830,17,Female,Self-Pay,South,2009-06-15
P013831,24,Female,Commercial,West,2002-02-15
P013832,73,Male,Medicare,South,1952-09-15
P013833,67,Male,Medicare,West,1958-03-15
P013834,11,Female,Commercial,West,2014-09-15
P013835,54,Female,Medicare Advantage,Midwest,1971-11-15
P013836,68,Female,Medicare,Midwest,1957-12-15
P013837,21,Female,Medicare Advantage,South,2005-02-15
P013838,9,Male,Medicare Advantage,Midwest,2017-10-15
P013839,20,Male,Commercial,Midwest,2005-09-15
P013840,51,Male,Commercial,South,1974-12-15
P013841,69,Female,Self-Pay,South,1957-03-15
P013842,60,Male,Medicare,Midwest,1965-11-15
P013843,57,Female,Commercial,Northeast,1969-08-15
P013844,84,Male,Commercial,West,1941-12-15
P013845,35,Female,Medicare Advantage,Midwest,1991-01-15
P013846,63,Male,Commercial,South,1963-03-15
P013847,63,Female,Medicare,South,1963-08-15
P013848,62,Female,Medicare Advantage,West,1963-03-15
P013849,24,Female,Medicare,Northeast,2001-06-15
P013850,77,Male,Medicare,South,1948-03-15
P013851,13,Female,Medicare,Midwest,2012-03-15
P013852,15,Male,Medicaid,Northeast,2010-01-15
P013853,11,Female,Self-Pay,Northeast,2014-02-15
P013854,5,Male,Commercial,South,2021-06-15
P013855,55,Female,Medicare,West,1971-08-15
P013856,0,Male,Commercial,Northeast,2025-09-15
P013857,72,Female,Commercial,Midwest,1954-12-15
P013858,42,Female,Medicare Advantage,South,1984-04-15
P013859,59,Female,Commercial,Northeast,1967-12-15
P013860,37,Female,Self-Pay,Northeast,1989-04-15
P013861,53,Female,Other,West,1972-12-15
P013862,71,Male,Commercial,Northeast,1954-02-15
P013863,52,Male,Medicare Advantage,West,1973-07-15
P013864,54,Male,Commercial,Midwest,1972-09-15
P013865,79,Male,Commercial,Midwest,1946-03-15
P013866,93,Male,Medicare,South,1932-07-15
P013867,26,Male,Medicare Advantage,West,1999-10-15
P013868,14,Female,Medicare Advantage,Midwest,2011-04-15
P013869,77,Female,Commercial,Midwest,1948-01-15
P013870,10,Female,Medicare,South,2015-12-15
P013871,60,Female,Commercial,West,1966-08-15
P013872,89,Male,Medicare Advantage,Northeast,1937-03-15
P013873,87,Male,Medicare,West,1938-07-15
P013874,28,Male,Medicare,South,1998-05-15
P013875,55,Female,Medicare,West,1971-03-15
P013876,22,Male,Commercial,West,2003-05-15
P013877,51,Female,Medicare,West,1974-09-15
P013878,51,Female,Medicaid,West,1974-04-15
P013879,76,Male,Commercial,Midwest,1950-05-15
P013880,84,Male,Medicare,South,1941-01-15
P013881,71,Male,Medicare Advantage,South,1954-10-15
P013882,43,Female,Medicare Advantage,West,1983-08-15
P013883,74,Female,Medicare,Midwest,1952-12-15
P013884,40,Male,Commercial,South,1985-12-15
P013885,76,Female,Commercial,South,1950-12-15
P013886,48,Male,Medicaid,West,1977-10-15
P013887,75,Male,Medicaid,Midwest,1950-11-15
P013888,84,Male,Medicare,West,1942-02-15
P013889,18,Female,Medicaid,South,2007-04-15
P013890,64,Female,Commercial,West,1961-01-15
P013891,74,Male,Commercial,South,1952-02-15
P013892,76,Female,Medicaid,West,1950-09-15
P013893,67,Male,Medicare Advantage,West,1958-07-15
P013894,32,Female,Commercial,South,1994-12-15
P013895,56,Male,Commercial,Midwest,1970-11-15
P013896,41,Female,Medicare,West,1984-06-15
P013897,61,Male,Medicare,West,1964-07-15
P013898,2,Female,Medicaid,Northeast,2023-06-15
P013899,27,Female,Other,South,1998-05-15
P013900,36,Male,Medicare,Northeast,1989-04-15
P013901,57,Male,Medicare,Midwest,1968-10-15
P013902,6,Male,Medicaid,Midwest,2020-01-15
P013903,29,Female,Medicare,Midwest,1997-06-15
P013904,53,Female,Medicaid,Northeast,1972-04-15
P013905,43,Female,Medicare Advantage,Midwest,1982-04-15
P013906,32,Female,Medicare Advantage,West,1994-02-15
P013907,4,Female,Medicaid,Northeast,2022-07-15
P013908,19,Female,Commercial,West,2007-11-15
P013909,63,Male,Commercial,Midwest,1963-02-15
P013910,61,Male,Medicare,Midwest,1965-03-15
P013911,53,Male,Self-Pay,Midwest,1973-07-15
P013912,93,Female,Commercial,Midwest,1933-03-15
P013913,14,Male,Medicare,Midwest,2011-12-15
P013914,76,Female,Commercial,Northeast,1949-06-15
P013915,49,Male,Medicare,South,1976-11-15
P013916,40,Female,Commercial,Midwest,1986-11-15
P013917,22,Female,Self-Pay,South,2004-02-15
P013918,74,Female,Medicaid,Midwest,1951-01-15
P013919,42,Male,Medicaid,Midwest,1984-01-15
P013920,36,Female,Medicare Advantage,West,1990-03-15
P013921,79,Female,Medicaid,Northeast,1947-10-15
P013922,68,Female,Commercial,Midwest,1957-12-15
P013923,64,Female,Commercial,Northeast,1961-04-15
P013924,79,Male,Medicare Advantage,Northeast,1946-09-15
P013925,66,Male,Medicare,West,1960-04-15
P013926,47,Other,Self-Pay,South,1978-12-15
P013927,54,Male,Medicaid,West,1971-01-15
P013928,75,Female,Medicare,West,1951-07-15
P013929,0,Male,Medicare,West,2025-11-15
P013930,47,Female,Medicare,West,1979-08-15
P013931,34,Female,Medicare,Midwest,1992-12-15
P013932,72,Male,Commercial,Midwest,1953-10-15
P013933,62,Female,Commercial,South,1964-11-15
P013934,54,Male,Medicaid,South,1972-06-15
P013935,10,Female,Medicaid,West,2016-11-15
P013936,61,Male,Self-Pay,Midwest,1964-04-15
P013937,63,Female,Commercial,West,1962-06-15
P013938,62,Female,Self-Pay,South,1964-04-15
P013939,58,Female,Other,West,1967-03-15
P013940,63,Female,Commercial,South,1963-03-15
P013941,78,Female,Commercial,West,1947-07-15
P013942,0,Male,Medicare,South,2025-02-15
P013943,76,Male,Medicaid,West,1949-10-15
P013944,65,Female,Medicare,South,1960-12-15
P013945,62,Female,Commercial,West,1963-09-15
P013946,42,Male,Commercial,West,1983-07-15
P013947,57,Male,Medicare Advantage,South,1969-04-15
P013948,49,Male,Medicaid,West,1977-06-15
P013949,35,Female,Medicare,South,1991-10-15
P013950,44,Male,Medicare,South,1982-03-15
P013951,93,Male,Medicare,South,1933-06-15
P013952,42,Male,Medicaid,South,1984-09-15
P013953,30,Female,Medicare,West,1995-06-15
P013954,59,Male,Medicaid,West,1967-06-15
P013955,54,Male,Commercial,South,1971-04-15
P013956,77,Female,Medicare,Northeast,1949-11-15
P013957,36,Male,Medicare,West,1990-03-15
P013958,20,Female,Medicare,Midwest,2006-06-15
P013959,47,Female,Medicaid,West,1979-01-15
P013960,75,Female,Medicaid,Northeast,1950-07-15
P013961,18,Female,Self-Pay,South,2007-11-15
P013962,55,Other,Medicare Advantage,Midwest,1970-11-15
P013963,44,Male,Commercial,Northeast,1982-01-15
P013964,58,Male,Commercial,Northeast,1968-08-15
P013965,46,Female,Medicare,South,1980-12-15
P013966,37,Female,Workers Comp,South,1989-08-15
P013967,82,Female,Medicare,South,1943-04-15
P013968,10,Male,Commercial,South,2016-01-15
P013969,34,Male,Medicare,South,1991-02-15
P013970,53,Male,Medicaid,Northeast,1973-12-15
P013971,21,Male,Commercial,Northeast,2004-08-15
P013972,54,Female,Medicare,South,1971-09-15
P013973,61,Female,Medicare,South,1964-07-15
P013974,88,Female,Medicare,South,1937-03-15
P013975,89,Male,Medicare Advantage,Midwest,1936-12-15
P013976,3,Male,Medicare,Midwest,2023-11-15
P013977,22,Female,Commercial,Midwest,2004-03-15
P013978,42,Male,Self-Pay,Midwest,1983-01-15
P013979,73,Male,Medicare Advantage,South,1953-09-15
P013980,75,Female,Medicare Advantage,Midwest,1950-05-15
P013981,65,Male,Commercial,South,1960-12-15
P013982,69,Male,Commercial,West,1956-04-15
P013983,27,Male,Medicare,Midwest,1999-05-15
P013984,77,Male,Medicare,South,1949-02-15
P013985,69,Female,Medicaid,Northeast,1956-03-15
P013986,40,Female,Medicare,South,1986-09-15
P013987,74,Female,Medicare Advantage,South,1952-10-15
P013988,57,Male,Medicare,Northeast,1969-10-15
P013989,40,Female,Commercial,South,1986-05-15
P013990,49,Male,Medicare Advantage,West,1977-01-15
P013991,78,Male,Medicare,South,1947-08-15
P013992,25,Female,Commercial,Northeast,2001-12-15
P013993,44,Male,Commercial,Northeast,1981-11-15
P013994,69,Female,Commercial,West,1956-11-15
P013995,71,Male,Commercial,West,1954-06-15
P013996,43,Male,Medicare Advantage,Northeast,1982-08-15
P013997,74,Male,Commercial,South,1951-01-15
P013998,64,Male,Medicaid,West,1962-02-15
P013999,41,Male,Commercial,Midwest,1984-05-15
P014000,74,Female,Workers Comp,South,1952-12-15
P014001,16,Female,Medicare Advantage,South,2010-08-15
P014002,41,Male,Medicare,Midwest,1985-01-15
P014003,8,Male,Medicare,Northeast,2017-09-15
P014004,2,Female,Medicare,Northeast,2024-06-15
P014005,63,Male,Medicare Advantage,Midwest,1963-01-15
P014006,50,Female,Medicaid,West,1975-09-15
P014007,48,Female,Medicare,South,1977-10-15
P014008,95,Female,Commercial,Midwest,1931-06-15
P014009,54,Female,Self-Pay,South,1971-04-15
P014010,61,Male,Medicare,Midwest,1964-10-15
P014011,77,Male,Medicare Advantage,West,1948-10-15
P014012,70,Female,Commercial,South,1956-03-15
P014013,93,Male,Medicare,Northeast,1933-12-15
P014014,39,Male,Medicare,South,1986-01-15
P014015,13,Male,Commercial,Midwest,2012-01-15
P014016,65,Male,Other,South,1960-05-15
P014017,31,Male,Commercial,West,1995-07-15
P014018,96,Female,Medicaid,West,1929-03-15
P014019,49,Female,Medicare,Midwest,1976-03-15
P014020,29,Female,Medicare,West,1996-10-15
P014021,46,Male,Commercial,South,1979-10-15
P014022,70,Male,Medicaid,Midwest,1956-05-15
P014023,84,Female,Commercial,South,1941-08-15
P014024,31,Female,Commercial,South,1994-02-15
P014025,81,Male,Workers Comp,Midwest,1945-02-15
P014026,19,Female,Commercial,Midwest,2007-10-15
P014027,35,Female,Commercial,Midwest,1991-08-15
P014028,58,Female,Workers Comp,Midwest,1968-01-15
P014029,68,Female,Medicaid,West,1958-10-15
P014030,69,Female,Commercial,South,1957-04-15
P014031,20,Female,Commercial,Midwest,2006-07-15
P014032,56,Male,Commercial,Northeast,1970-03-15
P014033,70,Female,Medicare Advantage,West,1956-03-15
P014034,63,Male,Medicare,South,1963-06-15
P014035,81,Female,Medicare Advantage,South,1944-04-15
P014036,20,Female,Commercial,South,2006-12-15
P014037,35,Male,Commercial,Northeast,1991-07-15
P014038,20,Male,Medicaid,West,2005-01-15
P014039,50,Female,Self-Pay,Midwest,1975-01-15
P014040,48,Female,Commercial,South,1978-12-15
P014041,78,Male,Commercial,South,1948-10-15
P014042,91,Male,Commercial,West,1935-11-15
P014043,10,Female,Medicaid,South,2015-02-15
P014044,11,Male,Medicare,Midwest,2014-06-15
P014045,5,Female,Commercial,West,2021-12-15
P014046,30,Male,Other,South,1995-07-15
P014047,18,Male,Medicare,Midwest,2008-07-15
P014048,22,Male,Commercial,West,2003-10-15
P014049,30,Male,Medicaid,Midwest,1995-03-15
P014050,40,Male,Commercial,Midwest,1986-03-15
P014051,79,Female,Other,South,1947-04-15
P014052,55,Female,Workers Comp,West,1970-03-15
P014053,49,Male,Medicare,South,1977-01-15
P014054,68,Male,Self-Pay,Midwest,1957-09-15
P014055,51,Male,Medicare Advantage,Midwest,1974-11-15
P014056,73,Female,Medicare,Northeast,1953-04-15
P014057,36,Male,Medicaid,South,1990-06-15
P014058,42,Male,Commercial,Northeast,1983-08-15
P014059,40,Male,Medicaid,Midwest,1985-09-15
P014060,36,Female,Medicaid,West,1989-03-15
P014061,35,Female,Commercial,South,1991-05-15
P014062,43,Male,Medicaid,South,1982-07-15
P014063,35,Male,Commercial,Midwest,1990-12-15
P014064,35,Male,Medicare,South,1990-02-15
P014065,83,Male,Medicare,West,1943-04-15
P014066,75,Male,Commercial,South,1950-06-15
P014067,61,Female,Medicaid,West,1964-08-15
P014068,38,Male,Medicare,West,1987-01-15
P014069,26,Male,Commercial,Northeast,2000-02-15
P014070,77,Female,Commercial,South,1948-10-15
P014071,76,Female,Medicare Advantage,South,1949-04-15
P014072,73,Male,Commercial,South,1952-02-15
P014073,40,Male,Commercial,South,1985-05-15
P014074,43,Female,Medicare Advantage,South,1982-02-15
P014075,13,Female,Medicare,South,2013-02-15
P014076,40,Female,Commercial,Northeast,1986-06-15
P014077,64,Female,Medicare,Midwest,1961-05-15
P014078,42,Male,Commercial,South,1983-07-15
P014079,78,Male,Medicare Advantage,South,1948-03-15
P014080,14,Male,Medicare Advantage,Northeast,2011-02-15
P014081,54,Female,Commercial,South,1971-08-15
P014082,29,Male,Medicaid,South,1996-07-15
P014083,15,Male,Medicare,West,2010-05-15
P014084,12,Male,Medicare Advantage,Northeast,2013-09-15
P014085,36,Female,Medicare,South,1989-02-15
P014086,67,Female,Medicare,South,1959-05-15
P014087,48,Female,Medicare Advantage,West,1977-09-15
P014088,57,Male,Self-Pay,South,1968-01-15
P014089,88,Male,Medicare,South,1937-06-15
P014090,20,Male,Medicare,South,2006-09-15
P014091,56,Male,Medicaid,South,1970-02-15
P014092,17,Female,Commercial,West,2009-08-15
P014093,67,Male,Commercial,West,1959-12-15
P014094,64,Male,Medicare,South,1962-04-15
P014095,73,Male,Medicaid,West,1953-09-15
P014096,78,Female,Commercial,South,1948-03-15
P014097,65,Male,Medicare,Midwest,1961-05-15
P014098,79,Male,Medicaid,Midwest,1947-01-15
P014099,49,Female,Medicare,South,1976-07-15
P014100,36,Female,Self-Pay,Northeast,1990-11-15
P014101,77,Male,Medicare Advantage,South,1948-07-15
P014102,20,Female,Medicare Advantage,Midwest,2005-04-15
P014103,61,Female,Commercial,Midwest,1965-02-15
P014104,34,Female,Medicare,West,1992-06-15
P014105,24,Female,Commercial,West,2001-02-15
P014106,84,Female,Medicare,West,1942-10-15
P014107,46,Male,Commercial,Northeast,1979-11-15
P014108,19,Female,Medicaid,South,2007-12-15
P014109,74,Male,Commercial,Midwest,1952-11-15
P014110,40,Female,Commercial,South,1986-09-15
P014111,70,Male,Commercial,South,1956-11-15
P014112,31,Male,Commercial,Northeast,1995-09-15
P014113,54,Female,Commercial,West,1971-02-15
P014114,89,Female,Medicare,West,1936-12-15
P014115,49,Female,Medicaid,South,1976-06-15
P014116,23,Female,Medicaid,Midwest,2003-10-15
P014117,56,Female,Medicare,Northeast,1970-04-15
P014118,22,Male,Commercial,South,2003-04-15
P014119,58,Male,Commercial,South,1967-02-15
P014120,13,Female,Commercial,Northeast,2012-05-15
P014121,24,Female,Medicare,Midwest,2002-08-15
P014122,92,Male,Commercial,Northeast,1934-06-15
P014123,36,Male,Medicaid,West,1990-03-15
P014124,48,Male,Commercial,Northeast,1977-02-15
P014125,81,Male,Medicaid,Northeast,1944-04-15
P014126,29,Male,Medicare,South,1996-09-15
P014127,60,Female,Medicaid,Midwest,1966-06-15
P014128,74,Male,Medicare,Northeast,1951-12-15
P014129,63,Male,Medicaid,South,1962-05-15
P014130,91,Male,Medicare Advantage,West,1935-11-15
P014131,56,Female,Other,West,1969-01-15
P014132,15,Female,Medicare,West,2011-01-15
P014133,43,Female,Medicare,West,1983-08-15
P014134,24,Male,Medicare,Northeast,2001-07-15
P014135,34,Male,Medicare,South,1992-08-15
P014136,30,Female,Commercial,South,1996-11-15
P014137,13,Other,Medicare,Midwest,2012-06-15
P014138,47,Female,Medicaid,Northeast,1978-03-15
P014139,82,Male,Commercial,Northeast,1944-10-15
P014140,21,Female,Medicare Advantage,West,2005-01-15
P014141,75,Female,Medicare,South,1951-07-15
P014142,54,Male,Medicare Advantage,Northeast,1972-07-15
P014143,54,Female,Medicare Advantage,Northeast,1971-04-15
P014144,31,Female,Medicare,Northeast,1995-10-15
P014145,40,Male,Medicare,Midwest,1985-08-15
P014146,40,Female,Medicare,West,1985-06-15
P014147,28,Female,Commercial,South,1998-01-15
P014148,59,Male,Commercial,Northeast,1966-11-15
P014149,78,Male,Medicare,Midwest,1948-09-15
P014150,75,Male,Commercial,Midwest,1951-05-15
P014151,71,Female,Medicare,West,1954-01-15
P014152,36,Female,Medicare Advantage,Northeast,1989-05-15
P014153,57,Male,Medicaid,Northeast,1968-08-15
P014154,21,Female,Medicare Advantage,South,2004-04-15
P014155,67,Male,Commercial,Midwest,1959-08-15
P014156,45,Female,Self-Pay,West,1981-05-15
P014157,13,Male,Commercial,West,2012-10-15
P014158,67,Female,Workers Comp,South,1958-10-15
P014159,76,Female,Commercial,West,1950-04-15
P014160,13,Female,Medicare,South,2013-10-15
P014161,38,Male,Medicare Advantage,Midwest,1987-08-15
P014162,52,Male,Medicare,Northeast,1974-02-15
P014163,91,Female,Medicare Advantage,Northeast,1935-12-15
P014164,60,Male,Commercial,Northeast,1966-06-15
P014165,27,Male,Commercial,West,1998-04-15
P014166,73,Female,Medicare,West,1953-02-15
P014167,89,Male,Self-Pay,South,1937-01-15
P014168,51,Female,Medicare,Midwest,1975-08-15
P014169,67,Female,Medicare,Midwest,1959-02-15
P014170,31,Female,Commercial,Northeast,1995-03-15
P014171,33,Female,Self-Pay,South,1993-10-15
P014172,53,Female,Medicare,West,1973-04-15
P014173,52,Female,Commercial,West,1973-12-15
P014174,70,Male,Medicare,West,1955-08-15
P014175,42,Female,Medicaid,South,1984-02-15
P014176,59,Female,Medicare,South,1966-07-15
P014177,85,Female,Medicaid,South,1940-10-15
P014178,78,Female,Commercial,Midwest,1947-01-15
P014179,82,Female,Medicare Advantage,Midwest,1943-03-15
P014180,24,Male,Self-Pay,West,2002-03-15
P014181,72,Male,Commercial,West,1953-02-15
P014182,9,Male,Medicare,Northeast,2017-12-15
P014183,31,Female,Medicare,Midwest,1995-11-15
P014184,68,Male,Medicare,South,1957-08-15
P014185,72,Female,Medicare,Midwest,1953-05-15
P014186,16,Female,Medicaid,South,2010-05-15
P014187,59,Male,Commercial,South,1966-05-15
P014188,61,Female,Medicaid,West,1965-12-15
P014189,64,Female,Medicare,South,1962-07-15
P014190,73,Female,Medicaid,Northeast,1952-01-15
P014191,33,Female,Workers Comp,South,1992-04-15
P014192,93,Male,Commercial,South,1933-08-15
P014193,14,Female,Medicare,Northeast,2011-05-15
P014194,15,Female,Commercial,South,2011-08-15
P014195,40,Male,Commercial,West,1985-10-15
P014196,61,Male,Medicare,West,1964-08-15
P014197,60,Male,Commercial,South,1966-08-15
P014198,17,Female,Medicare Advantage,West,2008-12-15
P014199,40,Female,Medicare,South,1985-10-15
P014200,62,Female,Self-Pay,South,1963-04-15
P014201,75,Male,Self-Pay,West,1950-04-15
P014202,49,Male,Commercial,West,1977-08-15
P014203,66,Female,Medicare Advantage,South,1959-06-15
P014204,19,Male,Medicare,South,2007-10-15
P014205,57,Male,Commercial,West,1968-02-15
P014206,30,Female,Self-Pay,South,1996-07-15
P014207,85,Female,Medicaid,Northeast,1940-10-15
P014208,51,Female,Medicare,South,1974-05-15
P014209,67,Female,Commercial,Midwest,1959-02-15
P014210,74,Male,Medicare Advantage,South,1951-07-15
P014211,27,Female,Medicare,Northeast,1999-07-15
P014212,91,Male,Medicare,Northeast,1934-10-15
P014213,38,Female,Medicare,Midwest,1988-08-15
P014214,65,Female,Medicare,Midwest,1961-09-15
P014215,71,Female,Medicare,West,1954-11-15
P014216,31,Female,Medicare,Northeast,1994-03-15
P014217,94,Male,Medicare,West,1931-09-15
P014218,88,Female,Medicare,South,1938-04-15
P014219,38,Female,Medicare Advantage,Northeast,1987-12-15
P014220,82,Female,Self-Pay,South,1943-04-15
P014221,41,Male,Medicaid,South,1985-05-15
P014222,29,Male,Medicare,Northeast,1996-08-15
P014223,72,Male,Medicare,Midwest,1954-03-15
P014224,71,Female,Medicare Advantage,Midwest,1955-07-15
P014225,79,Male,Commercial,West,1947-03-15
P014226,69,Female,Commercial,Northeast,1956-01-15
P014227,76,Female,Commercial,Northeast,1949-03-15
P014228,62,Male,Commercial,South,1964-03-15
P014229,65,Female,Medicare,South,1960-11-15
P014230,83,Female,Commercial,South,1942-12-15
P014231,65,Female,Medicare,South,1960-04-15
P014232,65,Female,Commercial,Midwest,1960-05-15
P014233,75,Female,Medicaid,Midwest,1951-03-15
P014234,29,Male,Medicare,South,1997-07-15
P014235,22,Male,Medicaid,South,2003-06-15
P014236,37,Female,Commercial,West,1988-04-15
P014237,69,Female,Commercial,West,1957-06-15
P014238,54,Male,Commercial,West,1971-03-15
P014239,18,Female,Medicare,Northeast,2007-11-15
P014240,26,Male,Medicare Advantage,South,2000-04-15
P014241,58,Female,Medicare Advantage,West,1967-04-15
P014242,18,Female,Other,South,2008-07-15
P014243,65,Male,Commercial,South,1960-08-15
P014244,53,Female,Medicare,South,1973-11-15
P014245,33,Female,Medicaid,South,1992-11-15
P014246,46,Male,Medicare,Northeast,1980-05-15
P014247,60,Female,Medicare Advantage,South,1966-10-15
P014248,87,Male,Self-Pay,Midwest,1938-09-15
P014249,46,Female,Medicare Advantage,West,1980-08-15
P014250,8,Male,Medicaid,Midwest,2018-12-15
P014251,2,Female,Commercial,West,2024-10-15
P014252,61,Female,Medicare,Northeast,1965-09-15
P014253,45,Male,Medicare,Midwest,1981-08-15
P014254,92,Male,Medicare Advantage,South,1934-03-15
P014255,18,Male,Medicaid,West,2007-01-15
P014256,19,Female,Medicare Advantage,Northeast,2007-05-15
P014257,79,Male,Medicaid,West,1947-04-15
P014258,24,Female,Medicare,South,2002-06-15
P014259,75,Female,Commercial,West,1950-09-15
P014260,26,Female,Commercial,Midwest,2000-08-15
P014261,38,Male,Medicare Advantage,West,1987-01-15
P014262,19,Female,Commercial,West,2006-09-15
P014263,24,Male,Medicare,West,2002-06-15
P014264,42,Female,Self-Pay,South,1983-10-15
P014265,54,Female,Self-Pay,West,1972-05-15
P014266,43,Female,Medicare,West,1982-11-15
P014267,39,Male,Medicare,Northeast,1986-01-15
P014268,26,Male,Medicare,South,1999-06-15
P014269,43,Male,Medicare,West,1982-03-15
P014270,37,Male,Medicare,Northeast,1988-11-15
P014271,77,Female,Commercial,West,1949-04-15
P014272,39,Male,Commercial,Northeast,1987-07-15
P014273,59,Female,Commercial,Midwest,1966-05-15
P014274,74,Male,Commercial,West,1951-09-15
P014275,57,Male,Commercial,South,1969-04-15
P014276,91,Female,Commercial,West,1934-03-15
P014277,14,Male,Medicare,Midwest,2011-04-15
P014278,53,Female,Medicare,Northeast,1972-01-15
P014279,85,Female,Medicaid,South,1940-03-15
P014280,56,Female,Self-Pay,West,1969-02-15
P014281,31,Male,Commercial,Midwest,1994-04-15
P014282,11,Female,Medicare,West,2014-02-15
P014283,41,Male,Medicare,West,1984-01-15
P014284,66,Female,Medicare Advantage,Midwest,1959-03-15
P014285,26,Female,Commercial,Northeast,2000-11-15
P014286,39,Male,Commercial,Midwest,1986-06-15
P014287,21,Female,Medicaid,South,2004-06-15
P014288,84,Female,Medicare,Midwest,1941-01-15
P014289,32,Female,Medicare,West,1994-05-15
P014290,71,Other,Commercial,West,1954-02-15
P014291,63,Male,Medicaid,South,1962-10-15
P014292,58,Male,Medicare Advantage,South,1967-05-15
P014293,23,Female,Medicaid,South,2003-09-15
P014294,54,Male,Medicare,West,1972-12-15
P014295,35,Female,Medicare Advantage,West,1990-04-15
P014296,42,Male,Medicare,South,1983-06-15
P014297,38,Male,Medicaid,West,1988-08-15
P014298,61,Female,Medicare,Northeast,1965-09-15
P014299,42,Female,Commercial,West,1983-02-15
P014300,44,Female,Medicare,Midwest,1982-06-15
P014301,77,Female,Commercial,South,1949-04-15
P014302,65,Female,Commercial,Northeast,1961-03-15
P014303,67,Female,Commercial,Midwest,1958-10-15
P014304,59,Male,Commercial,Northeast,1967-04-15
P014305,73,Male,Commercial,West,1952-01-15
P014306,51,Female,Medicaid,Northeast,1975-01-15
P014307,59,Male,Medicare,Northeast,1966-04-15
P014308,41,Female,Commercial,Midwest,1984-09-15
P014309,65,Female,Medicare,Midwest,1961-01-15
P014310,54,Male,Medicare,South,1971-10-15
P014311,18,Male,Medicare,West,2008-04-15
P014312,60,Male,Medicare Advantage,West,1965-10-15
P014313,42,Male,Commercial,West,1983-09-15
P014314,49,Male,Medicare,West,1977-05-15
P014315,92,Female,Medicaid,South,1933-01-15
P014316,66,Female,Commercial,South,1960-03-15
P014317,20,Male,Medicaid,West,2006-05-15
P014318,42,Female,Medicare,West,1983-10-15
P014319,69,Male,Medicare,West,1957-01-15
P014320,65,Female,Commercial,Northeast,1960-10-15
P014321,26,Male,Commercial,South,1999-10-15
P014322,29,Male,Medicare,Midwest,1996-07-15
P014323,59,Female,Commercial,West,1967-04-15
P014324,27,Female,Medicare,Midwest,1998-01-15
P014325,79,Female,Medicaid,West,1947-01-15
P014326,66,Female,Medicare,Northeast,1960-04-15
P014327,74,Male,Medicare,West,1951-01-15
P014328,56,Male,Medicare Advantage,West,1969-05-15
P014329,43,Male,Medicare Advantage,South,1983-10-15
P014330,36,Female,Medicare Advantage,Midwest,1989-12-15
P014331,75,Female,Medicare Advantage,South,1950-05-15
P014332,64,Female,Commercial,South,1961-04-15
P014333,39,Male,Self-Pay,Northeast,1986-07-15
P014334,48,Female,Commercial,West,1977-10-15
P014335,78,Male,Medicaid,South,1947-12-15
P014336,62,Female,Medicaid,South,1963-06-15
P014337,42,Female,Other,Northeast,1984-03-15
P014338,75,Female,Commercial,Northeast,1950-03-15
P014339,59,Female,Self-Pay,West,1967-09-15
P014340,88,Female,Commercial,Northeast,1938-12-15
P014341,35,Male,Medicare Advantage,Midwest,1991-01-15
P014342,87,Female,Commercial,West,1939-03-15
P014343,42,Female,Workers Comp,Midwest,1984-09-15
P014344,37,Male,Medicaid,South,1988-02-15
P014345,67,Female,Medicare,Northeast,1958-02-15
P014346,35,Male,Medicare Advantage,Midwest,1990-08-15
P014347,69,Female,Commercial,South,1956-05-15
P014348,45,Male,Workers Comp,West,1981-06-15
P014349,21,Male,Other,Northeast,2005-10-15
P014350,75,Male,Medicare,South,1951-04-15
P014351,50,Male,Medicare,West,1975-02-15
P014352,10,Male,Self-Pay,Northeast,2015-08-15
P014353,50,Female,Commercial,Midwest,1976-10-15
P014354,50,Female,Other,South,1975-07-15
P014355,13,Male,Commercial,Midwest,2012-07-15
P014356,55,Male,Medicare,Midwest,1970-09-15
P014357,24,Male,Medicare Advantage,Midwest,2001-05-15
P014358,24,Female,Medicare,West,2002-05-15
P014359,43,Male,Commercial,Northeast,1983-02-15
P014360,95,Female,Self-Pay,Northeast,1931-08-15
P014361,37,Female,Commercial,South,1989-10-15
P014362,90,Female,Medicaid,South,1935-07-15
P014363,54,Male,Commercial,South,1972-07-15
P014364,38,Male,Medicaid,Northeast,1987-09-15
P014365,49,Female,Medicare Advantage,West,1976-08-15
P014366,11,Male,Other,Midwest,2014-11-15
P014367,51,Male,Self-Pay,South,1975-10-15
P014368,5,Female,Medicare,South,2021-04-15
P014369,68,Female,Self-Pay,West,1957-08-15
P014370,17,Female,Medicare Advantage,South,2008-01-15
P014371,48,Female,Commercial,South,1977-05-15
P014372,67,Female,Commercial,Northeast,1959-10-15
P014373,69,Female,Commercial,Midwest,1956-12-15
P014374,77,Female,Other,Midwest,1948-12-15
P014375,26,Female,Medicare,South,1999-10-15
P014376,55,Male,Medicare Advantage,South,1970-06-15
P014377,59,Female,Medicaid,South,1966-05-15
P014378,60,Female,Commercial,West,1966-09-15
P014379,63,Male,Medicare Advantage,Northeast,1962-06-15
P014380,53,Male,Medicare,Northeast,1972-10-15
P014381,55,Female,Medicaid,Midwest,1970-10-15
P014382,23,Male,Commercial,Northeast,2003-02-15
P014383,75,Female,Commercial,South,1951-02-15
P014384,58,Male,Commercial,Northeast,1967-09-15
P014385,56,Male,Self-Pay,Northeast,1970-05-15
P014386,75,Male,Commercial,West,1950-06-15
P014387,76,Male,Medicare Advantage,West,1949-02-15
P014388,54,Male,Self-Pay,West,1971-02-15
P014389,32,Male,Medicaid,West,1993-11-15
P014390,92,Female,Medicare Advantage,West,1933-04-15
P014391,25,Male,Commercial,Midwest,2001-05-15
P014392,68,Male,Medicare,South,1958-06-15
P014393,20,Female,Medicaid,South,2006-05-15
P014394,74,Male,Commercial,South,1952-04-15
P014395,78,Female,Medicaid,South,1947-11-15
P014396,68,Female,Medicaid,South,1957-03-15
P014397,70,Male,Medicare,Midwest,1955-08-15
P014398,32,Male,Self-Pay,Midwest,1993-11-15
P014399,37,Female,Commercial,West,1988-10-15
P014400,38,Male,Medicare,South,1987-07-15
P014401,63,Male,Medicare,Northeast,1963-03-15
P014402,63,Female,Medicare,Midwest,1963-10-15
P014403,19,Male,Commercial,South,2007-10-15
P014404,7,Male,Medicare,Northeast,2019-01-15
P014405,19,Female,Commercial,West,2007-09-15
P014406,67,Male,Medicaid,South,1959-01-15
P014407,62,Male,Commercial,South,1963-04-15
P014408,55,Male,Medicare,Midwest,1971-07-15
P014409,18,Male,Medicare Advantage,Midwest,2007-01-15
P014410,19,Female,Commercial,Midwest,2007-06-15
P014411,23,Other,Commercial,South,2003-07-15
P014412,31,Female,Medicare,Midwest,1995-08-15
P014413,40,Male,Workers Comp,South,1985-04-15
P014414,20,Female,Medicare,Midwest,2006-12-15
P014415,51,Female,Commercial,West,1974-04-15
P014416,14,Female,Medicare,West,2011-01-15
P014417,82,Female,Medicaid,South,1944-10-15
P014418,54,Male,Self-Pay,South,1972-10-15
P014419,45,Female,Commercial,Midwest,1980-04-15
P014420,12,Male,Commercial,South,2013-08-15
P014421,26,Male,Self-Pay,South,2000-09-15
P014422,50,Female,Medicare,Midwest,1976-12-15
P014423,53,Female,Medicare,South,1973-02-15
P014424,71,Female,Medicare,South,1955-06-15
P014425,32,Female,Medicare,South,1994-08-15
P014426,81,Male,Commercial,Midwest,1944-09-15
P014427,59,Female,Commercial,Midwest,1966-11-15
P014428,40,Male,Medicaid,Midwest,1985-02-15
P014429,75,Female,Commercial,West,1951-07-15
P014430,37,Female,Commercial,West,1989-08-15
P014431,21,Female,Commercial,Midwest,2004-04-15
P014432,96,Female,Medicare Advantage,Northeast,1930-11-15
P014433,85,Male,Medicaid,West,1941-12-15
P014434,49,Female,Commercial,South,1977-08-15
P014435,87,Female,Medicare,West,1939-01-15
P014436,67,Female,Commercial,Midwest,1958-06-15
P014437,24,Female,Self-Pay,Northeast,2001-07-15
P014438,51,Male,Medicaid,Midwest,1974-04-15
P014439,68,Male,Other,Northeast,1958-06-15
P014440,63,Female,Medicaid,Midwest,1962-01-15
P014441,68,Female,Medicare Advantage,Northeast,1958-08-15
P014442,26,Male,Medicare Advantage,South,1999-06-15
P014443,72,Female,Medicaid,South,1954-01-15
P014444,66,Male,Medicaid,South,1960-11-15
P014445,72,Female,Medicare,West,1953-02-15
P014446,44,Male,Commercial,South,1982-12-15
P014447,89,Female,Medicare,Northeast,1936-11-15
P014448,66,Male,Medicaid,Northeast,1960-07-15
P014449,38,Male,Commercial,South,1988-10-15
P014450,55,Female,Commercial,South,1970-09-15
P014451,70,Male,Medicare,South,1955-02-15
P014452,79,Male,Medicare,South,1947-05-15
P014453,44,Male,Commercial,South,1982-11-15
P014454,48,Female,Medicare Advantage,South,1977-11-15
P014455,78,Female,Medicare,Northeast,1947-05-15
P014456,25,Male,Medicare,South,2001-11-15
P014457,20,Female,Medicare,Northeast,2005-01-15
P014458,29,Female,Self-Pay,Midwest,1996-10-15
P014459,10,Female,Commercial,Midwest,2016-06-15
P014460,48,Female,Commercial,South,1977-05-15
P014461,22,Male,Medicaid,South,2004-04-15
P014462,29,Male,Medicaid,West,1996-10-15
P014463,55,Female,Medicare Advantage,Northeast,1970-06-15
P014464,36,Female,Medicare,West,1989-09-15
P014465,40,Male,Commercial,South,1985-03-15
P014466,62,Female,Commercial,South,1964-05-15
P014467,23,Male,Medicare,South,2003-10-15
P014468,50,Female,Medicaid,South,1976-09-15
P014469,59,Male,Medicare Advantage,Northeast,1966-11-15
P014470,93,Male,Medicare,Midwest,1933-05-15
P014471,77,Female,Commercial,South,1949-11-15
P014472,77,Other,Medicare Advantage,Midwest,1948-11-15
P014473,56,Male,Commercial,Northeast,1969-11-15
P014474,55,Female,Medicare Advantage,South,1971-01-15
P014475,55,Female,Medicare Advantage,Northeast,1971-07-15
P014476,36,Female,Commercial,Midwest,1989-06-15
P014477,37,Female,Commercial,West,1988-08-15
P014478,37,Female,Medicare,South,1989-03-15
P014479,26,Female,Commercial,Northeast,1999-08-15
P014480,40,Male,Medicaid,South,1985-03-15
P014481,25,Female,Medicare,West,2000-08-15
P014482,26,Female,Medicare,Midwest,1999-07-15
P014483,72,Male,Other,Midwest,1954-11-15
P014484,33,Female,Commercial,West,1992-10-15
P014485,79,Male,Self-Pay,West,1946-02-15
P014486,65,Male,Medicare,Northeast,1961-04-15
P014487,57,Male,Medicare,Midwest,1969-06-15
P014488,54,Female,Commercial,West,1972-12-15
P014489,36,Female,Medicare,West,1990-04-15
P014490,59,Male,Medicare,Northeast,1966-04-15
P014491,62,Female,Commercial,Midwest,1964-10-15
P014492,67,Female,Medicaid,Northeast,1958-09-15
P014493,51,Female,Medicare,Midwest,1974-06-15
P014494,54,Female,Medicare,Northeast,1971-06-15
P014495,32,Male,Medicaid,West,1993-05-15
P014496,45,Female,Medicare Advantage,West,1981-03-15
P014497,33,Male,Commercial,South,1993-01-15
P014498,37,Female,Self-Pay,South,1988-05-15
P014499,27,Male,Medicare,West,1998-06-15
P014500,12,Male,Commercial,Northeast,2013-01-15
P014501,36,Female,Other,Northeast,1990-01-15
P014502,32,Male,Medicare Advantage,Northeast,1994-05-15
P014503,21,Female,Medicare,South,2005-10-15
P014504,20,Female,Commercial,Northeast,2005-04-15
P014505,70,Male,Medicare,South,1956-08-15
P014506,31,Female,Medicaid,Midwest,1995-07-15
P014507,31,Female,Commercial,West,1995-08-15
P014508,86,Male,Medicare,South,1940-03-15
P014509,94,Male,Medicaid,South,1931-09-15
P014510,19,Female,Medicare,South,2006-06-15
P014511,81,Female,Medicare,West,1944-11-15
P014512,42,Female,Commercial,West,1984-01-15
P014513,81,Male,Commercial,Midwest,1945-02-15
P014514,59,Male,Commercial,West,1966-03-15
P014515,28,Female,Medicaid,West,1997-03-15
P014516,52,Male,Medicaid,South,1973-11-15
P014517,28,Female,Medicare Advantage,West,1998-12-15
P014518,62,Female,Self-Pay,South,1963-10-15
P014519,71,Female,Self-Pay,South,1955-10-15
P014520,90,Male,Commercial,South,1935-03-15
P014521,59,Male,Medicare,Midwest,1967-10-15
P014522,54,Female,Medicare,Northeast,1971-05-15
P014523,74,Female,Medicaid,Midwest,1952-12-15
P014524,43,Female,Self-Pay,Northeast,1983-03-15
P014525,72,Female,Medicare,South,1954-10-15
P014526,43,Female,Commercial,West,1982-11-15
P014527,75,Female,Medicare Advantage,West,1950-06-15
P014528,25,Male,Medicaid,South,2001-07-15
P014529,74,Male,Self-Pay,South,1952-01-15
P014530,58,Female,Medicare,West,1967-03-15
P014531,71,Female,Medicare Advantage,Midwest,1955-07-15
P014532,69,Male,Medicare Advantage,West,1956-08-15
P014533,36,Female,Medicare Advantage,Northeast,1989-02-15
P014534,44,Male,Medicare,South,1981-10-15
P014535,56,Male,Medicare,Midwest,1970-01-15
P014536,51,Male,Medicare,South,1975-07-15
P014537,55,Male,Commercial,South,1970-07-15
P014538,65,Female,Medicare,South,1961-11-15
P014539,38,Female,Medicare,Northeast,1987-01-15
P014540,54,Male,Commercial,South,1972-03-15
P014541,51,Male,Self-Pay,Northeast,1974-02-15
P014542,85,Male,Commercial,South,1940-05-15
P014543,77,Female,Medicare,West,1949-10-15
P014544,37,Male,Workers Comp,Northeast,1989-10-15
P014545,73,Male,Medicare,South,1952-11-15
P014546,3,Female,Medicare,Midwest,2022-08-15
P014547,33,Female,Commercial,Midwest,1992-11-15
P014548,67,Female,Commercial,Midwest,1958-06-15
P014549,47,Female,Medicare,West,1978-09-15
P014550,31,Female,Medicaid,Midwest,1995-11-15
P014551,49,Female,Medicare,Midwest,1977-01-15
P014552,12,Male,Workers Comp,Midwest,2013-06-15
P014553,70,Male,Commercial,Northeast,1955-03-15
P014554,81,Female,Medicare,West,1944-03-15
P014555,65,Male,Medicaid,Midwest,1960-09-15
P014556,21,Female,Medicaid,South,2004-10-15
P014557,23,Female,Medicaid,South,2003-05-15
P014558,28,Male,Medicare,South,1998-08-15
P014559,54,Male,Medicare,South,1971-04-15
P014560,62,Male,Medicaid,West,1964-01-15
P014561,4,Female,Medicare,West,2022-07-15
P014562,65,Male,Workers Comp,West,1961-09-15
P014563,72,Female,Commercial,Midwest,1953-12-15
P014564,72,Female,Commercial,South,1954-03-15
P014565,67,Female,Medicare,Midwest,1959-05-15
P014566,53,Male,Commercial,Midwest,1972-08-15
P014567,71,Female,Medicare Advantage,Northeast,1955-12-15
P014568,39,Female,Medicare,South,1986-07-15
P014569,73,Male,Medicare,South,1952-10-15
P014570,50,Female,Commercial,West,1975-11-15
P014571,60,Male,Medicaid,West,1965-02-15
P014572,74,Male,Medicare,West,1951-03-15
P014573,57,Female,Medicare,West,1968-12-15
P014574,61,Female,Commercial,South,1965-09-15
P014575,22,Female,Medicare,West,2004-01-15
P014576,62,Male,Self-Pay,Northeast,1964-09-15
P014577,32,Female,Self-Pay,West,1993-03-15
P014578,45,Male,Commercial,South,1980-11-15
P014579,52,Female,Medicaid,South,1973-01-15
P014580,38,Female,Medicare,South,1988-04-15
P014581,57,Female,Medicare,Midwest,1968-03-15
P014582,91,Male,Medicare Advantage,Northeast,1935-03-15
P014583,5,Male,Medicare,South,2020-12-15
P014584,50,Male,Medicare,South,1975-02-15
P014585,43,Female,Medicare,Northeast,1983-11-15
P014586,55,Female,Medicaid,West,1971-04-15
P014587,51,Male,Commercial,Midwest,1974-03-15
P014588,36,Female,Commercial,South,1989-07-15
P014589,67,Other,Medicare Advantage,South,1958-06-15
P014590,5,Male,Medicare Advantage,Northeast,2021-04-15
P014591,50,Male,Medicaid,Midwest,1975-05-15
P014592,62,Male,Medicaid,South,1964-06-15
P014593,19,Female,Medicare,West,2006-03-15
P014594,61,Male,Commercial,Midwest,1964-02-15
P014595,53,Male,Self-Pay,South,1973-03-15
P014596,26,Female,Medicare Advantage,South,1999-11-15
P014597,78,Female,Medicare,West,1947-02-15
P014598,47,Male,Commercial,West,1978-07-15
P014599,8,Male,Self-Pay,West,2018-07-15
P014600,93,Female,Commercial,South,1932-06-15
P014601,38,Female,Medicare Advantage,West,1988-06-15
P014602,32,Female,Commercial,Midwest,1994-03-15
P014603,45,Female,Commercial,South,1980-11-15
P014604,33,Female,Medicaid,Midwest,1993-11-15
P014605,50,Male,Commercial,South,1975-08-15
P014606,61,Male,Commercial,West,1964-12-15
P014607,74,Female,Commercial,West,1951-04-15
P014608,79,Female,Medicare Advantage,West,1946-09-15
P014609,86,Female,Commercial,South,1939-01-15
P014610,63,Female,Commercial,Northeast,1962-03-15
P014611,79,Male,Commercial,Northeast,1946-12-15
P014612,75,Female,Self-Pay,West,1950-03-15
P014613,72,Male,Medicaid,South,1953-11-15
P014614,9,Male,Medicaid,Midwest,2017-10-15
P014615,31,Female,Medicare Advantage,South,1994-11-15
P014616,57,Female,Medicare,Midwest,1969-10-15
P014617,53,Male,Commercial,South,1973-07-15
P014618,70,Female,Medicaid,Northeast,1956-04-15
P014619,72,Male,Commercial,West,1953-04-15
P014620,75,Female,Medicare,Midwest,1951-07-15
P014621,62,Female,Medicare,South,1964-03-15
P014622,66,Male,Medicare Advantage,Midwest,1959-08-15
P014623,48,Female,Commercial,Midwest,1977-06-15
P014624,73,Male,Medicaid,South,1952-06-15
P014625,45,Female,Commercial,Northeast,1981-02-15
P014626,10,Female,Self-Pay,South,2015-03-15
P014627,48,Male,Commercial,West,1977-06-15
P014628,78,Male,Medicare,Midwest,1947-10-15
P014629,52,Female,Self-Pay,South,1974-01-15
P014630,52,Male,Self-Pay,South,1973-12-15
P014631,25,Male,Medicare Advantage,South,2000-05-15
P014632,79,Male,Commercial,South,1946-09-15
P014633,30,Female,Medicare Advantage,South,1996-11-15
P014634,6,Male,Commercial,South,2019-08-15
P014635,46,Male,Commercial,South,1980-04-15
P014636,68,Male,Self-Pay,South,1957-11-15
P014637,71,Male,Commercial,West,1954-06-15
P014638,11,Male,Commercial,Northeast,2014-11-15
P014639,26,Female,Medicare,Midwest,1999-11-15
P014640,82,Female,Medicare,South,1944-01-15
P014641,37,Male,Medicare Advantage,South,1988-11-15
P014642,53,Male,Medicaid,Midwest,1973-11-15
P014643,51,Male,Medicaid,Northeast,1974-08-15
P014644,75,Female,Medicaid,South,1951-05-15
P014645,68,Male,Commercial,Midwest,1957-03-15
P014646,19,Male,Medicare,Midwest,2007-03-15
P014647,39,Male,Medicare,South,1987-08-15
P014648,66,Male,Self-Pay,South,1960-01-15
P014649,48,Male,Self-Pay,South,1978-10-15
P014650,50,Female,Self-Pay,South,1975-03-15
P014651,94,Male,Medicare,Northeast,1932-03-15
P014652,64,Male,Commercial,West,1962-03-15
P014653,0,Female,Medicare Advantage,Midwest,2026-11-15
P014654,36,Female,Commercial,South,1990-02-15
P014655,44,Female,Medicare Advantage,South,1981-09-15
P014656,65,Male,Commercial,West,1960-09-15
P014657,16,Female,Medicaid,Midwest,2010-09-15
P014658,44,Female,Medicare,West,1982-03-15
P014659,96,Female,Commercial,West,1929-02-15
P014660,18,Male,Medicaid,West,2008-07-15
P014661,62,Male,Commercial,South,1963-09-15
P014662,78,Female,Medicare Advantage,Midwest,1947-01-15
P014663,25,Male,Commercial,South,2000-10-15
P014664,46,Male,Medicaid,West,1980-05-15
P014665,43,Male,Self-Pay,West,1983-07-15
P014666,49,Female,Medicare,Northeast,1977-12-15
P014667,68,Female,Medicare,Northeast,1958-12-15
P014668,22,Female,Medicare,South,2004-11-15
P014669,58,Male,Commercial,Midwest,1967-12-15
P014670,61,Male,Commercial,Northeast,1965-12-15
P014671,46,Female,Medicare,South,1980-06-15
P014672,20,Male,Commercial,Midwest,2006-01-15
P014673,47,Female,Medicare Advantage,Northeast,1979-12-15
P014674,76,Female,Self-Pay,South,1950-01-15
P014675,70,Female,Commercial,Midwest,1955-07-15
P014676,23,Female,Commercial,Midwest,2002-11-15
P014677,66,Male,Medicare,Northeast,1960-09-15
P014678,46,Female,Medicare,Midwest,1979-12-15
P014679,62,Female,Commercial,Midwest,1963-01-15
P014680,8,Male,Commercial,South,2018-12-15
P014681,28,Female,Medicaid,Northeast,1997-11-15
P014682,39,Female,Self-Pay,South,1986-09-15
P014683,4,Female,Medicare,Midwest,2022-08-15
P014684,18,Male,Commercial,South,2007-06-15
P014685,74,Female,Commercial,Midwest,1951-01-15
P014686,66,Female,Medicare,Midwest,1960-03-15
P014687,45,Male,Commercial,West,1981-07-15
P014688,25,Female,Medicare Advantage,South,2001-05-15
P014689,12,Female,Medicare,Midwest,2014-12-15
P014690,71,Male,Medicare,South,1955-11-15
P014691,26,Male,Commercial,Midwest,2000-01-15
P014692,76,Male,Medicare,Northeast,1950-08-15
P014693,39,Male,Medicare,South,1986-10-15
P014694,22,Male,Commercial,Northeast,2003-10-15
P014695,46,Female,Medicare,Midwest,1980-12-15
P014696,58,Male,Other,West,1968-09-15
P014697,78,Female,Commercial,South,1948-07-15
P014698,71,Female,Medicaid,West,1954-05-15
P014699,74,Female,Medicare,West,1952-01-15
P014700,47,Female,Medicaid,Midwest,1979-12-15
P014701,84,Female,Medicare,Midwest,1941-03-15
P014702,43,Female,Medicaid,West,1982-11-15
P014703,1,Female,Commercial,South,2025-08-15
P014704,20,Male,Medicare,South,2005-10-15
P014705,82,Male,Medicare,Midwest,1943-03-15
P014706,45,Female,Medicare,Northeast,1980-03-15
P014707,58,Female,Commercial,South,1967-06-15
P014708,65,Male,Commercial,Midwest,1960-09-15
P014709,75,Female,Medicare Advantage,Midwest,1951-06-15
P014710,28,Female,Medicare,South,1998-05-15
P014711,56,Female,Commercial,Midwest,1970-03-15
P014712,74,Male,Medicare Advantage,South,1951-07-15
P014713,54,Male,Workers Comp,Northeast,1971-10-15
P014714,92,Female,Commercial,South,1933-11-15
P014715,69,Male,Self-Pay,West,1956-07-15
P014716,77,Male,Commercial,West,1949-06-15
P014717,26,Female,Medicare,Northeast,1999-04-15
P014718,79,Male,Commercial,Northeast,1947-12-15
P014719,44,Female,Commercial,Northeast,1981-11-15
P014720,53,Male,Commercial,South,1972-03-15
P014721,67,Male,Commercial,West,1958-05-15
P014722,54,Female,Medicare Advantage,Midwest,1972-09-15
P014723,76,Male,Medicaid,South,1949-01-15
P014724,79,Female,Medicare,Northeast,1947-02-15
P014725,68,Female,Self-Pay,South,1958-04-15
P014726,67,Male,Commercial,South,1959-12-15
P014727,95,Male,Self-Pay,West,1930-06-15
P014728,90,Female,Medicaid,West,1935-07-15
P014729,41,Female,Medicare,Northeast,1984-07-15
P014730,28,Male,Commercial,South,1997-09-15
P014731,47,Female,Medicare,South,1979-02-15
P014732,73,Male,Medicare,South,1952-08-15
P014733,8,Female,Self-Pay,West,2018-12-15
P014734,32,Male,Commercial,South,1994-06-15
P014735,70,Male,Medicare,South,1956-04-15
P014736,17,Female,Commercial,Midwest,2009-01-15
P014737,51,Female,Commercial,South,1975-02-15
P014738,29,Female,Medicare,Midwest,1996-09-15
P014739,64,Male,Medicare Advantage,Midwest,1961-11-15
P014740,73,Female,Medicare,South,1953-08-15
P014741,50,Male,Medicare Advantage,West,1976-04-15
P014742,46,Male,Medicare Advantage,South,1979-04-15
P014743,89,Male,Medicare Advantage,South,1937-04-15
P014744,72,Female,Medicare,Northeast,1954-10-15
P014745,79,Female,Medicaid,South,1947-01-15
P014746,49,Male,Commercial,Midwest,1977-06-15
P014747,65,Male,Medicare,West,1961-12-15
P014748,7,Male,Medicaid,South,2018-11-15
P014749,89,Male,Self-Pay,South,1936-09-15
P014750,50,Female,Medicare,Midwest,1975-05-15
P014751,26,Male,Medicaid,West,2000-09-15
P014752,92,Male,Medicare,Northeast,1934-12-15
P014753,83,Male,Medicaid,South,1943-06-15
P014754,67,Male,Other,Midwest,1959-07-15
P014755,88,Female,Medicare Advantage,South,1938-03-15
P014756,95,Female,Medicare,Midwest,1930-06-15
P014757,79,Male,Medicare,West,1947-05-15
P014758,30,Male,Medicare,West,1995-09-15
P014759,36,Female,Medicare,West,1989-09-15
P014760,67,Female,Commercial,West,1959-05-15
P014761,66,Female,Commercial,South,1959-09-15
P014762,46,Male,Medicare,Northeast,1979-03-15
P014763,23,Female,Medicare,Midwest,2003-04-15
P014764,73,Female,Medicare Advantage,West,1952-10-15
P014765,66,Male,Commercial,Midwest,1959-06-15
P014766,38,Female,Commercial,South,1987-12-15
P014767,10,Female,Medicare Advantage,West,2016-11-15
P014768,33,Male,Commercial,South,1992-03-15
P014769,64,Female,Medicare,Midwest,1962-07-15
P014770,19,Female,Medicare Advantage,Northeast,2007-12-15
P014771,91,Male,Commercial,South,1934-02-15
P014772,49,Male,Self-Pay,West,1976-08-15
P014773,67,Male,Medicare,South,1958-12-15
P014774,78,Female,Commercial,West,1947-05-15
P014775,89,Male,Commercial,South,1937-01-15
P014776,63,Female,Commercial,Northeast,1962-12-15
P014777,51,Female,Medicare,South,1974-11-15
P014778,36,Female,Medicare,Northeast,1989-05-15
P014779,57,Female,Medicare Advantage,South,1968-07-15
P014780,44,Female,Self-Pay,West,1982-06-15
P014781,37,Female,Commercial,Midwest,1988-02-15
P014782,39,Male,Medicare,West,1987-03-15
P014783,42,Male,Medicare,West,1984-11-15
P014784,80,Female,Commercial,Northeast,1946-12-15
P014785,60,Male,Other,South,1966-07-15
P014786,28,Male,Medicare,Midwest,1998-06-15
P014787,31,Female,Commercial,Northeast,1995-01-15
P014788,67,Male,Commercial,West,1959-02-15
P014789,0,Male,Medicare,West,2025-04-15
P014790,53,Female,Commercial,Midwest,1972-01-15
P014791,70,Female,Commercial,West,1956-10-15
P014792,48,Male,Medicare,Midwest,1977-04-15
P014793,5,Female,Commercial,South,2021-01-15
P014794,29,Female,Commercial,South,1996-03-15
P014795,2,Male,Commercial,West,2023-05-15
P014796,43,Female,Commercial,Northeast,1983-08-15
P014797,79,Male,Medicaid,Northeast,1946-11-15
P014798,72,Female,Medicare Advantage,South,1954-09-15
P014799,11,Male,Commercial,Northeast,2014-01-15
P014800,66,Male,Commercial,South,1959-01-15
P014801,32,Male,Medicare,Midwest,1993-05-15
P014802,40,Male,Self-Pay,South,1985-11-15
P014803,49,Female,Self-Pay,Midwest,1976-12-15
P014804,51,Female,Medicaid,West,1975-06-15
P014805,88,Female,Medicare,South,1938-11-15
P014806,32,Female,Medicare,South,1993-01-15
P014807,75,Female,Medicaid,South,1951-03-15
P014808,31,Male,Commercial,South,1994-01-15
P014809,86,Female,Medicare,Midwest,1939-04-15
P014810,70,Female,Medicare Advantage,South,1956-02-15
P014811,61,Male,Commercial,Midwest,1965-07-15
P014812,46,Female,Medicare,South,1980-02-15
P014813,79,Male,Medicaid,Northeast,1947-04-15
P014814,91,Female,Medicaid,South,1934-07-15
P014815,41,Female,Medicare,South,1984-04-15
P014816,74,Female,Medicaid,West,1951-07-15
P014817,67,Female,Commercial,South,1958-11-15
P014818,49,Male,Other,South,1976-09-15
P014819,78,Female,Medicare Advantage,West,1948-05-15
P014820,10,Male,Medicare Advantage,West,2015-07-15
P014821,74,Male,Medicaid,South,1952-09-15
P014822,57,Male,Commercial,Northeast,1968-04-15
P014823,44,Male,Medicare Advantage,West,1982-03-15
P014824,48,Female,Self-Pay,Northeast,1978-07-15
P014825,29,Female,Medicare,South,1996-11-15
P014826,62,Male,Commercial,West,1963-06-15
P014827,50,Female,Workers Comp,South,1975-01-15
P014828,24,Male,Commercial,South,2001-04-15
P014829,71,Female,Commercial,West,1955-06-15
P014830,27,Male,Medicaid,South,1998-04-15
P014831,2,Female,Medicare,Northeast,2024-01-15
P014832,83,Female,Medicaid,Northeast,1942-11-15
P014833,89,Male,Medicare,Northeast,1937-08-15
P014834,18,Female,Commercial,Northeast,2008-06-15
P014835,61,Female,Commercial,Northeast,1964-11-15
P014836,42,Female,Medicare,Northeast,1983-04-15
P014837,75,Other,Medicaid,Midwest,1951-01-15
P014838,34,Male,Medicaid,Northeast,1992-04-15
P014839,65,Female,Medicare Advantage,South,1960-12-15
P014840,56,Male,Medicare Advantage,South,1969-03-15
P014841,6,Female,Medicaid,South,2019-03-15
P014842,45,Female,Medicare Advantage,South,1980-03-15
P014843,93,Female,Medicaid,Northeast,1932-02-15
P014844,35,Male,Commercial,South,1990-05-15
P014845,55,Male,Medicaid,Midwest,1971-06-15
P014846,59,Male,Self-Pay,West,1966-08-15
P014847,29,Male,Other,South,1996-04-15
P014848,93,Female,Medicare Advantage,Midwest,1932-02-15
P014849,75,Female,Medicare,South,1950-09-15
P014850,36,Male,Commercial,South,1989-05-15
P014851,51,Female,Medicare Advantage,Midwest,1975-06-15
P014852,59,Male,Medicaid,Northeast,1966-12-15
P014853,9,Male,Commercial,South,2016-11-15
P014854,63,Male,Medicare Advantage,South,1963-06-15
P014855,56,Male,Medicare,West,1969-01-15
P014856,59,Male,Other,South,1967-06-15
P014857,44,Female,Medicare,South,1981-08-15
P014858,2,Male,Medicaid,West,2024-08-15
P014859,58,Female,Medicaid,Northeast,1967-12-15
P014860,55,Female,Commercial,Midwest,1970-11-15
P014861,68,Male,Medicaid,South,1958-09-15
P014862,38,Male,Commercial,West,1988-08-15
P014863,51,Male,Medicaid,South,1974-04-15
P014864,49,Male,Commercial,West,1976-07-15
P014865,52,Male,Self-Pay,Midwest,1974-06-15
P014866,19,Female,Commercial,South,2006-12-15
P014867,93,Male,Commercial,West,1932-10-15
P014868,35,Male,Self-Pay,Midwest,1990-09-15
P014869,33,Female,Medicare,Midwest,1993-10-15
P014870,68,Male,Medicare Advantage,West,1958-09-15
P014871,55,Female,Medicare,Midwest,1970-03-15
P014872,65,Male,Medicaid,Northeast,1961-06-15
P014873,76,Female,Commercial,Northeast,1949-01-15
P014874,85,Male,Self-Pay,Northeast,1940-04-15
P014875,37,Male,Workers Comp,South,1989-06-15
P014876,45,Male,Medicaid,South,1980-07-15
P014877,50,Male,Medicare Advantage,West,1975-08-15
P014878,60,Female,Commercial,Midwest,1966-07-15
P014879,83,Male,Self-Pay,West,1942-08-15
P014880,38,Male,Commercial,Northeast,1987-03-15
P014881,77,Female,Commercial,Northeast,1948-03-15
P014882,56,Male,Medicare,West,1970-05-15
P014883,37,Female,Medicaid,West,1988-12-15
P014884,60,Male,Medicare Advantage,Midwest,1965-02-15
P014885,54,Male,Commercial,South,1972-12-15
P014886,20,Female,Commercial,Midwest,2006-02-15
P014887,63,Male,Medicare,South,1962-04-15
P014888,64,Female,Commercial,South,1962-04-15
P014889,45,Female,Medicare,West,1981-07-15
P014890,70,Male,Commercial,West,1955-02-15
P014891,1,Male,Commercial,South,2025-12-15
P014892,30,Male,Medicare Advantage,Midwest,1996-08-15
P014893,67,Male,Commercial,Midwest,1959-09-15
P014894,75,Male,Medicare Advantage,Midwest,1951-04-15
P014895,80,Female,Medicare,South,1945-10-15
P014896,65,Female,Commercial,Midwest,1961-06-15
P014897,71,Male,Medicaid,South,1955-12-15
P014898,75,Male,Commercial,West,1951-02-15
P014899,32,Female,Commercial,Midwest,1994-12-15
P014900,11,Male,Medicare Advantage,West,2014-03-15
P014901,14,Male,Commercial,South,2012-07-15
P014902,38,Female,Commercial,West,1987-08-15
P014903,52,Female,Medicare,Northeast,1974-01-15
P014904,16,Male,Medicare Advantage,South,2010-08-15
P014905,74,Male,Self-Pay,Northeast,1952-10-15
P014906,17,Female,Medicare,West,2008-01-15
P014907,42,Male,Medicaid,South,1984-03-15
P014908,41,Female,Self-Pay,Midwest,1984-04-15
P014909,46,Male,Medicaid,Midwest,1979-02-15
P014910,12,Female,Commercial,Midwest,2013-01-15
P014911,21,Male,Commercial,Midwest,2005-04-15
P014912,26,Male,Other,Northeast,1999-06-15
P014913,18,Female,Self-Pay,South,2008-03-15
P014914,13,Male,Medicaid,Northeast,2013-01-15
P014915,61,Female,Commercial,South,1965-06-15
P014916,73,Male,Medicare Advantage,West,1953-04-15
P014917,86,Male,Medicare,South,1939-10-15
P014918,63,Female,Medicare,South,1962-07-15
P014919,68,Male,Medicare,Northeast,1958-12-15
P014920,90,Male,Medicaid,Midwest,1935-10-15
P014921,74,Male,Commercial,West,1952-12-15
P014922,76,Male,Commercial,South,1950-05-15
P014923,54,Female,Medicaid,Northeast,1972-10-15
P014924,62,Male,Commercial,West,1963-06-15
P014925,47,Male,Commercial,Northeast,1978-12-15
P014926,59,Male,Self-Pay,South,1967-09-15
P014927,26,Female,Medicare,South,2000-06-15
P014928,47,Female,Medicare,West,1978-01-15
P014929,18,Male,Commercial,Northeast,2007-12-15
P014930,76,Female,Medicare,Midwest,1950-06-15
P014931,63,Female,Commercial,West,1963-04-15
P014932,56,Male,Commercial,West,1969-04-15
P014933,50,Male,Medicare,South,1975-06-15
P014934,18,Male,Medicare,South,2008-10-15
P014935,56,Male,Medicaid,South,1969-09-15
P014936,2,Male,Medicare,Northeast,2024-02-15
P014937,71,Female,Commercial,Northeast,1954-07-15
P014938,57,Male,Commercial,Northeast,1969-11-15
P014939,19,Female,Medicare,South,2007-05-15
P014940,70,Male,Other,West,1955-01-15
P014941,35,Female,Medicare,Midwest,1991-03-15
P014942,73,Male,Self-Pay,Midwest,1953-01-15
P014943,61,Female,Commercial,South,1964-02-15
P014944,61,Male,Commercial,Northeast,1965-09-15
P014945,90,Female,Other,South,1935-01-15
P014946,58,Female,Medicare,West,1967-07-15
P014947,70,Female,Other,West,1956-12-15
P014948,50,Male,Medicare Advantage,Midwest,1976-01-15
P014949,47,Male,Medicaid,Northeast,1979-08-15
P014950,50,Male,Medicare,Midwest,1976-06-15
P014951,67,Male,Commercial,South,1958-02-15
P014952,18,Male,Commercial,West,2007-05-15
P014953,35,Male,Workers Comp,South,1991-09-15
P014954,73,Male,Medicare,South,1952-04-15
P014955,27,Female,Medicare Advantage,South,1999-03-15
P014956,56,Male,Medicare,West,1969-04-15
P014957,29,Male,Medicaid,West,1997-06-15
P014958,69,Male,Commercial,Midwest,1956-09-15
P014959,66,Female,Medicaid,South,1959-11-15
P014960,57,Male,Medicare,Midwest,1968-11-15
P014961,38,Female,Medicare,Midwest,1988-03-15
P014962,73,Female,Commercial,South,1953-06-15
P014963,85,Female,Medicare,Midwest,1940-06-15
P014964,64,Female,Medicare,West,1962-10-15
P014965,57,Female,Medicare Advantage,Midwest,1968-11-15
P014966,24,Male,Other,South,2002-04-15
P014967,18,Female,Medicare,South,2007-11-15
P014968,61,Male,Commercial,Northeast,1964-11-15
P014969,23,Male,Medicare,West,2002-02-15
P014970,34,Female,Self-Pay,South,1992-07-15
P014971,69,Female,Commercial,West,1957-11-15
P014972,67,Female,Medicare,West,1958-03-15
P014973,15,Female,Medicaid,Northeast,2011-04-15
P014974,71,Male,Medicare Advantage,West,1955-08-15
P014975,55,Male,Medicare,Northeast,1971-03-15
P014976,15,Male,Medicare,West,2011-10-15
P014977,60,Female,Commercial,Northeast,1966-05-15
P014978,47,Male,Self-Pay,Midwest,1979-11-15
P014979,85,Female,Medicare,Midwest,1941-01-15
P014980,50,Female,Medicaid,Midwest,1976-06-15
P014981,40,Male,Medicare,West,1985-11-15
P014982,72,Male,Medicare,South,1953-04-15
P014983,68,Male,Commercial,South,1957-09-15
P014984,74,Male,Medicaid,South,1952-04-15
P014985,69,Female,Medicare,West,1957-01-15
P014986,73,Female,Commercial,Northeast,1952-06-15
P014987,74,Male,Medicare Advantage,Northeast,1951-11-15
P014988,41,Male,Commercial,Midwest,1985-01-15
P014989,23,Female,Medicare,West,2002-09-15
P014990,69,Female,Medicare,West,1956-04-15
P014991,31,Male,Commercial,South,1994-03-15
P014992,30,Female,Commercial,Midwest,1996-10-15
P014993,60,Female,Commercial,South,1966-11-15
P014994,58,Female,Commercial,Midwest,1968-09-15
P014995,73,Other,Medicare,Northeast,1953-12-15
P014996,79,Female,Commercial,South,1946-02-15
P014997,75,Female,Medicare,Midwest,1950-03-15
P014998,79,Female,Medicare,South,1947-09-15
P014999,75,Male,Medicare,Midwest,1950-11-15
P015000,71,Female,Commercial,Midwest,1954-04-15
P015001,56,Male,Commercial,Midwest,1969-02-15
P015002,93,Female,Commercial,Northeast,1932-06-15
P015003,77,Male,Medicare Advantage,Northeast,1948-10-15
P015004,69,Female,Commercial,South,1956-05-15
P015005,4,Female,Medicare Advantage,Northeast,2022-10-15
P015006,31,Female,Commercial,Midwest,1994-07-15
P015007,94,Male,Commercial,West,1931-07-15
P015008,24,Male,Medicaid,Northeast,2001-01-15
P015009,80,Female,Medicare,Northeast,1945-12-15
P015010,12,Female,Commercial,Midwest,2014-05-15
P015011,71,Female,Medicare Advantage,West,1954-09-15
P015012,44,Male,Commercial,Midwest,1981-07-15
P015013,30,Male,Medicare,South,1996-08-15
P015014,73,Female,Medicaid,South,1952-09-15
P015015,84,Female,Medicare,South,1942-04-15
P015016,32,Female,Commercial,Midwest,1993-09-15
P015017,37,Male,Medicare Advantage,South,1988-11-15
P015018,55,Male,Medicare,South,1971-02-15
P015019,25,Female,Commercial,West,2000-02-15
P015020,91,Other,Medicare,West,1934-01-15
P015021,48,Male,Medicare,South,1978-11-15
P015022,47,Female,Commercial,South,1978-08-15
P015023,70,Male,Medicare,West,1956-08-15
P015024,74,Female,Self-Pay,South,1952-06-15
P015025,66,Male,Medicare,Northeast,1960-02-15
P015026,18,Male,Commercial,Midwest,2008-12-15
P015027,45,Female,Commercial,South,1981-07-15
P015028,33,Male,Medicare Advantage,Northeast,1993-07-15
P015029,29,Male,Medicare Advantage,South,1996-04-15
P015030,33,Male,Medicare,West,1993-07-15
P015031,30,Male,Medicare,Midwest,1996-03-15
P015032,82,Female,Medicare,Midwest,1944-12-15
P015033,28,Female,Commercial,South,1998-06-15
P015034,61,Female,Self-Pay,Midwest,1965-05-15
P015035,42,Female,Medicare Advantage,South,1983-02-15
P015036,53,Female,Medicaid,Midwest,1972-11-15
P015037,19,Female,Medicare,West,2006-03-15
P015038,24,Female,Medicare,South,2001-03-15
P015039,90,Female,Medicare Advantage,Midwest,1936-01-15
P015040,86,Female,Medicare,Northeast,1940-12-15
P015041,56,Male,Medicare,South,1970-01-15
P015042,48,Female,Self-Pay,Northeast,1977-09-15
P015043,36,Female,Medicaid,South,1989-07-15
P015044,46,Male,Commercial,Northeast,1979-04-15
P015045,39,Female,Commercial,Northeast,1987-05-15
P015046,74,Female,Medicare,West,1952-04-15
P015047,39,Female,Commercial,South,1986-10-15
P015048,64,Male,Commercial,Northeast,1961-04-15
P015049,20,Female,Medicare Advantage,Northeast,2005-09-15
P015050,50,Female,Medicare Advantage,South,1976-02-15
P015051,74,Male,Medicare,South,1952-05-15
P015052,19,Female,Commercial,South,2006-04-15
P015053,18,Female,Medicare,South,2008-11-15
P015054,64,Female,Medicare,Midwest,1962-10-15
P015055,59,Female,Medicare Advantage,Midwest,1966-12-15
P015056,6,Female,Commercial,Midwest,2020-03-15
P015057,71,Female,Commercial,Northeast,1954-12-15
P015058,54,Female,Commercial,Northeast,1971-02-15
P015059,54,Male,Medicare,Northeast,1972-11-15
P015060,38,Female,Other,South,1987-05-15
P015061,33,Female,Commercial,Midwest,1992-03-15
P015062,48,Male,Medicare,Midwest,1978-02-15
P015063,65,Female,Medicare Advantage,South,1961-03-15
P015064,48,Female,Medicare,South,1977-05-15
P015065,39,Female,Medicare Advantage,West,1987-07-15
P015066,53,Male,Medicare,West,1972-09-15
P015067,26,Female,Medicare,West,2000-10-15
P015068,70,Female,Medicare,Northeast,1956-03-15
P015069,78,Female,Other,South,1948-03-15
P015070,42,Female,Medicaid,Midwest,1983-11-15
P015071,40,Male,Medicare Advantage,Northeast,1986-08-15
P015072,43,Male,Medicaid,West,1982-11-15
P015073,3,Female,Medicare Advantage,Northeast,2023-03-15
P015074,50,Female,Medicare Advantage,Midwest,1975-12-15
P015075,38,Male,Medicaid,Northeast,1987-01-15
P015076,48,Male,Self-Pay,South,1978-12-15
P015077,3,Male,Other,West,2023-03-15
P015078,40,Female,Medicare,Midwest,1986-10-15
P015079,26,Female,Medicare,South,2000-07-15
P015080,3,Female,Medicaid,South,2022-06-15
P015081,17,Male,Other,West,2009-01-15
P015082,36,Female,Commercial,Midwest,1990-04-15
P015083,65,Female,Medicare Advantage,West,1961-05-15
P015084,83,Male,Medicare Advantage,Northeast,1942-06-15
P015085,69,Male,Medicaid,South,1956-03-15
P015086,60,Female,Medicare,South,1966-09-15
P015087,83,Male,Commercial,South,1942-01-15
P015088,66,Male,Commercial,Midwest,1959-05-15
P015089,55,Female,Medicare,Midwest,1970-10-15
P015090,76,Female,Medicaid,Northeast,1950-04-15
P015091,81,Female,Commercial,West,1944-08-15
P015092,29,Male,Medicare,Northeast,1996-12-15
P015093,71,Male,Medicare,Midwest,1955-12-15
P015094,68,Female,Medicare,South,1958-08-15
P015095,5,Male,Commercial,South,2020-07-15
P015096,26,Male,Medicaid,South,2000-09-15
P015097,52,Male,Medicare,South,1974-02-15
P015098,65,Male,Medicare Advantage,South,1960-11-15
P015099,61,Female,Medicare,Midwest,1965-05-15
P015100,88,Female,Self-Pay,South,1938-04-15
P015101,8,Female,Medicaid,Midwest,2018-09-15
P015102,65,Female,Medicaid,Northeast,1960-09-15
P015103,51,Male,Commercial,Northeast,1975-09-15
P015104,51,Male,Commercial,West,1975-10-15
P015105,82,Female,Medicare Advantage,South,1943-08-15
P015106,25,Female,Medicare,Midwest,2001-10-15
P015107,60,Male,Commercial,Northeast,1965-06-15
P015108,78,Female,Medicare,Northeast,1948-01-15
P015109,36,Male,Medicare,West,1989-11-15
P015110,47,Female,Commercial,Northeast,1978-08-15
P015111,43,Other,Medicare,Northeast,1983-11-15
P015112,20,Female,Medicare,South,2005-11-15
P015113,61,Male,Self-Pay,Northeast,1965-05-15
P015114,46,Male,Medicare,South,1980-09-15
P015115,54,Female,Medicare,South,1971-08-15
P015116,79,Male,Medicare Advantage,West,1946-12-15
P015117,41,Male,Medicare,West,1984-02-15
P015118,92,Male,Medicare,Midwest,1933-08-15
P015119,18,Female,Self-Pay,South,2008-10-15
P015120,24,Male,Self-Pay,West,2002-01-15
P015121,69,Other,Medicaid,Midwest,1956-06-15
P015122,45,Female,Commercial,Midwest,1981-12-15
P015123,79,Male,Medicare,Midwest,1946-07-15
P015124,47,Female,Commercial,Midwest,1978-08-15
P015125,58,Male,Self-Pay,Midwest,1967-02-15
P015126,35,Other,Medicare Advantage,South,1991-05-15
P015127,68,Female,Medicare Advantage,West,1957-04-15
P015128,67,Male,Medicare,West,1958-01-15
P015129,9,Female,Workers Comp,Northeast,2017-03-15
P015130,12,Male,Medicare,South,2013-07-15
P015131,2,Male,Medicare,South,2023-06-15
P015132,76,Male,Self-Pay,Midwest,1949-10-15
P015133,49,Female,Commercial,Northeast,1977-01-15
P015134,57,Male,Commercial,Midwest,1969-04-15
P015135,55,Female,Medicare,West,1971-03-15
P015136,64,Male,Commercial,Midwest,1962-07-15
P015137,17,Male,Medicare Advantage,South,2009-07-15
P015138,61,Female,Self-Pay,South,1964-07-15
P015139,35,Male,Medicaid,Midwest,1990-01-15
P015140,72,Female,Medicare,South,1953-01-15
P015141,78,Female,Commercial,West,1948-10-15
P015142,21,Female,Commercial,West,2005-10-15
P015143,59,Female,Commercial,South,1967-12-15
P015144,74,Female,Commercial,Northeast,1952-06-15
P015145,18,Female,Self-Pay,West,2008-03-15
P015146,43,Female,Medicare,Midwest,1983-06-15
P015147,39,Other,Medicare,South,1987-10-15
P015148,65,Female,Commercial,South,1961-05-15
P015149,61,Female,Self-Pay,South,1964-10-15
P015150,21,Female,Self-Pay,West,2005-04-15
P015151,71,Female,Commercial,West,1954-09-15
P015152,29,Male,Self-Pay,South,1996-03-15
P015153,39,Male,Self-Pay,West,1986-12-15
P015154,48,Male,Medicaid,West,1977-07-15
P015155,35,Female,Medicaid,South,1991-09-15
P015156,63,Male,Medicare,Midwest,1962-12-15
P015157,25,Male,Commercial,Midwest,2000-07-15
P015158,46,Male,Medicare Advantage,Midwest,1980-07-15
P015159,35,Female,Medicare,West,1991-06-15
P015160,77,Male,Medicare,West,1949-06-15
P015161,30,Female,Medicare,South,1995-08-15
P015162,88,Male,Medicare,West,1938-09-15
P015163,79,Male,Medicare Advantage,South,1947-12-15
P015164,41,Female,Medicare,West,1984-12-15
P015165,52,Male,Medicare,West,1973-06-15
P015166,76,Female,Medicare Advantage,South,1949-09-15
P015167,66,Female,Medicaid,West,1959-03-15
P015168,37,Female,Medicare Advantage,West,1989-10-15
P015169,23,Male,Medicare,South,2002-03-15
P015170,46,Male,Commercial,Northeast,1979-04-15
P015171,34,Male,Medicare Advantage,Midwest,1991-06-15
P015172,41,Female,Medicare,South,1984-07-15
P015173,76,Male,Medicare,West,1950-10-15
P015174,52,Male,Medicare,South,1974-12-15
P015175,37,Male,Other,Midwest,1988-09-15
P015176,57,Male,Medicare,West,1968-09-15
P015177,62,Male,Medicare,Midwest,1963-07-15
P015178,46,Male,Medicare,South,1979-04-15
P015179,5,Male,Medicare,West,2021-09-15
P015180,78,Male,Medicaid,Midwest,1947-08-15
P015181,43,Male,Medicare Advantage,South,1982-10-15
P015182,32,Male,Medicare,West,1993-02-15
P015183,45,Female,Medicare,South,1981-08-15
P015184,64,Male,Medicaid,South,1962-07-15
P015185,55,Male,Medicaid,Northeast,1971-12-15
P015186,76,Female,Self-Pay,South,1949-12-15
P015187,95,Male,Medicaid,Northeast,1930-03-15
P015188,32,Female,Commercial,Northeast,1994-10-15
P015189,52,Other,Commercial,West,1973-01-15
P015190,63,Female,Medicaid,West,1962-11-15
P015191,42,Male,Workers Comp,West,1984-03-15
P015192,65,Male,Self-Pay,Midwest,1961-01-15
P015193,59,Male,Medicare Advantage,South,1967-08-15
P015194,67,Male,Medicaid,South,1959-06-15
P015195,77,Female,Medicare,Midwest,1949-04-15
P015196,53,Female,Self-Pay,South,1972-08-15
P015197,20,Female,Commercial,West,2006-05-15
P015198,43,Female,Medicare,Midwest,1983-08-15
P015199,29,Female,Commercial,Midwest,1996-06-15
P015200,74,Female,Medicare Advantage,South,1952-12-15
P015201,27,Male,Medicare,Midwest,1999-12-15
P015202,70,Female,Self-Pay,West,1955-08-15
P015203,39,Male,Medicaid,South,1986-12-15
P015204,90,Female,Medicare,Midwest,1936-12-15
P015205,1,Female,Medicare,West,2025-03-15
P015206,58,Female,Medicare Advantage,South,1968-09-15
P015207,22,Male,Medicare,South,2003-09-15
P015208,64,Male,Commercial,Midwest,1962-01-15
P015209,53,Female,Commercial,West,1972-02-15
P015210,41,Male,Commercial,West,1985-09-15
P015211,71,Male,Medicaid,Midwest,1954-08-15
P015212,94,Male,Medicare Advantage,Midwest,1931-09-15
P015213,92,Female,Medicare,South,1933-03-15
P015214,35,Male,Commercial,South,1991-08-15
P015215,53,Male,Medicare,Midwest,1972-08-15
P015216,78,Female,Commercial,Midwest,1948-11-15
P015217,52,Female,Medicare,Northeast,1973-03-15
P015218,37,Female,Commercial,South,1989-05-15
P015219,21,Male,Commercial,South,2004-06-15
P015220,57,Female,Medicare Advantage,West,1968-10-15
P015221,21,Female,Medicare Advantage,South,2005-07-15
P015222,25,Female,Self-Pay,South,2000-08-15
P015223,38,Male,Commercial,Northeast,1988-10-15
P015224,65,Female,Medicare,West,1960-05-15
P015225,72,Female,Commercial,Midwest,1953-10-15
P015226,72,Male,Medicare Advantage,West,1954-05-15
P015227,56,Female,Commercial,Midwest,1969-10-15
P015228,79,Male,Medicare Advantage,Northeast,1946-04-15
P015229,79,Female,Commercial,Midwest,1947-09-15
P015230,34,Female,Workers Comp,Northeast,1992-03-15
P015231,40,Female,Commercial,South,1985-03-15
P015232,68,Female,Commercial,West,1957-03-15
P015233,48,Male,Medicaid,South,1978-02-15
P015234,27,Male,Medicare,Northeast,1998-04-15
P015235,16,Male,Commercial,South,2010-11-15
P015236,54,Female,Medicare Advantage,Northeast,1972-08-15
P015237,56,Male,Medicare,West,1970-10-15
P015238,68,Other,Medicare,West,1958-04-15
P015239,50,Female,Medicare,Northeast,1975-11-15
P015240,54,Male,Commercial,Midwest,1971-01-15
P015241,62,Female,Medicare Advantage,Midwest,1964-03-15
P015242,37,Female,Medicare Advantage,Northeast,1988-05-15
P015243,95,Male,Commercial,Midwest,1931-01-15
P015244,3,Female,Workers Comp,West,2023-12-15
P015245,48,Male,Self-Pay,Midwest,1978-08-15
P015246,48,Male,Medicare,South,1978-02-15
P015247,66,Female,Self-Pay,West,1960-10-15
P015248,69,Female,Commercial,Midwest,1956-08-15
P015249,32,Female,Medicare,Northeast,1993-01-15
P015250,70,Female,Medicare,West,1955-08-15
P015251,68,Male,Medicaid,West,1958-05-15
P015252,26,Female,Medicare,West,1999-04-15
P015253,18,Male,Medicaid,South,2007-12-15
P015254,79,Female,Medicaid,West,1947-05-15
P015255,31,Female,Medicaid,Midwest,1994-04-15
P015256,93,Male,Medicaid,Midwest,1932-12-15
P015257,93,Male,Commercial,Northeast,1932-12-15
P015258,41,Female,Commercial,Northeast,1985-05-15
P015259,33,Male,Medicare,Northeast,1992-09-15
P015260,38,Male,Commercial,Midwest,1987-01-15
P015261,21,Male,Medicare,South,2004-07-15
P015262,55,Male,Commercial,West,1970-01-15
P015263,95,Female,Medicare Advantage,South,1931-05-15
P015264,41,Male,Medicaid,West,1985-02-15
P015265,74,Male,Commercial,South,1952-04-15
P015266,7,Female,Medicare Advantage,South,2019-12-15
P015267,47,Female,Medicare Advantage,Northeast,1978-09-15
P015268,76,Female,Medicare,South,1949-07-15
P015269,76,Male,Medicare,South,1949-09-15
P015270,67,Female,Medicare,Midwest,1959-11-15
P015271,43,Female,Medicare,West,1982-10-15
P015272,65,Male,Medicare,South,1960-09-15
P015273,55,Male,Medicaid,Midwest,1971-02-15
P015274,37,Male,Commercial,Midwest,1988-09-15
P015275,57,Female,Self-Pay,Northeast,1968-09-15
P015276,2,Female,Commercial,Midwest,2024-08-15
P015277,50,Female,Medicaid,West,1976-02-15
P015278,38,Female,Medicare,Northeast,1988-06-15
P015279,41,Female,Medicaid,West,1984-09-15
P015280,64,Male,Commercial,West,1962-10-15
P015281,34,Male,Medicare,South,1991-04-15
P015282,53,Female,Commercial,South,1973-01-15
P015283,65,Female,Medicare Advantage,Midwest,1960-09-15
P015284,69,Male,Self-Pay,West,1957-01-15
P015285,86,Female,Medicaid,West,1939-06-15
P015286,52,Male,Medicare,West,1973-09-15
P015287,57,Male,Medicare Advantage,Northeast,1969-01-15
P015288,40,Female,Medicaid,Midwest,1985-08-15
P015289,12,Female,Medicaid,Northeast,2013-03-15
P015290,38,Female,Medicare,South,1987-06-15
P015291,83,Female,Medicare,South,1942-09-15
P015292,55,Female,Self-Pay,West,1970-06-15
P015293,70,Male,Medicare,West,1955-02-15
P015294,45,Female,Commercial,West,1981-10-15
P015295,76,Female,Medicaid,South,1950-04-15
P015296,43,Female,Medicare,South,1982-04-15
P015297,29,Female,Medicaid,South,1997-04-15
P015298,58,Male,Medicare Advantage,Northeast,1968-01-15
P015299,90,Female,Medicare,Northeast,1935-05-15
P015300,73,Female,Other,South,1953-12-15
P015301,47,Male,Commercial,South,1978-01-15
P015302,84,Female,Medicare,South,1942-12-15
P015303,31,Female,Commercial,South,1995-09-15
P015304,58,Female,Self-Pay,Midwest,1968-10-15
P015305,91,Male,Medicare,Northeast,1934-09-15
P015306,27,Male,Medicare,South,1999-01-15
P015307,74,Male,Medicaid,West,1951-01-15
P015308,63,Female,Commercial,West,1962-08-15
P015309,47,Male,Medicare,Midwest,1978-06-15
P015310,64,Male,Self-Pay,South,1962-02-15
P015311,25,Female,Self-Pay,West,2000-10-15
P015312,85,Female,Medicaid,Northeast,1940-06-15
P015313,84,Male,Medicare,Midwest,1941-01-15
P015314,42,Female,Medicare,West,1984-09-15
P015315,65,Male,Medicare,Midwest,1961-07-15
P015316,43,Female,Medicare,West,1982-10-15
P015317,80,Female,Commercial,South,1946-11-15
P015318,44,Female,Commercial,Midwest,1981-10-15
P015319,72,Female,Commercial,West,1954-06-15
P015320,67,Male,Medicare,Northeast,1959-05-15
P015321,75,Female,Medicare,Midwest,1951-12-15
P015322,33,Female,Medicare Advantage,West,1992-04-15
P015323,25,Female,Medicare,Northeast,2001-03-15
P015324,39,Female,Medicare,West,1987-05-15
P015325,60,Female,Medicare,South,1966-03-15
P015326,28,Male,Medicare,South,1998-01-15
P015327,79,Male,Medicare,Northeast,1946-09-15
P015328,78,Female,Commercial,South,1947-10-15
P015329,89,Male,Medicare Advantage,South,1936-09-15
P015330,29,Female,Commercial,West,1997-12-15
P015331,22,Female,Medicaid,South,2003-10-15
P015332,14,Male,Medicaid,West,2011-08-15
P015333,76,Male,Medicaid,South,1950-11-15
P015334,56,Female,Medicare,West,1969-01-15
P015335,25,Female,Medicare,Northeast,2001-06-15
P015336,83,Male,Commercial,South,1943-07-15
P015337,41,Female,Commercial,Midwest,1985-09-15
P015338,12,Female,Medicare Advantage,Northeast,2014-03-15
P015339,68,Female,Commercial,South,1958-10-15
P015340,79,Male,Medicare,South,1946-06-15
P015341,48,Female,Commercial,Northeast,1978-01-15
P015342,51,Female,Self-Pay,South,1975-02-15
P015343,50,Female,Commercial,South,1975-01-15
P015344,19,Female,Medicare,Northeast,2007-05-15
P015345,60,Male,Commercial,Midwest,1966-07-15
P015346,33,Female,Medicare Advantage,West,1993-08-15
P015347,55,Male,Commercial,Northeast,1970-08-15
P015348,20,Female,Commercial,West,2006-09-15
P015349,34,Male,Medicare Advantage,West,1991-07-15
P015350,84,Male,Medicare Advantage,Midwest,1942-10-15
P015351,49,Male,Commercial,West,1976-01-15
P015352,49,Female,Commercial,South,1977-03-15
P015353,70,Female,Workers Comp,West,1956-09-15
P015354,50,Female,Medicaid,Northeast,1975-09-15
P015355,70,Male,Medicaid,Midwest,1955-07-15
P015356,46,Male,Medicare,Northeast,1980-09-15
P015357,20,Male,Workers Comp,South,2006-05-15
P015358,32,Male,Self-Pay,Midwest,1993-12-15
P015359,56,Male,Medicare Advantage,Northeast,1970-08-15
P015360,72,Female,Medicare Advantage,West,1954-09-15
P015361,95,Male,Commercial,West,1931-02-15
P015362,23,Male,Commercial,Midwest,2003-02-15
P015363,44,Male,Medicare,South,1981-01-15
P015364,81,Female,Medicare,Midwest,1944-10-15
P015365,37,Female,Medicare,South,1988-02-15
P015366,75,Male,Self-Pay,Midwest,1950-11-15
P015367,70,Male,Medicare Advantage,Midwest,1955-01-15
P015368,27,Male,Medicare,South,1999-10-15
P015369,56,Male,Medicare Advantage,West,1969-02-15
P015370,52,Female,Commercial,West,1973-06-15
P015371,87,Female,Self-Pay,South,1938-07-15
P015372,59,Male,Medicare,Midwest,1966-08-15
P015373,87,Male,Commercial,Midwest,1939-05-15
P015374,72,Male,Medicare,South,1953-02-15
P015375,25,Male,Commercial,South,2000-02-15
P015376,38,Male,Workers Comp,Midwest,1987-03-15
P015377,31,Female,Medicare,Midwest,1995-07-15
P015378,79,Male,Self-Pay,West,1947-07-15
P015379,16,Male,Medicare,Northeast,2009-05-15
P015380,16,Female,Medicaid,Northeast,2010-11-15
P015381,40,Female,Commercial,West,1986-05-15
P015382,43,Male,Workers Comp,West,1982-05-15
P015383,69,Female,Medicare Advantage,West,1956-02-15
P015384,42,Female,Medicare,Midwest,1983-11-15
P015385,37,Male,Medicare,West,1989-01-15
P015386,24,Female,Commercial,South,2002-02-15
P015387,25,Male,Medicare,Midwest,2000-11-15
P015388,22,Male,Medicare,South,2004-03-15
P015389,57,Female,Commercial,South,1968-05-15
P015390,3,Female,Commercial,West,2022-09-15
P015391,13,Male,Commercial,Midwest,2012-02-15
P015392,62,Female,Medicaid,West,1964-03-15
P015393,20,Male,Commercial,South,2006-07-15
P015394,51,Female,Workers Comp,Midwest,1975-06-15
P015395,36,Female,Commercial,South,1990-07-15
P015396,57,Male,Commercial,West,1969-07-15
P015397,45,Male,Medicare,South,1981-09-15
P015398,56,Male,Medicare Advantage,Northeast,1969-05-15
P015399,21,Male,Medicare,South,2004-12-15
P015400,44,Female,Workers Comp,Midwest,1982-07-15
P015401,59,Male,Medicaid,Midwest,1967-09-15
P015402,53,Female,Commercial,South,1973-03-15
P015403,68,Male,Medicare,South,1957-03-15
P015404,5,Male,Commercial,Midwest,2021-01-15
P015405,85,Female,Self-Pay,South,1941-08-15
P015406,15,Female,Medicaid,West,2011-05-15
P015407,55,Male,Commercial,West,1970-02-15
P015408,40,Male,Medicare,South,1985-05-15
P015409,16,Male,Medicare Advantage,Northeast,2009-03-15
P015410,42,Male,Medicare Advantage,South,1983-09-15
P015411,53,Male,Commercial,South,1973-07-15
P015412,56,Female,Medicare,South,1970-05-15
P015413,73,Male,Medicaid,South,1953-08-15
P015414,25,Male,Medicaid,South,2001-04-15
P015415,72,Other,Medicaid,South,1954-06-15
P015416,52,Male,Commercial,Northeast,1973-09-15
P015417,64,Female,Medicaid,South,1962-01-15
P015418,25,Male,Medicaid,Midwest,2000-03-15
P015419,62,Female,Self-Pay,West,1964-05-15
P015420,72,Female,Medicare,Northeast,1954-10-15
P015421,71,Male,Medicare Advantage,South,1954-05-15
P015422,76,Male,Medicaid,South,1949-01-15
P015423,64,Male,Medicaid,South,1961-05-15
P015424,48,Female,Medicaid,South,1978-12-15
P015425,84,Male,Medicaid,South,1942-09-15
P015426,4,Male,Commercial,South,2021-12-15
P015427,82,Female,Medicare Advantage,Midwest,1943-02-15
P015428,7,Female,Other,West,2019-01-15
P015429,64,Female,Medicare,Northeast,1962-11-15
P015430,25,Female,Medicaid,West,2000-09-15
P015431,37,Male,Medicare,South,1988-01-15
P015432,62,Male,Medicaid,West,1964-07-15
P015433,67,Female,Self-Pay,South,1959-01-15
P015434,25,Male,Medicare Advantage,South,2001-10-15
P015435,66,Male,Other,South,1959-09-15
P015436,46,Female,Medicare,South,1980-05-15
P015437,59,Female,Medicaid,South,1967-05-15
P015438,47,Female,Medicare,West,1978-06-15
P015439,71,Male,Medicaid,Midwest,1954-03-15
P015440,57,Male,Medicare Advantage,Northeast,1969-02-15
P015441,79,Male,Medicaid,South,1947-10-15
P015442,46,Female,Medicare Advantage,South,1980-04-15
P015443,37,Male,Other,South,1988-02-15
P015444,55,Male,Medicare Advantage,Northeast,1970-09-15
P015445,78,Male,Commercial,South,1947-02-15
P015446,52,Female,Medicare Advantage,West,1974-08-15
P015447,74,Female,Medicare,South,1952-12-15
P015448,42,Male,Medicare Advantage,South,1984-02-15
P015449,33,Female,Commercial,Northeast,1992-06-15
P015450,65,Male,Commercial,South,1960-09-15
P015451,82,Female,Medicaid,South,1944-09-15
P015452,50,Female,Medicaid,West,1975-12-15
P015453,84,Male,Medicare,West,1942-01-15
P015454,14,Male,Medicare,Northeast,2011-06-15
P015455,8,Male,Medicaid,South,2017-03-15
P015456,78,Male,Commercial,West,1948-06-15
P015457,63,Female,Medicare,Midwest,1963-07-15
P015458,80,Male,Medicare,South,1945-11-15
P015459,67,Female,Medicaid,Midwest,1959-04-15
P015460,84,Male,Commercial,West,1941-10-15
P015461,1,Female,Medicare,South,2024-09-15
P015462,28,Male,Self-Pay,Midwest,1998-01-15
P015463,41,Male,Medicare Advantage,South,1984-08-15
P015464,1,Male,Medicare,West,2025-02-15
P015465,84,Male,Medicaid,South,1941-11-15
P015466,68,Female,Workers Comp,Midwest,1958-01-15
P015467,39,Male,Commercial,South,1986-08-15
P015468,44,Male,Medicare,South,1982-05-15
P015469,68,Female,Medicare,South,1958-06-15
P015470,47,Female,Medicare,West,1978-11-15
P015471,70,Female,Medicare Advantage,West,1955-02-15
P015472,51,Male,Medicare,Northeast,1975-08-15
P015473,34,Male,Commercial,Northeast,1992-02-15
P015474,17,Female,Commercial,West,2009-05-15
P015475,15,Female,Commercial,South,2011-06-15
P015476,28,Male,Self-Pay,Midwest,1998-05-15
P015477,69,Male,Commercial,South,1956-08-15
P015478,92,Male,Self-Pay,Northeast,1933-06-15
P015479,61,Male,Medicare,Northeast,1964-01-15
P015480,22,Male,Commercial,South,2004-10-15
P015481,47,Male,Medicare,West,1979-03-15
P015482,40,Male,Medicare,South,1985-05-15
P015483,46,Male,Medicaid,Midwest,1979-01-15
P015484,6,Female,Commercial,South,2019-03-15
P015485,39,Female,Commercial,South,1987-12-15
P015486,77,Male,Medicaid,South,1948-08-15
P015487,35,Male,Commercial,Midwest,1990-12-15
P015488,71,Female,Medicare Advantage,South,1954-02-15
P015489,69,Female,Medicare,South,1957-08-15
P015490,36,Female,Medicaid,South,1989-03-15
P015491,70,Female,Commercial,Northeast,1956-10-15
P015492,20,Female,Commercial,South,2005-08-15
P015493,57,Male,Medicaid,South,1968-04-15
P015494,35,Female,Self-Pay,West,1991-11-15
P015495,95,Female,Medicare,Northeast,1931-06-15
P015496,46,Female,Medicare,South,1980-11-15
P015497,21,Male,Commercial,Midwest,2004-02-15
P015498,21,Female,Other,South,2005-01-15
P015499,85,Male,Medicare,South,1941-05-15
P015500,68,Female,Medicare,West,1957-02-15
P015501,49,Male,Medicaid,Midwest,1977-05-15
P015502,3,Female,Medicare Advantage,South,2022-02-15
P015503,82,Female,Commercial,South,1943-05-15
P015504,35,Female,Medicare,South,1991-11-15
P015505,52,Male,Commercial,South,1974-07-15
P015506,43,Female,Commercial,West,1983-12-15
P015507,44,Male,Medicare Advantage,South,1982-02-15
P015508,52,Female,Medicare,Midwest,1973-02-15
P015509,39,Male,Medicare,South,1987-04-15
P015510,52,Male,Medicare,Midwest,1973-03-15
P015511,65,Male,Medicaid,South,1961-04-15
P015512,43,Male,Self-Pay,West,1982-08-15
P015513,43,Male,Medicare Advantage,Midwest,1982-05-15
P015514,90,Female,Medicare,West,1935-04-15
P015515,43,Female,Commercial,Northeast,1983-07-15
P015516,55,Female,Medicaid,Midwest,1970-08-15
P015517,59,Female,Commercial,Midwest,1967-11-15
P015518,42,Male,Medicare Advantage,Midwest,1984-03-15
P015519,54,Female,Commercial,West,1971-11-15
P015520,78,Male,Commercial,Midwest,1948-12-15
P015521,42,Female,Medicare Advantage,South,1984-04-15
P015522,76,Female,Commercial,Northeast,1949-01-15
P015523,63,Female,Commercial,West,1963-02-15
P015524,89,Male,Medicare Advantage,Northeast,1937-10-15
P015525,59,Male,Commercial,Midwest,1967-04-15
P015526,85,Female,Commercial,Northeast,1940-07-15
P015527,62,Male,Commercial,West,1964-07-15
P015528,78,Female,Commercial,Midwest,1947-02-15
P015529,4,Female,Workers Comp,Midwest,2022-10-15
P015530,62,Female,Medicare,South,1964-09-15
P015531,54,Male,Self-Pay,West,1971-04-15
P015532,18,Male,Medicare Advantage,South,2008-11-15
P015533,86,Male,Medicare,Midwest,1940-09-15
P015534,45,Female,Medicare,West,1980-05-15
P015535,56,Female,Medicare Advantage,South,1969-07-15
P015536,61,Other,Commercial,West,1965-07-15
P015537,62,Male,Medicare,South,1964-11-15
P015538,88,Male,Medicaid,Midwest,1937-03-15
P015539,46,Female,Commercial,South,1979-03-15
P015540,81,Male,Medicare Advantage,Midwest,1945-11-15
P015541,42,Female,Medicare Advantage,West,1983-02-15
P015542,35,Female,Medicare Advantage,West,1990-01-15
P015543,31,Female,Self-Pay,Northeast,1994-01-15
P015544,4,Male,Medicare Advantage,Northeast,2022-09-15
P015545,76,Female,Medicare,West,1950-04-15
P015546,24,Female,Medicare,South,2001-12-15
P015547,18,Female,Commercial,Northeast,2007-02-15
P015548,38,Female,Medicare,West,1987-12-15
P015549,45,Male,Medicaid,South,1980-04-15
P015550,48,Female,Commercial,West,1978-12-15
P015551,73,Female,Medicare,Midwest,1953-07-15
P015552,56,Male,Medicare,Midwest,1969-02-15
P015553,65,Female,Medicare Advantage,West,1960-09-15
P015554,39,Female,Medicare,South,1986-03-15
P015555,49,Male,Commercial,West,1977-03-15
P015556,53,Female,Commercial,West,1972-11-15
P015557,51,Female,Medicaid,Midwest,1975-11-15
P015558,4,Female,Medicare,South,2021-12-15
P015559,1,Female,Self-Pay,Midwest,2025-11-15
P015560,52,Female,Medicaid,West,1974-12-15
P015561,19,Male,Medicaid,Midwest,2006-02-15
P015562,67,Male,Commercial,Northeast,1959-06-15
P015563,18,Male,Commercial,South,2007-04-15
P015564,73,Male,Workers Comp,Northeast,1952-10-15
P015565,10,Male,Commercial,South,2016-08-15
P015566,46,Male,Medicaid,South,1980-03-15
P015567,94,Male,Self-Pay,South,1932-10-15
P015568,89,Male,Commercial,Northeast,1936-08-15
P015569,18,Male,Medicare,West,2007-06-15
P015570,71,Male,Medicare Advantage,Midwest,1954-03-15
P015571,65,Male,Medicare Advantage,South,1960-02-15
P015572,20,Female,Medicare,South,2005-03-15
P015573,47,Male,Medicaid,West,1979-09-15
P015574,59,Male,Other,South,1966-08-15
P015575,68,Female,Commercial,South,1958-12-15
P015576,70,Male,Medicare,Midwest,1955-07-15
P015577,62,Male,Medicaid,Midwest,1964-01-15
P015578,63,Female,Commercial,Northeast,1963-11-15
P015579,40,Female,Commercial,West,1985-07-15
P015580,75,Female,Commercial,West,1951-10-15
P015581,22,Male,Commercial,Northeast,2004-10-15
P015582,56,Female,Medicare Advantage,West,1970-09-15
P015583,82,Female,Commercial,Northeast,1943-06-15
P015584,75,Female,Medicare,South,1951-06-15
P015585,69,Female,Medicare Advantage,Midwest,1957-07-15
P015586,22,Female,Medicare Advantage,South,2003-11-15
P015587,50,Female,Commercial,South,1976-03-15
P015588,75,Female,Commercial,West,1951-05-15
P015589,49,Female,Commercial,South,1976-07-15
P015590,57,Female,Medicare Advantage,South,1968-08-15
P015591,46,Female,Commercial,South,1980-04-15
P015592,25,Female,Medicare,South,2001-02-15
P015593,10,Male,Commercial,Midwest,2015-11-15
P015594,74,Female,Medicare Advantage,Midwest,1952-09-15
P015595,28,Female,Commercial,South,1997-06-15
P015596,21,Female,Medicare,Midwest,2005-05-15
P015597,75,Male,Medicare,South,1950-12-15
P015598,13,Female,Commercial,West,2013-06-15
P015599,93,Female,Medicare,South,1933-09-15
P015600,54,Male,Medicare,Northeast,1972-08-15
P015601,5,Female,Medicare Advantage,Northeast,2020-07-15
P015602,67,Female,Medicaid,Midwest,1959-04-15
P015603,29,Female,Medicare,West,1996-01-15
P015604,71,Male,Medicare,West,1955-12-15
P015605,40,Female,Medicaid,Midwest,1985-12-15
P015606,74,Male,Medicare,Midwest,1952-12-15
P015607,85,Male,Medicare,Northeast,1941-09-15
P015608,53,Male,Medicare,Northeast,1973-06-15
P015609,58,Female,Medicare,South,1967-10-15
P015610,71,Female,Medicare,Northeast,1955-08-15
P015611,16,Male,Self-Pay,South,2010-04-15
P015612,9,Female,Commercial,Northeast,2016-09-15
P015613,66,Female,Medicare,South,1960-12-15
P015614,54,Female,Medicare,Northeast,1971-04-15
P015615,35,Male,Medicare,South,1990-03-15
P015616,20,Female,Commercial,Midwest,2006-10-15
P015617,54,Male,Medicare Advantage,Midwest,1972-01-15
P015618,90,Female,Medicaid,South,1936-04-15
P015619,28,Male,Commercial,South,1997-09-15
P015620,58,Female,Commercial,South,1968-09-15
P015621,69,Female,Medicare,West,1957-04-15
P015622,65,Male,Self-Pay,South,1960-07-15
P015623,82,Male,Medicare,Midwest,1943-08-15
P015624,44,Female,Medicare,Midwest,1982-01-15
P015625,54,Male,Self-Pay,South,1972-11-15
P015626,67,Female,Medicaid,South,1958-11-15
P015627,72,Male,Self-Pay,Midwest,1953-08-15
P015628,63,Male,Medicare Advantage,Midwest,1963-04-15
P015629,56,Male,Medicaid,South,1970-10-15
P015630,57,Female,Self-Pay,West,1968-08-15
P015631,44,Female,Self-Pay,Midwest,1981-11-15
P015632,48,Female,Commercial,West,1977-01-15
P015633,64,Female,Commercial,Midwest,1962-12-15
P015634,2,Female,Commercial,South,2024-12-15
P015635,42,Male,Medicare,Northeast,1984-06-15
P015636,29,Male,Medicare,Northeast,1996-12-15
P015637,53,Female,Medicare Advantage,Midwest,1973-09-15
P015638,54,Male,Self-Pay,Midwest,1972-11-15
P015639,55,Male,Medicare,South,1970-05-15
P015640,56,Male,Medicaid,Northeast,1970-01-15
P015641,39,Female,Medicare,Northeast,1986-12-15
P015642,53,Female,Medicare,South,1972-11-15
P015643,22,Female,Other,South,2003-01-15
P015644,71,Male,Self-Pay,West,1955-07-15
P015645,74,Male,Medicaid,Midwest,1952-10-15
P015646,80,Female,Medicare Advantage,West,1946-01-15
P015647,58,Male,Commercial,West,1968-07-15
P015648,74,Female,Commercial,Midwest,1952-10-15
P015649,33,Female,Commercial,Midwest,1992-08-15
P015650,63,Male,Self-Pay,South,1962-08-15
P015651,37,Male,Self-Pay,South,1988-01-15
P015652,72,Female,Medicare,West,1953-06-15
P015653,38,Male,Medicare,West,1987-08-15
P015654,35,Female,Medicaid,Midwest,1990-08-15
P015655,58,Female,Medicaid,West,1968-04-15
P015656,78,Female,Self-Pay,South,1948-05-15
P015657,52,Female,Medicare,Midwest,1974-11-15
P015658,13,Male,Medicare Advantage,West,2013-02-15
P015659,80,Female,Commercial,South,1945-03-15
P015660,44,Female,Medicare,West,1982-02-15
P015661,34,Female,Medicare,Northeast,1992-03-15
P015662,18,Male,Medicare,South,2008-06-15
P015663,72,Female,Medicare,Northeast,1953-07-15
P015664,19,Male,Medicare,Northeast,2006-12-15
P015665,2,Male,Medicare Advantage,West,2023-04-15
P015666,58,Female,Commercial,West,1967-02-15
P015667,39,Female,Medicare Advantage,Midwest,1987-04-15
P015668,5,Male,Medicare,Northeast,2021-07-15
P015669,24,Female,Medicaid,Midwest,2002-03-15
P015670,70,Male,Medicare,West,1956-07-15
P015671,78,Male,Commercial,South,1947-08-15
P015672,47,Male,Medicaid,South,1979-11-15
P015673,80,Female,Medicare Advantage,Northeast,1945-02-15
P015674,20,Female,Medicare,Midwest,2005-04-15
P015675,72,Male,Medicare,South,1954-08-15
P015676,70,Female,Medicare Advantage,South,1955-09-15
P015677,54,Male,Medicare,Midwest,1971-02-15
P015678,72,Female,Medicare,Midwest,1953-03-15
P015679,21,Female,Other,South,2005-05-15
P015680,33,Female,Medicaid,West,1992-08-15
P015681,69,Male,Medicare,West,1957-11-15
P015682,58,Male,Medicare,South,1968-03-15
P015683,73,Male,Self-Pay,South,1953-12-15
P015684,69,Male,Commercial,South,1956-02-15
P015685,68,Male,Medicare Advantage,Midwest,1958-11-15
P015686,65,Female,Medicare,West,1960-11-15
P015687,50,Male,Commercial,South,1975-08-15
P015688,23,Male,Commercial,South,2003-04-15
P015689,27,Male,Medicare,West,1998-03-15
P015690,46,Male,Workers Comp,Midwest,1979-12-15
P015691,30,Female,Medicare,West,1995-03-15
P015692,52,Female,Commercial,West,1974-06-15
P015693,59,Female,Self-Pay,West,1966-08-15
P015694,56,Male,Medicare,West,1969-02-15
P015695,75,Male,Self-Pay,Midwest,1951-07-15
P015696,84,Female,Medicare,Midwest,1941-12-15
P015697,57,Male,Commercial,Northeast,1968-04-15
P015698,51,Female,Other,West,1975-06-15
P015699,46,Female,Medicare,Midwest,1980-12-15
P015700,44,Female,Medicare,South,1982-03-15
P015701,23,Male,Medicare,West,2003-11-15
P015702,79,Male,Medicare,South,1947-08-15
P015703,10,Female,Medicare,South,2015-06-15
P015704,40,Female,Medicaid,Midwest,1986-08-15
P015705,39,Female,Medicare,Midwest,1986-07-15
P015706,40,Male,Medicare,Northeast,1986-02-15
P015707,83,Male,Medicare Advantage,South,1942-05-15
P015708,24,Male,Medicare Advantage,South,2001-09-15
P015709,36,Female,Medicare Advantage,South,1990-03-15
P015710,69,Female,Medicare,South,1956-03-15
P015711,63,Female,Commercial,West,1963-03-15
P015712,41,Male,Commercial,South,1985-11-15
P015713,47,Male,Commercial,South,1979-02-15
P015714,47,Male,Commercial,South,1979-01-15
P015715,58,Female,Medicare,South,1967-09-15
P015716,61,Male,Medicare Advantage,West,1965-06-15
P015717,89,Female,Commercial,Northeast,1937-05-15
P015718,9,Female,Self-Pay,West,2017-11-15
P015719,71,Male,Medicaid,Northeast,1955-02-15
P015720,24,Female,Medicare,Northeast,2002-11-15
P015721,17,Male,Medicare,Midwest,2008-03-15
P015722,28,Male,Commercial,Northeast,1997-06-15
P015723,62,Female,Medicare,South,1964-08-15
P015724,48,Female,Medicare,Midwest,1977-09-15
P015725,36,Male,Medicare Advantage,Northeast,1989-08-15
P015726,64,Male,Medicaid,Midwest,1961-09-15
P015727,47,Male,Commercial,South,1979-03-15
P015728,42,Female,Commercial,Midwest,1983-03-15
P015729,55,Male,Medicare,South,1970-11-15
P015730,54,Female,Commercial,Midwest,1972-08-15
P015731,49,Female,Commercial,Northeast,1977-05-15
P015732,78,Female,Commercial,West,1948-01-15
P015733,79,Female,Medicare,West,1947-02-15
P015734,36,Male,Commercial,South,1989-08-15
P015735,64,Male,Medicare Advantage,Northeast,1962-02-15
P015736,23,Female,Medicare Advantage,Midwest,2002-10-15
P015737,62,Male,Commercial,Midwest,1964-09-15
P015738,48,Female,Medicare,Northeast,1978-04-15
P015739,22,Female,Medicare Advantage,Northeast,2004-11-15
P015740,89,Female,Medicare Advantage,Midwest,1936-09-15
P015741,71,Male,Medicare,South,1954-03-15
P015742,14,Male,Medicaid,Northeast,2012-09-15
P015743,64,Female,Medicaid,Midwest,1961-09-15
P015744,76,Male,Commercial,Northeast,1949-12-15
P015745,52,Female,Commercial,Midwest,1973-11-15
P015746,79,Female,Medicare,Northeast,1947-04-15
P015747,62,Female,Commercial,Northeast,1963-12-15
P015748,11,Male,Medicaid,Northeast,2015-01-15
P015749,70,Male,Commercial,West,1956-07-15
P015750,62,Female,Medicare Advantage,South,1964-04-15
P015751,6,Female,Medicare,South,2019-09-15
P015752,68,Male,Medicare,Midwest,1958-08-15
P015753,61,Female,Medicaid,West,1964-07-15
P015754,45,Female,Commercial,West,1981-10-15
P015755,94,Male,Commercial,South,1931-05-15
P015756,35,Male,Commercial,Northeast,1990-03-15
P015757,53,Female,Medicare,West,1972-09-15
P015758,27,Male,Commercial,South,1998-02-15
P015759,50,Male,Self-Pay,West,1975-01-15
P015760,40,Male,Medicare Advantage,South,1986-07-15
P015761,35,Male,Medicaid,Northeast,1990-07-15
P015762,42,Male,Medicare,West,1984-02-15
P015763,29,Female,Commercial,Northeast,1996-05-15
P015764,91,Female,Medicaid,South,1934-12-15
P015765,66,Female,Medicare Advantage,Midwest,1960-06-15
P015766,35,Female,Commercial,South,1990-06-15
P015767,34,Female,Medicaid,Midwest,1991-11-15
P015768,75,Female,Medicaid,Midwest,1951-09-15
P015769,30,Male,Medicare Advantage,South,1995-10-15
P015770,72,Male,Medicare Advantage,Midwest,1954-06-15
P015771,73,Male,Commercial,Midwest,1953-10-15
P015772,45,Male,Medicaid,Northeast,1981-04-15
P015773,85,Female,Commercial,Midwest,1941-06-15
P015774,72,Female,Commercial,Northeast,1953-02-15
P015775,87,Male,Medicaid,South,1938-09-15
P015776,67,Female,Medicare,South,1958-11-15
P015777,90,Female,Medicare,South,1935-04-15
P015778,50,Female,Medicare,South,1976-02-15
P015779,43,Female,Medicaid,South,1983-11-15
P015780,47,Female,Commercial,South,1979-05-15
P015781,80,Male,Medicare,South,1945-05-15
P015782,28,Female,Commercial,South,1998-12-15
P015783,79,Male,Medicaid,South,1947-06-15
P015784,42,Male,Commercial,West,1983-06-15
P015785,72,Male,Commercial,West,1953-09-15
P015786,35,Male,Medicare,West,1991-08-15
P015787,29,Female,Medicaid,West,1996-03-15
P015788,52,Male,Medicaid,West,1974-06-15
P015789,37,Female,Medicare Advantage,Midwest,1989-09-15
P015790,49,Female,Medicare,Northeast,1976-03-15
P015791,64,Male,Medicare Advantage,West,1962-11-15
P015792,33,Female,Commercial,West,1993-10-15
P015793,23,Male,Medicare,Northeast,2003-02-15
P015794,35,Female,Medicare,Northeast,1990-01-15
P015795,68,Female,Commercial,Midwest,1957-02-15
P015796,19,Male,Commercial,West,2006-07-15
P015797,44,Female,Commercial,Northeast,1982-02-15
P015798,74,Male,Medicare,Northeast,1952-01-15
P015799,21,Female,Medicare Advantage,South,2005-05-15
P015800,57,Female,Commercial,Northeast,1968-09-15
P015801,20,Male,Medicare,West,2006-07-15
P015802,26,Female,Medicaid,South,1999-06-15
P015803,72,Male,Medicaid,South,1954-06-15
P015804,69,Female,Medicaid,Midwest,1956-09-15
P015805,56,Male,Commercial,South,1969-01-15
P015806,28,Female,Commercial,Midwest,1998-01-15
P015807,96,Female,Medicare Advantage,West,1929-01-15
P015808,76,Male,Commercial,West,1949-06-15
P015809,50,Male,Medicaid,South,1976-12-15
P015810,21,Male,Self-Pay,Northeast,2005-01-15
P015811,51,Female,Commercial,South,1974-08-15
P015812,65,Female,Medicare Advantage,Midwest,1961-09-15
P015813,72,Female,Medicare,Northeast,1954-08-15
P015814,37,Female,Medicaid,Northeast,1988-06-15
P015815,82,Female,Medicaid,West,1943-11-15
P015816,56,Male,Medicare,South,1970-10-15
P015817,80,Female,Medicare Advantage,South,1945-09-15
P015818,35,Male,Medicaid,Northeast,1991-10-15
P015819,38,Male,Medicare,Northeast,1988-10-15
P015820,31,Male,Medicare Advantage,West,1994-06-15
P015821,91,Male,Medicare,Midwest,1934-08-15
P015822,25,Female,Medicare Advantage,South,2001-01-15
P015823,74,Female,Medicaid,South,1951-02-15
P015824,72,Female,Medicare Advantage,South,1953-05-15
P015825,38,Female,Commercial,Midwest,1987-04-15
P015826,23,Male,Medicaid,Midwest,2002-05-15
P015827,49,Female,Medicare,Northeast,1977-01-15
P015828,54,Female,Medicaid,Northeast,1971-10-15
P015829,44,Male,Other,Northeast,1981-03-15
P015830,58,Male,Medicare,Midwest,1968-08-15
P015831,61,Male,Medicare Advantage,South,1965-05-15
P015832,45,Male,Medicare,South,1981-06-15
P015833,76,Female,Medicare Advantage,South,1949-10-15
P015834,78,Female,Commercial,South,1948-09-15
P015835,52,Female,Self-Pay,South,1974-06-15
P015836,70,Female,Medicare,South,1956-02-15
P015837,36,Female,Medicare,South,1990-09-15
P015838,53,Female,Medicare,Midwest,1973-04-15
P015839,40,Male,Medicaid,South,1985-05-15
P015840,14,Male,Medicare,West,2011-07-15
P015841,32,Male,Medicare,South,1994-01-15
P015842,88,Female,Medicare,South,1938-01-15
P015843,23,Male,Commercial,Midwest,2003-03-15
P015844,37,Male,Self-Pay,West,1989-08-15
P015845,24,Female,Medicare,West,2002-10-15
P015846,65,Male,Commercial,Northeast,1961-06-15
P015847,79,Female,Commercial,South,1947-02-15
P015848,49,Female,Commercial,South,1977-09-15
P015849,44,Male,Medicare,South,1981-05-15
P015850,20,Male,Medicaid,South,2006-04-15
P015851,15,Male,Commercial,South,2011-03-15
P015852,78,Male,Commercial,South,1947-06-15
P015853,68,Female,Self-Pay,Northeast,1957-09-15
P015854,40,Female,Commercial,Northeast,1986-02-15
P015855,38,Female,Medicare,Northeast,1988-06-15
P015856,47,Female,Medicare Advantage,West,1978-01-15
P015857,35,Male,Medicare,Midwest,1991-02-15
P015858,58,Female,Medicare Advantage,West,1967-09-15
P015859,41,Female,Commercial,South,1985-09-15
P015860,32,Male,Medicaid,Midwest,1993-08-15
P015861,31,Male,Medicaid,South,1995-05-15
P015862,32,Female,Medicaid,South,1993-08-15
P015863,67,Female,Medicare,South,1958-09-15
P015864,30,Male,Commercial,Northeast,1995-12-15
P015865,78,Male,Commercial,South,1947-07-15
P015866,85,Male,Medicare,South,1940-03-15
P015867,57,Male,Medicare,South,1968-12-15
P015868,76,Female,Commercial,Northeast,1950-04-15
P015869,65,Male,Medicare,West,1960-05-15
P015870,67,Female,Medicaid,South,1958-11-15
P015871,29,Male,Commercial,South,1997-12-15
P015872,35,Male,Self-Pay,Midwest,1991-06-15
P015873,66,Female,Commercial,South,1959-04-15
P015874,76,Male,Commercial,South,1950-07-15
P015875,55,Female,Medicare,South,1970-06-15
P015876,30,Male,Medicare,South,1995-06-15
P015877,16,Male,Commercial,West,2009-01-15
P015878,11,Female,Medicare Advantage,South,2014-12-15
P015879,32,Male,Medicaid,Midwest,1994-06-15
P015880,83,Female,Medicare,South,1942-04-15
P015881,22,Female,Medicare,South,2003-06-15
P015882,54,Male,Medicare,South,1972-01-15
P015883,40,Male,Medicaid,Midwest,1986-03-15
P015884,57,Female,Medicare,West,1969-06-15
P015885,66,Female,Medicare Advantage,Midwest,1960-04-15
P015886,54,Female,Medicare,South,1971-01-15
P015887,35,Male,Commercial,Northeast,1991-09-15
P015888,54,Male,Medicare Advantage,West,1971-03-15
P015889,8,Male,Medicare,West,2018-04-15
P015890,35,Female,Medicaid,Northeast,1991-08-15
P015891,49,Female,Medicaid,West,1977-10-15
P015892,13,Male,Commercial,South,2012-08-15
P015893,67,Female,Commercial,South,1959-12-15
P015894,77,Female,Commercial,Midwest,1949-07-15
P015895,36,Female,Medicaid,West,1989-07-15
P015896,89,Female,Medicaid,Northeast,1937-05-15
P015897,55,Male,Medicare,Northeast,1971-05-15
P015898,46,Female,Commercial,West,1980-06-15
P015899,71,Other,Commercial,South,1955-03-15
P015900,92,Female,Commercial,Northeast,1933-08-15
P015901,2,Female,Commercial,Northeast,2023-02-15
P015902,54,Female,Commercial,Northeast,1972-07-15
P015903,57,Male,Commercial,Northeast,1969-11-15
P015904,20,Male,Medicare Advantage,South,2006-08-15
P015905,41,Female,Medicare,South,1984-06-15
P015906,68,Female,Self-Pay,West,1957-01-15
P015907,64,Female,Medicare,West,1961-10-15
P015908,67,Male,Medicare Advantage,West,1959-09-15
P015909,57,Female,Medicare,South,1969-07-15
P015910,30,Male,Medicare,Northeast,1995-12-15
P015911,73,Male,Medicare,Northeast,1953-04-15
P015912,52,Female,Commercial,South,1973-09-15
P015913,27,Male,Medicare,South,1998-07-15
P015914,53,Female,Commercial,West,1972-07-15
P015915,24,Male,Commercial,South,2001-06-15
P015916,50,Male,Commercial,South,1975-06-15
P015917,67,Male,Medicaid,South,1959-11-15
P015918,65,Female,Commercial,South,1960-05-15
P015919,44,Female,Commercial,South,1981-09-15
P015920,4,Male,Medicare Advantage,West,2022-12-15
P015921,43,Male,Medicare Advantage,South,1982-03-15
P015922,64,Male,Medicare,West,1961-01-15
P015923,32,Female,Medicare,South,1994-02-15
P015924,45,Male,Commercial,South,1980-01-15
P015925,45,Female,Medicare Advantage,Midwest,1980-07-15
P015926,39,Female,Medicare,South,1986-07-15
P015927,48,Female,Medicare Advantage,West,1977-02-15
P015928,43,Male,Medicare Advantage,Midwest,1982-06-15
P015929,9,Male,Medicare,Midwest,2016-05-15
P015930,48,Male,Medicare Advantage,South,1978-09-15
P015931,42,Female,Medicaid,Northeast,1984-01-15
P015932,88,Female,Medicare,Midwest,1937-01-15
P015933,41,Male,Other,Midwest,1984-02-15
P015934,10,Male,Commercial,Northeast,2016-03-15
P015935,59,Male,Medicaid,West,1967-02-15
P015936,43,Male,Medicare,Midwest,1983-04-15
P015937,34,Female,Commercial,Midwest,1992-08-15
P015938,29,Female,Commercial,Northeast,1997-08-15
P015939,30,Male,Medicare Advantage,Northeast,1996-05-15
P015940,37,Female,Medicaid,West,1989-06-15
P015941,10,Male,Medicare Advantage,Northeast,2015-07-15
P015942,20,Male,Medicare,South,2005-12-15
P015943,72,Female,Commercial,Northeast,1954-03-15
P015944,89,Female,Self-Pay,South,1937-06-15
P015945,44,Female,Other,South,1981-10-15
P015946,40,Female,Commercial,West,1986-08-15
P015947,25,Male,Medicare Advantage,South,2000-10-15
P015948,47,Male,Medicare Advantage,West,1978-04-15
P015949,62,Male,Medicare,Midwest,1964-11-15
P015950,34,Female,Commercial,Midwest,1992-01-15
P015951,82,Male,Commercial,South,1943-12-15
P015952,71,Female,Medicare Advantage,Midwest,1954-08-15
P015953,60,Male,Commercial,South,1965-09-15
P015954,64,Female,Commercial,Northeast,1961-04-15
P015955,67,Female,Medicaid,South,1959-03-15
P015956,61,Female,Commercial,West,1964-08-15
P015957,78,Male,Commercial,Northeast,1947-03-15
P015958,21,Male,Medicare,West,2005-11-15
P015959,49,Male,Medicare,South,1976-02-15
P015960,66,Male,Medicare,South,1960-01-15
P015961,75,Female,Medicare,South,1950-12-15
P015962,77,Male,Medicare Advantage,Midwest,1949-09-15
P015963,56,Male,Medicaid,Midwest,1970-01-15
P015964,63,Female,Commercial,South,1963-05-15
P015965,4,Male,Medicaid,Northeast,2021-04-15
P015966,69,Male,Medicaid,South,1957-09-15
P015967,87,Female,Self-Pay,South,1938-10-15
P015968,56,Male,Self-Pay,West,1970-05-15
P015969,61,Female,Commercial,West,1965-11-15
P015970,57,Female,Commercial,Northeast,1968-12-15
P015971,36,Male,Commercial,South,1989-03-15
P015972,12,Female,Medicare,South,2013-02-15
P015973,68,Male,Medicare Advantage,Northeast,1958-01-15
P015974,95,Male,Self-Pay,South,1931-11-15
P015975,32,Male,Medicare,West,1994-08-15
P015976,78,Male,Self-Pay,Midwest,1948-03-15
P015977,67,Female,Self-Pay,Midwest,1958-03-15
P015978,41,Male,Self-Pay,Northeast,1985-07-15
P015979,57,Male,Medicaid,South,1969-02-15
P015980,45,Male,Medicare,Northeast,1981-10-15
P015981,92,Male,Medicare,Northeast,1933-01-15
P015982,21,Female,Medicaid,West,2005-06-15
P015983,18,Female,Medicare Advantage,West,2008-04-15
P015984,55,Male,Medicaid,Midwest,1970-12-15
P015985,36,Female,Medicaid,Midwest,1989-09-15
P015986,44,Male,Commercial,Midwest,1981-11-15
P015987,95,Female,Self-Pay,Northeast,1930-04-15
P015988,48,Male,Medicaid,Midwest,1978-01-15
P015989,39,Female,Self-Pay,South,1987-08-15
P015990,53,Female,Commercial,West,1973-04-15
P015991,70,Female,Commercial,Northeast,1956-10-15
P015992,71,Male,Commercial,West,1955-08-15
P015993,9,Female,Workers Comp,West,2017-11-15
P015994,42,Male,Commercial,Northeast,1984-10-15
P015995,76,Female,Commercial,Midwest,1950-12-15
P015996,48,Other,Commercial,South,1977-12-15
P015997,44,Male,Medicare Advantage,West,1981-02-15
P015998,65,Other,Self-Pay,South,1960-08-15
P015999,39,Female,Medicare,Northeast,1987-09-15
P016000,55,Female,Commercial,West,1971-04-15
P016001,77,Female,Commercial,Midwest,1949-04-15
P016002,60,Male,Commercial,West,1965-03-15
P016003,57,Male,Commercial,South,1969-07-15
P016004,21,Female,Self-Pay,Northeast,2004-01-15
P016005,96,Female,Medicare,West,1930-05-15
P016006,81,Female,Medicaid,South,1944-12-15
P016007,78,Female,Medicaid,South,1948-10-15
P016008,33,Male,Medicare Advantage,South,1993-05-15
P016009,60,Male,Commercial,Midwest,1965-01-15
P016010,40,Male,Medicaid,West,1985-01-15
P016011,31,Male,Medicare Advantage,Midwest,1995-08-15
P016012,80,Male,Medicare,Midwest,1946-11-15
P016013,25,Female,Commercial,South,2000-01-15
P016014,15,Male,Commercial,Midwest,2010-02-15
P016015,79,Male,Medicare,Northeast,1947-10-15
P016016,47,Female,Commercial,West,1978-05-15
P016017,82,Male,Commercial,South,1944-05-15
P016018,43,Male,Medicare,Midwest,1983-12-15
P016019,18,Female,Commercial,Northeast,2007-12-15
P016020,89,Male,Medicare,Northeast,1937-11-15
P016021,65,Female,Commercial,West,1960-09-15
P016022,74,Female,Medicare Advantage,South,1951-07-15
P016023,76,Male,Commercial,Midwest,1950-07-15
P016024,43,Male,Medicaid,South,1983-05-15
P016025,10,Male,Medicaid,West,2015-06-15
P016026,34,Female,Medicare,South,1991-01-15
P016027,15,Female,Medicare Advantage,South,2011-11-15
P016028,54,Female,Commercial,West,1971-04-15
P016029,56,Female,Medicare Advantage,South,1969-10-15
P016030,9,Male,Self-Pay,South,2017-08-15
P016031,9,Male,Self-Pay,South,2016-08-15
P016032,78,Female,Medicare Advantage,Midwest,1947-06-15
P016033,13,Male,Commercial,West,2013-09-15
P016034,28,Female,Medicare Advantage,South,1997-09-15
P016035,79,Female,Commercial,Midwest,1946-04-15
P016036,55,Male,Medicare,Midwest,1971-01-15
P016037,49,Male,Medicare Advantage,Northeast,1977-04-15
P016038,59,Female,Medicare,Midwest,1966-08-15
P016039,24,Female,Commercial,Midwest,2001-02-15
P016040,59,Male,Medicare,Midwest,1966-07-15
P016041,66,Female,Commercial,South,1959-06-15
P016042,59,Female,Self-Pay,Midwest,1966-05-15
P016043,11,Female,Commercial,South,2014-12-15
P016044,54,Male,Medicare Advantage,Northeast,1971-09-15
P016045,71,Female,Medicare,Midwest,1955-05-15
P016046,61,Female,Commercial,West,1964-01-15
P016047,84,Female,Medicare Advantage,South,1942-03-15
P016048,68,Female,Commercial,South,1958-12-15
P016049,4,Male,Other,South,2022-01-15
P016050,62,Female,Medicare,Midwest,1963-08-15
P016051,94,Male,Commercial,Midwest,1931-03-15
P016052,56,Male,Medicare,West,1969-05-15
P016053,68,Female,Commercial,West,1957-02-15
P016054,56,Male,Other,West,1970-07-15
P016055,43,Male,Medicare Advantage,West,1983-09-15
P016056,83,Male,Self-Pay,West,1942-04-15
P016057,47,Male,Medicare,South,1979-08-15
P016058,91,Male,Other,Northeast,1934-02-15
P016059,35,Male,Workers Comp,West,1991-05-15
P016060,12,Male,Medicare,Midwest,2014-04-15
P016061,54,Female,Medicare,Midwest,1971-07-15
P016062,41,Female,Medicare,South,1985-09-15
P016063,13,Male,Medicaid,West,2013-10-15
P016064,57,Female,Commercial,Northeast,1968-03-15
P016065,62,Female,Medicaid,South,1963-03-15
P016066,1,Male,Medicare,Northeast,2025-10-15
P016067,54,Female,Commercial,Midwest,1972-04-15
P016068,56,Male,Commercial,West,1970-01-15
P016069,90,Male,Commercial,South,1936-06-15
P016070,59,Female,Medicaid,South,1967-09-15
P016071,73,Female,Medicaid,West,1953-01-15
P016072,63,Female,Commercial,South,1963-01-15
P016073,62,Male,Medicare Advantage,Midwest,1963-09-15
P016074,36,Female,Self-Pay,West,1990-01-15
P016075,58,Female,Medicaid,Northeast,1968-05-15
P016076,92,Female,Workers Comp,Midwest,1933-01-15
P016077,55,Female,Medicare,West,1970-07-15
P016078,28,Male,Medicare,Northeast,1998-07-15
P016079,20,Male,Medicare,West,2006-05-15
P016080,69,Female,Medicare,Northeast,1956-08-15
P016081,68,Female,Commercial,Midwest,1958-11-15
P016082,28,Male,Medicare,West,1997-07-15
P016083,37,Female,Medicare,Midwest,1989-12-15
P016084,25,Male,Commercial,West,2000-06-15
P016085,38,Female,Commercial,Midwest,1987-05-15
P016086,36,Male,Medicare Advantage,West,1990-12-15
P016087,71,Female,Commercial,West,1954-01-15
P016088,83,Female,Commercial,Northeast,1943-07-15
P016089,76,Male,Medicare Advantage,South,1949-03-15
P016090,70,Female,Commercial,Midwest,1955-02-15
P016091,29,Male,Commercial,South,1996-10-15
P016092,61,Male,Medicaid,West,1965-11-15
P016093,72,Male,Medicare Advantage,Midwest,1953-05-15
P016094,55,Female,Medicare,West,1970-10-15
P016095,85,Male,Commercial,West,1940-05-15
P016096,59,Female,Medicaid,Northeast,1966-06-15
P016097,50,Female,Commercial,Northeast,1975-07-15
P016098,31,Male,Commercial,Midwest,1994-12-15
P016099,10,Female,Commercial,Midwest,2015-10-15
P016100,51,Female,Commercial,South,1974-06-15
P016101,36,Female,Medicare,West,1990-06-15
P016102,21,Male,Medicaid,Midwest,2004-09-15
P016103,68,Female,Medicaid,South,1957-04-15
P016104,58,Male,Medicaid,Northeast,1967-05-15
P016105,68,Female,Commercial,Northeast,1957-07-15
P016106,55,Male,Commercial,South,1970-08-15
P016107,39,Male,Medicaid,South,1986-12-15
P016108,31,Male,Medicare,Midwest,1995-04-15
P016109,54,Female,Self-Pay,West,1971-11-15
P016110,70,Male,Workers Comp,Midwest,1955-05-15
P016111,41,Female,Medicare Advantage,South,1984-09-15
P016112,21,Female,Medicare,Northeast,2005-05-15
P016113,35,Female,Self-Pay,Midwest,1990-08-15
P016114,35,Female,Commercial,Northeast,1991-06-15
P016115,5,Female,Commercial,Northeast,2021-03-15
P016116,60,Male,Other,Northeast,1965-06-15
P016117,58,Female,Commercial,South,1968-08-15
P016118,36,Male,Medicare Advantage,South,1990-07-15
P016119,64,Female,Commercial,West,1961-01-15
P016120,58,Male,Commercial,West,1968-09-15
P016121,0,Male,Medicare,West,2026-07-15
P016122,29,Female,Commercial,South,1997-03-15
P016123,62,Male,Commercial,South,1963-01-15
P016124,65,Female,Medicare,South,1960-12-15
P016125,70,Male,Medicaid,South,1956-06-15
P016126,77,Female,Medicare Advantage,West,1948-08-15
P016127,9,Female,Commercial,Northeast,2017-02-15
P016128,18,Male,Commercial,South,2007-12-15
P016129,81,Female,Medicare,Midwest,1945-02-15
P016130,77,Female,Medicaid,Midwest,1949-04-15
P016131,55,Female,Medicaid,South,1970-01-15
P016132,40,Female,Medicare Advantage,West,1986-01-15
P016133,60,Female,Medicare,West,1965-11-15
P016134,17,Female,Self-Pay,Midwest,2008-07-15
P016135,67,Male,Medicare,South,1958-07-15
P016136,48,Male,Medicare,West,1977-09-15
P016137,56,Male,Medicare,South,1969-05-15
P016138,48,Male,Medicaid,Midwest,1977-08-15
P016139,62,Female,Commercial,South,1963-07-15
P016140,61,Female,Medicare,South,1964-12-15
P016141,95,Female,Medicare,South,1930-07-15
P016142,76,Male,Medicare,South,1950-04-15
P016143,2,Male,Medicare,South,2023-06-15
P016144,23,Female,Medicare,Northeast,2003-10-15
P016145,65,Male,Commercial,South,1960-06-15
P016146,45,Male,Commercial,Midwest,1981-01-15
P016147,61,Male,Commercial,Northeast,1965-07-15
P016148,32,Male,Medicare Advantage,Midwest,1993-11-15
P016149,89,Female,Medicaid,South,1937-07-15
P016150,31,Female,Other,South,1995-10-15
P016151,58,Male,Medicare,West,1968-11-15
P016152,4,Female,Medicare,West,2022-10-15
P016153,75,Male,Medicare,South,1950-02-15
P016154,78,Male,Commercial,Midwest,1948-04-15
P016155,77,Female,Commercial,Midwest,1949-04-15
P016156,72,Female,Medicare,South,1954-02-15
P016157,23,Female,Commercial,South,2002-08-15
P016158,52,Female,Commercial,South,1974-05-15
P016159,11,Female,Medicare Advantage,Midwest,2015-09-15
P016160,33,Female,Commercial,South,1993-09-15
P016161,86,Male,Medicare,Midwest,1940-04-15
P016162,79,Female,Medicare,South,1946-02-15
P016163,33,Male,Medicaid,Northeast,1992-06-15
P016164,70,Female,Commercial,South,1956-03-15
P016165,8,Male,Medicare,Northeast,2017-02-15
P016166,57,Male,Medicare,South,1969-09-15
P016167,29,Male,Medicaid,Midwest,1997-09-15
P016168,58,Female,Medicare Advantage,Midwest,1968-10-15
P016169,39,Male,Medicare,South,1986-10-15
P016170,64,Male,Commercial,Midwest,1962-10-15
P016171,79,Female,Medicaid,Northeast,1947-08-15
P016172,48,Female,Commercial,South,1978-04-15
P016173,78,Male,Commercial,South,1948-10-15
P016174,85,Female,Commercial,Midwest,1940-10-15
P016175,22,Female,Medicaid,Midwest,2004-11-15
P016176,71,Male,Medicare,South,1955-09-15
P016177,47,Female,Commercial,West,1979-11-15
P016178,25,Female,Commercial,Northeast,2000-11-15
P016179,19,Male,Medicaid,Midwest,2007-02-15
P016180,78,Female,Medicare,Northeast,1947-10-15
P016181,69,Male,Medicare,West,1957-05-15
P016182,62,Male,Commercial,Northeast,1963-08-15
P016183,22,Female,Commercial,Midwest,2003-03-15
P016184,59,Female,Medicaid,Northeast,1967-11-15
P016185,55,Male,Self-Pay,South,1971-04-15
P016186,48,Male,Medicare,South,1977-10-15
P016187,16,Male,Medicare,West,2010-01-15
P016188,78,Male,Commercial,South,1948-11-15
P016189,77,Female,Medicaid,South,1949-07-15
P016190,62,Female,Self-Pay,South,1964-09-15
P016191,39,Female,Other,West,1986-02-15
P016192,38,Male,Medicare,South,1988-12-15
P016193,35,Male,Medicare Advantage,South,1990-03-15
P016194,60,Female,Commercial,South,1966-08-15
P016195,23,Female,Medicare,West,2002-12-15
P016196,63,Female,Commercial,Midwest,1963-10-15
P016197,85,Male,Self-Pay,South,1940-07-15
P016198,13,Male,Medicare,Northeast,2013-04-15
P016199,76,Female,Commercial,Midwest,1950-12-15
P016200,69,Female,Other,South,1956-10-15
P016201,87,Male,Self-Pay,South,1938-12-15
P016202,38,Female,Commercial,South,1987-05-15
P016203,60,Male,Commercial,West,1965-02-15
P016204,50,Female,Medicare Advantage,South,1975-06-15
P016205,63,Male,Medicare,South,1963-09-15
P016206,79,Female,Medicare Advantage,Northeast,1947-09-15
P016207,53,Female,Medicare,Northeast,1972-05-15
P016208,68,Male,Medicare,South,1957-12-15
P016209,59,Female,Medicaid,South,1967-04-15
P016210,11,Male,Medicare Advantage,South,2014-02-15
P016211,48,Female,Medicare,South,1977-07-15
P016212,6,Male,Medicare,South,2019-03-15
P016213,29,Female,Medicare,Northeast,1997-03-15
P016214,66,Female,Commercial,Midwest,1960-06-15
P016215,33,Female,Commercial,West,1993-11-15
P016216,71,Male,Medicare Advantage,West,1955-01-15
P016217,5,Female,Medicaid,West,2020-07-15
P016218,57,Male,Medicare,Midwest,1968-03-15
P016219,44,Female,Medicare Advantage,South,1982-09-15
P016220,62,Female,Self-Pay,Midwest,1963-12-15
P016221,0,Male,Medicaid,West,2025-09-15
P016222,61,Female,Commercial,Northeast,1964-09-15
P016223,46,Male,Medicare Advantage,South,1979-01-15
P016224,40,Male,Commercial,West,1986-09-15
P016225,2,Female,Medicare Advantage,South,2023-10-15
P016226,59,Female,Medicare Advantage,West,1966-12-15
P016227,77,Male,Workers Comp,West,1948-02-15
P016228,63,Female,Commercial,Midwest,1963-11-15
P016229,78,Male,Commercial,Midwest,1947-06-15
P016230,41,Male,Medicaid,Northeast,1984-12-15
P016231,71,Female,Commercial,West,1955-08-15
P016232,70,Female,Commercial,West,1956-05-15
P016233,35,Female,Medicare,Northeast,1990-09-15
P016234,63,Male,Medicare Advantage,Midwest,1962-10-15
P016235,23,Male,Workers Comp,West,2002-08-15
P016236,76,Female,Medicaid,Midwest,1949-04-15
P016237,70,Male,Medicare,Northeast,1956-02-15
P016238,70,Female,Medicare Advantage,South,1956-09-15
P016239,78,Female,Medicare Advantage,South,1948-11-15
P016240,33,Female,Commercial,Midwest,1992-06-15
P016241,94,Female,Medicare,Midwest,1931-10-15
P016242,81,Male,Commercial,South,1944-01-15
P016243,48,Female,Medicare,South,1977-06-15
P016244,22,Male,Other,South,2003-08-15
P016245,51,Female,Medicare,Midwest,1975-08-15
P016246,59,Male,Medicaid,Midwest,1967-02-15
P016247,50,Male,Medicare,Northeast,1975-04-15
P016248,33,Female,Medicare,South,1992-09-15
P016249,48,Male,Commercial,Northeast,1977-09-15
P016250,85,Female,Medicare Advantage,South,1940-07-15
P016251,90,Female,Medicare Advantage,Midwest,1935-07-15
P016252,47,Female,Commercial,Midwest,1979-02-15
P016253,6,Female,Commercial,Northeast,2020-10-15
P016254,27,Female,Medicare Advantage,Northeast,1999-02-15
P016255,76,Female,Commercial,Northeast,1949-07-15
P016256,74,Male,Medicaid,Midwest,1952-12-15
P016257,54,Male,Commercial,Midwest,1972-11-15
P016258,67,Male,Medicare,Midwest,1958-03-15
P016259,41,Male,Medicare,West,1985-04-15
P016260,47,Female,Medicare,West,1979-05-15
P016261,44,Male,Medicare Advantage,Northeast,1981-09-15
P016262,96,Male,Medicare Advantage,West,1930-08-15
P016263,37,Male,Commercial,Northeast,1989-05-15
P016264,52,Male,Commercial,West,1974-04-15
P016265,49,Female,Medicaid,Midwest,1976-05-15
P016266,44,Male,Medicaid,South,1982-01-15
P016267,35,Female,Medicare,South,1991-12-15
P016268,74,Male,Self-Pay,South,1952-12-15
P016269,20,Female,Commercial,West,2006-05-15
P016270,53,Female,Medicare,West,1973-11-15
P016271,24,Female,Medicare Advantage,Midwest,2001-11-15
P016272,8,Male,Medicare,Midwest,2018-06-15
P016273,56,Male,Medicare,Midwest,1969-09-15
P016274,16,Female,Medicare Advantage,Midwest,2009-08-15
P016275,44,Male,Medicare,Midwest,1981-05-15
P016276,16,Female,Workers Comp,Midwest,2010-07-15
P016277,46,Male,Other,Northeast,1980-02-15
P016278,56,Female,Workers Comp,South,1970-02-15
P016279,29,Male,Medicare,West,1997-01-15
P016280,24,Female,Medicaid,West,2002-11-15
P016281,19,Female,Medicare Advantage,South,2006-05-15
P016282,16,Female,Medicare Advantage,West,2010-03-15
P016283,87,Female,Medicare,Midwest,1939-04-15
P016284,20,Male,Commercial,Midwest,2005-06-15
P016285,71,Female,Commercial,West,1954-04-15
P016286,31,Female,Medicare Advantage,West,1994-04-15
P016287,25,Male,Medicare,West,2000-01-15
P016288,37,Male,Medicare Advantage,West,1988-05-15
P016289,31,Female,Medicare,Northeast,1995-03-15
P016290,71,Female,Medicare,Northeast,1954-03-15
P016291,30,Female,Commercial,West,1996-12-15
P016292,42,Male,Medicare Advantage,Northeast,1983-11-15
P016293,29,Female,Commercial,South,1997-05-15
P016294,59,Female,Medicare,West,1967-10-15
P016295,16,Other,Self-Pay,Northeast,2009-05-15
P016296,83,Male,Medicare,South,1943-09-15
P016297,9,Female,Medicare,West,2017-03-15
P016298,71,Male,Commercial,Northeast,1954-02-15
P016299,35,Male,Medicaid,West,1990-01-15
P016300,71,Male,Other,Northeast,1955-10-15
P016301,36,Male,Commercial,South,1989-03-15
P016302,19,Female,Commercial,South,2007-05-15
P016303,52,Female,Commercial,West,1974-02-15
P016304,79,Male,Medicare,Northeast,1947-02-15
P016305,79,Male,Medicaid,Midwest,1946-03-15
P016306,29,Female,Medicare,South,1996-06-15
P016307,67,Male,Medicare,Midwest,1958-03-15
P016308,36,Male,Medicaid,Midwest,1990-09-15
P016309,77,Female,Medicare Advantage,South,1949-02-15
P016310,75,Male,Medicaid,Northeast,1951-12-15
P016311,30,Female,Medicare,South,1995-04-15
P016312,78,Male,Commercial,Northeast,1947-12-15
P016313,20,Female,Medicare,West,2005-07-15
P016314,62,Male,Medicare,Northeast,1963-01-15
P016315,51,Male,Medicaid,Midwest,1975-08-15
P016316,76,Male,Medicaid,Midwest,1950-08-15
P016317,79,Female,Medicare,Midwest,1947-06-15
P016318,92,Male,Medicare,Midwest,1934-10-15
P016319,59,Female,Commercial,Midwest,1967-10-15
P016320,58,Male,Medicare,South,1968-02-15
P016321,21,Male,Medicaid,Northeast,2005-09-15
P016322,84,Male,Medicare Advantage,West,1942-11-15
P016323,9,Female,Commercial,South,2016-06-15
P016324,91,Female,Self-Pay,Northeast,1934-02-15
P016325,2,Female,Medicaid,South,2024-09-15
P016326,33,Female,Commercial,West,1993-09-15
P016327,55,Male,Medicare Advantage,West,1971-07-15
P016328,66,Female,Medicare,Midwest,1959-06-15
P016329,61,Other,Commercial,Midwest,1964-07-15
P016330,56,Male,Medicare,South,1970-05-15
P016331,31,Male,Medicaid,Midwest,1995-11-15
P016332,63,Female,Medicare,Midwest,1963-08-15
P016333,27,Male,Medicaid,Midwest,1998-07-15
P016334,77,Male,Medicaid,Midwest,1949-03-15
P016335,6,Female,Self-Pay,West,2019-02-15
P016336,54,Male,Medicare Advantage,South,1971-12-15
P016337,72,Female,Self-Pay,West,1954-06-15
P016338,31,Female,Medicare,West,1994-03-15
P016339,32,Male,Commercial,South,1994-05-15
P016340,71,Female,Medicare,South,1955-10-15
P016341,31,Male,Medicare Advantage,South,1995-10-15
P016342,39,Female,Medicare,South,1987-07-15
P016343,60,Female,Workers Comp,Midwest,1965-10-15
P016344,22,Male,Medicaid,Midwest,2003-09-15
P016345,19,Female,Medicare,South,2007-10-15
P016346,86,Female,Medicare,South,1939-10-15
P016347,75,Female,Medicare,South,1950-02-15
P016348,82,Female,Medicare,West,1944-09-15
P016349,77,Female,Other,West,1949-07-15
P016350,79,Female,Medicare,West,1947-02-15
P016351,60,Male,Commercial,Midwest,1966-03-15
P016352,61,Female,Self-Pay,South,1965-10-15
P016353,31,Male,Medicare Advantage,Midwest,1995-02-15
P016354,71,Female,Medicare,Midwest,1954-05-15
P016355,28,Female,Medicare,Midwest,1998-11-15
P016356,28,Female,Medicare,Midwest,1997-02-15
P016357,13,Male,Commercial,Northeast,2012-02-15
P016358,52,Male,Medicare Advantage,West,1974-05-15
P016359,81,Female,Commercial,South,1945-12-15
P016360,82,Male,Commercial,Midwest,1944-07-15
P016361,29,Female,Commercial,West,1996-03-15
P016362,59,Male,Medicare,West,1966-11-15
P016363,89,Male,Other,West,1936-10-15
P016364,62,Male,Medicaid,Midwest,1963-12-15
P016365,53,Female,Medicare,South,1973-11-15
P016366,13,Male,Commercial,Northeast,2013-11-15
P016367,56,Female,Commercial,West,1970-08-15
P016368,45,Female,Commercial,Midwest,1981-04-15
P016369,37,Male,Commercial,West,1988-05-15
P016370,47,Male,Commercial,South,1979-12-15
P016371,67,Female,Medicare,Midwest,1959-10-15
P016372,25,Female,Medicaid,West,2001-03-15
P016373,56,Male,Commercial,Northeast,1969-10-15
P016374,35,Male,Commercial,Northeast,1991-11-15
P016375,50,Female,Medicare Advantage,West,1975-11-15
P016376,80,Female,Self-Pay,Midwest,1946-01-15
P016377,79,Female,Medicare,West,1946-09-15
P016378,86,Female,Medicare Advantage,South,1940-08-15
P016379,72,Female,Medicare,Midwest,1953-10-15
P016380,57,Male,Medicaid,South,1968-01-15
P016381,50,Female,Medicare,Midwest,1976-10-15
P016382,35,Female,Medicare Advantage,Northeast,1990-01-15
P016383,16,Male,Self-Pay,West,2009-10-15
P016384,24,Female,Medicare Advantage,West,2001-07-15
P016385,66,Female,Commercial,Midwest,1959-10-15
P016386,68,Female,Medicare,West,1957-11-15
P016387,26,Female,Commercial,South,2000-01-15
P016388,74,Male,Medicare,Northeast,1951-11-15
P016389,49,Female,Medicare,Northeast,1976-05-15
P016390,41,Male,Medicare,Northeast,1984-05-15
P016391,32,Male,Medicare,South,1994-10-15
P016392,53,Male,Commercial,South,1972-10-15
P016393,49,Female,Medicare,South,1976-05-15
P016394,16,Female,Commercial,South,2010-02-15
P016395,71,Female,Medicare,West,1954-05-15
P016396,58,Female,Medicare Advantage,South,1968-06-15
P016397,63,Male,Commercial,Midwest,1963-07-15
P016398,18,Male,Commercial,Midwest,2007-11-15
P016399,60,Male,Medicare,South,1965-10-15
P016400,50,Female,Medicare Advantage,West,1976-08-15
P016401,30,Male,Medicare,West,1996-03-15
P016402,47,Male,Medicare Advantage,Northeast,1978-12-15
P016403,62,Female,Commercial,West,1963-10-15
P016404,25,Female,Commercial,West,2000-12-15
P016405,70,Female,Medicare Advantage,South,1956-04-15
P016406,47,Male,Medicare,Northeast,1978-09-15
P016407,61,Male,Other,Midwest,1965-07-15
P016408,40,Female,Self-Pay,Northeast,1986-09-15
P016409,78,Male,Medicare Advantage,South,1947-03-15
P016410,0,Male,Medicare Advantage,Midwest,2025-10-15
P016411,21,Female,Medicare Advantage,West,2004-11-15
P016412,15,Male,Commercial,Northeast,2010-10-15
P016413,79,Male,Medicare,Northeast,1946-02-15
P016414,72,Male,Medicare,Midwest,1954-08-15
P016415,41,Male,Medicare Advantage,South,1984-05-15
P016416,57,Female,Medicare,South,1969-01-15
P016417,65,Female,Self-Pay,West,1960-11-15
P016418,41,Male,Commercial,West,1985-01-15
P016419,44,Male,Medicaid,South,1982-01-15
P016420,76,Male,Commercial,South,1950-09-15
P016421,49,Female,Commercial,Midwest,1977-07-15
P016422,73,Female,Medicaid,Midwest,1953-11-15
P016423,45,Male,Medicare,Northeast,1980-09-15
P016424,68,Female,Commercial,West,1957-11-15
P016425,75,Female,Self-Pay,Northeast,1950-01-15
P016426,70,Male,Medicare,South,1956-03-15
P016427,59,Male,Medicaid,Midwest,1966-10-15
P016428,72,Female,Commercial,South,1953-08-15
P016429,30,Male,Medicaid,Midwest,1995-01-15
P016430,88,Female,Medicare,South,1938-01-15
P016431,40,Female,Medicare Advantage,Midwest,1986-06-15
P016432,46,Female,Medicare,Midwest,1980-05-15
P016433,39,Female,Medicare,West,1987-08-15
P016434,65,Male,Commercial,Midwest,1960-12-15
P016435,12,Female,Self-Pay,Northeast,2013-02-15
P016436,0,Female,Self-Pay,Northeast,2025-08-15
P016437,53,Male,Commercial,Midwest,1972-11-15
P016438,18,Male,Commercial,South,2008-04-15
P016439,58,Male,Medicare,Northeast,1967-03-15
P016440,42,Male,Medicare,South,1984-10-15
P016441,27,Male,Medicare,Midwest,1999-02-15
P016442,60,Female,Commercial,South,1966-06-15
P016443,30,Male,Medicare Advantage,Midwest,1996-06-15
P016444,8,Female,Self-Pay,Northeast,2018-12-15
P016445,41,Female,Medicaid,Northeast,1985-03-15
P016446,38,Female,Self-Pay,South,1987-01-15
P016447,63,Female,Medicare Advantage,South,1962-04-15
P016448,0,Female,Medicare,South,2025-10-15
P016449,45,Female,Medicare Advantage,South,1980-01-15
P016450,59,Male,Medicare,West,1967-01-15
P016451,60,Male,Medicaid,South,1966-07-15
P016452,72,Male,Commercial,West,1954-11-15
P016453,51,Female,Other,Midwest,1974-11-15
P016454,84,Female,Commercial,Northeast,1941-04-15
P016455,45,Male,Self-Pay,South,1981-06-15
P016456,62,Female,Medicaid,South,1964-04-15
P016457,75,Female,Medicare,West,1950-08-15
P016458,9,Male,Commercial,South,2016-11-15
P016459,75,Male,Medicare Advantage,Northeast,1950-09-15
P016460,81,Female,Medicare Advantage,West,1945-10-15
P016461,48,Male,Commercial,West,1977-07-15
P016462,53,Female,Medicare Advantage,South,1973-06-15
P016463,51,Female,Medicare,South,1974-06-15
P016464,71,Male,Medicaid,Midwest,1955-04-15
P016465,12,Male,Medicaid,South,2014-12-15
P016466,32,Male,Workers Comp,Midwest,1994-07-15
P016467,12,Female,Medicare Advantage,Midwest,2013-09-15
P016468,54,Female,Medicare,South,1972-11-15
P016469,39,Male,Medicaid,Midwest,1987-11-15
P016470,47,Male,Workers Comp,South,1979-06-15
P016471,83,Male,Commercial,West,1943-01-15
P016472,23,Female,Medicaid,South,2002-08-15
P016473,31,Female,Medicare Advantage,West,1994-03-15
P016474,47,Female,Commercial,West,1979-09-15
P016475,65,Female,Commercial,Midwest,1960-03-15
P016476,59,Male,Medicare,West,1966-11-15
P016477,28,Female,Medicare,Midwest,1998-11-15
P016478,50,Female,Medicare Advantage,South,1976-03-15
P016479,30,Female,Medicare,Midwest,1996-08-15
P016480,52,Female,Medicare,South,1973-02-15
P016481,40,Female,Medicaid,West,1985-08-15
P016482,39,Male,Medicare,Midwest,1986-01-15
P016483,32,Male,Commercial,West,1994-07-15
P016484,47,Male,Self-Pay,South,1979-10-15
P016485,31,Male,Medicare Advantage,Northeast,1994-08-15
P016486,66,Female,Medicare Advantage,Midwest,1960-11-15
P016487,57,Female,Medicare,West,1968-08-15
P016488,29,Male,Other,South,1997-03-15
P016489,63,Female,Commercial,South,1962-11-15
P016490,59,Male,Medicare Advantage,Midwest,1967-02-15
P016491,77,Male,Commercial,South,1949-05-15
P016492,78,Male,Medicare Advantage,Midwest,1947-02-15
P016493,2,Female,Medicaid,West,2024-04-15
P016494,27,Female,Commercial,Northeast,1999-06-15
P016495,28,Female,Commercial,South,1997-04-15
P016496,59,Female,Medicare Advantage,South,1966-04-15
P016497,50,Male,Medicaid,West,1976-11-15
P016498,62,Female,Medicaid,Midwest,1963-12-15
P016499,31,Female,Medicare,Midwest,1994-11-15
P016500,19,Male,Commercial,Midwest,2007-05-15
P016501,90,Female,Medicare Advantage,Northeast,1936-07-15
P016502,76,Male,Commercial,South,1950-06-15
P016503,39,Male,Medicare Advantage,South,1987-05-15
P016504,41,Female,Commercial,Midwest,1984-03-15
P016505,66,Male,Medicaid,West,1960-01-15
P016506,31,Male,Commercial,Northeast,1995-01-15
P016507,62,Female,Self-Pay,West,1964-08-15
P016508,25,Male,Commercial,West,2000-12-15
P016509,54,Male,Commercial,South,1972-07-15
P016510,42,Male,Medicare,Northeast,1983-02-15
P016511,2,Male,Medicaid,Northeast,2023-09-15
P016512,12,Male,Commercial,Northeast,2013-09-15
P016513,57,Female,Medicare Advantage,Midwest,1968-06-15
P016514,86,Female,Commercial,South,1940-09-15
P016515,20,Male,Medicare Advantage,Northeast,2006-12-15
P016516,4,Female,Commercial,Northeast,2021-07-15
P016517,34,Male,Commercial,West,1991-09-15
P016518,57,Male,Self-Pay,South,1968-01-15
P016519,29,Male,Commercial,West,1996-01-15
P016520,27,Male,Medicare,West,1999-05-15
P016521,37,Male,Medicaid,Midwest,1988-06-15
P016522,66,Female,Medicaid,South,1959-10-15
P016523,51,Female,Commercial,Midwest,1975-12-15
P016524,91,Male,Commercial,South,1935-10-15
P016525,67,Female,Self-Pay,South,1958-03-15
P016526,23,Male,Medicaid,West,2002-02-15
P016527,39,Female,Commercial,Midwest,1986-02-15
P016528,64,Female,Medicaid,West,1961-09-15
P016529,63,Female,Commercial,Northeast,1962-01-15
P016530,75,Female,Medicaid,West,1951-09-15
P016531,21,Male,Medicare,Northeast,2005-07-15
P016532,49,Male,Self-Pay,Midwest,1976-01-15
P016533,80,Female,Medicare,Northeast,1946-12-15
P016534,47,Male,Medicare,Midwest,1978-08-15
P016535,47,Female,Medicaid,Northeast,1978-03-15
P016536,13,Male,Medicare Advantage,West,2012-12-15
P016537,57,Female,Commercial,Midwest,1968-10-15
P016538,52,Male,Medicare,West,1973-08-15
P016539,13,Female,Commercial,Northeast,2013-01-15
P016540,38,Female,Commercial,South,1988-10-15
P016541,7,Male,Medicare,Midwest,2018-10-15
P016542,45,Male,Medicare Advantage,Midwest,1981-09-15
P016543,44,Female,Self-Pay,Midwest,1981-03-15
P016544,34,Female,Commercial,Midwest,1991-04-15
P016545,38,Male,Medicaid,Midwest,1987-07-15
P016546,67,Female,Medicare,Midwest,1958-06-15
P016547,66,Male,Medicaid,West,1959-02-15
P016548,39,Female,Medicare Advantage,South,1987-02-15
P016549,51,Male,Commercial,Northeast,1975-12-15
P016550,1,Male,Medicare,West,2024-02-15
P016551,48,Female,Self-Pay,West,1978-02-15
P016552,53,Female,Commercial,Midwest,1973-09-15
P016553,73,Female,Medicare,West,1953-03-15
P016554,66,Male,Medicaid,Midwest,1960-08-15
P016555,38,Male,Other,Northeast,1987-01-15
P016556,37,Male,Medicare Advantage,West,1989-10-15
P016557,62,Female,Medicaid,West,1964-07-15
P016558,20,Female,Medicare,South,2006-05-15
P016559,59,Male,Medicaid,West,1967-08-15
P016560,34,Male,Medicare,Midwest,1991-11-15
P016561,16,Male,Commercial,West,2009-09-15
P016562,5,Female,Medicare Advantage,South,2020-02-15
P016563,94,Female,Medicare Advantage,Northeast,1932-05-15
P016564,57,Male,Medicare,South,1968-12-15
P016565,19,Female,Medicare Advantage,South,2006-03-15
P016566,91,Female,Commercial,Midwest,1935-05-15
P016567,89,Female,Medicaid,West,1937-09-15
P016568,37,Male,Medicare,Northeast,1989-10-15
P016569,70,Female,Self-Pay,South,1956-12-15
P016570,42,Female,Commercial,South,1983-11-15
P016571,94,Male,Self-Pay,South,1932-12-15
P016572,64,Female,Medicare,Northeast,1961-10-15
P016573,64,Male,Commercial,Northeast,1962-07-15
P016574,73,Male,Medicare,West,1952-12-15
P016575,3,Male,Medicare,Northeast,2023-12-15
P016576,39,Male,Commercial,Midwest,1987-09-15
P016577,53,Male,Commercial,Midwest,1973-02-15
P016578,22,Female,Medicare,Northeast,2004-04-15
P016579,71,Female,Medicare,South,1955-04-15
P016580,45,Male,Medicare,South,1981-06-15
P016581,92,Female,Commercial,Midwest,1933-05-15
P016582,60,Female,Medicare Advantage,Northeast,1966-02-15
P016583,46,Male,Medicare,West,1980-11-15
P016584,78,Female,Medicare,West,1947-01-15
P016585,1,Female,Commercial,South,2025-11-15
P016586,79,Male,Medicare,South,1947-03-15
P016587,63,Female,Medicare,Midwest,1963-09-15
P016588,33,Female,Medicare,Northeast,1992-08-15
P016589,37,Male,Medicaid,South,1988-08-15
P016590,64,Male,Commercial,West,1962-11-15
P016591,7,Female,Commercial,South,2018-02-15
P016592,14,Male,Medicare,South,2012-11-15
P016593,25,Female,Medicare Advantage,West,2000-01-15
P016594,91,Female,Medicare,South,1934-01-15
P016595,31,Male,Medicare,West,1994-07-15
P016596,54,Male,Medicare,West,1971-05-15
P016597,91,Female,Medicare Advantage,West,1934-12-15
P016598,65,Female,Medicare,Northeast,1961-03-15
P016599,68,Female,Medicaid,Northeast,1958-11-15
P016600,38,Female,Medicare,Midwest,1987-07-15
P016601,64,Female,Medicare,South,1961-01-15
P016602,48,Female,Medicaid,West,1978-01-15
P016603,71,Female,Medicare,Northeast,1955-10-15
P016604,53,Male,Commercial,Northeast,1972-06-15
P016605,29,Female,Medicare,West,1997-10-15
P016606,56,Male,Workers Comp,South,1970-10-15
P016607,60,Female,Medicare Advantage,West,1966-09-15
P016608,84,Male,Medicare,South,1941-06-15
P016609,65,Female,Medicaid,West,1960-08-15
P016610,22,Male,Commercial,Midwest,2003-10-15
P016611,64,Male,Medicare Advantage,South,1962-08-15
P016612,56,Male,Medicare,South,1969-08-15
P016613,15,Male,Medicaid,West,2010-01-15
P016614,38,Female,Medicare,South,1988-06-15
P016615,31,Male,Self-Pay,South,1995-05-15
P016616,26,Male,Medicare,West,2000-08-15
P016617,47,Male,Commercial,South,1979-08-15
P016618,0,Male,Medicare,South,2025-03-15
P016619,6,Female,Medicare,South,2020-05-15
P016620,75,Male,Medicare Advantage,South,1950-03-15
P016621,36,Female,Medicare,Northeast,1990-07-15
P016622,29,Female,Commercial,Midwest,1996-08-15
P016623,86,Female,Medicare Advantage,Midwest,1939-09-15
P016624,41,Male,Medicare,Northeast,1985-08-15
P016625,8,Female,Self-Pay,Midwest,2017-01-15
P016626,93,Female,Medicare,South,1933-02-15
P016627,56,Female,Medicaid,South,1969-10-15
P016628,73,Female,Medicare Advantage,Midwest,1952-04-15
P016629,53,Male,Commercial,West,1972-03-15
P016630,54,Male,Medicare Advantage,Northeast,1971-01-15
P016631,18,Male,Medicare,West,2008-03-15
P016632,53,Other,Medicare,Midwest,1973-07-15
P016633,25,Female,Self-Pay,West,2001-05-15
P016634,3,Female,Medicaid,West,2023-08-15
P016635,60,Male,Medicare,West,1965-04-15
P016636,33,Male,Medicare,South,1993-02-15
P016637,39,Male,Medicaid,West,1986-09-15
P016638,26,Male,Medicare Advantage,South,1999-06-15
P016639,0,Female,Other,South,2026-09-15
P016640,79,Male,Medicaid,Midwest,1947-07-15
P016641,16,Female,Medicare Advantage,South,2009-02-15
P016642,46,Male,Medicare,South,1980-08-15
P016643,54,Female,Medicare,West,1971-09-15
P016644,92,Female,Medicare,Midwest,1933-02-15
P016645,91,Female,Medicare,Midwest,1935-11-15
P016646,45,Male,Medicaid,Northeast,1980-08-15
P016647,29,Male,Medicare,Midwest,1996-05-15
P016648,69,Female,Medicare,Northeast,1957-01-15
P016649,66,Female,Medicaid,Northeast,1960-08-15
P016650,91,Female,Medicare,West,1934-07-15
P016651,15,Male,Medicare,Midwest,2010-11-15
P016652,72,Male,Medicare,Northeast,1954-07-15
P016653,54,Male,Other,South,1971-10-15
P016654,78,Female,Medicare,Midwest,1948-10-15
P016655,74,Male,Commercial,Northeast,1951-08-15
P016656,56,Male,Medicare,West,1969-09-15
P016657,73,Female,Medicare,West,1953-06-15
P016658,47,Male,Self-Pay,South,1979-04-15
P016659,63,Female,Medicaid,South,1962-04-15
P016660,22,Female,Medicare Advantage,Midwest,2004-01-15
P016661,38,Female,Self-Pay,Midwest,1988-01-15
P016662,36,Male,Medicare Advantage,South,1989-07-15
P016663,70,Female,Commercial,Northeast,1955-02-15
P016664,10,Female,Commercial,Northeast,2015-10-15
P016665,32,Male,Medicaid,West,1993-01-15
P016666,19,Female,Commercial,Northeast,2007-10-15
P016667,85,Female,Medicare,Midwest,1940-09-15
P016668,78,Male,Commercial,Midwest,1947-10-15
P016669,72,Male,Medicare Advantage,Midwest,1954-05-15
P016670,20,Male,Medicare,Northeast,2006-03-15
P016671,49,Female,Medicaid,West,1976-06-15
P016672,90,Female,Commercial,West,1936-07-15
P016673,44,Female,Commercial,Midwest,1982-04-15
P016674,49,Male,Medicare,Northeast,1976-03-15
P016675,59,Male,Commercial,Midwest,1967-10-15
P016676,48,Female,Medicare Advantage,Midwest,1977-02-15
P016677,6,Male,Commercial,West,2019-10-15
P016678,83,Male,Commercial,Northeast,1943-09-15
P016679,45,Female,Commercial,West,1980-06-15
P016680,52,Male,Medicare Advantage,West,1973-03-15
P016681,89,Male,Commercial,South,1936-07-15
P016682,61,Female,Commercial,West,1965-09-15
P016683,35,Female,Medicare,Midwest,1990-04-15
P016684,74,Female,Commercial,West,1951-12-15
P016685,96,Female,Medicaid,Northeast,1929-08-15
P016686,55,Female,Commercial,Midwest,1971-03-15
P016687,61,Male,Commercial,Midwest,1964-10-15
P016688,72,Female,Medicare Advantage,Northeast,1954-05-15
P016689,56,Male,Commercial,Northeast,1970-08-15
P016690,87,Female,Medicare,Midwest,1938-06-15
P016691,10,Male,Other,Northeast,2015-05-15
P016692,63,Female,Other,Northeast,1963-09-15
P016693,35,Male,Commercial,South,1991-10-15
P016694,28,Male,Medicare,West,1998-12-15
P016695,30,Male,Self-Pay,Northeast,1996-06-15
P016696,69,Male,Medicare,West,1957-12-15
P016697,38,Female,Medicare Advantage,South,1988-03-15
P016698,56,Female,Commercial,West,1969-12-15
P016699,4,Female,Medicare,West,2021-01-15
P016700,58,Female,Medicare Advantage,South,1968-01-15
P016701,19,Female,Commercial,Midwest,2007-01-15
P016702,63,Female,Medicare Advantage,South,1963-06-15
P016703,79,Female,Commercial,West,1947-09-15
P016704,47,Female,Medicaid,West,1979-12-15
P016705,6,Female,Medicare,Northeast,2019-05-15
P016706,46,Male,Medicare,Northeast,1980-09-15
P016707,37,Female,Medicare Advantage,West,1988-10-15
P016708,16,Female,Workers Comp,South,2009-12-15
P016709,85,Male,Medicaid,South,1941-07-15
P016710,67,Female,Self-Pay,South,1959-02-15
P016711,42,Female,Commercial,South,1984-11-15
P016712,69,Male,Medicare,South,1957-07-15
P016713,76,Male,Other,West,1949-11-15
P016714,57,Female,Medicaid,South,1969-02-15
P016715,24,Female,Medicare,South,2001-08-15
P016716,25,Male,Medicaid,Midwest,2000-03-15
P016717,22,Female,Medicare Advantage,South,2004-03-15
P016718,42,Male,Medicare,West,1984-04-15
P016719,83,Female,Self-Pay,Northeast,1942-06-15
P016720,61,Male,Medicare Advantage,Northeast,1965-05-15
P016721,0,Male,Medicare,West,2026-09-15
P016722,50,Female,Self-Pay,Midwest,1975-05-15
P016723,28,Female,Medicaid,Midwest,1997-07-15
P016724,27,Male,Commercial,Northeast,1999-06-15
P016725,45,Male,Self-Pay,South,1981-03-15
P016726,53,Female,Medicare,Midwest,1972-04-15
P016727,72,Male,Commercial,West,1954-08-15
P016728,93,Female,Commercial,Northeast,1932-01-15
P016729,58,Female,Medicare,South,1968-01-15
P016730,35,Female,Medicaid,Midwest,1991-08-15
P016731,33,Male,Self-Pay,South,1992-02-15
P016732,68,Male,Commercial,Midwest,1957-07-15
P016733,92,Female,Medicare,Northeast,1933-07-15
P016734,42,Female,Commercial,Northeast,1983-07-15
P016735,60,Male,Medicare,West,1965-07-15
P016736,15,Female,Medicare,Midwest,2010-02-15
P016737,57,Female,Self-Pay,Northeast,1969-03-15
P016738,88,Female,Medicare,Midwest,1938-06-15
P016739,73,Female,Medicare Advantage,South,1952-09-15
P016740,64,Male,Medicare,West,1962-07-15
P016741,71,Male,Commercial,West,1955-06-15
P016742,52,Female,Medicaid,West,1973-04-15
P016743,63,Female,Medicaid,South,1962-06-15
P016744,49,Male,Workers Comp,South,1977-07-15
P016745,76,Male,Medicare,Midwest,1949-05-15
P016746,60,Female,Medicare Advantage,Midwest,1965-09-15
P016747,64,Male,Medicare Advantage,South,1961-03-15
P016748,78,Female,Medicare,West,1948-07-15
P016749,59,Male,Medicare Advantage,Midwest,1966-02-15
P016750,78,Male,Medicaid,West,1948-04-15
P016751,0,Female,Medicaid,South,2025-07-15
P016752,20,Female,Commercial,West,2005-07-15
P016753,87,Female,Medicaid,Northeast,1938-04-15
P016754,58,Female,Self-Pay,West,1967-06-15
P016755,44,Female,Commercial,South,1981-08-15
P016756,25,Female,Medicare,South,2001-04-15
P016757,19,Female,Medicare Advantage,West,2006-06-15
P016758,70,Male,Medicare,West,1955-10-15
P016759,91,Female,Medicare,Midwest,1934-11-15
P016760,57,Male,Commercial,South,1968-02-15
P016761,83,Female,Commercial,Northeast,1942-02-15
P016762,17,Female,Medicare,South,2009-01-15
P016763,35,Female,Commercial,South,1990-05-15
P016764,18,Male,Medicare,South,2007-04-15
P016765,36,Female,Medicaid,South,1990-09-15
P016766,63,Male,Medicare,South,1962-03-15
P016767,25,Male,Medicare,South,2000-10-15
P016768,43,Male,Medicare,Northeast,1982-06-15
P016769,36,Male,Commercial,South,1990-04-15
P016770,5,Female,Medicare Advantage,West,2021-01-15
P016771,35,Female,Medicare,Midwest,1991-08-15
P016772,58,Male,Commercial,Midwest,1968-05-15
P016773,11,Male,Medicaid,Northeast,2015-09-15
P016774,37,Male,Medicare,South,1988-08-15
P016775,90,Male,Commercial,West,1935-04-15
P016776,39,Female,Commercial,Northeast,1987-04-15
P016777,52,Male,Other,West,1973-06-15
P016778,73,Male,Commercial,South,1953-11-15
P016779,34,Female,Medicare,Northeast,1992-11-15
P016780,47,Male,Commercial,West,1979-08-15
P016781,53,Female,Medicare,Midwest,1973-01-15
P016782,40,Female,Medicaid,South,1986-11-15
P016783,18,Male,Medicare,South,2007-07-15
P016784,21,Female,Medicare,West,2004-11-15
P016785,74,Male,Commercial,Midwest,1952-04-15
P016786,46,Female,Commercial,West,1979-11-15
P016787,65,Female,Commercial,Midwest,1961-10-15
P016788,38,Male,Medicaid,South,1987-11-15
P016789,79,Female,Commercial,South,1947-08-15
P016790,27,Male,Medicaid,South,1998-07-15
P016791,52,Female,Medicare,West,1974-03-15
P016792,55,Female,Medicare,Midwest,1971-05-15
P016793,92,Male,Medicare Advantage,Midwest,1933-05-15
P016794,44,Female,Medicare,South,1981-06-15
P016795,5,Male,Medicare,Midwest,2020-11-15
P016796,83,Female,Medicare Advantage,Northeast,1943-01-15
P016797,11,Female,Medicaid,West,2014-10-15
P016798,41,Male,Commercial,Midwest,1984-10-15
P016799,44,Male,Medicare,Northeast,1982-03-15
P016800,31,Female,Medicare,South,1995-07-15
P016801,65,Female,Commercial,South,1961-04-15
P016802,59,Male,Commercial,South,1967-11-15
P016803,33,Male,Commercial,Northeast,1992-09-15
P016804,47,Male,Medicaid,Northeast,1979-06-15
P016805,55,Female,Medicaid,West,1970-12-15
P016806,28,Male,Medicaid,Midwest,1997-09-15
P016807,63,Female,Medicare,Northeast,1962-07-15
P016808,14,Female,Commercial,West,2012-07-15
P016809,31,Male,Commercial,South,1994-01-15
P016810,33,Female,Medicare,South,1993-02-15
P016811,74,Male,Medicare,Midwest,1952-12-15
P016812,36,Male,Medicaid,West,1989-02-15
P016813,31,Female,Commercial,South,1994-08-15
P016814,75,Male,Commercial,Northeast,1951-01-15
P016815,62,Male,Medicare,South,1964-09-15
P016816,66,Male,Medicaid,West,1959-02-15
P016817,31,Female,Medicare,Midwest,1995-04-15
P016818,63,Male,Workers Comp,Midwest,1962-07-15
P016819,51,Female,Commercial,Midwest,1974-03-15
P016820,29,Female,Workers Comp,South,1997-11-15
P016821,49,Female,Medicare,West,1976-02-15
P016822,73,Female,Commercial,Northeast,1953-09-15
P016823,43,Male,Medicare,Northeast,1983-12-15
P016824,69,Male,Medicaid,South,1956-05-15
P016825,52,Male,Medicare,South,1974-09-15
P016826,28,Male,Commercial,South,1998-10-15
P016827,21,Male,Medicare,Northeast,2004-04-15
P016828,0,Male,Commercial,West,2025-03-15
P016829,60,Male,Medicaid,Northeast,1966-11-15
P016830,59,Female,Self-Pay,South,1967-05-15
P016831,42,Male,Self-Pay,West,1984-09-15
P016832,53,Female,Medicare,West,1973-12-15
P016833,29,Female,Medicare,Midwest,1996-09-15
P016834,55,Female,Commercial,Midwest,1970-02-15
P016835,58,Female,Commercial,South,1968-09-15
P016836,55,Male,Medicare,West,1970-12-15
P016837,56,Female,Commercial,Northeast,1969-02-15
P016838,70,Female,Medicare,West,1955-06-15
P016839,96,Female,Medicare Advantage,West,1929-08-15
P016840,20,Male,Medicare,Northeast,2006-05-15
P016841,18,Female,Medicare Advantage,Midwest,2008-07-15
P016842,49,Female,Commercial,South,1976-06-15
P016843,27,Male,Self-Pay,South,1999-05-15
P016844,2,Female,Medicare,West,2023-09-15
P016845,12,Male,Medicaid,Northeast,2013-05-15
P016846,15,Male,Commercial,Midwest,2011-11-15
P016847,6,Male,Medicaid,South,2019-04-15
P016848,7,Male,Commercial,South,2019-02-15
P016849,72,Male,Workers Comp,West,1953-08-15
P016850,27,Female,Medicare Advantage,Northeast,1998-05-15
P016851,64,Female,Commercial,Midwest,1961-04-15
P016852,81,Female,Medicare,West,1945-03-15
P016853,0,Female,Medicare,Midwest,2026-02-15
P016854,15,Female,Medicare Advantage,West,2010-05-15
P016855,23,Female,Self-Pay,South,2003-11-15
P016856,2,Male,Medicare,Midwest,2023-10-15
P016857,26,Male,Medicare,West,2000-08-15
P016858,63,Male,Commercial,Northeast,1962-04-15
P016859,27,Female,Commercial,Northeast,1998-08-15
P016860,15,Male,Commercial,South,2010-03-15
P016861,64,Male,Medicare,Northeast,1962-05-15
P016862,52,Female,Medicare,Northeast,1974-04-15
P016863,54,Female,Commercial,West,1972-04-15
P016864,13,Male,Medicaid,Northeast,2012-08-15
P016865,70,Female,Medicare Advantage,Northeast,1956-02-15
P016866,30,Male,Medicare,South,1996-11-15
P016867,64,Male,Medicare,South,1962-09-15
P016868,43,Male,Commercial,Northeast,1983-10-15
P016869,25,Male,Self-Pay,Midwest,2000-08-15
P016870,27,Female,Medicare Advantage,West,1998-09-15
P016871,62,Female,Medicaid,Midwest,1963-06-15
P016872,35,Male,Commercial,Midwest,1990-06-15
P016873,39,Female,Commercial,West,1987-03-15
P016874,69,Female,Commercial,South,1957-06-15
P016875,94,Female,Medicaid,South,1932-07-15
P016876,20,Male,Commercial,Northeast,2006-09-15
P016877,72,Female,Medicare Advantage,Midwest,1953-11-15
P016878,28,Male,Commercial,South,1997-01-15
P016879,78,Female,Commercial,South,1948-06-15
P016880,91,Male,Commercial,Midwest,1935-05-15
P016881,26,Female,Commercial,Midwest,1999-07-15
P016882,49,Female,Medicaid,South,1977-06-15
P016883,40,Female,Medicare,South,1986-10-15
P016884,72,Male,Commercial,Northeast,1953-11-15
P016885,65,Male,Self-Pay,Midwest,1960-03-15
P016886,51,Male,Medicare,South,1975-05-15
P016887,12,Female,Medicaid,South,2014-05-15
P016888,45,Female,Commercial,South,1980-12-15
P016889,77,Male,Commercial,Midwest,1949-12-15
P016890,50,Female,Medicare Advantage,West,1976-10-15
P016891,15,Male,Medicare Advantage,Northeast,2010-05-15
P016892,61,Male,Medicaid,South,1965-03-15
P016893,42,Female,Medicare,West,1983-10-15
P016894,65,Female,Medicare Advantage,South,1961-12-15
P016895,62,Male,Medicare,South,1964-04-15
P016896,47,Male,Medicare Advantage,Northeast,1979-12-15
P016897,63,Male,Medicare Advantage,South,1963-06-15
P016898,86,Male,Medicare Advantage,Northeast,1939-07-15
P016899,67,Female,Medicare,Midwest,1958-06-15
P016900,59,Male,Workers Comp,South,1966-08-15
P016901,54,Female,Medicare,South,1971-04-15
P016902,24,Male,Medicare,West,2001-12-15
P016903,47,Female,Medicare,South,1979-06-15
P016904,58,Female,Medicaid,Northeast,1968-07-15
P016905,31,Female,Medicare Advantage,South,1994-11-15
P016906,74,Male,Medicare,West,1951-06-15
P016907,69,Male,Commercial,South,1957-10-15
P016908,14,Female,Commercial,South,2011-04-15
P016909,31,Male,Commercial,South,1994-08-15
P016910,26,Female,Medicare,South,1999-02-15
P016911,51,Female,Other,South,1975-08-15
P016912,9,Male,Medicaid,West,2017-01-15
P016913,93,Female,Medicare Advantage,Northeast,1932-02-15
P016914,81,Male,Commercial,West,1944-12-15
P016915,23,Female,Medicare,South,2003-03-15
P016916,37,Male,Medicare,Northeast,1989-02-15
P016917,43,Male,Medicare,Northeast,1983-09-15
P016918,68,Male,Other,Midwest,1957-01-15
P016919,69,Male,Commercial,South,1956-09-15
P016920,79,Male,Medicare Advantage,South,1947-05-15
P016921,71,Female,Medicare Advantage,Northeast,1955-02-15
P016922,57,Female,Medicare,Northeast,1968-11-15
P016923,37,Female,Medicare,Midwest,1989-02-15
P016924,38,Female,Medicare,South,1988-05-15
P016925,81,Male,Medicare,Midwest,1944-06-15
P016926,70,Female,Commercial,South,1955-12-15
P016927,21,Male,Medicare Advantage,Midwest,2005-10-15
P016928,72,Male,Medicaid,South,1954-04-15
P016929,19,Female,Medicare,Northeast,2007-03-15
P016930,27,Male,Commercial,West,1999-09-15
P016931,65,Female,Medicaid,Midwest,1960-05-15
P016932,51,Female,Commercial,Midwest,1975-08-15
P016933,33,Female,Medicare,Northeast,1992-08-15
P016934,23,Male,Medicaid,West,2003-06-15
P016935,58,Female,Medicare,West,1967-08-15
P016936,56,Male,Medicare,South,1970-09-15
P016937,79,Male,Commercial,West,1946-06-15
P016938,18,Female,Self-Pay,South,2007-12-15
P016939,59,Male,Commercial,South,1966-12-15
P016940,58,Female,Medicaid,Northeast,1967-07-15
P016941,38,Female,Commercial,Midwest,1988-12-15
P016942,44,Male,Medicare,South,1981-12-15
P016943,52,Male,Medicaid,Northeast,1974-05-15
P016944,67,Female,Medicaid,South,1958-10-15
P016945,52,Male,Medicare,South,1974-04-15
P016946,72,Female,Medicaid,Northeast,1953-12-15
P016947,93,Female,Medicare,South,1933-04-15
P016948,39,Male,Workers Comp,Midwest,1986-06-15
P016949,60,Male,Medicare,West,1966-11-15
P016950,78,Male,Medicaid,South,1947-04-15
P016951,88,Male,Medicare,South,1937-11-15
P016952,27,Female,Medicare,Northeast,1998-08-15
P016953,95,Male,Medicare,West,1930-05-15
P016954,57,Female,Commercial,South,1969-12-15
P016955,28,Female,Medicare,Midwest,1998-04-15
P016956,6,Male,Commercial,West,2020-04-15
P016957,53,Male,Medicare,West,1972-08-15
P016958,28,Male,Medicare,South,1997-04-15
P016959,24,Male,Medicare,South,2001-01-15
P016960,8,Female,Commercial,Midwest,2017-11-15
P016961,27,Female,Medicare Advantage,Midwest,1998-08-15
P016962,67,Male,Self-Pay,South,1959-02-15
P016963,51,Male,Medicare,Midwest,1975-09-15
P016964,54,Female,Commercial,South,1972-03-15
P016965,59,Female,Medicare,Midwest,1966-05-15
P016966,79,Male,Medicaid,South,1947-09-15
P016967,39,Male,Medicare Advantage,Northeast,1987-12-15
P016968,76,Female,Medicare Advantage,South,1949-02-15
P016969,46,Female,Commercial,South,1979-12-15
P016970,30,Male,Medicare,South,1995-08-15
P016971,65,Female,Medicare Advantage,West,1961-09-15
P016972,88,Male,Medicaid,South,1938-05-15
P016973,78,Female,Commercial,West,1948-12-15
P016974,57,Female,Self-Pay,South,1969-11-15
P016975,52,Male,Medicare,South,1974-10-15
P016976,47,Female,Medicare,Northeast,1979-08-15
P016977,31,Female,Medicare,South,1995-03-15
P016978,11,Female,Commercial,Midwest,2014-03-15
P016979,67,Male,Medicare,West,1959-10-15
P016980,53,Male,Commercial,South,1973-03-15
P016981,9,Male,Medicaid,South,2017-11-15
P016982,24,Female,Medicare,Midwest,2002-02-15
P016983,23,Female,Medicaid,Midwest,2003-10-15
P016984,43,Female,Workers Comp,South,1983-09-15
P016985,19,Male,Medicaid,Midwest,2007-01-15
P016986,56,Male,Medicare,Northeast,1970-08-15
P016987,71,Male,Self-Pay,Northeast,1954-09-15
P016988,30,Male,Medicaid,South,1996-02-15
P016989,40,Female,Other,South,1985-06-15
P016990,53,Female,Medicare Advantage,South,1972-10-15
P016991,35,Female,Commercial,Northeast,1991-04-15
P016992,24,Female,Medicare,Northeast,2002-07-15
P016993,74,Female,Commercial,Midwest,1951-07-15
P016994,4,Female,Medicare,Midwest,2021-05-15
P016995,47,Male,Commercial,South,1979-07-15
P016996,69,Female,Commercial,Northeast,1956-02-15
P016997,47,Male,Medicare Advantage,West,1979-11-15
P016998,53,Female,Medicare Advantage,West,1972-07-15
P016999,22,Female,Medicare Advantage,West,2003-03-15
P017000,70,Male,Medicare,Midwest,1955-08-15
P017001,27,Female,Medicaid,South,1999-02-15
P017002,60,Male,Medicare,West,1965-11-15
P017003,79,Female,Commercial,Midwest,1947-04-15
P017004,52,Female,Medicaid,South,1973-01-15
P017005,50,Female,Commercial,West,1975-04-15
P017006,65,Male,Medicare,Midwest,1960-06-15
P017007,86,Female,Medicare,Midwest,1940-05-15
P017008,60,Male,Medicare Advantage,West,1965-04-15
P017009,30,Male,Medicare,West,1996-04-15
P017010,45,Male,Other,South,1980-03-15
P017011,75,Male,Commercial,South,1950-07-15
P017012,47,Male,Commercial,West,1979-10-15
P017013,36,Female,Medicare Advantage,West,1990-04-15
P017014,59,Male,Commercial,Midwest,1967-09-15
P017015,54,Female,Medicare,Northeast,1972-03-15
P017016,3,Male,Medicare Advantage,Northeast,2023-05-15
P017017,87,Female,Medicare,West,1938-06-15
P017018,3,Female,Self-Pay,West,2023-09-15
P017019,56,Female,Medicare,West,1970-11-15
P017020,39,Female,Commercial,South,1986-01-15
P017021,77,Male,Medicare,Northeast,1949-09-15
P017022,27,Female,Other,Midwest,1998-01-15
P017023,91,Female,Medicare,West,1935-03-15
P017024,28,Female,Medicare,West,1998-04-15
P017025,5,Female,Medicare,West,2020-12-15
P017026,39,Female,Medicaid,South,1987-09-15
P017027,74,Male,Commercial,West,1951-12-15
P017028,96,Male,Self-Pay,South,1930-11-15
P017029,46,Female,Medicare,South,1980-03-15
P017030,63,Other,Commercial,West,1963-01-15
P017031,78,Female,Medicare,South,1947-09-15
P017032,72,Male,Medicare,Northeast,1953-01-15
P017033,32,Female,Medicare Advantage,Northeast,1994-10-15
P017034,40,Female,Medicare,South,1986-05-15
P017035,95,Male,Medicaid,Northeast,1930-03-15
P017036,88,Female,Medicaid,Northeast,1937-10-15
P017037,14,Female,Medicare Advantage,Midwest,2011-09-15
P017038,64,Female,Medicaid,Midwest,1961-09-15
P017039,37,Female,Commercial,South,1989-10-15
P017040,68,Male,Commercial,South,1957-01-15
P017041,20,Male,Medicare,Northeast,2005-02-15
P017042,34,Female,Workers Comp,Midwest,1991-10-15
P017043,7,Male,Medicare Advantage,West,2019-01-15
P017044,93,Female,Medicare,South,1933-06-15
P017045,34,Female,Medicare,South,1991-07-15
P017046,65,Male,Commercial,South,1961-06-15
P017047,94,Male,Medicare,Midwest,1931-04-15
P017048,32,Female,Medicare,Midwest,1993-09-15
P017049,61,Male,Medicare,Midwest,1965-07-15
P017050,54,Female,Other,South,1971-01-15
P017051,60,Female,Self-Pay,Midwest,1966-08-15
P017052,71,Male,Medicare Advantage,Northeast,1955-04-15
P017053,60,Female,Medicare,South,1965-09-15
P017054,41,Female,Commercial,Midwest,1984-09-15
P017055,60,Male,Medicare,South,1966-06-15
P017056,33,Male,Medicare Advantage,South,1992-01-15
P017057,12,Other,Commercial,South,2013-01-15
P017058,75,Female,Commercial,West,1950-04-15
P017059,69,Male,Medicare Advantage,West,1956-08-15
P017060,26,Male,Medicare Advantage,West,1999-02-15
P017061,63,Female,Commercial,South,1962-05-15
P017062,1,Male,Commercial,South,2024-04-15
P017063,61,Male,Medicare Advantage,West,1964-02-15
P017064,13,Female,Commercial,Midwest,2013-04-15
P017065,21,Female,Medicare,Northeast,2005-11-15
P017066,64,Female,Medicare,Midwest,1962-06-15
P017067,71,Female,Medicare,West,1954-03-15
P017068,60,Female,Other,Northeast,1965-09-15
P017069,46,Female,Commercial,South,1979-03-15
P017070,41,Male,Medicare,West,1985-07-15
P017071,66,Male,Medicaid,South,1959-05-15
P017072,57,Male,Medicare,West,1968-06-15
P017073,41,Male,Medicaid,South,1984-04-15
P017074,43,Male,Medicaid,Midwest,1982-06-15
P017075,54,Male,Medicare,South,1972-09-15
P017076,65,Male,Medicare,Midwest,1961-03-15
P017077,50,Male,Self-Pay,South,1975-11-15
P017078,42,Male,Medicare,South,1983-09-15
P017079,32,Female,Medicare Advantage,West,1993-09-15
P017080,78,Female,Self-Pay,Northeast,1947-10-15
P017081,46,Female,Medicare,South,1980-06-15
P017082,43,Female,Medicare,South,1983-07-15
P017083,70,Male,Medicare Advantage,South,1955-04-15
P017084,32,Female,Medicare,South,1994-09-15
P017085,76,Female,Self-Pay,Midwest,1949-12-15
P017086,76,Female,Self-Pay,Midwest,1950-08-15
P017087,29,Male,Commercial,South,1997-11-15
P017088,79,Female,Workers Comp,West,1946-12-15
P017089,54,Female,Medicare Advantage,Northeast,1971-05-15
P017090,68,Female,Medicare,South,1957-04-15
P017091,62,Male,Commercial,West,1963-07-15
P017092,64,Female,Commercial,Midwest,1961-06-15
P017093,64,Male,Medicare Advantage,South,1961-09-15
P017094,47,Male,Commercial,West,1978-05-15
P017095,28,Female,Medicaid,West,1998-06-15
P017096,49,Female,Commercial,West,1976-01-15
P017097,74,Male,Medicare,Midwest,1951-06-15
P017098,70,Male,Commercial,Midwest,1956-08-15
P017099,64,Female,Medicare,West,1961-09-15
P017100,56,Female,Workers Comp,Northeast,1969-10-15
P017101,27,Male,Medicare,South,1999-09-15
P017102,59,Male,Commercial,South,1967-10-15
P017103,18,Other,Medicaid,South,2007-03-15
P017104,52,Female,Commercial,West,1973-09-15
P017105,13,Female,Commercial,West,2012-07-15
P017106,68,Male,Commercial,Northeast,1958-11-15
P017107,46,Male,Commercial,South,1980-05-15
P017108,52,Male,Self-Pay,West,1973-03-15
P017109,59,Female,Medicare Advantage,Northeast,1966-04-15
P017110,61,Female,Medicaid,West,1965-05-15
P017111,76,Female,Commercial,West,1950-04-15
P017112,17,Female,Commercial,South,2009-06-15
P017113,93,Female,Medicaid,West,1932-12-15
P017114,29,Female,Commercial,Northeast,1996-03-15
P017115,49,Male,Commercial,Midwest,1977-06-15
P017116,51,Female,Medicare Advantage,West,1975-01-15
P017117,36,Male,Medicare,West,1990-12-15
P017118,92,Male,Medicaid,Northeast,1934-07-15
P017119,46,Male,Commercial,South,1979-11-15
P017120,75,Male,Commercial,Northeast,1950-02-15
P017121,95,Female,Medicare,Northeast,1930-07-15
P017122,71,Female,Medicare Advantage,West,1955-04-15
P017123,28,Male,Commercial,Northeast,1997-02-15
P017124,52,Male,Medicare,South,1973-12-15
P017125,76,Female,Medicare,South,1949-12-15
P017126,73,Female,Medicare,South,1953-08-15
P017127,8,Female,Commercial,Northeast,2018-11-15
P017128,24,Female,Medicare Advantage,West,2002-09-15
P017129,29,Female,Commercial,West,1997-10-15
P017130,37,Female,Medicaid,South,1988-06-15
P017131,64,Female,Commercial,South,1962-02-15
P017132,3,Male,Commercial,West,2023-08-15
P017133,72,Male,Workers Comp,South,1953-09-15
P017134,82,Male,Medicare,South,1944-08-15
P017135,67,Male,Medicaid,Midwest,1959-10-15
P017136,24,Male,Medicare Advantage,Northeast,2002-04-15
P017137,53,Female,Medicaid,West,1972-12-15
P017138,41,Female,Commercial,Midwest,1984-09-15
P017139,73,Male,Medicare Advantage,Midwest,1952-10-15
P017140,9,Male,Medicaid,Northeast,2016-09-15
P017141,33,Male,Medicare Advantage,South,1992-04-15
P017142,21,Male,Self-Pay,South,2004-12-15
P017143,77,Female,Commercial,Northeast,1948-01-15
P017144,57,Female,Medicare,South,1968-02-15
P017145,31,Female,Medicaid,Midwest,1995-05-15
P017146,41,Male,Medicare,Northeast,1985-08-15
P017147,55,Female,Self-Pay,South,1971-10-15
P017148,57,Female,Medicare,West,1969-08-15
P017149,35,Female,Medicaid,Northeast,1990-09-15
P017150,36,Male,Medicare Advantage,South,1990-03-15
P017151,8,Female,Self-Pay,South,2018-05-15
P017152,36,Male,Medicaid,West,1990-11-15
P017153,57,Female,Medicare Advantage,Midwest,1969-09-15
P017154,52,Male,Medicaid,Northeast,1973-12-15
P017155,39,Male,Medicaid,South,1987-07-15
P017156,18,Male,Commercial,South,2007-05-15
P017157,75,Female,Medicare,South,1951-01-15
P017158,96,Male,Self-Pay,Northeast,1929-04-15
P017159,73,Male,Commercial,Midwest,1953-12-15
P017160,79,Female,Commercial,West,1947-08-15
P017161,43,Female,Commercial,South,1983-01-15
P017162,96,Male,Medicare,Midwest,1930-03-15
P017163,28,Female,Medicaid,Midwest,1997-04-15
P017164,58,Female,Other,South,1967-05-15
P017165,66,Female,Commercial,West,1959-05-15
P017166,19,Male,Commercial,Midwest,2006-09-15
P017167,60,Male,Commercial,Northeast,1965-08-15
P017168,24,Female,Medicare Advantage,Midwest,2001-07-15
P017169,69,Female,Medicare Advantage,South,1956-05-15
P017170,15,Female,Self-Pay,Midwest,2011-07-15
P017171,76,Male,Medicaid,West,1950-11-15
P017172,67,Female,Medicare,West,1959-02-15
P017173,78,Male,Medicare Advantage,Midwest,1947-04-15
P017174,41,Female,Medicaid,West,1984-07-15
P017175,4,Male,Commercial,South,2021-05-15
P017176,9,Male,Other,Northeast,2017-11-15
P017177,73,Female,Commercial,West,1952-05-15
P017178,30,Female,Medicare,Midwest,1995-11-15
P017179,23,Female,Medicare Advantage,South,2002-04-15
P017180,25,Female,Medicare,West,2000-06-15
P017181,0,Female,Commercial,Midwest,2025-12-15
P017182,12,Male,Medicare,Midwest,2013-05-15
P017183,19,Male,Medicare,South,2006-03-15
P017184,58,Female,Medicare,West,1968-05-15
P017185,91,Male,Commercial,Northeast,1935-02-15
P017186,2,Female,Commercial,South,2023-03-15
P017187,55,Female,Medicare Advantage,Northeast,1970-03-15
P017188,35,Male,Medicaid,West,1991-11-15
P017189,46,Male,Medicare,West,1980-09-15
P017190,34,Male,Commercial,South,1991-06-15
P017191,42,Male,Self-Pay,Midwest,1983-12-15
P017192,54,Male,Medicare,Midwest,1971-05-15
P017193,55,Male,Medicare Advantage,South,1971-06-15
P017194,4,Female,Medicare Advantage,South,2021-07-15
P017195,32,Male,Medicare,West,1993-05-15
P017196,70,Male,Medicaid,South,1955-12-15
P017197,64,Male,Medicare,South,1962-05-15
P017198,67,Female,Self-Pay,South,1959-03-15
P017199,29,Male,Medicare,Northeast,1996-05-15
P017200,7,Female,Medicare Advantage,South,2019-07-15
P017201,22,Female,Medicaid,Midwest,2003-08-15
P017202,75,Male,Commercial,West,1950-01-15
P017203,0,Male,Medicare,South,2026-04-15
P017204,60,Female,Self-Pay,Northeast,1965-02-15
P017205,55,Male,Medicare,West,1970-10-15
P017206,55,Male,Medicare,Midwest,1971-08-15
P017207,71,Female,Medicare,South,1954-09-15
P017208,73,Female,Self-Pay,South,1952-10-15
P017209,55,Female,Commercial,Midwest,1971-02-15
P017210,58,Female,Medicare,South,1968-01-15
P017211,15,Male,Medicare Advantage,Northeast,2010-05-15
P017212,78,Female,Commercial,Midwest,1947-09-15
P017213,35,Male,Medicare,South,1990-03-15
P017214,1,Male,Commercial,South,2024-11-15
P017215,14,Female,Medicare,South,2011-11-15
P017216,76,Female,Medicare,South,1949-09-15
P017217,47,Male,Commercial,South,1979-10-15
P017218,46,Male,Commercial,Northeast,1979-08-15
P017219,29,Female,Self-Pay,West,1996-01-15
P017220,61,Male,Medicare,West,1964-04-15
P017221,61,Female,Medicare,Midwest,1965-12-15
P017222,46,Male,Commercial,West,1979-02-15
P017223,31,Male,Other,Midwest,1995-03-15
P017224,92,Female,Medicare,West,1934-08-15
P017225,45,Female,Medicaid,South,1981-10-15
P017226,95,Male,Medicare,South,1931-09-15
P017227,71,Female,Other,Northeast,1954-04-15
P017228,67,Female,Self-Pay,South,1958-08-15
P017229,41,Male,Commercial,South,1984-06-15
P017230,78,Female,Commercial,South,1947-08-15
P017231,80,Female,Commercial,West,1946-11-15
P017232,51,Male,Commercial,Midwest,1974-09-15
P017233,29,Male,Medicare,West,1997-05-15
P017234,63,Male,Medicare,Northeast,1963-12-15
P017235,46,Female,Commercial,Midwest,1980-08-15
P017236,28,Female,Medicare,Northeast,1997-07-15
P017237,59,Female,Commercial,Northeast,1966-05-15
P017238,8,Male,Medicare Advantage,Midwest,2017-09-15
P017239,94,Female,Other,Midwest,1931-06-15
P017240,79,Male,Medicare,South,1947-08-15
P017241,16,Female,Medicare,South,2009-11-15
P017242,67,Female,Other,Midwest,1958-01-15
P017243,51,Female,Medicare,South,1975-11-15
P017244,50,Female,Workers Comp,South,1976-06-15
P017245,11,Male,Medicare,West,2015-08-15
P017246,59,Female,Commercial,West,1966-06-15
P017247,68,Male,Self-Pay,Northeast,1958-06-15
P017248,52,Female,Medicaid,West,1973-06-15
P017249,69,Male,Medicaid,West,1956-01-15
P017250,21,Female,Commercial,South,2005-10-15
P017251,89,Male,Commercial,West,1937-05-15
P017252,54,Female,Commercial,Northeast,1972-10-15
P017253,55,Male,Medicare,South,1970-02-15
P017254,71,Female,Medicaid,Northeast,1955-05-15
P017255,23,Female,Medicaid,South,2003-04-15
P017256,67,Male,Medicare,South,1959-08-15
P017257,50,Male,Medicaid,Northeast,1975-08-15
P017258,71,Male,Self-Pay,West,1954-05-15
P017259,60,Male,Commercial,Northeast,1965-02-15
P017260,37,Male,Medicare Advantage,Midwest,1988-01-15
P017261,50,Female,Medicare,West,1975-04-15
P017262,61,Male,Commercial,South,1965-02-15
P017263,76,Female,Commercial,Northeast,1950-04-15
P017264,73,Male,Medicare,Midwest,1952-10-15
P017265,69,Female,Commercial,South,1956-08-15
P017266,11,Female,Medicare,Midwest,2014-11-15
P017267,92,Male,Medicare Advantage,South,1934-08-15
P017268,84,Male,Self-Pay,South,1942-06-15
P017269,68,Female,Commercial,Midwest,1958-02-15
P017270,76,Male,Medicare,Midwest,1950-06-15
P017271,34,Female,Medicaid,Northeast,1991-03-15
P017272,70,Female,Commercial,South,1956-01-15
P017273,56,Male,Workers Comp,South,1970-03-15
P017274,77,Male,Medicare Advantage,West,1948-03-15
P017275,59,Male,Medicare,West,1966-06-15
P017276,41,Female,Self-Pay,South,1985-12-15
P017277,39,Male,Medicare,South,1987-02-15
P017278,18,Male,Medicare,South,2008-08-15
P017279,64,Female,Medicare,Northeast,1962-01-15
P017280,65,Male,Commercial,Northeast,1961-06-15
P017281,73,Male,Commercial,Northeast,1952-02-15
P017282,45,Female,Medicare,South,1981-04-15
P017283,14,Male,Medicare,West,2012-10-15
P017284,65,Female,Commercial,South,1960-12-15
P017285,84,Female,Medicare,South,1941-11-15
P017286,35,Female,Commercial,West,1990-07-15
P017287,46,Male,Medicare,West,1980-09-15
P017288,37,Female,Medicaid,West,1988-02-15
P017289,59,Male,Commercial,South,1967-04-15
P017290,48,Female,Medicaid,South,1977-04-15
P017291,32,Female,Medicare,Northeast,1994-08-15
P017292,58,Male,Commercial,Northeast,1967-12-15
P017293,49,Male,Commercial,Midwest,1977-07-15
P017294,79,Female,Self-Pay,Midwest,1946-05-15
P017295,78,Female,Commercial,Midwest,1948-04-15
P017296,57,Male,Self-Pay,South,1969-01-15
P017297,48,Other,Commercial,South,1977-03-15
P017298,70,Female,Commercial,South,1956-03-15
P017299,90,Male,Medicare,Midwest,1936-12-15
P017300,53,Male,Commercial,Midwest,1973-06-15
P017301,21,Female,Medicare Advantage,West,2005-04-15
P017302,63,Female,Commercial,Northeast,1963-11-15
P017303,14,Female,Medicaid,Northeast,2012-08-15
P017304,20,Female,Medicare,Midwest,2006-02-15
P017305,52,Female,Medicare,Northeast,1973-02-15
P017306,82,Female,Medicare,West,1943-07-15
P017307,76,Male,Commercial,Midwest,1949-01-15
P017308,16,Female,Medicaid,Northeast,2009-04-15
P017309,54,Female,Medicare Advantage,South,1972-06-15
P017310,60,Male,Medicare,South,1966-09-15
P017311,72,Male,Medicare,Northeast,1954-07-15
P017312,57,Female,Commercial,Northeast,1969-03-15
P017313,41,Female,Medicaid,South,1985-11-15
P017314,14,Male,Commercial,West,2011-06-15
P017315,49,Female,Commercial,West,1976-06-15
P017316,45,Male,Medicare,West,1980-11-15
P017317,30,Male,Commercial,Northeast,1996-07-15
P017318,79,Male,Commercial,Midwest,1946-01-15
P017319,65,Male,Commercial,Midwest,1960-08-15
P017320,5,Female,Medicare,South,2021-12-15
P017321,39,Male,Self-Pay,Midwest,1987-06-15
P017322,51,Female,Medicare Advantage,Northeast,1975-03-15
P017323,3,Female,Medicaid,Northeast,2023-10-15
P017324,74,Male,Medicare,Northeast,1952-10-15
P017325,42,Male,Medicare,South,1984-10-15
P017326,75,Female,Commercial,South,1951-02-15
P017327,30,Male,Commercial,Midwest,1995-08-15
P017328,73,Male,Medicare Advantage,West,1953-10-15
P017329,66,Male,Medicare,South,1960-07-15
P017330,53,Female,Medicaid,West,1973-05-15
P017331,60,Female,Commercial,Midwest,1966-10-15
P017332,43,Male,Commercial,West,1983-02-15
P017333,78,Male,Medicaid,South,1948-07-15
P017334,13,Female,Medicare,South,2013-05-15
P017335,45,Female,Medicaid,West,1980-03-15
P017336,38,Female,Medicaid,Midwest,1987-12-15
P017337,76,Female,Medicare,West,1949-07-15
P017338,71,Male,Medicare,West,1955-07-15
P017339,54,Male,Medicare,Midwest,1972-07-15
P017340,71,Female,Medicare,Midwest,1954-12-15
P017341,93,Female,Medicare,West,1933-07-15
P017342,10,Female,Medicaid,Midwest,2015-08-15
P017343,66,Female,Commercial,Northeast,1960-06-15
P017344,13,Male,Medicaid,West,2012-02-15
P017345,9,Male,Other,West,2017-10-15
P017346,82,Female,Medicare,South,1943-02-15
P017347,88,Female,Medicare Advantage,West,1937-05-15
P017348,59,Male,Medicare,West,1967-06-15
P017349,48,Female,Medicare,West,1977-03-15
P017350,19,Female,Medicare,Midwest,2006-06-15
P017351,95,Male,Medicare,Midwest,1930-05-15
P017352,73,Male,Commercial,Midwest,1952-09-15
P017353,59,Female,Medicare,South,1967-09-15
P017354,28,Female,Commercial,West,1998-03-15
P017355,71,Female,Commercial,Midwest,1954-07-15
P017356,59,Male,Medicaid,West,1966-04-15
P017357,13,Male,Commercial,Midwest,2013-04-15
P017358,30,Male,Commercial,South,1995-04-15
P017359,65,Female,Medicare,Northeast,1961-03-15
P017360,79,Female,Commercial,West,1946-08-15
P017361,67,Female,Commercial,South,1958-02-15
P017362,56,Female,Medicare Advantage,West,1969-08-15
P017363,35,Male,Medicaid,Northeast,1990-02-15
P017364,32,Female,Commercial,South,1993-05-15
P017365,51,Female,Commercial,Midwest,1974-11-15
P017366,33,Female,Workers Comp,South,1992-12-15
P017367,35,Male,Medicaid,Midwest,1991-10-15
P017368,65,Female,Medicaid,South,1960-07-15
P017369,78,Male,Medicare,Midwest,1947-01-15
P017370,20,Male,Commercial,West,2006-02-15
P017371,28,Female,Commercial,South,1998-09-15
P017372,51,Female,Commercial,Northeast,1975-06-15
P017373,47,Female,Medicare,West,1979-11-15
P017374,61,Female,Commercial,South,1964-09-15
P017375,76,Male,Medicare,West,1949-03-15
P017376,67,Male,Commercial,West,1959-11-15
P017377,40,Female,Medicare,Northeast,1985-06-15
P017378,33,Female,Other,Northeast,1992-02-15
P017379,73,Female,Medicaid,South,1952-10-15
P017380,74,Female,Medicare,West,1951-08-15
P017381,2,Female,Medicare,South,2024-12-15
P017382,77,Female,Other,West,1949-05-15
P017383,89,Male,Medicaid,Midwest,1937-08-15
P017384,53,Female,Medicaid,Midwest,1972-09-15
P017385,40,Female,Medicare Advantage,Midwest,1985-08-15
P017386,64,Male,Medicare,Midwest,1962-10-15
P017387,72,Male,Medicare,Midwest,1953-08-15
P017388,78,Female,Medicare,Northeast,1948-12-15
P017389,41,Female,Medicare,Midwest,1985-10-15
P017390,52,Male,Commercial,West,1974-10-15
P017391,41,Male,Medicare,South,1985-04-15
P017392,63,Female,Medicaid,West,1962-05-15
P017393,71,Male,Medicare,South,1955-02-15
P017394,69,Male,Medicare Advantage,South,1956-10-15
P017395,11,Male,Commercial,South,2015-04-15
P017396,75,Male,Medicare Advantage,Northeast,1950-02-15
P017397,59,Male,Commercial,South,1966-07-15
P017398,73,Female,Medicare,West,1953-02-15
P017399,24,Female,Commercial,Northeast,2001-04-15
P017400,13,Male,Medicare,West,2013-02-15
P017401,11,Male,Commercial,South,2015-06-15
P017402,33,Male,Medicaid,West,1992-08-15
P017403,78,Male,Commercial,West,1947-02-15
P017404,74,Female,Medicare Advantage,West,1951-02-15
P017405,82,Male,Medicare,South,1944-04-15
P017406,15,Other,Medicaid,Northeast,2011-06-15
P017407,61,Female,Commercial,Northeast,1964-09-15
P017408,46,Female,Medicare Advantage,South,1980-07-15
P017409,51,Male,Medicare,West,1974-10-15
P017410,34,Female,Medicare,South,1992-06-15
P017411,48,Female,Medicare Advantage,Midwest,1978-07-15
P017412,4,Male,Medicare,Northeast,2021-12-15
P017413,20,Female,Medicaid,South,2005-07-15
P017414,65,Female,Commercial,South,1961-03-15
P017415,18,Female,Commercial,West,2007-01-15
P017416,46,Male,Medicare,South,1980-03-15
P017417,68,Male,Self-Pay,Northeast,1958-07-15
P017418,69,Female,Medicare,Midwest,1956-12-15
P017419,64,Female,Commercial,South,1962-09-15
P017420,16,Male,Medicaid,South,2009-09-15
P017421,54,Male,Medicare,South,1972-05-15
P017422,60,Male,Medicare,West,1966-10-15
P017423,79,Male,Medicare Advantage,South,1947-03-15
P017424,42,Male,Self-Pay,Midwest,1983-12-15
P017425,52,Female,Commercial,South,1973-08-15
P017426,51,Female,Medicare,South,1975-11-15
P017427,75,Female,Commercial,South,1950-04-15
P017428,78,Male,Medicare Advantage,South,1948-02-15
P017429,79,Male,Medicaid,Northeast,1946-09-15
P017430,82,Female,Commercial,Northeast,1943-05-15
P017431,43,Male,Commercial,South,1982-10-15
P017432,79,Male,Medicare,South,1946-11-15
P017433,64,Male,Commercial,West,1962-11-15
P017434,79,Male,Medicare,Northeast,1947-02-15
P017435,53,Female,Medicare Advantage,West,1973-04-15
P017436,92,Male,Commercial,Midwest,1933-08-15
P017437,75,Female,Commercial,South,1951-05-15
P017438,75,Male,Medicare,Northeast,1951-01-15
P017439,31,Female,Medicaid,South,1994-04-15
P017440,68,Female,Commercial,Northeast,1957-08-15
P017441,74,Female,Medicaid,Midwest,1951-07-15
P017442,1,Female,Medicare Advantage,Northeast,2024-06-15
P017443,28,Female,Commercial,Midwest,1998-03-15
P017444,66,Male,Medicaid,Midwest,1960-10-15
P017445,56,Male,Workers Comp,Northeast,1969-01-15
P017446,35,Male,Medicare Advantage,Midwest,1990-10-15
P017447,47,Male,Self-Pay,South,1979-10-15
P017448,71,Female,Medicare,Midwest,1954-12-15
P017449,61,Female,Commercial,South,1965-08-15
P017450,33,Male,Medicaid,West,1993-08-15
P017451,19,Female,Medicare,Midwest,2006-02-15
P017452,75,Female,Medicaid,West,1950-05-15
P017453,3,Female,Medicaid,Midwest,2022-11-15
P017454,27,Male,Medicare Advantage,South,1998-11-15
P017455,81,Female,Commercial,South,1944-01-15
P017456,51,Female,Medicare Advantage,Midwest,1975-10-15
P017457,20,Female,Medicare Advantage,Northeast,2005-04-15
P017458,62,Female,Medicare,Northeast,1964-10-15
P017459,63,Female,Medicaid,South,1963-12-15
P017460,55,Male,Medicare Advantage,Northeast,1970-01-15
P017461,52,Male,Medicare,South,1974-07-15
P017462,73,Female,Medicare,Midwest,1952-01-15
P017463,95,Female,Medicare,Midwest,1931-06-15
P017464,58,Other,Commercial,West,1967-09-15
P017465,74,Female,Commercial,South,1951-09-15
P017466,53,Male,Medicare,South,1973-12-15
P017467,53,Female,Commercial,South,1972-09-15
P017468,78,Male,Medicare Advantage,Midwest,1947-01-15
P017469,22,Female,Medicare Advantage,Midwest,2003-04-15
P017470,59,Female,Medicare,Midwest,1967-04-15
P017471,45,Male,Self-Pay,Midwest,1981-09-15
P017472,41,Female,Commercial,Midwest,1985-06-15
P017473,78,Female,Commercial,West,1947-03-15
P017474,5,Female,Commercial,Midwest,2020-11-15
P017475,90,Male,Commercial,Midwest,1935-02-15
P017476,63,Female,Commercial,West,1962-12-15
P017477,62,Female,Other,Midwest,1963-03-15
P017478,63,Male,Medicare,South,1963-03-15
P017479,14,Female,Medicare,Northeast,2011-12-15
P017480,23,Female,Medicare,South,2002-10-15
P017481,61,Male,Medicare,West,1964-12-15
P017482,58,Female,Self-Pay,Northeast,1968-09-15
P017483,1,Male,Medicare,West,2025-10-15
P017484,10,Female,Medicaid,South,2016-03-15
P017485,55,Female,Commercial,West,1970-04-15
P017486,60,Female,Medicaid,Northeast,1965-05-15
P017487,52,Male,Medicare,South,1974-10-15
P017488,29,Male,Medicare,West,1996-02-15
P017489,7,Male,Commercial,Northeast,2019-06-15
P017490,94,Male,Commercial,South,1932-04-15
P017491,18,Male,Medicare,Midwest,2008-05-15
P017492,68,Male,Medicaid,West,1957-09-15
P017493,6,Female,Medicare Advantage,West,2020-01-15
P017494,32,Female,Medicare Advantage,West,1993-07-15
P017495,43,Male,Medicare,Midwest,1983-09-15
P017496,20,Female,Self-Pay,South,2005-05-15
P017497,73,Male,Medicaid,Midwest,1953-04-15
P017498,14,Male,Medicare Advantage,South,2011-11-15
P017499,74,Male,Commercial,West,1952-06-15
P017500,70,Female,Commercial,South,1955-05-15
P017501,20,Female,Self-Pay,South,2005-12-15
P017502,51,Male,Other,West,1974-09-15
P017503,47,Female,Workers Comp,West,1978-01-15
P017504,28,Female,Medicare Advantage,South,1997-09-15
P017505,13,Female,Medicare,South,2013-06-15
P017506,9,Female,Medicare,West,2016-10-15
P017507,93,Female,Medicare,South,1933-10-15
P017508,71,Other,Medicaid,West,1954-01-15
P017509,52,Female,Commercial,West,1974-04-15
P017510,61,Male,Commercial,West,1965-04-15
P017511,52,Male,Medicaid,Midwest,1974-04-15
P017512,68,Male,Medicaid,Northeast,1957-07-15
P017513,72,Female,Medicaid,Midwest,1954-03-15
P017514,46,Female,Medicare,West,1980-03-15
P017515,35,Male,Medicare,West,1990-07-15
P017516,49,Female,Medicare Advantage,South,1976-12-15
P017517,46,Female,Self-Pay,South,1979-01-15
P017518,54,Male,Commercial,Midwest,1972-12-15
P017519,63,Male,Medicare Advantage,Midwest,1963-01-15
P017520,49,Female,Commercial,South,1976-06-15
P017521,47,Male,Medicaid,South,1978-03-15
P017522,70,Male,Other,Midwest,1955-12-15
P017523,55,Male,Medicaid,Northeast,1970-09-15
P017524,73,Female,Commercial,South,1952-08-15
P017525,63,Male,Self-Pay,West,1963-01-15
P017526,59,Male,Medicare,Midwest,1966-11-15
P017527,92,Female,Medicaid,West,1934-01-15
P017528,88,Female,Commercial,West,1937-06-15
P017529,39,Female,Commercial,South,1986-05-15
P017530,42,Female,Medicare,Midwest,1984-02-15
P017531,56,Male,Commercial,South,1970-01-15
P017532,71,Male,Commercial,South,1954-05-15
P017533,90,Female,Medicaid,Northeast,1936-08-15
P017534,60,Female,Commercial,Midwest,1965-07-15
P017535,79,Male,Commercial,Midwest,1946-04-15
P017536,75,Female,Medicaid,Midwest,1950-02-15
P017537,3,Female,Medicaid,South,2022-06-15
P017538,88,Female,Medicare,Midwest,1938-08-15
P017539,44,Male,Medicare,West,1981-12-15
P017540,38,Male,Medicare,South,1987-07-15
P017541,53,Female,Commercial,Midwest,1972-03-15
P017542,40,Male,Medicaid,Midwest,1986-12-15
P017543,30,Female,Self-Pay,Midwest,1996-07-15
P017544,45,Female,Medicare,Midwest,1981-11-15
P017545,31,Male,Medicare,Midwest,1994-02-15
P017546,38,Female,Medicaid,South,1988-07-15
P017547,71,Female,Medicaid,South,1955-12-15
P017548,74,Female,Commercial,Northeast,1951-07-15
P017549,73,Male,Medicare Advantage,South,1953-06-15
P017550,28,Male,Self-Pay,Midwest,1998-01-15
P017551,71,Male,Medicare,Midwest,1955-09-15
P017552,40,Female,Medicare Advantage,South,1986-05-15
P017553,72,Female,Commercial,Midwest,1953-06-15
P017554,59,Male,Commercial,South,1967-01-15
P017555,50,Female,Commercial,South,1976-12-15
P017556,72,Female,Medicaid,West,1953-12-15
P017557,0,Male,Commercial,West,2026-07-15
P017558,74,Male,Medicaid,Midwest,1952-09-15
P017559,79,Male,Medicare,West,1947-02-15
P017560,42,Female,Medicare,Northeast,1984-05-15
P017561,70,Female,Commercial,South,1955-07-15
P017562,3,Male,Medicare,South,2023-02-15
P017563,56,Male,Commercial,South,1970-07-15
P017564,69,Male,Commercial,South,1956-11-15
P017565,88,Male,Commercial,Northeast,1937-02-15
P017566,39,Female,Medicaid,Midwest,1987-10-15
P017567,67,Female,Medicare,West,1959-12-15
P017568,20,Male,Medicare Advantage,Northeast,2006-10-15
P017569,32,Male,Commercial,South,1993-06-15
P017570,49,Female,Medicare Advantage,South,1977-01-15
P017571,51,Female,Medicare,West,1975-10-15
P017572,31,Female,Self-Pay,Midwest,1994-04-15
P017573,36,Male,Medicaid,Northeast,1989-11-15
P017574,62,Female,Commercial,South,1963-08-15
P017575,51,Male,Commercial,West,1974-04-15
P017576,93,Male,Medicaid,South,1933-11-15
P017577,42,Male,Medicaid,South,1983-07-15
P017578,65,Other,Medicare,West,1961-04-15
P017579,69,Male,Commercial,South,1957-08-15
P017580,88,Female,Medicare,Northeast,1937-09-15
P017581,79,Male,Medicare,Northeast,1946-01-15
P017582,18,Male,Medicaid,West,2007-09-15
P017583,95,Female,Medicaid,West,1930-10-15
P017584,54,Female,Commercial,West,1972-08-15
P017585,41,Male,Medicaid,West,1984-03-15
P017586,19,Female,Medicare,West,2006-12-15
P017587,80,Female,Medicare,Northeast,1946-03-15
P017588,68,Female,Medicaid,South,1958-12-15
P017589,64,Male,Commercial,West,1961-08-15
P017590,57,Female,Commercial,South,1968-08-15
P017591,50,Male,Medicare Advantage,Midwest,1975-12-15
P017592,38,Female,Medicare Advantage,South,1988-12-15
P017593,33,Female,Medicaid,Midwest,1992-01-15
P017594,6,Female,Medicare,Midwest,2019-02-15
P017595,70,Female,Medicare,Northeast,1955-04-15
P017596,84,Male,Commercial,South,1941-05-15
P017597,77,Male,Medicare Advantage,South,1948-03-15
P017598,74,Male,Self-Pay,West,1951-03-15
P017599,54,Male,Medicare,South,1971-08-15
P017600,33,Male,Commercial,South,1993-12-15
P017601,52,Female,Medicare,Northeast,1973-08-15
P017602,39,Male,Commercial,Midwest,1987-06-15
P017603,46,Male,Commercial,South,1979-12-15
P017604,52,Female,Workers Comp,Midwest,1973-05-15
P017605,34,Female,Self-Pay,West,1991-02-15
P017606,47,Female,Commercial,Northeast,1979-03-15
P017607,68,Female,Medicare,Midwest,1958-04-15
P017608,58,Female,Medicare Advantage,West,1968-11-15
P017609,48,Female,Commercial,West,1977-06-15
P017610,42,Male,Medicaid,Midwest,1983-09-15
P017611,83,Male,Medicaid,South,1943-09-15
P017612,54,Female,Commercial,South,1972-06-15
P017613,33,Male,Medicare Advantage,Northeast,1993-10-15
P017614,78,Male,Medicare,Northeast,1948-06-15
P017615,52,Female,Medicare,South,1973-07-15
P017616,15,Male,Self-Pay,South,2010-08-15
P017617,24,Male,Medicare Advantage,South,2002-10-15
P017618,45,Female,Commercial,South,1981-07-15
P017619,61,Male,Commercial,South,1965-01-15
P017620,20,Female,Medicaid,Northeast,2005-12-15
P017621,73,Female,Medicare Advantage,West,1952-08-15
P017622,54,Male,Other,South,1971-04-15
P017623,64,Male,Commercial,South,1961-01-15
P017624,50,Male,Other,South,1976-11-15
P017625,53,Male,Medicare,Northeast,1972-09-15
P017626,8,Male,Medicare,Northeast,2018-02-15
P017627,56,Female,Commercial,Midwest,1969-11-15
P017628,43,Female,Workers Comp,Midwest,1983-05-15
P017629,63,Male,Commercial,South,1963-11-15
P017630,2,Female,Self-Pay,Midwest,2024-09-15
P017631,50,Male,Medicare,South,1976-02-15
P017632,87,Male,Medicare,South,1939-08-15
P017633,65,Female,Medicaid,West,1960-07-15
P017634,79,Female,Medicare,West,1946-04-15
P017635,16,Male,Medicare,South,2009-02-15
P017636,52,Male,Commercial,Northeast,1974-09-15
P017637,42,Male,Medicaid,South,1983-10-15
P017638,59,Male,Medicaid,Northeast,1966-12-15
P017639,65,Male,Commercial,Midwest,1961-09-15
P017640,49,Female,Medicare Advantage,West,1976-03-15
P017641,48,Female,Commercial,South,1977-05-15
P017642,63,Female,Medicare Advantage,South,1962-09-15
P017643,24,Male,Medicare Advantage,West,2002-01-15
P017644,56,Male,Commercial,West,1970-12-15
P017645,44,Male,Commercial,South,1982-09-15
P017646,40,Male,Commercial,South,1985-07-15
P017647,7,Female,Medicare,Midwest,2018-09-15
P017648,42,Female,Commercial,South,1983-10-15
P017649,69,Female,Commercial,Northeast,1956-07-15
P017650,49,Male,Medicare,Northeast,1976-02-15
P017651,63,Male,Self-Pay,South,1963-04-15
P017652,46,Male,Commercial,Midwest,1980-05-15
P017653,75,Male,Medicaid,West,1951-12-15
P017654,47,Female,Medicare,South,1978-11-15
P017655,22,Female,Medicare,Midwest,2003-03-15
P017656,74,Male,Commercial,South,1952-05-15
P017657,40,Female,Medicare Advantage,South,1985-01-15
P017658,80,Male,Medicare,South,1945-12-15
P017659,37,Female,Medicare,South,1988-07-15
P017660,18,Male,Medicare,South,2007-10-15
P017661,47,Female,Medicare,South,1978-04-15
P017662,78,Male,Commercial,South,1948-05-15
P017663,67,Female,Commercial,West,1958-02-15
P017664,94,Other,Medicare,West,1931-12-15
P017665,84,Female,Commercial,West,1941-02-15
P017666,76,Male,Commercial,Northeast,1950-10-15
P017667,93,Male,Commercial,Northeast,1932-08-15
P017668,36,Female,Commercial,South,1990-12-15
P017669,48,Female,Medicaid,South,1978-06-15
P017670,24,Male,Medicare,Midwest,2002-08-15
P017671,78,Female,Medicare,South,1948-06-15
P017672,58,Female,Medicare Advantage,West,1967-01-15
P017673,35,Female,Medicare,South,1991-09-15
P017674,69,Male,Self-Pay,Midwest,1956-02-15
P017675,78,Male,Medicare,Northeast,1948-08-15
P017676,49,Female,Commercial,Midwest,1976-08-15
P017677,7,Female,Medicare,Northeast,2019-11-15
P017678,77,Female,Medicaid,West,1948-12-15
P017679,47,Male,Medicaid,West,1978-08-15
P017680,57,Female,Medicare,South,1968-03-15
P017681,17,Male,Medicaid,Midwest,2008-06-15
P017682,21,Female,Commercial,South,2004-09-15
P017683,92,Male,Commercial,West,1934-10-15
P017684,72,Male,Medicare Advantage,South,1953-04-15
P017685,54,Male,Medicare,Midwest,1972-10-15
P017686,69,Male,Medicare Advantage,Midwest,1957-10-15
P017687,63,Female,Medicaid,West,1962-11-15
P017688,71,Male,Medicare,South,1955-02-15
P017689,57,Female,Medicare,West,1969-10-15
P017690,64,Female,Self-Pay,West,1961-05-15
P017691,46,Female,Medicare Advantage,South,1980-05-15
P017692,31,Female,Medicaid,Midwest,1994-09-15
P017693,61,Male,Medicaid,South,1964-08-15
P017694,65,Male,Medicaid,West,1960-06-15
P017695,67,Male,Commercial,South,1959-03-15
P017696,46,Female,Commercial,West,1980-01-15
P017697,36,Male,Medicaid,South,1990-05-15
P017698,67,Male,Commercial,South,1958-11-15
P017699,74,Male,Self-Pay,South,1952-05-15
P017700,38,Female,Medicare,West,1988-11-15
P017701,5,Male,Commercial,Midwest,2021-08-15
P017702,67,Male,Medicaid,Northeast,1959-02-15
P017703,85,Male,Other,South,1940-04-15
P017704,67,Female,Self-Pay,Midwest,1958-01-15
P017705,65,Female,Commercial,South,1960-11-15
P017706,74,Female,Commercial,South,1951-06-15
P017707,66,Male,Medicare,West,1960-09-15
P017708,61,Female,Commercial,Midwest,1964-09-15
P017709,59,Other,Medicare,West,1966-02-15
P017710,20,Male,Commercial,Northeast,2005-07-15
P017711,50,Male,Commercial,Northeast,1975-06-15
P017712,54,Female,Medicare,Midwest,1972-05-15
P017713,64,Male,Medicaid,Northeast,1961-12-15
P017714,52,Male,Self-Pay,South,1974-12-15
P017715,83,Male,Medicare Advantage,South,1943-01-15
P017716,42,Female,Medicare,South,1984-12-15
P017717,82,Male,Commercial,South,1943-01-15
P017718,19,Male,Commercial,West,2006-07-15
P017719,94,Female,Medicare,Northeast,1932-04-15
P017720,81,Female,Medicare,Midwest,1945-03-15
P017721,38,Female,Medicaid,West,1988-03-15
P017722,78,Male,Medicare,Northeast,1948-08-15
P017723,85,Male,Medicare,South,1940-05-15
P017724,83,Female,Medicare,South,1942-12-15
P017725,69,Male,Commercial,South,1957-05-15
P017726,60,Female,Commercial,Northeast,1965-12-15
P017727,51,Male,Medicaid,South,1975-08-15
P017728,60,Male,Other,West,1965-08-15
P017729,58,Male,Commercial,South,1968-11-15
P017730,52,Male,Commercial,Midwest,1973-03-15
P017731,60,Male,Medicaid,West,1965-01-15
P017732,51,Female,Commercial,Midwest,1975-01-15
P017733,39,Female,Medicare,West,1987-06-15
P017734,13,Male,Medicare Advantage,Midwest,2013-08-15
P017735,11,Female,Medicaid,West,2014-08-15
P017736,32,Male,Medicare Advantage,South,1994-05-15
P017737,32,Female,Workers Comp,Northeast,1993-11-15
P017738,95,Male,Commercial,West,1930-03-15
P017739,63,Male,Medicaid,Midwest,1962-05-15
P017740,89,Female,Medicare,West,1937-11-15
P017741,52,Male,Medicaid,West,1973-11-15
P017742,77,Male,Self-Pay,Northeast,1948-04-15
P017743,60,Male,Commercial,West,1965-01-15
P017744,73,Female,Commercial,Midwest,1952-09-15
P017745,13,Male,Medicare Advantage,Midwest,2013-04-15
P017746,58,Female,Commercial,West,1967-06-15
P017747,76,Female,Medicare,Midwest,1950-12-15
P017748,15,Male,Medicaid,West,2010-07-15
P017749,46,Male,Medicare,South,1979-03-15
P017750,73,Female,Other,Northeast,1953-02-15
P017751,1,Male,Medicaid,West,2025-05-15
P017752,21,Male,Medicare,South,2004-09-15
P017753,96,Female,Medicaid,West,1929-11-15
P017754,24,Male,Medicare,West,2001-02-15
P017755,20,Female,Commercial,Midwest,2005-10-15
P017756,52,Female,Medicare,West,1973-12-15
P017757,38,Female,Commercial,Midwest,1987-03-15
P017758,48,Male,Medicare,West,1977-04-15
P017759,59,Male,Medicaid,Northeast,1967-01-15
P017760,66,Female,Medicare,South,1960-09-15
P017761,89,Female,Medicare Advantage,Midwest,1937-11-15
P017762,71,Female,Medicare,West,1954-12-15
P017763,45,Male,Commercial,West,1980-01-15
P017764,58,Male,Medicare Advantage,Northeast,1967-10-15
P017765,39,Male,Self-Pay,Midwest,1987-09-15
P017766,28,Female,Self-Pay,South,1997-10-15
P017767,81,Male,Medicare,Midwest,1945-12-15
P017768,58,Female,Medicare Advantage,West,1967-03-15
P017769,85,Female,Medicaid,Midwest,1941-09-15
P017770,56,Male,Commercial,Midwest,1970-08-15
P017771,10,Male,Commercial,Northeast,2015-03-15
P017772,40,Female,Commercial,West,1986-02-15
P017773,69,Male,Self-Pay,South,1957-08-15
P017774,80,Female,Medicaid,Northeast,1946-07-15
P017775,68,Female,Self-Pay,West,1957-09-15
P017776,40,Female,Medicare Advantage,Midwest,1985-09-15
P017777,48,Male,Medicaid,West,1978-06-15
P017778,47,Female,Self-Pay,Northeast,1978-08-15
P017779,47,Female,Commercial,Northeast,1978-10-15
P017780,20,Male,Self-Pay,Midwest,2006-07-15
P017781,76,Male,Medicaid,Midwest,1950-07-15
P017782,73,Male,Commercial,Midwest,1952-04-15
P017783,69,Male,Medicaid,Northeast,1957-08-15
P017784,21,Male,Commercial,South,2005-04-15
P017785,2,Female,Medicare,Northeast,2023-01-15
P017786,48,Other,Medicare,Midwest,1977-08-15
P017787,40,Male,Medicare,Midwest,1986-12-15
P017788,66,Male,Commercial,West,1959-11-15
P017789,43,Male,Medicare,Northeast,1982-03-15
P017790,65,Male,Medicare,West,1961-11-15
P017791,87,Female,Medicaid,Northeast,1939-05-15
P017792,69,Female,Medicare,Midwest,1956-06-15
P017793,71,Female,Other,South,1955-02-15
P017794,29,Female,Self-Pay,South,1996-09-15
P017795,74,Female,Medicaid,Midwest,1952-03-15
P017796,47,Female,Commercial,Midwest,1978-02-15
P017797,67,Male,Self-Pay,West,1959-11-15
P017798,73,Female,Workers Comp,West,1952-01-15
P017799,43,Female,Medicare,South,1983-07-15
P017800,33,Male,Medicaid,Midwest,1993-05-15
P017801,6,Male,Medicare Advantage,South,2019-04-15
P017802,79,Male,Medicare Advantage,Midwest,1946-11-15
P017803,49,Female,Medicare,West,1977-11-15
P017804,43,Female,Self-Pay,South,1983-08-15
P017805,70,Male,Medicare Advantage,Midwest,1956-03-15
P017806,10,Female,Medicare,South,2015-05-15
P017807,77,Male,Commercial,Midwest,1948-08-15
P017808,69,Male,Medicare Advantage,South,1957-04-15
P017809,58,Female,Medicare,South,1968-02-15
P017810,89,Male,Commercial,South,1936-07-15
P017811,43,Male,Commercial,Midwest,1983-12-15
P017812,38,Female,Commercial,Midwest,1987-11-15
P017813,58,Male,Commercial,South,1968-02-15
P017814,32,Female,Medicare,South,1994-08-15
P017815,70,Female,Commercial,South,1956-06-15
P017816,12,Male,Medicare Advantage,Midwest,2013-07-15
P017817,48,Female,Commercial,Midwest,1977-10-15
P017818,52,Female,Commercial,Northeast,1973-05-15
P017819,74,Female,Commercial,West,1952-07-15
P017820,40,Male,Medicaid,South,1986-07-15
P017821,71,Female,Self-Pay,South,1955-12-15
P017822,50,Female,Commercial,South,1975-02-15
P017823,68,Male,Medicare,West,1957-05-15
P017824,1,Female,Commercial,South,2024-01-15
P017825,31,Male,Commercial,South,1995-05-15
P017826,90,Male,Commercial,Northeast,1936-05-15
P017827,50,Male,Medicare,West,1975-05-15
P017828,70,Female,Commercial,Northeast,1956-10-15
P017829,68,Female,Commercial,South,1958-07-15
P017830,30,Female,Commercial,South,1995-10-15
P017831,69,Female,Medicare,South,1957-09-15
P017832,7,Male,Other,Northeast,2018-02-15
P017833,4,Male,Medicare,Northeast,2021-09-15
P017834,75,Female,Medicare,Midwest,1951-09-15
P017835,18,Female,Medicare,Midwest,2008-07-15
P017836,13,Male,Medicare,Midwest,2012-10-15
P017837,72,Female,Medicare,South,1953-04-15
P017838,64,Other,Medicaid,South,1961-12-15
P017839,70,Male,Other,Midwest,1956-07-15
P017840,68,Male,Medicare,Northeast,1958-02-15
P017841,84,Female,Commercial,South,1942-08-15
P017842,36,Male,Medicaid,South,1989-03-15
P017843,71,Male,Self-Pay,Midwest,1955-02-15
P017844,60,Female,Commercial,Midwest,1966-09-15
P017845,89,Male,Medicare,West,1937-10-15
P017846,62,Male,Workers Comp,South,1963-10-15
P017847,62,Male,Medicaid,South,1964-05-15
P017848,45,Female,Medicare,Northeast,1981-07-15
P017849,29,Male,Medicare,Midwest,1997-12-15
P017850,70,Female,Medicare,West,1955-05-15
P017851,75,Male,Medicare,South,1951-11-15
P017852,43,Female,Commercial,Midwest,1983-04-15
P017853,49,Male,Medicare,South,1976-02-15
P017854,87,Female,Commercial,Northeast,1939-10-15
P017855,55,Male,Commercial,South,1971-11-15
P017856,37,Female,Medicare,South,1989-08-15
P017857,62,Female,Medicare,Midwest,1964-06-15
P017858,60,Female,Workers Comp,West,1966-01-15
P017859,30,Female,Medicare Advantage,Midwest,1995-03-15
P017860,54,Female,Medicaid,West,1971-09-15
P017861,84,Female,Self-Pay,South,1942-08-15
P017862,12,Female,Medicaid,West,2013-12-15
P017863,77,Male,Medicare,South,1949-03-15
P017864,74,Female,Commercial,South,1951-02-15
P017865,65,Female,Medicaid,South,1960-03-15
P017866,36,Male,Medicare,Northeast,1989-09-15
P017867,8,Female,Medicare Advantage,South,2018-04-15
P017868,77,Male,Commercial,Midwest,1949-10-15
P017869,69,Male,Self-Pay,Midwest,1956-03-15
P017870,34,Female,Medicare,Midwest,1992-06-15
P017871,39,Female,Medicare,Midwest,1987-08-15
P017872,65,Other,Medicare,Midwest,1960-12-15
P017873,40,Female,Medicaid,West,1986-10-15
P017874,55,Female,Workers Comp,Northeast,1970-10-15
P017875,28,Male,Medicaid,South,1998-05-15
P017876,89,Male,Medicare,Northeast,1936-03-15
P017877,72,Male,Medicare,South,1954-11-15
P017878,77,Female,Medicare,Northeast,1949-10-15
P017879,68,Male,Commercial,South,1958-07-15
P017880,44,Male,Medicare Advantage,West,1981-09-15
P017881,37,Male,Medicare,South,1989-02-15
P017882,43,Male,Commercial,South,1982-10-15
P017883,66,Male,Self-Pay,South,1959-11-15
P017884,71,Female,Medicare,South,1955-02-15
P017885,28,Female,Commercial,South,1998-05-15
P017886,66,Female,Commercial,Midwest,1959-02-15
P017887,89,Female,Medicare Advantage,South,1936-03-15
P017888,18,Male,Commercial,West,2007-07-15
P017889,50,Female,Medicare Advantage,South,1975-01-15
P017890,13,Male,Medicare,Midwest,2013-07-15
P017891,83,Female,Medicaid,Midwest,1942-02-15
P017892,70,Male,Medicaid,West,1955-05-15
P017893,91,Female,Commercial,Midwest,1935-08-15
P017894,1,Male,Medicaid,Northeast,2025-07-15
P017895,36,Female,Medicare Advantage,Midwest,1989-01-15
P017896,75,Male,Commercial,West,1951-05-15
P017897,21,Female,Medicare Advantage,Midwest,2004-01-15
P017898,50,Female,Medicaid,South,1976-08-15
P017899,67,Female,Medicare,Midwest,1959-02-15
P017900,50,Female,Medicaid,Northeast,1976-12-15
P017901,47,Male,Medicare Advantage,South,1978-09-15
P017902,46,Male,Workers Comp,Midwest,1980-01-15
P017903,72,Female,Commercial,West,1953-04-15
P017904,22,Male,Medicare,South,2003-03-15
P017905,46,Female,Medicare Advantage,Midwest,1980-10-15
P017906,55,Male,Medicare,West,1970-03-15
P017907,25,Female,Medicare Advantage,South,2001-10-15
P017908,58,Female,Commercial,South,1967-07-15
P017909,32,Female,Medicaid,South,1994-04-15
P017910,74,Male,Medicare,Midwest,1951-06-15
P017911,38,Male,Medicaid,South,1987-05-15
P017912,31,Male,Medicare,West,1994-11-15
P017913,61,Male,Medicaid,South,1964-01-15
P017914,57,Female,Medicare,West,1969-08-15
P017915,67,Male,Commercial,Midwest,1958-04-15
P017916,89,Female,Medicare Advantage,South,1936-06-15
P017917,60,Female,Medicaid,Midwest,1966-07-15
P017918,63,Male,Medicare,Midwest,1962-03-15
P017919,20,Male,Commercial,West,2005-08-15
P017920,12,Female,Medicaid,Northeast,2014-08-15
P017921,53,Female,Self-Pay,Midwest,1973-12-15
P017922,42,Other,Medicare,Midwest,1983-08-15
P017923,41,Female,Medicare,South,1984-01-15
P017924,22,Male,Commercial,Northeast,2003-06-15
P017925,92,Male,Self-Pay,West,1934-05-15
P017926,52,Female,Commercial,South,1973-09-15
P017927,81,Male,Medicaid,Midwest,1944-08-15
P017928,48,Male,Commercial,South,1977-10-15
P017929,33,Female,Commercial,South,1992-05-15
P017930,3,Male,Medicare,Midwest,2023-10-15
P017931,45,Female,Medicare,South,1980-04-15
P017932,40,Other,Medicare,Northeast,1986-02-15
P017933,37,Male,Commercial,South,1989-11-15
P017934,60,Male,Medicare Advantage,West,1965-08-15
P017935,47,Female,Medicare,South,1978-05-15
P017936,70,Female,Commercial,Midwest,1956-02-15
P017937,74,Male,Other,Midwest,1952-11-15
P017938,85,Female,Self-Pay,South,1941-07-15
P017939,44,Female,Medicare,West,1982-11-15
P017940,76,Female,Medicaid,Northeast,1949-04-15
P017941,59,Female,Commercial,South,1967-12-15
P017942,42,Male,Commercial,West,1984-07-15
P017943,21,Female,Medicare Advantage,West,2004-11-15
P017944,77,Female,Medicare Advantage,South,1948-07-15
P017945,83,Female,Workers Comp,Northeast,1942-09-15
P017946,24,Female,Commercial,West,2002-01-15
P017947,32,Female,Commercial,South,1994-01-15
P017948,78,Male,Commercial,Northeast,1948-10-15
P017949,30,Male,Medicaid,Northeast,1996-06-15
P017950,56,Male,Commercial,Midwest,1970-09-15
P017951,78,Male,Medicare,South,1948-08-15
P017952,38,Female,Medicaid,South,1987-06-15
P017953,34,Male,Medicaid,Northeast,1992-10-15
P017954,86,Male,Commercial,Northeast,1940-08-15
P017955,52,Female,Medicare Advantage,Midwest,1973-08-15
P017956,54,Female,Workers Comp,West,1971-07-15
P017957,69,Female,Medicare,West,1957-10-15
P017958,38,Male,Medicare,South,1987-01-15
P017959,82,Female,Medicare,West,1944-10-15
P017960,71,Male,Medicare,Northeast,1954-03-15
P017961,56,Male,Commercial,South,1969-07-15
P017962,95,Male,Medicaid,West,1931-01-15
P017963,70,Female,Commercial,West,1956-05-15
P017964,24,Female,Commercial,Northeast,2002-08-15
P017965,29,Male,Medicare,South,1996-07-15
P017966,44,Female,Medicare,South,1982-05-15
P017967,24,Male,Medicare,Northeast,2001-10-15
P017968,31,Male,Self-Pay,Midwest,1994-08-15
P017969,13,Male,Self-Pay,Northeast,2012-01-15
P017970,0,Male,Medicaid,Northeast,2025-01-15
P017971,78,Female,Medicaid,South,1947-09-15
P017972,21,Male,Medicare,West,2005-12-15
P017973,16,Female,Medicare,South,2010-12-15
P017974,14,Female,Medicaid,West,2012-05-15
P017975,2,Female,Medicare,West,2024-09-15
P017976,51,Female,Self-Pay,South,1975-05-15
P017977,48,Male,Medicare,Northeast,1977-10-15
P017978,74,Female,Medicare,Northeast,1951-10-15
P017979,22,Female,Commercial,South,2003-06-15
P017980,37,Male,Medicare Advantage,Midwest,1988-03-15
P017981,47,Male,Medicare,South,1979-12-15
P017982,67,Female,Commercial,South,1959-06-15
P017983,77,Female,Medicaid,South,1949-02-15
P017984,39,Male,Medicare Advantage,West,1987-10-15
P017985,38,Female,Medicare,South,1988-03-15
P017986,6,Female,Medicare,South,2020-01-15
P017987,27,Female,Commercial,West,1998-04-15
P017988,40,Female,Medicare Advantage,West,1986-10-15
P017989,48,Male,Medicaid,South,1978-11-15
P017990,73,Male,Medicare,South,1952-02-15
P017991,67,Male,Medicare,Northeast,1958-04-15
P017992,29,Male,Self-Pay,West,1997-10-15
P017993,12,Male,Medicare,West,2013-01-15
P017994,47,Female,Medicare,Midwest,1979-04-15
P017995,80,Female,Commercial,Midwest,1946-11-15
P017996,32,Male,Medicare,Midwest,1994-06-15
P017997,46,Male,Commercial,Northeast,1980-12-15
P017998,47,Female,Medicare Advantage,Northeast,1978-08-15
P017999,40,Female,Commercial,South,1985-03-15
P018000,78,Female,Medicaid,Midwest,1947-12-15
P018001,46,Male,Commercial,West,1980-02-15
P018002,46,Female,Self-Pay,Midwest,1980-01-15
P018003,26,Female,Commercial,West,1999-11-15
P018004,25,Male,Self-Pay,Midwest,2000-05-15
P018005,52,Female,Medicare,Midwest,1973-12-15
P018006,21,Female,Commercial,South,2005-10-15
P018007,11,Female,Medicare,Midwest,2015-07-15
P018008,12,Female,Medicaid,South,2014-07-15
P018009,81,Female,Medicare Advantage,West,1944-10-15
P018010,44,Female,Medicare,South,1982-12-15
P018011,73,Male,Medicare,West,1953-08-15
P018012,42,Male,Medicare Advantage,Midwest,1984-07-15
P018013,47,Male,Commercial,West,1978-01-15
P018014,24,Female,Commercial,South,2001-03-15
P018015,54,Male,Medicare,Northeast,1972-01-15
P018016,68,Male,Medicare,South,1958-10-15
P018017,90,Male,Medicare,Northeast,1935-04-15
P018018,77,Female,Medicare Advantage,Midwest,1948-11-15
P018019,36,Female,Medicare Advantage,South,1989-03-15
P018020,75,Male,Medicare,West,1951-01-15
P018021,32,Male,Medicare Advantage,Northeast,1993-03-15
P018022,60,Female,Self-Pay,Northeast,1966-12-15
P018023,50,Female,Medicare,Midwest,1976-12-15
P018024,48,Female,Commercial,Midwest,1978-10-15
P018025,39,Female,Commercial,West,1986-04-15
P018026,23,Male,Commercial,West,2003-04-15
P018027,60,Female,Medicare,South,1966-07-15
P018028,44,Female,Medicare,South,1981-09-15
P018029,63,Male,Commercial,Northeast,1962-09-15
P018030,95,Male,Other,South,1931-07-15
P018031,7,Female,Medicare,Midwest,2019-12-15
P018032,35,Female,Medicare,Midwest,1991-08-15
P018033,58,Male,Medicare Advantage,South,1967-11-15
P018034,44,Female,Self-Pay,Midwest,1982-07-15
P018035,40,Female,Medicare,South,1986-05-15
P018036,43,Male,Commercial,South,1983-07-15
P018037,96,Female,Medicare Advantage,Northeast,1930-08-15
P018038,36,Male,Commercial,South,1990-09-15
P018039,30,Female,Workers Comp,West,1996-05-15
P018040,67,Female,Commercial,Midwest,1959-03-15
P018041,79,Female,Medicare,West,1947-04-15
P018042,10,Male,Self-Pay,West,2015-03-15
P018043,40,Male,Medicare,Midwest,1986-06-15
P018044,59,Female,Medicare,South,1967-11-15
P018045,24,Female,Medicaid,South,2002-09-15
P018046,75,Male,Medicare Advantage,West,1950-04-15
P018047,34,Female,Medicare,Northeast,1991-06-15
P018048,50,Male,Commercial,Midwest,1975-04-15
P018049,53,Female,Self-Pay,South,1972-07-15
P018050,44,Female,Self-Pay,West,1981-06-15
P018051,65,Female,Commercial,Midwest,1961-10-15
P018052,42,Male,Self-Pay,South,1983-09-15
P018053,34,Female,Medicaid,South,1991-03-15
P018054,20,Female,Medicare,South,2005-03-15
P018055,43,Male,Medicare,Northeast,1982-02-15
P018056,34,Male,Commercial,South,1991-06-15
P018057,5,Male,Commercial,West,2020-11-15
P018058,59,Female,Medicaid,West,1966-01-15
P018059,39,Male,Medicare,South,1986-12-15
P018060,32,Male,Medicaid,Northeast,1994-12-15
P018061,19,Female,Workers Comp,West,2007-11-15
P018062,94,Female,Self-Pay,West,1932-09-15
P018063,5,Male,Medicare,West,2021-02-15
P018064,38,Female,Medicare Advantage,West,1987-11-15
P018065,48,Female,Medicare,South,1977-07-15
P018066,26,Male,Commercial,South,2000-01-15
P018067,40,Female,Medicare,Northeast,1985-04-15
P018068,31,Female,Medicare,Northeast,1994-02-15
P018069,46,Male,Medicare Advantage,West,1980-10-15
P018070,40,Female,Medicaid,Northeast,1985-02-15
P018071,66,Female,Commercial,Midwest,1960-09-15
P018072,58,Male,Medicare,West,1967-02-15
P018073,29,Female,Medicaid,South,1996-06-15
P018074,64,Female,Commercial,South,1962-07-15
P018075,75,Male,Medicare,West,1951-07-15
P018076,37,Female,Commercial,South,1988-08-15
P018077,21,Male,Medicaid,West,2005-04-15
P018078,51,Female,Medicare,South,1974-03-15
P018079,29,Male,Medicare Advantage,South,1997-04-15
P018080,63,Female,Commercial,South,1963-03-15
P018081,52,Female,Medicare,Midwest,1973-05-15
P018082,51,Male,Medicaid,West,1975-10-15
P018083,71,Male,Commercial,Northeast,1955-09-15
P018084,77,Female,Medicare,Northeast,1948-02-15
P018085,42,Female,Self-Pay,West,1984-03-15
P018086,12,Female,Commercial,West,2013-01-15
P018087,19,Male,Medicare,South,2007-01-15
P018088,66,Male,Commercial,Midwest,1959-01-15
P018089,25,Male,Workers Comp,Midwest,2000-03-15
P018090,76,Female,Medicaid,Northeast,1949-03-15
P018091,27,Male,Medicare,West,1998-07-15
P018092,65,Female,Medicare,Midwest,1960-02-15
P018093,74,Male,Medicare,South,1952-01-15
P018094,26,Female,Medicaid,Northeast,2000-06-15
P018095,67,Female,Medicare,Midwest,1959-11-15
P018096,71,Female,Medicare,Midwest,1954-03-15
P018097,67,Female,Self-Pay,West,1959-02-15
P018098,66,Female,Medicare Advantage,Northeast,1960-12-15
P018099,23,Female,Commercial,West,2002-11-15
P018100,47,Male,Medicaid,South,1979-11-15
P018101,42,Other,Commercial,South,1983-08-15
P018102,72,Male,Medicaid,South,1953-05-15
P018103,72,Female,Commercial,West,1954-07-15
P018104,26,Female,Self-Pay,South,1999-06-15
P018105,42,Female,Medicare,Midwest,1984-06-15
P018106,56,Male,Commercial,Midwest,1969-10-15
P018107,73,Female,Medicare,Midwest,1953-08-15
P018108,87,Male,Medicare Advantage,South,1938-05-15
P018109,78,Female,Commercial,South,1948-11-15
P018110,73,Male,Medicaid,Northeast,1952-11-15
P018111,15,Female,Medicare,Midwest,2011-01-15
P018112,32,Male,Commercial,South,1993-08-15
P018113,50,Male,Other,West,1975-12-15
P018114,5,Female,Medicare Advantage,South,2020-06-15
P018115,83,Male,Self-Pay,South,1943-06-15
P018116,25,Male,Commercial,Midwest,2000-09-15
P018117,81,Female,Commercial,Midwest,1945-04-15
P018118,8,Female,Commercial,West,2018-04-15
P018119,89,Female,Medicaid,Northeast,1937-01-15
P018120,91,Male,Medicaid,Midwest,1934-05-15
P018121,44,Male,Medicare,Northeast,1982-04-15
P018122,63,Female,Medicaid,West,1963-05-15
P018123,34,Male,Commercial,Northeast,1991-01-15
P018124,53,Female,Medicaid,South,1973-07-15
P018125,64,Female,Medicare,South,1961-02-15
P018126,31,Male,Self-Pay,South,1994-08-15
P018127,69,Female,Medicare Advantage,Midwest,1956-09-15
P018128,64,Female,Medicare,West,1961-03-15
P018129,69,Female,Commercial,West,1956-04-15
P018130,78,Male,Medicare,South,1947-03-15
P018131,37,Male,Medicaid,South,1989-05-15
P018132,52,Male,Self-Pay,West,1973-07-15
P018133,23,Female,Medicare Advantage,West,2003-06-15
P018134,35,Female,Medicare Advantage,Midwest,1990-10-15
P018135,5,Female,Medicare,South,2020-02-15
P018136,49,Female,Workers Comp,Midwest,1977-03-15
P018137,39,Female,Medicare,Midwest,1986-01-15
P018138,24,Male,Commercial,Northeast,2001-07-15
P018139,9,Female,Commercial,Northeast,2017-06-15
P018140,1,Male,Medicaid,South,2024-03-15
P018141,33,Female,Medicare,West,1993-04-15
P018142,40,Male,Medicare Advantage,Midwest,1985-08-15
P018143,37,Male,Self-Pay,West,1988-10-15
P018144,23,Male,Commercial,South,2002-03-15
P018145,32,Female,Medicare,West,1993-10-15
P018146,45,Female,Medicare Advantage,South,1981-10-15
P018147,79,Male,Medicare,West,1946-10-15
P018148,44,Female,Medicaid,Midwest,1982-01-15
P018149,55,Male,Medicare,West,1971-01-15
P018150,96,Female,Commercial,Midwest,1929-03-15
P018151,56,Male,Self-Pay,Northeast,1970-08-15
P018152,80,Female,Commercial,West,1945-02-15
P018153,27,Male,Self-Pay,West,1998-10-15
P018154,17,Female,Other,Midwest,2009-08-15
P018155,17,Male,Medicaid,South,2008-02-15
P018156,59,Female,Medicare,South,1966-06-15
P018157,77,Female,Commercial,Midwest,1949-07-15
P018158,31,Male,Medicare Advantage,Northeast,1995-05-15
P018159,70,Female,Commercial,Midwest,1956-01-15
P018160,25,Female,Medicare,South,2000-03-15
P018161,31,Male,Commercial,Midwest,1994-09-15
P018162,12,Female,Commercial,West,2013-04-15
P018163,53,Male,Commercial,South,1973-09-15
P018164,18,Female,Commercial,South,2007-06-15
P018165,55,Male,Medicaid,South,1971-11-15
P018166,14,Female,Medicare,South,2011-08-15
P018167,26,Male,Medicare,South,1999-09-15
P018168,59,Female,Commercial,West,1967-09-15
P018169,22,Female,Self-Pay,Midwest,2004-01-15
P018170,46,Female,Medicare Advantage,West,1979-10-15
P018171,40,Female,Medicare,South,1986-10-15
P018172,82,Female,Medicaid,South,1944-09-15
P018173,44,Male,Commercial,Midwest,1982-02-15
P018174,41,Female,Medicaid,South,1985-07-15
P018175,46,Male,Medicare,South,1979-09-15
P018176,61,Female,Medicare,West,1964-04-15
P018177,24,Female,Commercial,South,2001-01-15
P018178,68,Female,Medicaid,West,1958-06-15
P018179,55,Female,Medicare,Midwest,1970-07-15
P018180,46,Female,Commercial,Midwest,1979-08-15
P018181,31,Female,Medicaid,South,1995-12-15
P018182,56,Male,Commercial,Midwest,1969-06-15
P018183,60,Female,Medicaid,South,1966-10-15
P018184,75,Male,Commercial,Northeast,1950-04-15
P018185,26,Female,Medicare Advantage,South,2000-06-15
P018186,93,Male,Workers Comp,West,1932-06-15
P018187,34,Female,Commercial,South,1991-03-15
P018188,63,Female,Medicare,Northeast,1962-12-15
P018189,58,Male,Medicaid,South,1967-12-15
P018190,92,Female,Medicaid,South,1933-12-15
P018191,82,Female,Self-Pay,West,1944-03-15
P018192,64,Female,Medicaid,Midwest,1962-05-15
P018193,69,Male,Commercial,West,1956-05-15
P018194,39,Male,Medicare,Northeast,1986-09-15
P018195,0,Female,Medicaid,South,2026-02-15
P018196,32,Female,Commercial,Northeast,1993-01-15
P018197,90,Female,Commercial,South,1935-09-15
P018198,27,Male,Medicare,South,1999-05-15
P018199,79,Male,Commercial,West,1946-08-15
P018200,59,Male,Commercial,South,1967-02-15
P018201,62,Male,Medicaid,South,1964-05-15
P018202,93,Female,Commercial,South,1932-08-15
P018203,25,Female,Medicaid,Northeast,2001-04-15
P018204,7,Male,Commercial,West,2018-02-15
P018205,36,Male,Medicare Advantage,South,1990-12-15
P018206,70,Male,Medicaid,Midwest,1956-11-15
P018207,2,Male,Medicaid,South,2023-10-15
P018208,66,Male,Medicare Advantage,Midwest,1960-05-15
P018209,34,Female,Medicaid,South,1992-03-15
P018210,69,Female,Commercial,South,1957-10-15
P018211,79,Female,Medicare Advantage,South,1947-07-15
P018212,91,Female,Commercial,West,1934-11-15
P018213,50,Male,Commercial,South,1976-01-15
P018214,72,Female,Commercial,Northeast,1953-04-15
P018215,70,Female,Medicare Advantage,Northeast,1955-11-15
P018216,48,Female,Commercial,Northeast,1977-06-15
P018217,66,Male,Commercial,West,1960-10-15
P018218,11,Female,Medicaid,South,2015-07-15
P018219,76,Female,Other,Northeast,1949-11-15
P018220,72,Female,Other,Midwest,1954-02-15
P018221,78,Female,Commercial,West,1948-02-15
P018222,76,Male,Commercial,Northeast,1950-03-15
P018223,34,Male,Medicare,Northeast,1991-11-15
P018224,7,Male,Medicare,Midwest,2018-04-15
P018225,68,Female,Medicaid,West,1958-05-15
P018226,49,Male,Commercial,South,1976-06-15
P018227,28,Male,Medicare,Midwest,1998-08-15
P018228,13,Male,Medicaid,South,2013-02-15
P018229,50,Male,Medicare Advantage,West,1975-01-15
P018230,15,Female,Commercial,South,2011-10-15
P018231,66,Male,Workers Comp,South,1959-04-15
P018232,35,Female,Medicare,South,1991-09-15
P018233,66,Male,Medicare,South,1959-06-15
P018234,91,Male,Medicare Advantage,Midwest,1935-11-15
P018235,65,Male,Medicaid,South,1960-01-15
P018236,72,Female,Commercial,West,1953-06-15
P018237,77,Male,Commercial,Midwest,1948-02-15
P018238,21,Female,Commercial,West,2005-10-15
P018239,75,Male,Medicare,Northeast,1951-03-15
P018240,39,Male,Commercial,Midwest,1986-02-15
P018241,69,Male,Commercial,Midwest,1956-06-15
P018242,16,Female,Medicare,Northeast,2010-01-15
P018243,38,Female,Medicare,West,1988-07-15
P018244,84,Female,Commercial,West,1941-09-15
P018245,46,Male,Commercial,West,1980-01-15
P018246,60,Male,Commercial,Midwest,1966-04-15
P018247,28,Male,Medicare Advantage,West,1998-10-15
P018248,66,Female,Medicare,Northeast,1959-11-15
P018249,76,Female,Medicare,South,1949-01-15
P018250,60,Female,Medicaid,South,1966-03-15
P018251,38,Female,Commercial,South,1987-08-15
P018252,54,Female,Medicaid,South,1972-02-15
P018253,77,Male,Commercial,Northeast,1948-03-15
P018254,60,Male,Medicare,Northeast,1965-11-15
P018255,46,Female,Commercial,South,1980-12-15
P018256,60,Female,Medicare,Northeast,1965-05-15
P018257,7,Male,Medicare,Northeast,2019-10-15
P018258,27,Male,Medicare Advantage,Northeast,1999-09-15
P018259,53,Female,Medicaid,South,1973-08-15
P018260,40,Male,Workers Comp,South,1985-02-15
P018261,24,Other,Medicare,West,2001-02-15
P018262,19,Female,Medicaid,Midwest,2006-04-15
P018263,61,Female,Medicare Advantage,Midwest,1965-02-15
P018264,77,Female,Medicare Advantage,South,1948-08-15
P018265,39,Female,Medicaid,South,1986-08-15
P018266,39,Female,Medicaid,West,1987-02-15
P018267,61,Female,Medicare,West,1965-08-15
P018268,30,Female,Medicare,Midwest,1995-10-15
P018269,47,Male,Medicare,South,1979-01-15
P018270,10,Female,Medicare,West,2016-07-15
P018271,3,Male,Commercial,South,2022-01-15
P018272,2,Male,Medicare Advantage,Midwest,2023-10-15
P018273,79,Male,Medicaid,Northeast,1947-03-15
P018274,80,Female,Medicaid,West,1945-05-15
P018275,70,Female,Medicaid,South,1955-09-15
P018276,72,Female,Medicare,South,1953-07-15
P018277,31,Male,Commercial,Northeast,1994-06-15
P018278,53,Male,Medicaid,Midwest,1973-10-15
P018279,56,Female,Medicaid,West,1970-05-15
P018280,67,Female,Medicare Advantage,South,1959-05-15
P018281,36,Female,Commercial,South,1989-07-15
P018282,84,Female,Medicare Advantage,South,1942-04-15
P018283,33,Female,Medicare,South,1992-01-15
P018284,52,Male,Workers Comp,South,1974-12-15
P018285,69,Female,Commercial,South,1956-10-15
P018286,57,Female,Commercial,West,1968-05-15
P018287,45,Male,Medicare Advantage,South,1981-12-15
P018288,68,Male,Medicare,South,1958-10-15
P018289,84,Female,Medicare,Midwest,1941-03-15
P018290,29,Male,Medicare,South,1996-12-15
P018291,17,Female,Medicare Advantage,West,2009-01-15
P018292,56,Female,Other,West,1969-02-15
P018293,58,Male,Medicaid,South,1968-02-15
P018294,70,Female,Commercial,South,1955-02-15
P018295,48,Male,Commercial,West,1977-08-15
P018296,73,Female,Commercial,Midwest,1952-04-15
P018297,32,Male,Medicare,Northeast,1993-09-15
P018298,73,Female,Self-Pay,Midwest,1953-09-15
P018299,16,Male,Medicaid,South,2009-11-15
P018300,26,Male,Commercial,West,2000-06-15
P018301,87,Male,Commercial,West,1938-10-15
P018302,37,Male,Medicare,West,1989-07-15
P018303,30,Female,Commercial,West,1996-10-15
P018304,19,Male,Commercial,Midwest,2007-01-15
P018305,33,Female,Medicare,West,1992-05-15
P018306,44,Male,Medicaid,Midwest,1981-03-15
P018307,62,Female,Medicaid,West,1964-03-15
P018308,8,Female,Workers Comp,South,2018-07-15
P018309,76,Female,Medicare Advantage,South,1949-07-15
P018310,95,Male,Medicaid,South,1930-12-15
P018311,49,Male,Medicare,Midwest,1976-06-15
P018312,10,Male,Medicare,West,2015-04-15
P018313,53,Male,Commercial,South,1973-09-15
P018314,63,Male,Commercial,West,1962-11-15
P018315,78,Female,Commercial,Midwest,1948-02-15
P018316,77,Female,Other,West,1948-10-15
P018317,62,Female,Medicare Advantage,Northeast,1964-09-15
P018318,79,Female,Medicare,West,1947-01-15
P018319,76,Male,Commercial,Midwest,1949-04-15
P018320,72,Male,Medicare,Midwest,1953-06-15
P018321,11,Female,Self-Pay,West,2015-12-15
P018322,50,Male,Medicare,West,1976-10-15
P018323,44,Female,Medicaid,South,1982-04-15
P018324,18,Male,Commercial,Midwest,2008-09-15
P018325,67,Male,Medicare Advantage,West,1959-01-15
P018326,35,Male,Medicare,South,1990-12-15
P018327,43,Female,Medicare,Midwest,1983-04-15
P018328,43,Female,Medicare,South,1983-05-15
P018329,15,Female,Medicare,South,2011-04-15
P018330,25,Male,Medicare,Northeast,2001-05-15
P018331,58,Female,Commercial,Northeast,1967-11-15
P018332,29,Female,Medicaid,West,1996-10-15
P018333,26,Female,Commercial,South,1999-02-15
P018334,38,Male,Medicare,South,1987-01-15
P018335,45,Female,Medicare,South,1981-11-15
P018336,50,Female,Medicare,South,1976-10-15
P018337,37,Female,Medicare Advantage,Northeast,1988-10-15
P018338,11,Male,Commercial,South,2015-04-15
P018339,31,Female,Medicare Advantage,Midwest,1994-09-15
P018340,22,Male,Commercial,Northeast,2003-03-15
P018341,27,Male,Commercial,Northeast,1998-09-15
P018342,64,Female,Medicaid,South,1961-09-15
P018343,14,Female,Medicare,South,2011-05-15
P018344,11,Male,Medicare Advantage,Northeast,2015-07-15
P018345,68,Female,Commercial,Northeast,1958-04-15
P018346,72,Male,Medicare Advantage,Midwest,1953-01-15
P018347,19,Female,Commercial,Midwest,2007-02-15
P018348,52,Female,Medicare Advantage,West,1973-04-15
P018349,63,Male,Medicaid,South,1962-08-15
P018350,53,Female,Self-Pay,Midwest,1973-09-15
P018351,33,Female,Medicare,West,1993-04-15
P018352,55,Female,Commercial,West,1971-03-15
P018353,61,Female,Medicaid,West,1964-08-15
P018354,55,Male,Medicare,South,1970-09-15
P018355,76,Male,Commercial,Northeast,1950-12-15
P018356,80,Female,Commercial,Midwest,1946-05-15
P018357,68,Male,Medicare,South,1957-09-15
P018358,62,Female,Medicare,Northeast,1963-09-15
P018359,41,Female,Medicare,South,1985-04-15
P018360,52,Male,Commercial,South,1974-07-15
P018361,96,Male,Medicare,South,1930-03-15
P018362,56,Female,Commercial,Northeast,1970-01-15
P018363,79,Female,Medicaid,Northeast,1947-10-15
P018364,65,Male,Commercial,Northeast,1961-11-15
P018365,60,Female,Medicaid,West,1966-01-15
P018366,47,Female,Self-Pay,Midwest,1978-01-15
P018367,25,Female,Commercial,West,2000-10-15
P018368,41,Female,Medicaid,West,1985-01-15
P018369,31,Male,Medicaid,Midwest,1994-04-15
P018370,53,Male,Medicaid,South,1973-02-15
P018371,45,Female,Medicaid,South,1981-07-15
P018372,61,Female,Medicaid,South,1965-02-15
P018373,60,Male,Medicare,West,1965-10-15
P018374,34,Female,Commercial,West,1992-10-15
P018375,51,Female,Commercial,Midwest,1975-10-15
P018376,80,Male,Medicaid,Midwest,1946-05-15
P018377,41,Female,Medicaid,Northeast,1985-12-15
P018378,80,Male,Commercial,Northeast,1946-09-15
P018379,56,Female,Medicaid,West,1969-03-15
P018380,54,Female,Medicaid,West,1972-02-15
P018381,54,Male,Medicare,West,1971-02-15
P018382,70,Female,Commercial,Northeast,1956-05-15
P018383,13,Male,Medicare Advantage,South,2013-04-15
P018384,60,Female,Medicare,South,1965-05-15
P018385,92,Female,Medicare Advantage,Northeast,1933-07-15
P018386,46,Male,Other,South,1980-01-15
P018387,66,Male,Medicare,West,1960-07-15
P018388,43,Male,Medicare,South,1982-12-15
P018389,45,Male,Medicaid,South,1981-10-15
P018390,10,Female,Medicare Advantage,Midwest,2015-04-15
P018391,70,Male,Medicaid,West,1956-12-15
P018392,23,Female,Commercial,West,2002-09-15
P018393,50,Male,Medicaid,Northeast,1976-07-15
P018394,55,Male,Medicaid,South,1971-04-15
P018395,25,Male,Medicare,Northeast,2000-10-15
P018396,68,Male,Medicare Advantage,Northeast,1958-03-15
P018397,42,Male,Commercial,Midwest,1984-09-15
P018398,65,Female,Medicare Advantage,Midwest,1961-08-15
P018399,77,Male,Self-Pay,South,1948-02-15
P018400,95,Male,Medicare,Northeast,1931-04-15
P018401,20,Male,Medicare Advantage,South,2006-02-15
P018402,39,Female,Medicaid,Midwest,1986-07-15
P018403,74,Female,Commercial,Midwest,1952-08-15
P018404,44,Male,Medicare,West,1981-02-15
P018405,3,Female,Medicare Advantage,South,2023-12-15
P018406,9,Male,Commercial,Midwest,2017-01-15
P018407,59,Male,Self-Pay,South,1967-08-15
P018408,67,Male,Medicare,South,1959-11-15
P018409,56,Male,Medicaid,South,1969-04-15
P018410,50,Male,Medicaid,Northeast,1975-10-15
P018411,81,Male,Medicare,South,1944-02-15
P018412,55,Male,Medicaid,West,1971-02-15
P018413,76,Male,Medicaid,South,1949-01-15
P018414,65,Female,Medicare Advantage,South,1960-12-15
P018415,64,Male,Medicare Advantage,South,1962-04-15
P018416,85,Female,Other,South,1940-02-15
P018417,31,Female,Commercial,South,1994-02-15
P018418,30,Female,Medicare,South,1996-04-15
P018419,76,Male,Medicare,South,1949-09-15
P018420,95,Male,Medicare,West,1930-02-15
P018421,36,Male,Medicare,Midwest,1990-01-15
P018422,57,Female,Other,Northeast,1968-04-15
P018423,71,Male,Medicaid,West,1955-11-15
P018424,76,Female,Medicaid,Northeast,1950-10-15
P018425,76,Female,Medicare Advantage,West,1949-11-15
P018426,61,Female,Medicare Advantage,South,1965-08-15
P018427,63,Male,Self-Pay,South,1962-12-15
P018428,15,Female,Other,West,2010-08-15
P018429,79,Male,Commercial,Midwest,1947-02-15
P018430,46,Female,Commercial,West,1980-04-15
P018431,22,Male,Commercial,South,2004-09-15
P018432,60,Male,Self-Pay,South,1966-12-15
P018433,49,Male,Medicare,South,1977-07-15
P018434,44,Male,Medicare,Midwest,1981-03-15
P018435,89,Female,Medicare,Midwest,1936-01-15
P018436,56,Female,Medicaid,South,1969-06-15
P018437,92,Female,Medicare Advantage,Midwest,1934-08-15
P018438,21,Female,Commercial,Northeast,2005-11-15
P018439,5,Female,Medicare Advantage,Northeast,2020-07-15
P018440,64,Male,Self-Pay,South,1961-08-15
P018441,23,Female,Commercial,Northeast,2002-08-15
P018442,25,Female,Self-Pay,Northeast,2000-02-15
P018443,56,Female,Medicare,South,1969-01-15
P018444,41,Male,Medicare,West,1984-01-15
P018445,79,Male,Commercial,West,1946-06-15
P018446,26,Female,Medicare,West,1999-05-15
P018447,44,Male,Medicare,West,1981-11-15
P018448,75,Female,Medicare,Midwest,1950-09-15
P018449,59,Female,Commercial,Midwest,1966-02-15
P018450,46,Female,Commercial,South,1979-02-15
P018451,69,Male,Medicaid,Midwest,1956-01-15
P018452,42,Female,Commercial,South,1983-11-15
P018453,57,Male,Commercial,South,1968-10-15
P018454,41,Female,Medicaid,South,1985-07-15
P018455,43,Female,Medicaid,West,1983-03-15
P018456,35,Female,Medicare,South,1990-07-15
P018457,8,Male,Medicare,Northeast,2018-09-15
P018458,85,Male,Self-Pay,West,1941-03-15
P018459,38,Female,Medicaid,Midwest,1987-12-15
P018460,77,Female,Commercial,West,1949-03-15
P018461,73,Male,Medicare,Northeast,1952-09-15
P018462,50,Female,Medicaid,South,1976-06-15
P018463,13,Male,Medicaid,West,2013-01-15
P018464,12,Female,Commercial,West,2013-07-15
P018465,75,Female,Self-Pay,West,1951-03-15
P018466,26,Male,Commercial,West,2000-06-15
P018467,11,Male,Medicare,Midwest,2014-06-15
P018468,68,Male,Medicaid,South,1957-11-15
P018469,44,Male,Medicaid,South,1982-12-15
P018470,33,Male,Medicare,Midwest,1993-11-15
P018471,65,Male,Commercial,Midwest,1961-09-15
P018472,43,Male,Medicaid,Midwest,1982-06-15
P018473,43,Female,Medicare,South,1983-10-15
P018474,17,Female,Medicaid,South,2009-01-15
P018475,47,Female,Medicare,Midwest,1978-11-15
P018476,10,Male,Commercial,South,2016-04-15
P018477,70,Male,Medicare Advantage,South,1956-06-15
P018478,14,Female,Medicare Advantage,Northeast,2012-09-15
P018479,37,Female,Medicare,Midwest,1989-05-15
P018480,27,Male,Commercial,West,1998-11-15
P018481,31,Male,Commercial,Northeast,1995-11-15
P018482,71,Female,Medicare,West,1954-08-15
P018483,72,Female,Commercial,South,1953-06-15
P018484,87,Female,Self-Pay,South,1939-10-15
P018485,39,Male,Self-Pay,Northeast,1987-12-15
P018486,28,Female,Medicaid,Midwest,1997-07-15
P018487,76,Male,Medicare Advantage,Northeast,1950-02-15
P018488,72,Male,Medicare,Midwest,1954-06-15
P018489,21,Female,Medicaid,West,2004-01-15
P018490,42,Male,Medicaid,Midwest,1983-11-15
P018491,37,Female,Medicare Advantage,Midwest,1988-12-15
P018492,95,Male,Medicaid,West,1931-03-15
P018493,46,Female,Medicare,West,1979-08-15
P018494,67,Male,Commercial,Midwest,1958-06-15
P018495,69,Male,Medicaid,West,1957-10-15
P018496,57,Male,Commercial,Northeast,1968-08-15
P018497,21,Male,Commercial,South,2005-10-15
P018498,60,Male,Medicare,Midwest,1965-07-15
P018499,22,Male,Medicare,West,2004-04-15
P018500,88,Male,Medicaid,South,1937-07-15
P018501,51,Female,Self-Pay,Midwest,1974-07-15
P018502,35,Female,Commercial,Midwest,1990-11-15
P018503,5,Female,Self-Pay,Midwest,2020-09-15
P018504,73,Male,Commercial,West,1953-07-15
P018505,67,Female,Medicare,West,1959-04-15
P018506,32,Male,Medicare,West,1994-06-15
P018507,56,Female,Commercial,South,1969-02-15
P018508,95,Male,Medicaid,West,1931-08-15
P018509,50,Female,Commercial,West,1976-06-15
P018510,9,Female,Medicare,South,2017-07-15
P018511,15,Male,Commercial,South,2010-03-15
P018512,64,Female,Commercial,West,1961-05-15
P018513,66,Female,Commercial,West,1959-11-15
P018514,63,Male,Commercial,Northeast,1963-11-15
P018515,41,Male,Medicare,West,1985-02-15
P018516,56,Male,Medicare,South,1970-04-15
P018517,37,Male,Medicare,Midwest,1988-08-15
P018518,58,Male,Medicare Advantage,Northeast,1967-06-15
P018519,50,Male,Self-Pay,West,1976-12-15
P018520,59,Male,Commercial,West,1967-06-15
P018521,55,Male,Self-Pay,South,1970-06-15
P018522,44,Male,Commercial,West,1982-05-15
P018523,76,Male,Commercial,Northeast,1949-07-15
P018524,60,Male,Medicaid,South,1966-09-15
P018525,52,Female,Medicare Advantage,South,1973-05-15
P018526,77,Female,Medicare,South,1948-08-15
P018527,38,Female,Commercial,West,1987-01-15
P018528,52,Female,Medicare Advantage,West,1974-02-15
P018529,78,Female,Commercial,South,1947-03-15
P018530,78,Male,Medicare,West,1947-01-15
P018531,0,Male,Medicaid,Northeast,2026-02-15
P018532,65,Male,Commercial,South,1961-08-15
P018533,78,Male,Self-Pay,Northeast,1947-12-15
P018534,64,Female,Medicare,West,1962-05-15
P018535,12,Female,Self-Pay,West,2013-05-15
P018536,20,Female,Medicare,West,2006-02-15
P018537,96,Female,Commercial,South,1929-12-15
P018538,20,Female,Medicaid,Midwest,2006-05-15
P018539,49,Female,Medicare,South,1977-03-15
P018540,68,Female,Commercial,South,1957-08-15
P018541,93,Male,Medicare,West,1933-01-15
P018542,12,Male,Medicare,West,2013-11-15
P018543,20,Male,Self-Pay,Midwest,2006-10-15
P018544,22,Female,Workers Comp,South,2004-02-15
P018545,42,Female,Commercial,South,1983-05-15
P018546,26,Female,Medicare,Midwest,2000-06-15
P018547,66,Female,Medicare Advantage,Midwest,1959-01-15
P018548,77,Female,Medicare Advantage,South,1949-11-15
P018549,66,Male,Medicare Advantage,Midwest,1960-02-15
P018550,63,Male,Medicare,South,1962-06-15
P018551,43,Female,Medicare Advantage,West,1982-04-15
P018552,27,Female,Medicare Advantage,Midwest,1999-07-15
P018553,35,Female,Commercial,Northeast,1991-01-15
P018554,50,Male,Medicare Advantage,Midwest,1975-06-15
P018555,72,Female,Medicare,Midwest,1954-04-15
P018556,70,Female,Medicare Advantage,Midwest,1956-07-15
P018557,64,Female,Medicare,South,1961-11-15
P018558,31,Female,Other,West,1994-08-15
P018559,86,Female,Commercial,South,1940-12-15
P018560,34,Male,Commercial,South,1992-06-15
P018561,55,Female,Medicare,Northeast,1971-01-15
P018562,71,Female,Workers Comp,South,1954-09-15
P018563,3,Male,Commercial,South,2022-01-15
P018564,67,Male,Medicaid,West,1958-07-15
P018565,29,Female,Medicaid,South,1997-12-15
P018566,76,Female,Medicare,West,1949-06-15
P018567,56,Male,Commercial,South,1970-11-15
P018568,77,Female,Medicare Advantage,South,1948-06-15
P018569,75,Male,Medicare Advantage,South,1951-02-15
P018570,75,Female,Commercial,Northeast,1950-12-15
P018571,50,Male,Medicare,West,1975-08-15
P018572,62,Female,Commercial,Midwest,1963-10-15
P018573,50,Female,Medicare,Northeast,1976-05-15
P018574,22,Male,Medicaid,West,2004-09-15
P018575,29,Male,Medicare,South,1996-11-15
P018576,72,Female,Medicare Advantage,South,1953-08-15
P018577,82,Female,Medicare,Midwest,1943-03-15
P018578,48,Female,Medicare,Midwest,1977-07-15
P018579,69,Male,Commercial,Northeast,1956-10-15
P018580,71,Female,Other,South,1955-05-15
P018581,37,Male,Commercial,South,1988-03-15
P018582,80,Male,Medicare,South,1946-11-15
P018583,75,Male,Commercial,West,1950-12-15
P018584,63,Male,Commercial,Midwest,1963-11-15
P018585,30,Male,Self-Pay,South,1995-10-15
P018586,24,Female,Commercial,West,2001-06-15
P018587,69,Female,Medicaid,South,1956-12-15
P018588,65,Male,Commercial,Midwest,1960-06-15
P018589,37,Male,Self-Pay,Northeast,1989-04-15
P018590,30,Male,Medicare,South,1995-09-15
P018591,76,Female,Commercial,South,1949-04-15
P018592,41,Female,Medicare,South,1984-11-15
P018593,89,Female,Medicare,West,1937-04-15
P018594,72,Female,Commercial,West,1954-08-15
P018595,55,Male,Medicare,West,1971-10-15
P018596,58,Male,Medicare,South,1967-07-15
P018597,10,Female,Medicare Advantage,South,2016-10-15
P018598,62,Male,Medicare Advantage,South,1963-05-15
P018599,19,Female,Commercial,Northeast,2006-06-15
P018600,41,Female,Medicare,Midwest,1984-01-15
P018601,39,Female,Commercial,South,1986-09-15
P018602,51,Female,Commercial,West,1975-06-15
P018603,71,Male,Commercial,South,1954-09-15
P018604,54,Male,Medicare,South,1972-04-15
P018605,42,Male,Workers Comp,Northeast,1983-05-15
P018606,87,Female,Medicare Advantage,Northeast,1939-09-15
P018607,38,Female,Commercial,Midwest,1987-12-15
P018608,49,Male,Medicare,West,1976-02-15
P018609,93,Female,Medicaid,West,1932-05-15
P018610,54,Female,Commercial,Northeast,1972-12-15
P018611,30,Female,Commercial,Midwest,1996-08-15
P018612,76,Female,Medicare Advantage,South,1950-07-15
P018613,78,Male,Workers Comp,South,1948-04-15
P018614,73,Male,Medicare,West,1953-04-15
P018615,51,Female,Medicare,South,1975-08-15
P018616,95,Female,Medicare,South,1931-09-15
P018617,37,Female,Medicare,West,1989-05-15
P018618,10,Male,Medicare,South,2015-02-15
P018619,34,Male,Commercial,West,1992-02-15
P018620,51,Male,Medicare,South,1975-11-15
P018621,51,Male,Medicare,Northeast,1975-11-15
P018622,78,Male,Medicare Advantage,Midwest,1948-07-15
P018623,37,Female,Commercial,Northeast,1989-04-15
P018624,90,Female,Commercial,South,1935-10-15
P018625,91,Male,Commercial,West,1934-08-15
P018626,24,Male,Medicare,West,2001-01-15
P018627,79,Female,Commercial,Northeast,1947-11-15
P018628,2,Female,Medicare Advantage,Midwest,2023-06-15
P018629,71,Female,Self-Pay,South,1954-04-15
P018630,52,Male,Commercial,Northeast,1973-07-15
P018631,68,Female,Medicaid,South,1958-05-15
P018632,30,Male,Commercial,South,1996-08-15
P018633,57,Male,Medicare,Midwest,1969-03-15
P018634,78,Female,Commercial,West,1948-08-15
P018635,16,Female,Medicaid,Northeast,2010-10-15
P018636,58,Male,Self-Pay,West,1967-06-15
P018637,64,Female,Medicare Advantage,West,1962-12-15
P018638,43,Female,Commercial,West,1982-12-15
P018639,70,Female,Medicaid,Midwest,1956-12-15
P018640,45,Male,Commercial,South,1980-10-15
P018641,39,Female,Medicare,Midwest,1987-10-15
P018642,67,Female,Medicare Advantage,South,1959-04-15
P018643,16,Female,Medicare,South,2009-04-15
P018644,39,Female,Commercial,West,1986-07-15
P018645,74,Female,Medicaid,Midwest,1952-02-15
P018646,62,Male,Commercial,South,1963-05-15
P018647,47,Male,Commercial,West,1979-07-15
P018648,57,Female,Self-Pay,Midwest,1968-06-15
P018649,91,Male,Medicare,Northeast,1935-07-15
P018650,34,Female,Medicare,West,1992-06-15
P018651,47,Female,Medicaid,Midwest,1978-04-15
P018652,29,Female,Medicare,Northeast,1996-01-15
P018653,8,Male,Self-Pay,South,2018-05-15
P018654,27,Female,Commercial,South,1999-01-15
P018655,85,Male,Medicare Advantage,Midwest,1941-11-15
P018656,72,Female,Commercial,Northeast,1954-11-15
P018657,54,Male,Commercial,South,1971-03-15
P018658,29,Male,Commercial,South,1997-07-15
P018659,56,Female,Commercial,Midwest,1969-07-15
P018660,57,Female,Commercial,Midwest,1968-10-15
P018661,73,Female,Medicare,Midwest,1952-10-15
P018662,31,Female,Medicaid,Northeast,1994-05-15
P018663,61,Female,Self-Pay,South,1964-01-15
P018664,0,Female,Medicare Advantage,Midwest,2025-03-15
P018665,74,Female,Commercial,Northeast,1952-04-15
P018666,35,Female,Commercial,Midwest,1990-03-15
P018667,71,Male,Commercial,Midwest,1955-11-15
P018668,82,Female,Commercial,West,1943-10-15
P018669,93,Female,Medicare Advantage,West,1933-09-15
P018670,77,Male,Medicaid,South,1949-07-15
P018671,63,Female,Medicare,Northeast,1963-02-15
P018672,65,Female,Medicare,South,1961-02-15
P018673,94,Female,Medicaid,Northeast,1932-05-15
P018674,77,Male,Medicaid,Northeast,1949-07-15
P018675,84,Female,Medicare,Northeast,1942-12-15
P018676,78,Female,Commercial,South,1948-01-15
P018677,54,Male,Medicaid,South,1972-04-15
P018678,56,Female,Medicare Advantage,Midwest,1970-02-15
P018679,62,Female,Commercial,South,1963-02-15
P018680,79,Male,Commercial,West,1947-06-15
P018681,75,Female,Medicare,Midwest,1951-07-15
P018682,74,Female,Medicare,West,1951-02-15
P018683,46,Male,Commercial,South,1980-06-15
P018684,64,Female,Commercial,South,1962-03-15
P018685,1,Female,Medicare Advantage,Northeast,2025-12-15
P018686,89,Male,Commercial,Northeast,1936-06-15
P018687,41,Male,Medicare,West,1985-11-15
P018688,66,Female,Medicare,Northeast,1959-06-15
P018689,47,Male,Commercial,South,1979-09-15
P018690,52,Female,Self-Pay,Midwest,1974-12-15
P018691,38,Male,Medicare,Midwest,1987-07-15
P018692,46,Female,Medicaid,Midwest,1980-10-15
P018693,92,Male,Medicare,Northeast,1934-03-15
P018694,74,Male,Commercial,South,1952-06-15
P018695,84,Male,Commercial,Northeast,1941-03-15
P018696,92,Male,Medicaid,Midwest,1934-09-15
P018697,56,Female,Self-Pay,Midwest,1969-12-15
P018698,68,Female,Commercial,South,1957-03-15
P018699,28,Female,Medicare Advantage,Midwest,1998-08-15
P018700,51,Female,Commercial,West,1974-11-15
P018701,10,Male,Medicaid,Midwest,2016-10-15
P018702,71,Female,Medicare,West,1954-12-15
P018703,35,Female,Medicare,Northeast,1990-05-15
P018704,54,Female,Medicaid,Midwest,1972-08-15
P018705,69,Female,Medicare,Northeast,1956-12-15
P018706,78,Male,Medicare Advantage,South,1948-09-15
P018707,83,Female,Medicare,Northeast,1942-02-15
P018708,59,Male,Self-Pay,West,1966-12-15
P018709,50,Male,Medicare,South,1976-03-15
P018710,86,Male,Medicare Advantage,Northeast,1939-07-15
P018711,36,Male,Medicare,Midwest,1990-10-15
P018712,66,Female,Commercial,West,1960-04-15
P018713,76,Male,Other,Midwest,1949-05-15
P018714,90,Male,Medicaid,Northeast,1936-02-15
P018715,46,Male,Medicaid,West,1979-01-15
P018716,37,Female,Commercial,West,1988-09-15
P018717,59,Male,Medicare,Northeast,1967-12-15
P018718,33,Female,Medicare,South,1992-09-15
P018719,81,Male,Medicare,Northeast,1945-10-15
P018720,78,Female,Other,West,1948-07-15
P018721,67,Female,Medicare Advantage,Northeast,1959-06-15
P018722,36,Male,Medicare Advantage,West,1989-09-15
P018723,29,Female,Medicare,South,1996-02-15
P018724,87,Male,Medicare,Northeast,1938-07-15
P018725,37,Male,Commercial,West,1988-07-15
P018726,77,Male,Commercial,Northeast,1949-09-15
P018727,35,Female,Commercial,Midwest,1991-02-15
P018728,71,Female,Commercial,Midwest,1955-09-15
P018729,71,Female,Commercial,South,1954-01-15
P018730,59,Female,Medicare,West,1966-03-15
P018731,57,Male,Medicare Advantage,South,1969-03-15
P018732,62,Male,Self-Pay,South,1963-07-15
P018733,60,Female,Medicare,South,1966-07-15
P018734,7,Female,Self-Pay,Midwest,2018-09-15
P018735,62,Male,Medicare,West,1964-06-15
P018736,89,Male,Medicaid,West,1936-09-15
P018737,61,Female,Commercial,South,1965-12-15
P018738,25,Male,Commercial,West,2000-07-15
P018739,74,Female,Commercial,Midwest,1952-11-15
P018740,37,Female,Medicare,West,1989-07-15
P018741,55,Female,Self-Pay,Northeast,1970-05-15
P018742,71,Male,Commercial,Northeast,1955-05-15
P018743,24,Male,Medicaid,Midwest,2001-09-15
P018744,4,Female,Medicare Advantage,Midwest,2021-10-15
P018745,14,Male,Commercial,South,2012-01-15
P018746,70,Female,Commercial,South,1956-10-15
P018747,44,Male,Medicare,Northeast,1982-12-15
P018748,66,Male,Medicare Advantage,South,1959-06-15
P018749,55,Male,Commercial,South,1971-06-15
P018750,22,Male,Commercial,South,2003-06-15
P018751,68,Female,Medicare,Midwest,1957-07-15
P018752,41,Female,Commercial,South,1984-05-15
P018753,15,Female,Medicare,West,2011-08-15
P018754,66,Male,Medicare,West,1960-07-15
P018755,11,Female,Commercial,Northeast,2014-11-15
P018756,16,Male,Medicaid,South,2009-02-15
P018757,87,Male,Medicare Advantage,South,1938-02-15
P018758,54,Female,Self-Pay,West,1972-07-15
P018759,59,Male,Self-Pay,Midwest,1966-03-15
P018760,72,Male,Medicare,Midwest,1954-12-15
P018761,39,Male,Medicaid,Northeast,1986-07-15
P018762,48,Female,Medicare,West,1977-01-15
P018763,47,Male,Other,West,1978-12-15
P018764,67,Female,Self-Pay,Northeast,1959-05-15
P018765,51,Male,Workers Comp,Northeast,1974-11-15
P018766,18,Female,Commercial,South,2008-10-15
P018767,46,Female,Medicare,West,1979-01-15
P018768,94,Male,Medicare,West,1931-10-15
P018769,56,Female,Medicare,South,1969-12-15
P018770,36,Male,Commercial,Midwest,1989-11-15
P018771,70,Female,Commercial,Northeast,1956-08-15
P018772,70,Female,Commercial,South,1956-03-15
P018773,53,Male,Commercial,South,1973-12-15
P018774,74,Female,Commercial,West,1952-12-15
P018775,40,Female,Commercial,South,1986-07-15
P018776,59,Female,Medicare,South,1967-03-15
P018777,58,Female,Medicare,Northeast,1968-08-15
P018778,56,Male,Commercial,South,1970-11-15
P018779,55,Female,Commercial,Northeast,1971-12-15
P018780,80,Male,Medicare Advantage,Midwest,1946-10-15
P018781,14,Female,Commercial,Northeast,2012-04-15
P018782,25,Male,Medicare,West,2001-08-15
P018783,2,Male,Medicaid,Northeast,2023-02-15
P018784,39,Other,Commercial,West,1987-12-15
P018785,72,Female,Commercial,South,1953-09-15
P018786,56,Male,Commercial,Midwest,1970-02-15
P018787,73,Male,Medicare Advantage,West,1952-09-15
P018788,65,Female,Medicare Advantage,West,1961-09-15
P018789,54,Female,Commercial,West,1971-12-15
P018790,48,Female,Medicare,South,1978-03-15
P018791,44,Female,Medicaid,West,1981-05-15
P018792,66,Other,Commercial,South,1960-10-15
P018793,78,Female,Medicare,South,1947-05-15
P018794,27,Female,Medicare,South,1999-12-15
P018795,41,Male,Commercial,West,1985-04-15
P018796,55,Female,Medicare,West,1971-11-15
P018797,51,Male,Medicaid,South,1975-04-15
P018798,58,Male,Medicare Advantage,South,1968-07-15
P018799,50,Male,Medicaid,South,1976-08-15
P018800,58,Male,Commercial,South,1968-06-15
P018801,63,Female,Commercial,West,1962-02-15
P018802,59,Female,Commercial,South,1966-06-15
P018803,76,Male,Commercial,Midwest,1950-06-15
P018804,5,Male,Medicare Advantage,West,2021-03-15
P018805,11,Male,Medicare,South,2014-05-15
P018806,46,Male,Medicare,Midwest,1979-10-15
P018807,74,Female,Commercial,Northeast,1951-04-15
P018808,70,Female,Commercial,South,1955-04-15
P018809,37,Male,Commercial,West,1988-12-15
P018810,67,Female,Medicare,Midwest,1958-09-15
P018811,77,Female,Medicaid,Northeast,1949-04-15
P018812,2,Female,Medicare,Midwest,2023-10-15
P018813,52,Male,Commercial,Northeast,1973-06-15
P018814,49,Female,Commercial,Midwest,1976-11-15
P018815,14,Male,Self-Pay,South,2011-12-15
P018816,43,Female,Other,South,1982-03-15
P018817,75,Female,Other,South,1951-05-15
P018818,62,Male,Other,Midwest,1963-04-15
P018819,39,Male,Commercial,South,1987-06-15
P018820,1,Male,Commercial,Midwest,2024-01-15
P018821,77,Male,Medicare Advantage,Midwest,1949-07-15
P018822,63,Male,Self-Pay,Northeast,1962-07-15
P018823,54,Female,Workers Comp,South,1971-12-15
P018824,69,Female,Commercial,West,1956-10-15
P018825,49,Male,Commercial,West,1977-11-15
P018826,6,Male,Medicare Advantage,West,2020-07-15
P018827,72,Female,Medicare Advantage,West,1953-06-15
P018828,89,Male,Medicare,Midwest,1937-09-15
P018829,41,Male,Commercial,South,1984-12-15
P018830,49,Female,Medicaid,Northeast,1977-11-15
P018831,89,Female,Self-Pay,South,1937-07-15
P018832,57,Female,Medicare,Midwest,1969-09-15
P018833,90,Female,Medicare,Northeast,1936-11-15
P018834,51,Male,Commercial,Northeast,1974-06-15
P018835,40,Male,Medicare,West,1986-06-15
P018836,87,Female,Medicare,South,1938-03-15
P018837,68,Female,Commercial,South,1957-07-15
P018838,17,Female,Medicare,South,2008-08-15
P018839,73,Male,Commercial,West,1953-06-15
P018840,74,Male,Medicare,South,1951-10-15
P018841,66,Male,Commercial,Midwest,1960-04-15
P018842,34,Female,Medicare Advantage,South,1991-06-15
P018843,92,Female,Commercial,South,1933-04-15
P018844,70,Female,Medicare,Midwest,1955-04-15
P018845,72,Female,Medicare Advantage,Northeast,1953-09-15
P018846,65,Male,Medicare,Midwest,1960-05-15
P018847,67,Male,Medicare Advantage,South,1958-12-15
P018848,42,Female,Workers Comp,West,1983-01-15
P018849,48,Other,Commercial,South,1977-10-15
P018850,16,Male,Medicaid,Midwest,2009-05-15
P018851,82,Female,Medicare Advantage,South,1944-01-15
P018852,46,Female,Self-Pay,Northeast,1980-10-15
P018853,6,Female,Medicare,Midwest,2020-01-15
P018854,22,Female,Medicare,Northeast,2004-10-15
P018855,32,Female,Medicare,Northeast,1993-03-15
P018856,60,Female,Medicare Advantage,South,1966-06-15
P018857,68,Male,Commercial,Northeast,1957-09-15
P018858,33,Male,Commercial,South,1992-02-15
P018859,8,Male,Medicaid,Midwest,2018-09-15
P018860,24,Female,Medicaid,West,2001-10-15
P018861,40,Female,Medicare Advantage,Northeast,1986-08-15
P018862,44,Male,Commercial,Midwest,1982-03-15
P018863,55,Male,Medicare Advantage,Northeast,1970-11-15
P018864,78,Female,Medicare,South,1948-07-15
P018865,34,Male,Other,Midwest,1992-03-15
P018866,78,Male,Medicare,Northeast,1948-09-15
P018867,6,Male,Medicare,South,2020-05-15
P018868,93,Male,Medicaid,South,1932-06-15
P018869,31,Male,Commercial,West,1994-06-15
P018870,5,Female,Medicare,South,2021-01-15
P018871,76,Male,Medicare,West,1950-03-15
P018872,7,Male,Medicare Advantage,Midwest,2018-09-15
P018873,15,Female,Commercial,Northeast,2011-10-15
P018874,93,Male,Medicaid,West,1932-08-15
P018875,67,Female,Commercial,South,1958-03-15
P018876,94,Male,Medicare,Midwest,1931-11-15
P018877,80,Female,Medicaid,South,1946-07-15
P018878,28,Female,Medicare Advantage,South,1998-05-15
P018879,73,Male,Medicaid,Midwest,1953-06-15
P018880,59,Female,Medicare,South,1967-08-15
P018881,6,Male,Medicare,South,2020-04-15
P018882,66,Male,Medicare,Midwest,1960-07-15
P018883,80,Male,Medicaid,West,1946-10-15
P018884,75,Female,Medicaid,Northeast,1950-08-15
P018885,64,Female,Medicaid,South,1961-11-15
P018886,63,Male,Medicare,South,1963-03-15
P018887,40,Female,Commercial,South,1985-07-15
P018888,7,Male,Self-Pay,West,2018-06-15
P018889,34,Female,Medicare,Northeast,1992-04-15
P018890,68,Female,Medicare,Midwest,1957-01-15
P018891,71,Male,Commercial,West,1954-08-15
P018892,59,Male,Medicaid,West,1967-01-15
P018893,77,Male,Medicare Advantage,South,1949-12-15
P018894,40,Male,Medicaid,West,1985-04-15
P018895,30,Male,Commercial,Northeast,1995-11-15
P018896,18,Male,Commercial,West,2008-11-15
P018897,71,Male,Medicare,South,1954-06-15
P018898,23,Male,Medicare Advantage,South,2002-08-15
P018899,45,Male,Medicare,South,1981-11-15
P018900,22,Male,Medicare,Midwest,2003-12-15
P018901,47,Female,Commercial,Midwest,1978-09-15
P018902,91,Male,Medicare Advantage,South,1934-03-15
P018903,2,Other,Medicare Advantage,Midwest,2023-09-15
P018904,58,Female,Self-Pay,South,1968-03-15
P018905,70,Female,Commercial,West,1955-01-15
P018906,9,Female,Commercial,Midwest,2016-12-15
P018907,35,Female,Medicaid,South,1991-02-15
P018908,61,Female,Medicare Advantage,Northeast,1964-03-15
P018909,47,Female,Medicare,Northeast,1979-10-15
P018910,70,Male,Medicare,Northeast,1955-03-15
P018911,31,Female,Medicare,South,1995-08-15
P018912,58,Female,Medicare Advantage,Midwest,1967-09-15
P018913,78,Male,Commercial,West,1948-03-15
P018914,49,Male,Commercial,South,1976-10-15
P018915,24,Male,Commercial,Midwest,2002-06-15
P018916,8,Female,Self-Pay,West,2017-09-15
P018917,9,Male,Medicare,South,2017-11-15
P018918,23,Male,Medicaid,West,2003-05-15
P018919,47,Female,Commercial,Northeast,1979-03-15
P018920,47,Female,Self-Pay,West,1978-04-15
P018921,31,Female,Medicare,South,1994-07-15
P018922,3,Male,Commercial,West,2022-10-15
P018923,63,Female,Commercial,Northeast,1962-04-15
P018924,15,Female,Medicaid,Midwest,2011-10-15
P018925,58,Male,Medicare,Midwest,1968-03-15
P018926,79,Female,Medicare,South,1947-09-15
P018927,13,Female,Self-Pay,Midwest,2013-12-15
P018928,19,Male,Medicare Advantage,Northeast,2007-07-15
P018929,76,Male,Medicare,Northeast,1950-07-15
P018930,61,Female,Commercial,South,1964-04-15
P018931,50,Male,Medicaid,South,1976-09-15
P018932,78,Female,Commercial,West,1947-02-15
P018933,56,Female,Medicaid,South,1969-09-15
P018934,54,Female,Medicare Advantage,West,1972-01-15
P018935,31,Female,Medicare Advantage,Midwest,1994-11-15
P018936,64,Male,Medicare,South,1961-04-15
P018937,55,Female,Medicaid,Northeast,1970-03-15
P018938,79,Male,Medicare Advantage,West,1946-10-15
P018939,55,Male,Commercial,South,1971-04-15
P018940,92,Female,Medicare,Midwest,1934-03-15
P018941,63,Male,Medicare Advantage,West,1962-05-15
P018942,52,Male,Commercial,Midwest,1973-05-15
P018943,35,Male,Medicare,South,1990-10-15
P018944,62,Female,Commercial,Midwest,1963-10-15
P018945,23,Female,Commercial,South,2003-12-15
P018946,61,Female,Medicaid,West,1964-11-15
P018947,78,Male,Medicare,South,1948-08-15
P018948,24,Male,Medicaid,Midwest,2002-03-15
P018949,73,Female,Medicare,Northeast,1952-04-15
P018950,40,Male,Commercial,Midwest,1986-01-15
P018951,8,Female,Medicare,South,2018-05-15
P018952,55,Male,Commercial,West,1971-07-15
P018953,88,Female,Medicare Advantage,West,1937-02-15
P018954,63,Male,Medicare,South,1962-04-15
P018955,94,Female,Medicaid,Midwest,1931-03-15
P018956,70,Female,Medicare,Midwest,1956-05-15
P018957,42,Female,Commercial,West,1984-12-15
P018958,87,Male,Medicare,Northeast,1938-06-15
P018959,72,Male,Commercial,Northeast,1954-06-15
P018960,41,Male,Medicare,Midwest,1985-04-15
P018961,40,Female,Commercial,South,1986-08-15
P018962,40,Female,Commercial,Northeast,1985-09-15
P018963,37,Female,Commercial,Midwest,1989-10-15
P018964,66,Male,Medicare Advantage,South,1959-05-15
P018965,60,Female,Commercial,West,1965-03-15
P018966,79,Male,Medicaid,Midwest,1946-06-15
P018967,5,Female,Medicare,West,2020-06-15
P018968,52,Male,Workers Comp,West,1973-01-15
P018969,25,Male,Medicare Advantage,Midwest,2001-11-15
P018970,13,Female,Self-Pay,South,2013-01-15
P018971,71,Male,Commercial,South,1955-03-15
P018972,52,Male,Self-Pay,Northeast,1974-05-15
P018973,71,Male,Medicare,South,1955-12-15
P018974,30,Male,Commercial,West,1996-01-15
P018975,37,Female,Medicaid,Northeast,1988-12-15
P018976,42,Male,Medicare,Midwest,1984-08-15
P018977,46,Male,Medicare,South,1979-11-15
P018978,21,Female,Medicare Advantage,South,2005-04-15
P018979,6,Other,Commercial,Midwest,2019-11-15
P018980,37,Female,Self-Pay,Northeast,1989-01-15
P018981,75,Male,Commercial,Northeast,1950-01-15
P018982,18,Female,Medicare,Northeast,2008-07-15
P018983,63,Male,Commercial,South,1962-10-15
P018984,94,Male,Commercial,West,1932-03-15
P018985,62,Female,Medicare Advantage,South,1963-05-15
P018986,71,Female,Medicaid,Midwest,1954-06-15
P018987,52,Female,Other,Northeast,1973-08-15
P018988,77,Female,Commercial,West,1949-11-15
P018989,30,Female,Medicaid,South,1996-01-15
P018990,46,Male,Medicare,West,1979-03-15
P018991,54,Female,Medicare,Midwest,1971-04-15
P018992,78,Male,Commercial,West,1948-08-15
P018993,52,Female,Commercial,Midwest,1974-03-15
P018994,60,Male,Medicare,Midwest,1966-02-15
P018995,19,Male,Medicare,South,2006-10-15
P018996,3,Male,Commercial,South,2023-11-15
P018997,90,Female,Medicaid,West,1936-10-15
P018998,40,Female,Commercial,South,1985-04-15
P018999,80,Female,Medicaid,Midwest,1945-02-15
P019000,62,Male,Self-Pay,West,1963-06-15
P019001,65,Female,Medicare Advantage,Midwest,1961-04-15
P019002,91,Female,Medicare,West,1935-10-15
P019003,12,Male,Medicaid,Midwest,2014-02-15
P019004,55,Female,Medicaid,West,1970-12-15
P019005,93,Female,Medicare Advantage,Northeast,1932-08-15
P019006,78,Female,Medicaid,West,1948-07-15
P019007,30,Male,Medicare,South,1995-01-15
P019008,39,Male,Medicaid,South,1986-08-15
P019009,79,Female,Other,Northeast,1947-03-15
P019010,54,Female,Commercial,Midwest,1971-11-15
P019011,33,Female,Medicare,West,1993-03-15
P019012,52,Female,Commercial,Northeast,1973-10-15
P019013,57,Female,Medicare Advantage,South,1968-12-15
P019014,66,Female,Commercial,Midwest,1959-04-15
P019015,60,Female,Medicare,Northeast,1965-02-15
P019016,73,Female,Medicaid,Midwest,1953-11-15
P019017,19,Female,Commercial,West,2007-01-15
P019018,12,Male,Self-Pay,Northeast,2014-06-15
P019019,30,Female,Other,Midwest,1995-11-15
P019020,6,Male,Commercial,South,2020-09-15
P019021,48,Male,Workers Comp,Northeast,1977-03-15
P019022,38,Female,Commercial,Midwest,1988-03-15
P019023,45,Female,Medicare Advantage,West,1980-07-15
P019024,56,Male,Medicare,West,1970-04-15
P019025,66,Female,Medicaid,West,1960-09-15
P019026,24,Female,Medicare,West,2002-08-15
P019027,9,Female,Commercial,South,2017-12-15
P019028,49,Female,Commercial,Northeast,1976-04-15
P019029,95,Female,Self-Pay,Northeast,1931-01-15
P019030,96,Female,Medicare,South,1929-12-15
P019031,31,Female,Medicare Advantage,Northeast,1995-11-15
P019032,53,Female,Medicare,West,1972-09-15
P019033,58,Male,Medicare,Northeast,1968-08-15
P019034,71,Female,Medicare,South,1955-02-15
P019035,27,Female,Self-Pay,Midwest,1999-09-15
P019036,60,Male,Medicaid,Midwest,1966-06-15
P019037,14,Female,Medicare,South,2011-08-15
P019038,24,Female,Medicaid,South,2001-07-15
P019039,58,Female,Medicaid,West,1967-11-15
P019040,73,Male,Self-Pay,South,1953-02-15
P019041,29,Male,Medicare Advantage,South,1996-05-15
P019042,87,Female,Medicaid,South,1938-05-15
P019043,62,Female,Commercial,Midwest,1964-06-15
P019044,71,Female,Self-Pay,West,1955-01-15
P019045,77,Male,Medicare,West,1948-10-15
P019046,33,Male,Medicare Advantage,Midwest,1993-11-15
P019047,58,Female,Self-Pay,Northeast,1967-07-15
P019048,36,Female,Self-Pay,South,1989-04-15
P019049,24,Female,Self-Pay,Midwest,2001-12-15
P019050,66,Male,Medicare,Northeast,1960-03-15
P019051,38,Male,Commercial,West,1988-09-15
P019052,50,Male,Self-Pay,South,1975-04-15
P019053,32,Male,Medicaid,South,1993-05-15
P019054,69,Male,Self-Pay,West,1956-09-15
P019055,62,Other,Other,Northeast,1964-08-15
P019056,53,Female,Workers Comp,Midwest,1972-12-15
P019057,43,Male,Medicare,South,1983-09-15
P019058,15,Male,Commercial,South,2011-11-15
P019059,25,Male,Medicare,West,2001-10-15
P019060,74,Male,Medicare Advantage,Northeast,1951-08-15
P019061,93,Male,Self-Pay,South,1932-08-15
P019062,62,Female,Medicare,Northeast,1963-10-15
P019063,23,Female,Self-Pay,Midwest,2002-08-15
P019064,32,Female,Commercial,Midwest,1993-01-15
P019065,68,Female,Medicaid,West,1958-06-15
P019066,70,Female,Medicare,Midwest,1955-09-15
P019067,60,Female,Medicaid,South,1965-11-15
P019068,66,Male,Medicaid,South,1959-09-15
P019069,88,Male,Medicare,South,1937-07-15
P019070,47,Male,Medicaid,Northeast,1979-09-15
P019071,61,Female,Medicaid,Midwest,1964-01-15
P019072,47,Male,Commercial,Midwest,1978-04-15
P019073,66,Female,Commercial,Midwest,1960-03-15
P019074,62,Male,Commercial,South,1963-04-15
P019075,39,Male,Medicaid,West,1986-09-15
P019076,66,Male,Commercial,South,1959-01-15
P019077,37,Male,Commercial,South,1988-08-15
P019078,2,Female,Medicare,South,2024-05-15
P019079,39,Female,Medicare,Midwest,1987-04-15
P019080,53,Female,Commercial,Midwest,1973-12-15
P019081,65,Male,Medicare,West,1960-08-15
P019082,38,Male,Medicare Advantage,South,1988-06-15
P019083,67,Female,Medicare,Midwest,1959-06-15
P019084,61,Female,Medicaid,South,1964-10-15
P019085,67,Female,Medicaid,Midwest,1959-12-15
P019086,18,Female,Medicare,South,2007-12-15
P019087,37,Female,Other,Midwest,1988-06-15
P019088,56,Male,Medicare,South,1969-10-15
P019089,73,Male,Commercial,West,1952-09-15
P019090,56,Female,Medicare,South,1969-02-15
P019091,64,Female,Commercial,South,1961-10-15
P019092,42,Female,Medicaid,South,1984-09-15
P019093,7,Female,Commercial,Midwest,2018-06-15
P019094,54,Female,Self-Pay,West,1972-09-15
P019095,18,Male,Medicaid,Midwest,2007-06-15
P019096,67,Female,Commercial,Midwest,1958-01-15
P019097,50,Male,Medicare,West,1976-10-15
P019098,7,Female,Commercial,Midwest,2019-12-15
P019099,57,Male,Commercial,Northeast,1968-05-15
P019100,76,Female,Medicaid,South,1949-02-15
P019101,80,Male,Medicare,South,1945-10-15
P019102,58,Male,Medicare Advantage,West,1967-12-15
P019103,39,Female,Medicare Advantage,South,1986-10-15
P019104,35,Female,Medicare,West,1991-06-15
P019105,27,Male,Medicare,Midwest,1998-06-15
P019106,56,Female,Commercial,South,1970-11-15
P019107,62,Male,Self-Pay,South,1964-02-15
P019108,51,Female,Medicare,Midwest,1974-04-15
P019109,17,Female,Commercial,West,2008-05-15
P019110,55,Male,Other,Midwest,1970-12-15
P019111,63,Male,Commercial,Northeast,1962-07-15
P019112,41,Male,Commercial,Northeast,1985-03-15
P019113,89,Female,Other,Midwest,1936-03-15
P019114,59,Male,Medicaid,Midwest,1967-02-15
P019115,29,Male,Medicare,South,1997-06-15
P019116,44,Male,Workers Comp,Midwest,1982-11-15
P019117,21,Male,Medicare,Northeast,2004-05-15
P019118,56,Male,Commercial,Northeast,1969-11-15
P019119,46,Male,Medicare,West,1980-04-15
P019120,55,Female,Medicare,Midwest,1971-08-15
P019121,52,Female,Commercial,South,1973-05-15
P019122,3,Female,Commercial,South,2022-02-15
P019123,79,Male,Medicare,South,1946-12-15
P019124,66,Male,Medicare,South,1960-07-15
P019125,18,Male,Medicare,Northeast,2008-09-15
P019126,44,Male,Medicare Advantage,West,1982-06-15
P019127,39,Male,Commercial,South,1986-07-15
P019128,36,Female,Medicare,West,1989-03-15
P019129,52,Female,Other,South,1974-03-15
P019130,47,Female,Commercial,Northeast,1978-07-15
P019131,11,Female,Medicare Advantage,West,2014-12-15
P019132,56,Male,Commercial,Midwest,1969-01-15
P019133,53,Female,Commercial,West,1973-11-15
P019134,54,Male,Self-Pay,South,1971-10-15
P019135,78,Female,Commercial,West,1948-05-15
P019136,91,Female,Medicare Advantage,South,1934-06-15
P019137,6,Female,Self-Pay,Midwest,2019-12-15
P019138,42,Female,Medicare,West,1984-05-15
P019139,88,Male,Commercial,West,1937-03-15
P019140,33,Male,Commercial,Northeast,1992-06-15
P019141,34,Male,Medicare,South,1992-09-15
P019142,46,Male,Commercial,South,1979-03-15
P019143,66,Male,Commercial,South,1960-06-15
P019144,45,Male,Medicare,Midwest,1980-06-15
P019145,49,Female,Medicare,Northeast,1976-02-15
P019146,35,Female,Commercial,Midwest,1990-10-15
P019147,58,Female,Medicaid,West,1968-03-15
P019148,61,Female,Workers Comp,West,1964-01-15
P019149,19,Male,Commercial,Midwest,2006-01-15
P019150,62,Female,Other,South,1964-08-15
P019151,7,Male,Medicare,Northeast,2019-05-15
P019152,80,Male,Medicare,Midwest,1946-09-15
P019153,68,Male,Medicare,South,1957-05-15
P019154,18,Male,Commercial,South,2007-08-15
P019155,28,Male,Medicaid,West,1997-11-15
P019156,67,Male,Medicare,South,1959-03-15
P019157,48,Male,Commercial,Midwest,1978-08-15
P019158,62,Female,Medicare,South,1964-12-15
P019159,49,Female,Medicaid,West,1976-10-15
P019160,42,Female,Medicaid,West,1983-08-15
P019161,79,Male,Medicare Advantage,Northeast,1947-04-15
P019162,50,Male,Workers Comp,Northeast,1975-05-15
P019163,49,Female,Medicare,Northeast,1976-12-15
P019164,44,Female,Medicare,South,1981-05-15
P019165,8,Male,Medicare Advantage,Northeast,2018-05-15
P019166,68,Female,Medicare Advantage,Midwest,1957-06-15
P019167,49,Male,Medicare,Midwest,1976-11-15
P019168,89,Female,Medicaid,Midwest,1936-11-15
P019169,73,Female,Medicare,West,1953-12-15
P019170,89,Female,Medicare,Northeast,1937-06-15
P019171,73,Male,Medicare Advantage,South,1953-12-15
P019172,33,Male,Commercial,Northeast,1992-10-15
P019173,76,Male,Medicare,West,1950-12-15
P019174,77,Female,Commercial,South,1948-05-15
P019175,95,Male,Medicaid,West,1931-02-15
P019176,72,Male,Medicare Advantage,South,1954-03-15
P019177,44,Male,Self-Pay,Northeast,1982-04-15
P019178,29,Male,Commercial,West,1997-08-15
P019179,28,Female,Medicare,Midwest,1997-04-15
P019180,30,Female,Medicare,West,1995-08-15
P019181,26,Female,Commercial,South,2000-12-15
P019182,54,Female,Workers Comp,Northeast,1971-12-15
P019183,24,Female,Commercial,West,2001-02-15
P019184,54,Male,Medicare,Midwest,1971-02-15
P019185,42,Male,Medicaid,South,1983-01-15
P019186,29,Male,Commercial,West,1997-04-15
P019187,77,Male,Commercial,South,1949-10-15
P019188,34,Male,Medicare Advantage,South,1992-03-15
P019189,7,Female,Medicare Advantage,Midwest,2018-01-15
P019190,66,Male,Medicaid,South,1960-02-15
P019191,47,Female,Medicare,South,1979-03-15
P019192,71,Female,Self-Pay,South,1954-12-15
P019193,69,Male,Medicare,Midwest,1956-07-15
P019194,52,Male,Other,Northeast,1974-07-15
P019195,42,Male,Medicare,West,1984-09-15
P019196,18,Female,Commercial,South,2008-04-15
P019197,38,Male,Medicaid,South,1988-09-15
P019198,55,Female,Commercial,South,1971-09-15
P019199,58,Male,Commercial,Midwest,1968-03-15
P019200,48,Female,Medicare,West,1977-09-15
P019201,60,Female,Self-Pay,Northeast,1966-03-15
P019202,72,Female,Commercial,Midwest,1953-08-15
P019203,71,Male,Self-Pay,West,1955-11-15
P019204,21,Male,Commercial,West,2004-04-15
P019205,35,Male,Medicare Advantage,Northeast,1991-12-15
P019206,42,Male,Medicaid,Midwest,1984-03-15
P019207,41,Female,Commercial,West,1985-06-15
P019208,69,Female,Medicare,Northeast,1956-03-15
P019209,51,Female,Medicare,Midwest,1974-08-15
P019210,4,Female,Medicare,West,2021-04-15
P019211,29,Female,Commercial,Northeast,1996-12-15
P019212,36,Female,Workers Comp,West,1990-10-15
P019213,60,Male,Other,West,1966-06-15
P019214,78,Male,Medicare,West,1948-09-15
P019215,65,Male,Medicare,South,1960-08-15
P019216,70,Female,Medicare,Midwest,1955-12-15
P019217,94,Female,Commercial,South,1932-08-15
P019218,31,Male,Self-Pay,West,1995-03-15
P019219,19,Female,Commercial,Midwest,2007-09-15
P019220,75,Male,Self-Pay,Northeast,1951-12-15
P019221,41,Female,Commercial,South,1984-12-15
P019222,12,Female,Medicare,South,2013-10-15
P019223,41,Male,Medicare,West,1984-07-15
P019224,38,Male,Medicare,South,1988-03-15
P019225,73,Female,Medicare,South,1952-11-15
P019226,61,Female,Commercial,South,1965-03-15
P019227,51,Male,Commercial,Midwest,1974-07-15
P019228,68,Female,Medicare,South,1958-06-15
P019229,81,Male,Medicare Advantage,West,1945-01-15
P019230,95,Female,Self-Pay,South,1930-12-15
P019231,86,Female,Commercial,Midwest,1939-11-15
P019232,69,Male,Medicaid,Midwest,1957-12-15
P019233,51,Male,Medicare Advantage,Northeast,1974-05-15
P019234,32,Female,Medicare Advantage,Midwest,1994-11-15
P019235,72,Female,Self-Pay,West,1953-07-15
P019236,43,Female,Commercial,Northeast,1982-04-15
P019237,65,Female,Medicare,West,1960-05-15
P019238,18,Female,Medicaid,South,2007-11-15
P019239,71,Female,Medicare,South,1955-04-15
P019240,0,Male,Medicaid,West,2026-03-15
P019241,71,Male,Medicare,Midwest,1955-05-15
P019242,75,Male,Commercial,West,1951-12-15
P019243,43,Female,Medicare,South,1982-03-15
P019244,1,Male,Medicare Advantage,West,2024-10-15
P019245,59,Male,Commercial,Northeast,1966-02-15
P019246,93,Female,Medicare,South,1932-08-15
P019247,67,Male,Commercial,South,1959-04-15
P019248,56,Female,Medicare,South,1969-01-15
P019249,84,Female,Medicare Advantage,Northeast,1942-11-15
P019250,53,Male,Other,Northeast,1972-12-15
P019251,12,Male,Medicare Advantage,Midwest,2014-01-15
P019252,11,Male,Commercial,South,2015-07-15
P019253,51,Male,Commercial,West,1975-01-15
P019254,37,Male,Medicaid,Midwest,1988-01-15
P019255,12,Female,Medicare Advantage,West,2013-05-15
P019256,2,Male,Medicare,Midwest,2024-11-15
P019257,70,Male,Commercial,Midwest,1955-11-15
P019258,31,Female,Medicare,South,1995-06-15
P019259,60,Male,Medicare,Midwest,1965-08-15
P019260,26,Male,Commercial,Northeast,1999-08-15
P019261,46,Male,Workers Comp,South,1980-07-15
P019262,50,Female,Medicare Advantage,West,1976-07-15
P019263,18,Male,Medicare,South,2008-11-15
P019264,53,Male,Medicare,South,1972-06-15
P019265,7,Male,Medicare,Northeast,2019-08-15
P019266,65,Male,Self-Pay,West,1961-12-15
P019267,37,Male,Medicare,Midwest,1988-09-15
P019268,60,Female,Commercial,South,1965-07-15
P019269,36,Male,Commercial,South,1990-08-15
P019270,39,Female,Self-Pay,Northeast,1987-01-15
P019271,58,Female,Commercial,South,1967-04-15
P019272,90,Male,Medicare Advantage,West,1936-10-15
P019273,56,Female,Commercial,Midwest,1970-03-15
P019274,52,Male,Commercial,West,1973-03-15
P019275,28,Female,Self-Pay,South,1998-08-15
P019276,60,Female,Medicaid,South,1966-08-15
P019277,75,Female,Medicare,Midwest,1950-09-15
P019278,60,Male,Commercial,Midwest,1966-10-15
P019279,51,Male,Commercial,Midwest,1975-05-15
P019280,96,Female,Medicaid,South,1930-08-15
P019281,45,Female,Commercial,South,1981-11-15
P019282,30,Male,Medicare,West,1995-11-15
P019283,88,Male,Commercial,South,1938-05-15
P019284,46,Male,Medicare,South,1979-06-15
P019285,72,Male,Medicaid,South,1954-01-15
P019286,62,Female,Medicare,Midwest,1963-07-15
P019287,42,Female,Medicaid,West,1983-12-15
P019288,73,Female,Medicare Advantage,Northeast,1953-12-15
P019289,27,Male,Commercial,West,1999-02-15
P019290,10,Male,Medicare Advantage,Northeast,2016-10-15
P019291,45,Female,Workers Comp,Northeast,1980-01-15
P019292,24,Female,Self-Pay,Midwest,2002-01-15
P019293,61,Male,Medicare,Northeast,1965-02-15
P019294,43,Female,Commercial,West,1983-11-15
P019295,35,Male,Commercial,Midwest,1990-01-15
P019296,68,Male,Medicare,South,1958-02-15
P019297,31,Male,Medicaid,South,1995-04-15
P019298,52,Female,Commercial,South,1974-04-15
P019299,22,Female,Commercial,West,2004-09-15
P019300,59,Female,Commercial,West,1967-06-15
P019301,63,Female,Medicare,South,1963-05-15
P019302,76,Female,Commercial,West,1950-09-15
P019303,78,Female,Medicare,South,1947-10-15
P019304,61,Male,Medicare,South,1964-04-15
P019305,69,Female,Commercial,South,1957-09-15
P019306,49,Female,Medicare Advantage,Northeast,1977-11-15
P019307,76,Male,Commercial,South,1950-12-15
P019308,90,Female,Workers Comp,West,1936-03-15
P019309,56,Male,Medicare,Northeast,1969-01-15
P019310,51,Female,Medicare,South,1975-11-15
P019311,1,Male,Medicare,West,2025-06-15
P019312,57,Female,Medicare,South,1969-03-15
P019313,34,Female,Self-Pay,South,1992-12-15
P019314,51,Female,Commercial,Midwest,1975-11-15
P019315,54,Female,Medicare,South,1971-07-15
P019316,23,Female,Medicare Advantage,South,2002-10-15
P019317,38,Male,Medicare,South,1988-03-15
P019318,19,Female,Medicaid,West,2006-05-15
P019319,49,Male,Commercial,Northeast,1977-02-15
P019320,26,Female,Self-Pay,South,2000-02-15
P019321,60,Male,Self-Pay,Midwest,1965-09-15
P019322,61,Female,Commercial,Midwest,1964-06-15
P019323,15,Female,Commercial,Northeast,2010-08-15
P019324,6,Male,Medicaid,Midwest,2019-02-15
P019325,69,Male,Medicare,West,1956-11-15
P019326,78,Female,Commercial,South,1947-11-15
P019327,76,Male,Medicare,Midwest,1950-01-15
P019328,67,Male,Medicaid,Northeast,1959-11-15
P019329,35,Male,Medicare,Northeast,1991-04-15
P019330,68,Male,Medicare Advantage,West,1958-09-15
P019331,73,Female,Medicare,Northeast,1952-02-15
P019332,65,Male,Self-Pay,Midwest,1961-01-15
P019333,95,Female,Medicaid,South,1930-08-15
P019334,50,Female,Self-Pay,South,1975-07-15
P019335,57,Female,Commercial,Midwest,1968-03-15
P019336,53,Female,Commercial,Midwest,1972-04-15
P019337,75,Male,Commercial,South,1950-03-15
P019338,43,Male,Medicaid,South,1982-06-15
P019339,67,Female,Medicaid,Northeast,1959-07-15
P019340,71,Female,Self-Pay,Midwest,1954-05-15
P019341,68,Female,Medicare,South,1958-06-15
P019342,94,Female,Commercial,South,1932-11-15
P019343,30,Male,Medicare,South,1995-04-15
P019344,45,Female,Medicare Advantage,Midwest,1980-08-15
P019345,64,Male,Commercial,South,1961-08-15
P019346,36,Female,Commercial,South,1989-10-15
P019347,49,Male,Medicare,South,1977-11-15
P019348,40,Male,Medicare,South,1986-05-15
P019349,76,Female,Commercial,South,1949-05-15
P019350,55,Male,Medicaid,West,1970-03-15
P019351,9,Male,Commercial,South,2017-08-15
P019352,45,Male,Medicare,Midwest,1980-04-15
P019353,15,Female,Medicare,South,2011-07-15
P019354,77,Male,Commercial,Midwest,1949-02-15
P019355,22,Female,Medicare,Midwest,2004-07-15
P019356,30,Male,Medicaid,West,1996-12-15
P019357,70,Male,Commercial,Northeast,1955-01-15
P019358,79,Male,Medicare,Northeast,1947-12-15
P019359,37,Male,Commercial,South,1989-04-15
P019360,17,Female,Self-Pay,West,2008-04-15
P019361,79,Male,Medicare,South,1946-02-15
P019362,52,Female,Medicare,South,1973-11-15
P019363,68,Male,Medicare Advantage,Midwest,1957-08-15
P019364,2,Male,Medicare,South,2023-03-15
P019365,75,Male,Medicare,South,1951-05-15
P019366,20,Female,Medicare Advantage,Northeast,2006-02-15
P019367,94,Female,Medicare,Northeast,1932-11-15
P019368,75,Male,Commercial,West,1950-11-15
P019369,89,Female,Medicare,Midwest,1937-06-15
P019370,50,Female,Medicare,South,1975-06-15
P019371,60,Male,Workers Comp,Northeast,1966-01-15
P019372,39,Male,Workers Comp,Midwest,1986-01-15
P019373,63,Female,Commercial,Northeast,1963-06-15
P019374,63,Female,Medicare,Midwest,1963-04-15
P019375,75,Male,Medicare,Midwest,1951-08-15
P019376,24,Female,Commercial,West,2001-12-15
P019377,45,Female,Commercial,Midwest,1981-02-15
P019378,57,Female,Medicare,South,1969-05-15
P019379,50,Male,Self-Pay,Northeast,1976-11-15
P019380,77,Female,Medicare,Midwest,1949-09-15
P019381,33,Female,Medicare,Northeast,1992-05-15
P019382,18,Male,Commercial,Midwest,2008-12-15
P019383,10,Male,Medicare,South,2016-12-15
P019384,53,Female,Medicare,Midwest,1972-08-15
P019385,22,Male,Medicare,Northeast,2004-01-15
P019386,49,Female,Self-Pay,Northeast,1977-05-15
P019387,13,Male,Medicare Advantage,Midwest,2013-10-15
P019388,63,Female,Medicare Advantage,South,1963-01-15
P019389,76,Female,Medicare,Midwest,1950-08-15
P019390,41,Female,Medicare,Northeast,1985-07-15
P019391,77,Female,Medicare,Midwest,1949-08-15
P019392,91,Male,Commercial,West,1935-02-15
P019393,51,Female,Commercial,Midwest,1974-04-15
P019394,72,Female,Medicare,South,1954-03-15
P019395,59,Male,Medicare,West,1967-10-15
P019396,58,Male,Commercial,West,1968-03-15
P019397,6,Male,Medicaid,Midwest,2020-11-15
P019398,73,Male,Commercial,Northeast,1952-03-15
P019399,61,Female,Other,South,1964-12-15
P019400,79,Male,Medicaid,South,1946-02-15
P019401,27,Male,Medicare,West,1998-06-15
P019402,40,Female,Medicare,West,1985-02-15
P019403,49,Male,Workers Comp,West,1976-02-15
P019404,50,Male,Medicaid,Northeast,1976-09-15
P019405,93,Female,Medicare Advantage,Midwest,1933-01-15
P019406,67,Male,Medicare,West,1958-02-15
P019407,47,Male,Commercial,South,1978-10-15
P019408,22,Female,Commercial,South,2004-12-15
P019409,70,Female,Workers Comp,Midwest,1956-10-15
P019410,79,Female,Medicare Advantage,South,1947-03-15
P019411,59,Female,Other,Midwest,1967-11-15
P019412,33,Male,Self-Pay,South,1992-09-15
P019413,78,Male,Medicare,West,1947-05-15
P019414,41,Male,Commercial,Northeast,1985-07-15
P019415,51,Female,Commercial,Midwest,1975-03-15
P019416,50,Female,Medicare,Midwest,1976-02-15
P019417,41,Male,Medicare Advantage,South,1984-05-15
P019418,30,Female,Medicare,South,1995-04-15
P019419,66,Male,Medicaid,South,1959-05-15
P019420,74,Male,Medicare,Midwest,1951-10-15
P019421,54,Male,Commercial,South,1971-05-15
P019422,73,Female,Medicaid,Midwest,1952-09-15
P019423,74,Male,Commercial,South,1951-10-15
P019424,56,Male,Medicare,South,1970-05-15
P019425,36,Male,Medicare,West,1990-05-15
P019426,41,Female,Medicaid,Midwest,1985-12-15
P019427,56,Male,Commercial,Midwest,1969-05-15
P019428,38,Male,Medicare,Northeast,1987-09-15
P019429,93,Female,Medicaid,Midwest,1932-11-15
P019430,75,Male,Medicare Advantage,West,1950-10-15
P019431,84,Female,Medicaid,South,1941-07-15
P019432,20,Male,Medicaid,Midwest,2005-12-15
P019433,38,Female,Medicare,West,1988-05-15
P019434,56,Male,Medicare Advantage,South,1970-01-15
P019435,59,Female,Commercial,South,1966-11-15
P019436,56,Female,Commercial,Midwest,1970-10-15
P019437,86,Male,Other,West,1940-08-15
P019438,25,Male,Commercial,Midwest,2000-09-15
P019439,40,Male,Medicaid,South,1986-08-15
P019440,66,Female,Commercial,South,1960-04-15
P019441,42,Female,Medicare,Northeast,1984-11-15
P019442,12,Male,Medicaid,Northeast,2014-03-15
P019443,47,Female,Medicare,Northeast,1979-12-15
P019444,63,Male,Medicare,Northeast,1962-01-15
P019445,64,Male,Commercial,West,1961-09-15
P019446,26,Male,Medicare,West,2000-04-15
P019447,72,Female,Medicare,Northeast,1954-01-15
P019448,65,Male,Medicare,South,1960-08-15
P019449,71,Male,Commercial,Midwest,1955-11-15
P019450,61,Female,Medicare,Midwest,1965-08-15
P019451,76,Male,Medicare,Midwest,1950-05-15
P019452,61,Male,Medicare,South,1964-10-15
P019453,16,Female,Medicaid,South,2010-10-15
P019454,61,Male,Commercial,South,1965-11-15
P019455,42,Female,Medicaid,Midwest,1983-09-15
P019456,69,Male,Medicaid,South,1957-10-15
P019457,60,Female,Medicare Advantage,West,1966-01-15
P019458,24,Female,Commercial,West,2002-02-15
P019459,70,Female,Commercial,Northeast,1955-04-15
P019460,53,Male,Medicare,Northeast,1973-01-15
P019461,46,Male,Commercial,West,1980-09-15
P019462,30,Female,Commercial,Midwest,1996-10-15
P019463,41,Male,Medicare Advantage,Northeast,1985-02-15
P019464,32,Female,Medicare,South,1994-05-15
P019465,63,Female,Medicare Advantage,West,1962-09-15
P019466,80,Female,Medicare Advantage,West,1945-06-15
P019467,54,Male,Medicaid,Northeast,1971-06-15
P019468,72,Female,Medicaid,Midwest,1953-08-15
P019469,45,Male,Medicaid,West,1980-03-15
P019470,6,Other,Medicare,West,2019-03-15
P019471,43,Female,Medicare,South,1982-07-15
P019472,39,Male,Medicare,Midwest,1986-10-15
P019473,44,Female,Commercial,South,1982-08-15
P019474,37,Male,Commercial,South,1988-06-15
P019475,50,Male,Medicare,Midwest,1976-02-15
P019476,48,Male,Commercial,Midwest,1977-11-15
P019477,34,Female,Commercial,South,1992-08-15
P019478,76,Female,Commercial,South,1949-12-15
P019479,5,Female,Medicaid,West,2021-05-15
P019480,64,Female,Commercial,South,1961-11-15
P019481,54,Female,Medicare,South,1972-07-15
P019482,12,Male,Medicare,South,2014-09-15
P019483,86,Male,Self-Pay,Northeast,1939-12-15
P019484,42,Male,Medicaid,West,1983-01-15
P019485,57,Female,Medicaid,South,1969-03-15
P019486,80,Male,Medicare Advantage,Northeast,1945-05-15
P019487,33,Male,Medicare Advantage,Northeast,1993-04-15
P019488,46,Female,Commercial,Midwest,1979-12-15
P019489,60,Female,Medicare,Midwest,1965-02-15
P019490,36,Female,Commercial,Midwest,1989-06-15
P019491,75,Female,Medicaid,South,1951-07-15
P019492,76,Male,Medicare,South,1949-02-15
P019493,72,Female,Commercial,West,1954-01-15
P019494,90,Female,Commercial,South,1935-12-15
P019495,9,Female,Medicare,South,2016-09-15
P019496,22,Male,Commercial,Northeast,2003-12-15
P019497,65,Male,Medicare,Midwest,1960-02-15
P019498,62,Female,Commercial,South,1963-04-15
P019499,73,Female,Medicare,South,1952-05-15
P019500,25,Female,Medicare,Midwest,2000-09-15
P019501,62,Male,Commercial,West,1963-12-15
P019502,43,Female,Commercial,West,1982-05-15
P019503,36,Female,Medicare,Northeast,1989-08-15
P019504,45,Female,Medicare,Midwest,1981-11-15
P019505,30,Male,Commercial,Midwest,1996-10-15
P019506,31,Male,Medicare,South,1995-11-15
P019507,36,Male,Self-Pay,Northeast,1989-09-15
P019508,80,Male,Medicare,West,1945-01-15
P019509,78,Male,Medicare,Midwest,1948-12-15
P019510,25,Male,Medicare,Northeast,2001-09-15
P019511,26,Male,Commercial,Midwest,1999-06-15
P019512,3,Female,Medicare,Midwest,2023-09-15
P019513,72,Male,Medicare,West,1953-11-15
P019514,73,Female,Medicaid,Midwest,1953-05-15
P019515,77,Female,Medicare,Northeast,1949-07-15
P019516,41,Female,Medicaid,South,1984-11-15
P019517,75,Female,Medicaid,South,1950-07-15
P019518,52,Female,Medicare,Midwest,1974-06-15
P019519,95,Male,Commercial,South,1930-07-15
P019520,41,Male,Medicaid,Northeast,1984-11-15
P019521,57,Female,Commercial,South,1969-05-15
P019522,66,Male,Medicare,Midwest,1960-12-15
P019523,30,Female,Commercial,Northeast,1995-09-15
P019524,18,Female,Medicare Advantage,Northeast,2007-09-15
P019525,28,Male,Medicare,West,1998-03-15
P019526,4,Male,Medicare,West,2021-08-15
P019527,11,Female,Medicare,West,2015-06-15
P019528,57,Male,Medicare,Northeast,1969-05-15
P019529,15,Female,Commercial,Midwest,2011-12-15
P019530,35,Male,Medicare Advantage,Midwest,1991-09-15
P019531,38,Male,Medicaid,West,1988-04-15
P019532,59,Male,Self-Pay,South,1967-10-15
P019533,2,Male,Medicare Advantage,Midwest,2024-11-15
P019534,76,Male,Medicare Advantage,West,1949-08-15
P019535,68,Male,Commercial,West,1957-10-15
P019536,65,Male,Medicare,Midwest,1961-02-15
P019537,81,Male,Medicaid,Northeast,1945-05-15
P019538,32,Female,Medicare,Midwest,1993-11-15
P019539,70,Female,Medicare,West,1956-02-15
P019540,27,Male,Medicaid,West,1999-02-15
P019541,58,Female,Medicare Advantage,Northeast,1967-01-15
P019542,24,Female,Medicare Advantage,West,2002-04-15
P019543,0,Female,Commercial,South,2026-05-15
P019544,26,Other,Medicare,Northeast,1999-07-15
P019545,58,Female,Medicare Advantage,West,1968-09-15
P019546,51,Male,Medicare,South,1974-02-15
P019547,92,Male,Medicaid,West,1933-10-15
P019548,71,Female,Commercial,Northeast,1955-03-15
P019549,62,Male,Medicare,West,1964-01-15
P019550,81,Male,Commercial,Northeast,1945-01-15
P019551,73,Female,Medicare,South,1953-08-15
P019552,48,Female,Commercial,South,1977-09-15
P019553,59,Female,Other,South,1966-03-15
P019554,52,Male,Commercial,Northeast,1974-01-15
P019555,59,Female,Medicaid,South,1967-10-15
P019556,65,Male,Medicaid,Northeast,1961-01-15
P019557,44,Male,Medicare,Midwest,1981-11-15
P019558,41,Female,Medicaid,West,1984-08-15
P019559,18,Male,Self-Pay,Midwest,2008-03-15
P019560,63,Female,Medicaid,South,1962-06-15
P019561,22,Female,Medicare Advantage,Midwest,2004-03-15
P019562,81,Female,Commercial,Midwest,1945-07-15
P019563,54,Male,Medicare,South,1971-07-15
P019564,52,Male,Medicare,Northeast,1973-10-15
P019565,79,Female,Medicare,West,1947-06-15
P019566,89,Female,Medicare,Midwest,1936-11-15
P019567,65,Female,Medicare,Midwest,1961-11-15
P019568,61,Female,Commercial,South,1965-06-15
P019569,46,Female,Medicare,South,1980-10-15
P019570,57,Male,Medicaid,West,1969-12-15
P019571,90,Male,Medicare,Midwest,1936-09-15
P019572,63,Female,Medicare Advantage,South,1963-12-15
P019573,39,Male,Medicare Advantage,Midwest,1986-08-15
P019574,79,Male,Commercial,West,1946-12-15
P019575,32,Male,Commercial,South,1994-11-15
P019576,73,Female,Medicare,South,1952-09-15
P019577,62,Male,Medicaid,Midwest,1964-09-15
P019578,63,Female,Commercial,West,1962-09-15
P019579,83,Female,Medicare,Northeast,1942-09-15
P019580,42,Male,Medicare Advantage,Midwest,1983-01-15
P019581,36,Female,Workers Comp,South,1990-07-15
P019582,62,Male,Commercial,Midwest,1964-10-15
P019583,52,Female,Commercial,West,1973-02-15
P019584,42,Female,Commercial,South,1983-02-15
P019585,24,Female,Commercial,Northeast,2002-08-15
P019586,93,Male,Medicare Advantage,Midwest,1932-08-15
P019587,48,Male,Medicare,West,1978-02-15
P019588,17,Male,Other,Midwest,2009-01-15
P019589,10,Female,Medicaid,Midwest,2015-01-15
P019590,71,Female,Medicaid,Northeast,1955-02-15
P019591,78,Male,Medicare Advantage,West,1947-09-15
P019592,23,Male,Commercial,South,2002-03-15
P019593,45,Male,Medicare Advantage,South,1980-01-15
P019594,51,Female,Other,South,1975-06-15
P019595,47,Female,Self-Pay,West,1978-01-15
P019596,48,Female,Medicaid,Midwest,1978-06-15
P019597,29,Male,Medicaid,Midwest,1997-09-15
P019598,38,Female,Self-Pay,Midwest,1987-06-15
P019599,3,Male,Medicare Advantage,South,2023-11-15
P019600,30,Female,Self-Pay,Northeast,1996-11-15
P019601,55,Female,Commercial,Midwest,1971-04-15
P019602,57,Male,Medicare Advantage,South,1969-09-15
P019603,3,Female,Commercial,South,2022-05-15
P019604,20,Female,Self-Pay,South,2006-03-15
P019605,34,Female,Self-Pay,West,1991-12-15
P019606,59,Male,Medicare Advantage,Midwest,1966-01-15
P019607,20,Female,Other,West,2006-11-15
P019608,39,Male,Commercial,Northeast,1987-02-15
P019609,48,Female,Medicare,West,1978-12-15
P019610,50,Male,Medicare Advantage,Midwest,1976-08-15
P019611,0,Male,Medicare,Midwest,2026-11-15
P019612,76,Female,Medicaid,South,1950-08-15
P019613,68,Male,Medicaid,Northeast,1958-09-15
P019614,49,Female,Medicare,South,1976-02-15
P019615,39,Female,Medicare,Midwest,1986-03-15
P019616,17,Female,Medicaid,South,2009-02-15
P019617,54,Female,Medicaid,Midwest,1971-09-15
P019618,22,Female,Self-Pay,West,2004-06-15
P019619,28,Male,Commercial,Midwest,1998-09-15
P019620,27,Male,Self-Pay,Northeast,1998-09-15
P019621,85,Male,Medicare,West,1941-12-15
P019622,25,Female,Medicare,Midwest,2001-02-15
P019623,35,Female,Commercial,Midwest,1990-11-15
P019624,38,Male,Medicaid,West,1988-01-15
P019625,20,Female,Medicare,Northeast,2006-10-15
P019626,40,Female,Medicaid,South,1986-02-15
P019627,84,Female,Self-Pay,West,1942-10-15
P019628,72,Male,Medicare,Northeast,1954-05-15
P019629,84,Male,Medicare Advantage,Northeast,1941-09-15
P019630,64,Female,Medicare,South,1962-08-15
P019631,79,Female,Medicaid,Northeast,1946-01-15
P019632,92,Female,Medicare,West,1933-09-15
P019633,19,Female,Medicare,West,2006-06-15
P019634,69,Male,Commercial,Midwest,1956-03-15
P019635,59,Male,Commercial,Northeast,1966-05-15
P019636,67,Female,Medicare,South,1959-06-15
P019637,75,Female,Medicare Advantage,Northeast,1951-12-15
P019638,88,Female,Medicare,South,1937-08-15
P019639,72,Male,Medicare,South,1953-03-15
P019640,11,Female,Medicare,Northeast,2014-10-15
P019641,22,Male,Medicare Advantage,Northeast,2004-09-15
P019642,72,Male,Commercial,West,1953-02-15
P019643,38,Male,Medicare,Northeast,1988-11-15
P019644,9,Female,Medicaid,Midwest,2016-03-15
P019645,79,Male,Self-Pay,West,1946-11-15
P019646,42,Female,Medicare,Midwest,1984-01-15
P019647,57,Female,Medicaid,West,1969-04-15
P019648,50,Female,Medicare,South,1976-05-15
P019649,39,Female,Medicare,South,1987-07-15
P019650,22,Male,Medicare,South,2004-04-15
P019651,60,Male,Medicaid,West,1965-11-15
P019652,63,Male,Commercial,Midwest,1963-02-15
P019653,78,Male,Workers Comp,South,1948-07-15
P019654,70,Female,Commercial,West,1956-06-15
P019655,43,Female,Medicaid,Midwest,1982-01-15
P019656,92,Male,Medicaid,South,1934-10-15
P019657,96,Male,Medicare,South,1930-12-15
P019658,88,Female,Medicare,South,1937-06-15
P019659,85,Male,Medicare,South,1940-06-15
P019660,77,Male,Commercial,Northeast,1948-04-15
P019661,44,Male,Medicaid,South,1982-11-15
P019662,37,Female,Medicare Advantage,Midwest,1988-04-15
P019663,41,Male,Commercial,West,1985-06-15
P019664,90,Female,Self-Pay,Midwest,1935-10-15
P019665,80,Female,Medicaid,Midwest,1945-12-15
P019666,40,Male,Commercial,West,1986-06-15
P019667,46,Male,Medicare,South,1980-11-15
P019668,30,Female,Commercial,Midwest,1996-08-15
P019669,74,Female,Workers Comp,Midwest,1952-03-15
P019670,36,Female,Medicare,West,1990-08-15
P019671,62,Female,Medicare,Northeast,1963-05-15
P019672,70,Male,Commercial,Northeast,1956-03-15
P019673,61,Female,Commercial,South,1964-06-15
P019674,73,Male,Medicare Advantage,South,1952-06-15
P019675,39,Male,Medicare,South,1987-05-15
P019676,65,Female,Commercial,Midwest,1961-04-15
P019677,1,Female,Medicare,South,2024-01-15
P019678,54,Female,Commercial,Midwest,1972-06-15
P019679,71,Male,Medicare,Northeast,1955-07-15
P019680,49,Female,Medicare Advantage,Midwest,1977-01-15
P019681,58,Female,Medicare,South,1967-01-15
P019682,15,Female,Self-Pay,Northeast,2010-06-15
P019683,67,Female,Medicare Advantage,South,1958-02-15
P019684,10,Female,Self-Pay,Midwest,2015-03-15
P019685,96,Female,Medicaid,Northeast,1930-03-15
P019686,67,Female,Self-Pay,South,1958-08-15
P019687,43,Male,Medicare,Northeast,1983-02-15
P019688,41,Female,Self-Pay,South,1985-07-15
P019689,57,Female,Medicare,South,1968-05-15
P019690,29,Female,Workers Comp,West,1997-06-15
P019691,79,Female,Medicaid,West,1946-12-15
P019692,79,Male,Medicare,South,1946-03-15
P019693,78,Female,Medicaid,West,1948-03-15
P019694,72,Male,Commercial,South,1953-04-15
P019695,58,Male,Medicare Advantage,Midwest,1968-10-15
P019696,43,Female,Medicare Advantage,South,1983-05-15
P019697,42,Female,Medicare Advantage,South,1984-03-15
P019698,35,Female,Medicare,West,1991-05-15
P019699,54,Male,Commercial,South,1971-04-15
P019700,40,Male,Medicare,South,1986-06-15
P019701,3,Female,Medicare,South,2022-05-15
P019702,56,Male,Medicaid,Northeast,1969-03-15
P019703,95,Female,Medicare Advantage,West,1931-09-15
P019704,66,Male,Commercial,South,1959-07-15
P019705,48,Male,Commercial,West,1978-08-15
P019706,64,Male,Workers Comp,West,1961-01-15
P019707,42,Male,Medicare,South,1984-06-15
P019708,57,Male,Medicare Advantage,South,1968-08-15
P019709,34,Female,Medicaid,Midwest,1991-09-15
P019710,73,Male,Commercial,South,1952-04-15
P019711,57,Female,Medicare,South,1969-02-15
P019712,65,Male,Medicaid,South,1960-03-15
P019713,43,Male,Medicare,South,1983-12-15
P019714,55,Male,Commercial,South,1971-12-15
P019715,66,Female,Commercial,Midwest,1960-10-15
P019716,54,Female,Commercial,South,1972-10-15
P019717,74,Female,Commercial,South,1951-01-15
P019718,64,Male,Commercial,Northeast,1961-10-15
P019719,42,Male,Medicaid,Midwest,1984-02-15
P019720,74,Male,Other,West,1951-08-15
P019721,64,Other,Medicare Advantage,Northeast,1961-06-15
P019722,31,Female,Other,South,1995-02-15
P019723,73,Female,Medicaid,South,1952-07-15
P019724,27,Female,Medicare,South,1999-03-15
P019725,52,Female,Medicare Advantage,Midwest,1973-03-15
P019726,11,Male,Medicare Advantage,West,2014-09-15
P019727,69,Female,Commercial,West,1956-03-15
P019728,40,Male,Commercial,Northeast,1985-12-15
P019729,23,Female,Medicare,Midwest,2002-01-15
P019730,21,Female,Commercial,Midwest,2005-05-15
P019731,48,Male,Medicare,Midwest,1977-05-15
P019732,76,Female,Commercial,Midwest,1949-09-15
P019733,94,Male,Commercial,South,1931-01-15
P019734,29,Female,Commercial,South,1996-06-15
P019735,44,Male,Commercial,South,1981-05-15
P019736,26,Male,Commercial,South,2000-01-15
P019737,69,Female,Workers Comp,South,1957-10-15
P019738,51,Male,Medicaid,West,1974-09-15
P019739,10,Male,Medicare Advantage,Northeast,2015-01-15
P019740,15,Male,Commercial,Midwest,2010-06-15
P019741,64,Female,Self-Pay,Midwest,1962-12-15
P019742,62,Female,Commercial,Midwest,1963-09-15
P019743,25,Female,Other,South,2000-06-15
P019744,52,Male,Medicare Advantage,Northeast,1974-06-15
P019745,41,Male,Workers Comp,West,1985-02-15
P019746,15,Female,Medicare,West,2010-07-15
P019747,22,Female,Medicare,Midwest,2003-08-15
P019748,53,Male,Medicaid,South,1972-06-15
P019749,75,Female,Self-Pay,South,1950-12-15
P019750,2,Male,Commercial,Midwest,2023-06-15
P019751,76,Female,Self-Pay,Midwest,1949-02-15
P019752,35,Male,Medicare Advantage,Midwest,1990-04-15
P019753,46,Female,Commercial,Northeast,1979-10-15
P019754,72,Female,Medicare,West,1953-05-15
P019755,45,Female,Workers Comp,South,1981-07-15
P019756,61,Male,Medicare,West,1965-12-15
P019757,71,Male,Commercial,Midwest,1954-11-15
P019758,21,Female,Commercial,Northeast,2004-03-15
P019759,30,Female,Self-Pay,West,1995-03-15
P019760,16,Male,Self-Pay,South,2010-12-15
P019761,58,Male,Commercial,South,1968-04-15
P019762,62,Male,Medicaid,South,1963-09-15
P019763,73,Male,Medicare,Northeast,1953-02-15
P019764,52,Male,Medicare,Northeast,1974-02-15
P019765,70,Male,Other,Midwest,1955-09-15
P019766,21,Female,Medicare,Northeast,2004-03-15
P019767,51,Female,Commercial,West,1974-12-15
P019768,63,Male,Medicaid,West,1963-02-15
P019769,78,Male,Commercial,West,1948-12-15
P019770,46,Female,Medicare,Midwest,1980-11-15
P019771,71,Male,Commercial,South,1954-06-15
P019772,39,Female,Commercial,South,1987-08-15
P019773,35,Male,Commercial,West,1990-04-15
P019774,69,Male,Commercial,Midwest,1957-04-15
P019775,61,Male,Medicare,Northeast,1965-05-15
P019776,48,Male,Commercial,South,1977-06-15
P019777,79,Male,Commercial,Northeast,1946-11-15
P019778,56,Female,Self-Pay,West,1969-12-15
P019779,20,Female,Self-Pay,Midwest,2006-09-15
P019780,88,Female,Self-Pay,West,1937-07-15
P019781,54,Male,Medicare,South,1972-04-15
P019782,61,Female,Medicare,West,1965-10-15
P019783,64,Female,Medicare,West,1961-11-15
P019784,79,Male,Commercial,Midwest,1947-08-15
P019785,51,Male,Medicare,South,1975-04-15
P019786,62,Male,Commercial,West,1964-07-15
P019787,35,Female,Self-Pay,Midwest,1990-12-15
P019788,70,Male,Medicare Advantage,South,1955-07-15
P019789,40,Female,Commercial,West,1986-07-15
P019790,41,Female,Medicare,Northeast,1984-06-15
P019791,68,Female,Commercial,Midwest,1957-08-15
P019792,8,Female,Medicare Advantage,West,2017-06-15
P019793,88,Male,Workers Comp,South,1938-05-15
P019794,59,Female,Medicare,South,1967-01-15
P019795,51,Male,Medicare,West,1974-01-15
P019796,48,Male,Medicaid,South,1977-01-15
P019797,71,Female,Commercial,West,1954-08-15
P019798,3,Female,Medicare Advantage,Midwest,2022-01-15
P019799,30,Male,Medicare,South,1995-03-15
P019800,70,Female,Other,Midwest,1955-11-15
P019801,48,Other,Self-Pay,South,1978-01-15
P019802,27,Female,Medicaid,Northeast,1999-12-15
P019803,57,Female,Medicare,Midwest,1969-08-15
P019804,17,Female,Commercial,Midwest,2008-11-15
P019805,19,Male,Workers Comp,South,2006-03-15
P019806,35,Male,Commercial,Midwest,1991-03-15
P019807,20,Male,Self-Pay,South,2006-09-15
P019808,73,Male,Medicare,West,1953-11-15
P019809,47,Male,Medicare,South,1978-06-15
P019810,58,Male,Medicare,West,1968-10-15
P019811,59,Male,Medicaid,Midwest,1967-02-15
P019812,78,Female,Medicaid,Northeast,1948-11-15
P019813,19,Male,Commercial,South,2007-07-15
P019814,47,Male,Medicare Advantage,South,1978-03-15
P019815,59,Male,Medicare,Northeast,1967-04-15
P019816,61,Female,Medicare Advantage,South,1964-12-15
P019817,19,Female,Medicaid,South,2007-05-15
P019818,74,Male,Commercial,West,1952-02-15
P019819,27,Male,Self-Pay,Midwest,1999-09-15
P019820,30,Male,Medicare,South,1996-11-15
P019821,6,Female,Medicare,West,2020-02-15
P019822,40,Female,Medicare,South,1986-03-15
P019823,71,Female,Commercial,South,1955-05-15
P019824,86,Male,Commercial,South,1939-01-15
P019825,81,Male,Commercial,West,1944-09-15
P019826,48,Female,Commercial,Midwest,1978-11-15
P019827,65,Male,Medicaid,Northeast,1960-02-15
P019828,83,Other,Commercial,South,1942-08-15
P019829,37,Female,Commercial,South,1989-05-15
P019830,10,Male,Medicare,Midwest,2015-09-15
P019831,46,Female,Medicare,South,1980-03-15
P019832,76,Male,Medicare,Midwest,1950-04-15
P019833,71,Female,Medicare,South,1955-08-15
P019834,73,Male,Commercial,Midwest,1953-05-15
P019835,38,Female,Commercial,South,1987-04-15
P019836,75,Female,Self-Pay,Midwest,1950-12-15
P019837,25,Female,Medicaid,Northeast,2000-02-15
P019838,19,Female,Medicare,Midwest,2006-11-15
P019839,43,Female,Self-Pay,West,1983-09-15
P019840,49,Male,Commercial,South,1976-12-15
P019841,53,Male,Commercial,Northeast,1972-09-15
P019842,29,Male,Medicaid,South,1997-11-15
P019843,43,Male,Medicare,South,1983-02-15
P019844,36,Female,Medicaid,West,1990-08-15
P019845,26,Female,Medicaid,Northeast,1999-08-15
P019846,67,Female,Medicare,South,1959-07-15
P019847,25,Female,Other,South,2000-02-15
P019848,12,Male,Medicaid,West,2013-09-15
P019849,57,Male,Self-Pay,Midwest,1968-11-15
P019850,19,Male,Commercial,South,2007-05-15
P019851,18,Female,Medicare,Midwest,2008-11-15
P019852,12,Female,Medicare,South,2013-07-15
P019853,24,Female,Medicare Advantage,West,2002-01-15
P019854,29,Female,Medicare,West,1997-08-15
P019855,56,Female,Medicare,West,1970-01-15
P019856,78,Female,Medicare,Northeast,1947-01-15
P019857,32,Male,Medicare,West,1993-06-15
P019858,62,Female,Medicare Advantage,South,1963-01-15
P019859,60,Female,Medicare Advantage,West,1966-06-15
P019860,36,Male,Medicare,Northeast,1989-12-15
P019861,72,Male,Medicare,Northeast,1954-11-15
P019862,27,Male,Medicare,Northeast,1999-02-15
P019863,19,Female,Self-Pay,South,2006-07-15
P019864,24,Female,Commercial,West,2001-07-15
P019865,53,Male,Commercial,West,1972-05-15
P019866,10,Female,Medicare,South,2016-04-15
P019867,49,Male,Medicare,Midwest,1977-08-15
P019868,84,Male,Commercial,South,1941-12-15
P019869,35,Female,Medicare Advantage,Midwest,1991-04-15
P019870,82,Female,Commercial,South,1944-05-15
P019871,51,Female,Medicare,Northeast,1975-02-15
P019872,75,Male,Workers Comp,West,1951-02-15
P019873,31,Female,Medicaid,South,1994-09-15
P019874,77,Male,Medicaid,South,1948-11-15
P019875,37,Male,Commercial,Northeast,1988-03-15
P019876,38,Male,Commercial,South,1987-09-15
P019877,59,Male,Medicaid,South,1967-01-15
P019878,53,Male,Medicare Advantage,West,1972-05-15
P019879,76,Female,Medicare,South,1949-10-15
P019880,64,Male,Workers Comp,South,1962-06-15
P019881,88,Male,Medicare,West,1938-10-15
P019882,40,Female,Medicare,West,1985-08-15
P019883,34,Male,Commercial,Northeast,1991-09-15
P019884,30,Male,Medicare,Midwest,1996-07-15
P019885,66,Male,Medicare,South,1960-12-15
P019886,42,Male,Self-Pay,South,1983-03-15
P019887,60,Female,Self-Pay,Midwest,1965-03-15
P019888,24,Male,Medicare,Northeast,2001-12-15
P019889,79,Male,Medicaid,Midwest,1946-10-15
P019890,33,Female,Medicaid,West,1993-09-15
P019891,57,Female,Medicare,South,1968-09-15
P019892,37,Male,Medicaid,Midwest,1988-07-15
P019893,62,Female,Medicare,West,1964-11-15
P019894,76,Female,Medicare,South,1950-01-15
P019895,64,Male,Medicare,South,1961-12-15
P019896,29,Male,Medicare,West,1997-03-15
P019897,79,Female,Medicare,Northeast,1947-09-15
P019898,18,Female,Medicare,South,2007-11-15
P019899,46,Female,Medicare,Northeast,1979-08-15
P019900,18,Female,Medicaid,South,2007-08-15
P019901,55,Male,Medicare,South,1971-02-15
P019902,59,Female,Medicare,Midwest,1967-02-15
P019903,44,Other,Medicaid,Midwest,1981-07-15
P019904,54,Female,Medicare,Northeast,1972-12-15
P019905,67,Female,Medicaid,West,1959-11-15
P019906,35,Female,Medicare,West,1990-12-15
P019907,52,Female,Self-Pay,South,1974-01-15
P019908,38,Male,Commercial,Midwest,1988-09-15
P019909,10,Female,Medicare Advantage,Midwest,2016-12-15
P019910,40,Male,Medicare Advantage,Midwest,1985-10-15
P019911,54,Female,Commercial,South,1972-12-15
P019912,17,Female,Medicare Advantage,West,2009-06-15
P019913,69,Male,Medicaid,Midwest,1957-11-15
P019914,2,Female,Medicare,West,2024-11-15
P019915,43,Female,Medicare Advantage,South,1982-10-15
P019916,48,Female,Medicaid,South,1977-02-15
P019917,4,Female,Medicare,West,2022-11-15
P019918,74,Male,Commercial,South,1952-11-15
P019919,82,Female,Workers Comp,Midwest,1943-04-15
P019920,57,Female,Medicare,Northeast,1969-11-15
P019921,36,Female,Medicaid,Northeast,1989-11-15
P019922,79,Female,Other,West,1946-09-15
P019923,74,Female,Self-Pay,Midwest,1951-11-15
P019924,42,Male,Self-Pay,West,1983-01-15
P019925,82,Female,Medicare,South,1943-02-15
P019926,23,Male,Commercial,South,2003-05-15
P019927,41,Male,Medicare,South,1985-10-15
P019928,61,Female,Medicare,South,1964-03-15
P019929,35,Male,Medicare,Northeast,1991-10-15
P019930,76,Male,Medicare,Midwest,1949-02-15
P019931,74,Male,Self-Pay,West,1951-08-15
P019932,52,Female,Medicare Advantage,West,1973-05-15
P019933,91,Male,Medicare,Northeast,1934-03-15
P019934,45,Female,Medicare Advantage,West,1981-06-15
P019935,66,Male,Medicare,Midwest,1959-02-15
P019936,64,Male,Commercial,South,1962-06-15
P019937,87,Male,Medicare,West,1939-06-15
P019938,90,Male,Medicare,West,1935-07-15
P019939,68,Female,Medicare,West,1957-08-15
P019940,45,Male,Medicare Advantage,Midwest,1980-05-15
P019941,46,Male,Medicaid,Midwest,1979-07-15
P019942,96,Male,Medicaid,Midwest,1930-06-15
P019943,37,Female,Self-Pay,Midwest,1989-01-15
P019944,23,Female,Medicare,South,2002-08-15
P019945,55,Male,Medicaid,West,1970-03-15
P019946,58,Male,Medicare Advantage,South,1968-02-15
P019947,46,Female,Self-Pay,Northeast,1980-08-15
P019948,36,Female,Commercial,Midwest,1990-08-15
P019949,64,Female,Medicare,Northeast,1962-02-15
P019950,79,Male,Medicaid,West,1947-09-15
P019951,78,Female,Workers Comp,Northeast,1948-06-15
P019952,18,Other,Medicare,Midwest,2007-01-15
P019953,62,Male,Medicaid,Northeast,1964-03-15
P019954,7,Male,Self-Pay,West,2019-05-15
P019955,51,Female,Medicare Advantage,Northeast,1974-04-15
P019956,27,Female,Commercial,Midwest,1998-07-15
P019957,40,Male,Medicare,West,1985-02-15
P019958,54,Male,Medicare Advantage,West,1971-04-15
P019959,42,Female,Medicaid,Northeast,1983-07-15
P019960,50,Male,Medicaid,Midwest,1976-05-15
P019961,36,Male,Medicare,South,1989-03-15
P019962,41,Female,Medicaid,West,1984-02-15
P019963,8,Male,Medicare Advantage,Midwest,2017-02-15
P019964,67,Male,Medicare,West,1958-05-15
P019965,88,Female,Medicare,Midwest,1938-07-15
P019966,51,Female,Commercial,West,1974-02-15
P019967,44,Male,Medicare,Northeast,1982-05-15
P019968,53,Female,Medicare Advantage,Midwest,1973-01-15
P019969,56,Male,Medicare,South,1970-08-15
P019970,3,Male,Commercial,Midwest,2022-05-15
P019971,69,Male,Commercial,West,1956-05-15
P019972,32,Male,Commercial,South,1994-10-15
P019973,12,Male,Commercial,West,2014-11-15
P019974,51,Female,Commercial,West,1974-05-15
P019975,95,Female,Medicare,South,1931-02-15
P019976,69,Male,Medicare Advantage,Midwest,1957-06-15
P019977,71,Female,Commercial,South,1954-09-15
P019978,68,Male,Medicare,West,1958-01-15
P019979,52,Female,Commercial,South,1974-09-15
P019980,47,Female,Commercial,West,1979-07-15
P019981,58,Male,Medicare,West,1968-05-15
P019982,77,Female,Commercial,South,1949-04-15
P019983,62,Male,Medicare,Midwest,1963-11-15
P019984,60,Female,Medicaid,Northeast,1966-05-15
P019985,10,Female,Medicaid,Midwest,2015-10-15
P019986,36,Female,Medicare,Midwest,1990-12-15
P019987,42,Male,Medicare Advantage,Northeast,1984-04-15
P019988,22,Female,Medicaid,South,2003-06-15
P019989,70,Female,Medicare,Northeast,1956-12-15
P019990,17,Male,Medicare,West,2008-04-15
P019991,26,Female,Medicare Advantage,West,1999-12-15
P019992,50,Male,Medicare Advantage,South,1975-09-15
P019993,48,Female,Commercial,South,1977-09-15
P019994,21,Female,Medicare,South,2004-02-15
P019995,30,Male,Medicare,Northeast,1995-10-15
P019996,55,Male,Medicaid,South,1971-11-15
P019997,3,Female,Commercial,Northeast,2022-07-15
P019998,64,Male,Medicare,West,1962-06-15
P019999,11,Female,Commercial,South,2015-09-15
P020000,83,Male,Other,West,1942-07-15
