Claim_ID,Patient_ID,Service_Date,Submission_Date,Provider_ID,Facility_ID,Payer,Claim_Type,Claim_Status,Diagnosis_Code,Primary_Procedure_Code,Claim_Amount,Allowed_Amount,Paid_Amount,Member_Responsibility,Quality_Issue,Age,Gender,Region,Provider_Display_Name,Specialty,Facility_Name,Facility_Type,Facility_Size,Diagnosis_Name,Clinical_Group,Procedure_Code,Procedure_Name,Procedure_Group,Submission_Lag_Days,Month,Week_Start,Paid_Rate,Allowed_Rate,Financial_Exception,High_Value_P99,Missing_Provider,Provider_Week_Spike,Anomaly_Flag
C00000005,P017513,2024-09-18,2024-09-21,,F019,Medicaid,Outpatient,Reversed,DX007,PR012,406.32,364.03,67.66,8.12,Missing Provider,72,Female,Midwest,,,Facility_019,Ambulatory Center,Medium,Coronary Artery Disease,Cardiovascular,PR012,Echocardiogram,Diagnostic,3,2024-09,2024-09-16,0.18586380243386535,0.8959194723370741,0,0,1,0,1
C00000015,P007212,2024-01-26,2024-02-16,DR0226,F013,Medicare Advantage,Professional,Paid,DX001,PR025,99.14,74.77,70.11,0.8,,57,Female,West,Provider_0226,Family Medicine,Facility_013,Hospital,Large,Essential Hypertension,Chronic,PR025,Other Clinical Service,Other,21,2024-01,2024-01-22,0.937675538317507,0.7541859995965301,0,0,0,1,1
C00000058,P008915,2026-02-12,2026-03-04,DR0382,F012,Commercial,Professional,Paid,DX022,PR006,223.81,192.47,147.9,7.32,,72,Male,Midwest,Provider_0382,Pediatrics,Facility_012,Ambulatory Center,Medium,Urinary Tract Infection,Acute,PR006,X-Ray,Diagnostic,20,2026-02,2026-02-09,0.7684314438613811,0.859970510701041,0,0,0,1,1
C00000134,P006995,2024-02-17,2024-02-23,DR0242,F017,Medicare,Inpatient,Paid,DX025,PR015,9751.69,8202.86,6100.53,288.6,,63,Male,West,Provider_0242,General Surgery,Facility_017,Hospital,Medium,Other Condition,Other,PR015,Major Surgery,Surgery,6,2024-02,2024-02-12,0.7437076824424651,0.8411731710093328,0,1,0,0,1
C00000188,P014599,2026-04-24,2026-05-05,,F001,Self-Pay,Outpatient,Paid,DX025,PR003,65.49,47.3,40.27,4.26,Missing Provider,8,Male,West,,,Facility_001,Hospital,Large,Other Condition,Other,PR003,Routine Lab Panel,Diagnostic,11,2026-04,2026-04-20,0.8513742071881608,0.7222476714002137,0,0,1,0,1
C00000261,P014372,2025-08-31,2025-09-11,DR0052,F006,Commercial,Outpatient,Paid,DX014,PR015,8894.64,6435.67,6203.31,54.92,,67,Female,Northeast,Provider_0052,General Surgery,Facility_006,Hospital,Small,Fracture/Injury,Acute,PR015,Major Surgery,Surgery,11,2025-08,2025-08-25,0.9638949790775475,0.7235447415522158,0,1,0,0,1
C00000266,P009416,2026-08-12,2026-08-13,DR0035,F008,Commercial,Professional,Paid,DX016,PR015,8383.36,6702.9,5249.17,348.01,,69,Female,Midwest,Provider_0035,Other,Facility_008,Hospital,Small,Pneumonia,Respiratory,PR015,Major Surgery,Surgery,1,2026-08,2026-08-10,0.7831192468931358,0.7995481525307274,0,1,0,0,1
C00000337,P019800,2024-06-09,2024-07-08,DR0201,F015,Other,Professional,Pending,DX014,PR015,20350.96,15248.77,0.0,4310.98,,70,Female,Midwest,Provider_0201,Orthopedics,Facility_015,Hospital,Small,Fracture/Injury,Acute,PR015,Major Surgery,Surgery,29,2024-06,2024-06-03,0.0,0.7492899597856809,0,1,0,0,1
C00000354,P017639,2026-08-05,2026-08-06,DR0399,F022,Commercial,Professional,Pending,DX015,PR015,10329.89,8168.22,0.0,1646.2,,65,Male,Midwest,Provider_0399,General Surgery,Facility_022,Hospital,Large,Abdominal Pain,Acute,PR015,Major Surgery,Surgery,1,2026-08,2026-08-03,0.0,0.7907363969993872,0,1,0,0,1
C00000385,P003787,2025-12-06,2025-12-21,DR0288,F012,Medicaid,Professional,Paid,DX004,PR003,121.31,115.73,84.55,0.85,,91,Male,West,Provider_0288,Cardiology,Facility_012,Ambulatory Center,Medium,Hyperlipidemia,Chronic,PR003,Routine Lab Panel,Diagnostic,15,2025-12,2025-12-01,0.7305797978052363,0.9540021432693101,0,0,0,1,1
C00000436,P012983,2026-03-10,2026-03-17,DR0318,F023,Commercial,Outpatient,Paid,DX011,PR015,14213.42,11439.56,10349.55,164.98,,49,Female,South,Provider_0318,Orthopedics,Facility_023,Clinic,Medium,Depression,Behavioral Health,PR015,Major Surgery,Surgery,7,2026-03,2026-03-09,0.9047157408152061,0.8048421843581629,0,1,0,0,1
C00000544,P008112,2025-10-19,2025-10-20,DR0242,F017,Medicare Advantage,Outpatient,Paid,DX015,PR015,11301.57,10018.69,8494.09,254.85,,36,Female,South,Provider_0242,General Surgery,Facility_017,Hospital,Medium,Abdominal Pain,Acute,PR015,Major Surgery,Surgery,1,2025-10,2025-10-13,0.8478244161661854,0.886486567795448,0,1,0,0,1
C00000591,P009014,2024-09-13,2024-10-11,DR0374,F022,Medicare,Professional,Paid,DX025,PR015,14089.48,12359.82,11634.55,92.62,,67,Male,West,Provider_0374,General Surgery,Facility_022,Hospital,Large,Other Condition,Other,PR015,Major Surgery,Surgery,28,2024-09,2024-09-09,0.9413203428528895,0.8772374849888002,0,1,0,0,1
C00000690,P002523,2024-06-10,2024-07-06,DR0301,F007,Medicare,Professional,Paid,DX001,PR011,632.08,522.96,486.4,4.17,,77,Male,South,Provider_0301,Cardiology,Facility_007,Hospital,Large,Essential Hypertension,Chronic,PR011,Cardiac Stress Test,Diagnostic,26,2024-06,2024-06-10,0.9300902554688694,0.827363624857613,0,0,0,1,1
C00000827,P012794,2024-05-15,2024-05-27,DR0336,F017,Medicare,Professional,Paid,DX025,PR001,254.18,235.27,195.26,4.44,,41,Female,South,Provider_0336,Family Medicine,Facility_017,Hospital,Medium,Other Condition,Other,PR001,Office/Follow-up Visit,Professional,12,2024-05,2024-05-13,0.8299400688570577,0.9256039027460855,0,0,0,1,1
C00000828,P019428,2026-08-13,2026-08-18,DR0416,F014,Medicare,Inpatient,Paid,DX006,PR015,10460.76,7526.35,6138.58,198.42,,38,Male,Northeast,Provider_0416,Orthopedics,Facility_014,Hospital,Small,Osteoarthritis,Musculoskeletal,PR015,Major Surgery,Surgery,5,2026-08,2026-08-10,0.8156118171490828,0.7194840527839278,0,1,0,0,1
C00000978,P004669,2025-08-23,2025-09-22,DR0288,F012,Commercial,Outpatient,Denied,DX008,PR001,124.34,90.25,16.45,15.0,,47,Male,South,Provider_0288,Cardiology,Facility_012,Ambulatory Center,Medium,Heart Failure,Cardiovascular,PR001,Office/Follow-up Visit,Professional,30,2025-08,2025-08-18,0.18227146814404432,0.7258323950458421,0,0,0,1,1
C00001002,P009949,2024-04-11,2024-04-25,DR0263,F021,Self-Pay,Professional,Denied,DX003,PR015,16996.77,14735.19,1094.9,10918.53,,74,Male,Northeast,Provider_0263,Orthopedics,Facility_021,Ambulatory Center,Small,Upper Respiratory Infection,Acute,PR015,Major Surgery,Surgery,14,2024-04,2024-04-08,0.07430511584852316,0.866940601067144,0,1,0,0,1
C00001122,P017054,2024-03-31,2024-04-23,DR0189,F019,Commercial,Professional,Paid,DX017,PR020,299.45,265.31,275.69,0.0,Paid Greater Than Allowed,41,Female,Midwest,Provider_0189,Oncology,Facility_019,Ambulatory Center,Medium,Cancer - Active Treatment,Oncology,PR020,Specialist Consultation,Professional,23,2024-03,2024-03-25,1.0391240435716709,0.8859909834696945,1,0,0,0,1
C00001127,P009962,2024-10-02,2024-10-10,DR0242,F017,Other,Outpatient,Paid,DX014,PR006,37.37,26.52,23.38,0.66,,79,Female,Midwest,Provider_0242,General Surgery,Facility_017,Hospital,Medium,Fracture/Injury,Acute,PR006,X-Ray,Diagnostic,8,2024-10,2024-09-30,0.8815987933634992,0.7096601552047097,0,0,0,1,1
C00001152,P012811,2024-02-02,2024-02-29,DR0035,F008,Medicare,Professional,Denied,DX021,PR015,9719.36,8636.57,1742.91,940.16,,89,Male,West,Provider_0035,Other,Facility_008,Hospital,Small,Skin Infection,Acute,PR015,Major Surgery,Surgery,27,2024-02,2024-01-29,0.2018058094822366,0.8885945165113751,0,1,0,0,1
C00001278,P019497,2026-06-29,2026-07-17,DR0350,F005,Medicare,Professional,Paid,DX014,PR015,13743.43,12774.4,10759.03,299.05,,65,Male,Midwest,Provider_0350,General Surgery,Facility_005,Ambulatory Center,Small,Fracture/Injury,Acute,PR015,Major Surgery,Surgery,18,2026-06,2026-06-29,0.8422336861222446,0.9294914006183318,0,1,0,0,1
C00001279,P010491,2026-03-24,2026-04-14,DR0134,F010,Commercial,Inpatient,Paid,DX018,PR005,11529.13,8120.68,6353.88,345.82,,91,Male,Midwest,Provider_0134,Other,Facility_010,Hospital,Medium,Pregnancy-Related,Obstetric,PR005,MRI,Diagnostic,21,2026-03,2026-03-23,0.7824320130826482,0.7043619076200893,0,1,0,0,1
C00001281,P007018,2025-07-23,2025-07-27,DR0006,F007,Medicare,Professional,Paid,DX025,PR025,149.59,104.88,77.33,4.78,,32,Male,South,Provider_0006,Orthopedics,Facility_007,Hospital,Large,Other Condition,Other,PR025,Other Clinical Service,Other,4,2025-07,2025-07-21,0.7373188405797102,0.7011163847850792,0,0,0,1,1
C00001336,P013405,2024-08-22,2024-09-12,DR0131,F024,Workers Comp,Professional,Denied,DX012,PR008,30.28,22.69,2.89,1.43,,76,Male,Midwest,Provider_0131,Neurology,Facility_024,Ambulatory Center,Medium,Anxiety Disorder,Behavioral Health,PR008,Physical Therapy Session,Therapy,21,2024-08,2024-08-19,0.127368884971353,0.7493394980184941,0,0,0,1,1
C00001361,P008650,2024-04-16,2024-04-21,DR0173,F018,Commercial,Outpatient,Paid,DX001,PR020,208.92,190.81,178.15,2.37,,95,Female,Midwest,Provider_0173,Family Medicine,Facility_018,Specialty Center,Large,Essential Hypertension,Chronic,PR020,Specialist Consultation,Professional,5,2024-04,2024-04-15,0.9336512761385671,0.9133161018571703,0,0,0,1,1
C00001362,P006477,2025-09-27,2025-09-29,DR0404,F020,Medicare,Professional,Paid,DX006,PR015,15931.89,14536.99,12127.19,415.22,,81,Female,Northeast,Provider_0404,Orthopedics,Facility_020,Hospital,Large,Osteoarthritis,Musculoskeletal,PR015,Major Surgery,Surgery,2,2025-09,2025-09-22,0.8342297820938173,0.9124460437524989,0,1,0,0,1
C00001398,P010609,2025-03-02,2025-03-26,DR0199,F008,Commercial,Inpatient,Paid,DX001,PR020,595.47,488.02,372.01,18.2,,68,Male,Northeast,Provider_0199,Family Medicine,Facility_008,Hospital,Small,Essential Hypertension,Chronic,PR020,Specialist Consultation,Professional,24,2025-03,2025-02-24,0.7622843326093193,0.8195543016440794,0,0,0,1,1
C00001466,P017452,2026-04-05,2026-05-01,DR0443,F019,Medicaid,Outpatient,Paid,DX004,PR002,262.96,199.86,152.93,1.72,,75,Female,West,Provider_0443,Family Medicine,Facility_019,Ambulatory Center,Medium,Hyperlipidemia,Chronic,PR002,Emergency Department Visit,Emergency,26,2026-04,2026-03-30,0.7651856299409586,0.7600395497414056,0,0,0,1,1
C00001743,P010731,2026-01-04,2026-01-13,DR0181,F018,Self-Pay,Professional,Denied,DX005,PR015,9768.89,7519.47,1732.61,2829.98,,53,Female,West,Provider_0181,Orthopedics,Facility_018,Specialty Center,Large,Low Back Pain,Musculoskeletal,PR015,Major Surgery,Surgery,9,2026-01,2025-12-29,0.23041650541859995,0.7697363774185195,0,1,0,0,1
C00001767,P011287,2025-11-17,2025-11-29,DR0404,F020,Commercial,Outpatient,Paid,DX005,PR015,8656.0,8022.14,6189.05,410.53,,47,Female,South,Provider_0404,Orthopedics,Facility_020,Hospital,Large,Low Back Pain,Musculoskeletal,PR015,Major Surgery,Surgery,12,2025-11,2025-11-17,0.7714961344479154,0.9267721811460259,0,1,0,0,1
C00001812,P013758,2025-08-15,2025-08-18,DR0052,F006,Medicare,Inpatient,Pending,DX025,PR015,10883.09,7895.17,0.0,974.93,,27,Male,Northeast,Provider_0052,General Surgery,Facility_006,Hospital,Small,Other Condition,Other,PR015,Major Surgery,Surgery,3,2025-08,2025-08-11,0.0,0.7254529733742898,0,1,0,0,1
C00001897,P017397,2025-02-09,2025-02-14,DR0431,F025,Commercial,Professional,Rejected,DX013,PR003,88.35,67.75,10.72,11.29,,59,Male,South,Provider_0431,Internal Medicine,Facility_025,Hospital,Small,Chronic Kidney Disease,Chronic,PR003,Routine Lab Panel,Diagnostic,5,2025-02,2025-02-03,0.1582287822878229,0.7668364459535937,0,0,0,1,1
C00001930,P008381,2024-10-21,2024-11-09,DR0416,F014,Commercial,Professional,Paid,DX006,PR008,54.01,45.93,40.9,0.96,,60,Female,West,Provider_0416,Orthopedics,Facility_014,Hospital,Small,Osteoarthritis,Musculoskeletal,PR008,Physical Therapy Session,Therapy,19,2024-10,2024-10-21,0.8904855214456782,0.8503980744306611,0,0,0,1,1
C00001947,P013924,2026-03-25,2026-04-22,,F008,Medicare Advantage,Outpatient,Paid,DX022,PR016,1023.16,902.78,692.39,28.64,Missing Provider,79,Male,Northeast,,,Facility_008,Hospital,Small,Urinary Tract Infection,Acute,PR016,Inpatient Daily Care,Inpatient,28,2026-03,2026-03-23,0.7669531890383039,0.8823448922944603,0,0,1,0,1
C00002011,P009708,2024-01-09,2024-01-13,DR0242,F017,Commercial,Outpatient,Paid,DX014,PR015,17137.25,13145.88,10232.97,574.66,,84,Female,Northeast,Provider_0242,General Surgery,Facility_017,Hospital,Medium,Fracture/Injury,Acute,PR015,Major Surgery,Surgery,4,2024-01,2024-01-08,0.7784165076814942,0.7670939036309793,0,1,0,0,1
C00002055,P010861,2024-02-09,2024-03-09,,F001,Medicare,Inpatient,Paid,DX004,PR011,991.93,728.54,513.23,28.54,Missing Provider,65,Female,South,,,Facility_001,Hospital,Large,Hyperlipidemia,Chronic,PR011,Cardiac Stress Test,Diagnostic,29,2024-02,2024-02-05,0.7044637219644769,0.7344671498996905,0,0,1,0,1
C00002106,P003246,2024-10-01,2024-10-19,DR0318,F023,Commercial,Outpatient,Paid,DX006,PR015,17341.92,12362.52,10642.19,358.52,,27,Female,South,Provider_0318,Orthopedics,Facility_023,Clinic,Medium,Osteoarthritis,Musculoskeletal,PR015,Major Surgery,Surgery,18,2024-10,2024-09-30,0.8608430967149092,0.7128691632760388,0,1,0,0,1
C00002163,P014700,2025-04-02,2025-04-24,DR0006,F007,Medicaid,Inpatient,Pending,DX011,PR015,13097.1,10815.68,0.0,308.18,,47,Female,Midwest,Provider_0006,Orthopedics,Facility_007,Hospital,Large,Depression,Behavioral Health,PR015,Major Surgery,Surgery,22,2025-04,2025-03-31,0.0,0.8258072397706362,0,1,0,0,1
C00002170,P014154,2024-04-06,2024-04-16,DR0189,F019,Medicare Advantage,Professional,Paid,DX006,PR017,966.58,886.35,780.28,16.8,,21,Female,South,Provider_0189,Oncology,Facility_019,Ambulatory Center,Medium,Osteoarthritis,Musculoskeletal,PR017,Chemotherapy Administration,Oncology,10,2024-04,2024-04-01,0.8803294409657584,0.9169960065385172,0,0,0,1,1
C00002305,P013018,2024-04-07,2024-04-20,DR0301,F007,Commercial,Professional,Denied,DX007,PR001,227.02,185.54,4.0,30.8,,65,Male,Midwest,Provider_0301,Cardiology,Facility_007,Hospital,Large,Coronary Artery Disease,Cardiovascular,PR001,Office/Follow-up Visit,Professional,13,2024-04,2024-04-01,0.021558693543171286,0.8172848207206412,0,0,0,1,1
C00002311,P007243,2024-04-07,2024-05-07,DR0189,F019,Commercial,Inpatient,Paid,DX017,PR020,509.27,413.3,327.89,15.82,,4,Male,South,Provider_0189,Oncology,Facility_019,Ambulatory Center,Medium,Cancer - Active Treatment,Oncology,PR020,Specialist Consultation,Professional,30,2024-04,2024-04-01,0.7933462375998064,0.8115537926836452,0,0,0,1,1
C00002486,P001967,2025-02-05,2025-02-11,DR0431,F025,Other,Professional,Rejected,DX022,PR025,51.14,46.81,9.79,9.27,,54,Female,Midwest,Provider_0431,Internal Medicine,Facility_025,Hospital,Small,Urinary Tract Infection,Acute,PR025,Other Clinical Service,Other,6,2025-02,2025-02-03,0.20914334543900873,0.9153304653891279,0,0,0,1,1
C00002635,P000853,2026-09-10,2026-09-13,DR0015,F002,Medicaid,Inpatient,Paid,DX005,PR015,15154.63,13118.04,10071.05,102.68,,79,Male,Northeast,Provider_0015,Orthopedics,Facility_002,Ambulatory Center,Large,Low Back Pain,Musculoskeletal,PR015,Major Surgery,Surgery,3,2026-09,2026-09-07,0.7677252089488977,0.865612687343736,0,1,0,0,1
C00002636,P009699,2025-09-27,2025-10-17,DR0035,F008,Medicaid,Inpatient,Paid,DX005,PR019,14281.58,10766.86,7699.74,69.08,,52,Female,West,Provider_0035,Other,Facility_008,Hospital,Small,Low Back Pain,Musculoskeletal,PR019,Maternity Delivery,Obstetric,20,2025-09,2025-09-22,0.7151332886282536,0.7538983781906484,0,1,0,0,1
C00002727,P015102,2024-07-23,2024-08-02,DR0035,F008,Medicaid,Professional,Paid,DX024,PR013,10772.43,9736.06,7955.82,43.6,,65,Female,Northeast,Provider_0035,Other,Facility_008,Hospital,Small,Thyroid Disorder,Chronic,PR013,Cataract Procedure,Surgery,10,2024-07,2024-07-22,0.8171498532260484,0.9037942228447992,0,1,0,0,1
C00002813,P005066,2025-11-11,2025-11-15,DR0374,F022,Medicare Advantage,Outpatient,Paid,DX015,PR015,9881.02,8025.39,6122.9,272.38,,18,Female,Northeast,Provider_0374,General Surgery,Facility_022,Hospital,Large,Abdominal Pain,Acute,PR015,Major Surgery,Surgery,4,2025-11,2025-11-10,0.7629411156342557,0.812202586372662,0,1,0,0,1
C00002821,P017773,2024-10-22,2024-10-31,DR0174,F001,Self-Pay,Inpatient,Rejected,DX022,PR019,7932.3,7013.16,477.59,4637.96,,69,Male,South,Provider_0174,Emergency Medicine,Facility_001,Hospital,Large,Urinary Tract Infection,Acute,PR019,Maternity Delivery,Obstetric,9,2024-10,2024-10-21,0.06809911651808885,0.8841269240951553,0,1,0,0,1
C00002843,P011642,2026-02-28,2026-03-29,DR0301,F007,Self-Pay,Professional,Paid,DX001,PR001,872.47,830.29,726.87,76.6,,90,Male,Northeast,Provider_0301,Cardiology,Facility_007,Hospital,Large,Essential Hypertension,Chronic,PR001,Office/Follow-up Visit,Professional,29,2026-02,2026-02-23,0.8754411109371425,0.9516544981489334,0,0,0,1,1
C00002854,P002342,2025-02-23,2025-03-06,DR0433,F005,Medicare,Professional,Paid,DX024,PR015,13126.96,12672.93,11495.09,200.8,,33,Female,West,Provider_0433,Other,Facility_005,Ambulatory Center,Small,Thyroid Disorder,Chronic,PR015,Major Surgery,Surgery,11,2025-02,2025-02-17,0.9070585886610278,0.9654124031763639,0,1,0,0,1
C00002865,P000941,2025-01-09,2025-02-08,DR0336,F017,Medicare,Professional,Denied,DX025,PR020,602.44,532.83,97.87,48.36,,78,Female,Midwest,Provider_0336,Family Medicine,Facility_017,Hospital,Medium,Other Condition,Other,PR020,Specialist Consultation,Professional,30,2025-01,2025-01-06,0.1836795976202541,0.8844532235575326,0,0,0,1,1
C00002971,P001016,2025-05-19,2025-06-11,DR0076,F014,Commercial,Outpatient,Paid,DX009,PR004,744.65,691.25,500.62,40.45,,68,Female,Northeast,Provider_0076,Pediatrics,Facility_014,Hospital,Small,Asthma,Respiratory,PR004,Advanced Imaging - CT,Diagnostic,23,2025-05,2025-05-19,0.7242242314647378,0.9282884576646747,0,0,0,1,1
C00002989,P015216,2026-03-24,2026-03-27,DR0082,F003,Commercial,Outpatient,Paid,DX017,PR015,9347.1,6596.82,4657.49,388.97,,78,Female,Midwest,Provider_0082,Oncology,Facility_003,Clinic,Small,Cancer - Active Treatment,Oncology,PR015,Major Surgery,Surgery,3,2026-03,2026-03-23,0.7060204765326323,0.70576114516802,0,1,0,0,1
C00002999,P012242,2025-12-26,2025-12-26,DR0090,F004,Commercial,Inpatient,Paid,DX025,PR015,14017.5,12020.82,9221.15,529.19,,74,Female,Northeast,Provider_0090,General Surgery,Facility_004,Clinic,Medium,Other Condition,Other,PR015,Major Surgery,Surgery,0,2025-12,2025-12-22,0.7670982512008332,0.8575580524344569,0,1,0,0,1
C00003054,P007865,2025-02-07,2025-02-14,DR0183,F002,Self-Pay,Professional,Paid,DX012,PR021,127.38,100.6,78.22,14.2,,7,Female,Northeast,Provider_0183,Other,Facility_002,Ambulatory Center,Large,Anxiety Disorder,Behavioral Health,PR021,Behavioral Health Session,Behavioral,7,2025-02,2025-02-03,0.7775347912524851,0.7897629141152457,0,0,0,1,1
C00003074,P017119,2025-03-13,2025-04-11,DR0404,F020,Commercial,Outpatient,Paid,DX006,PR015,11865.55,9531.95,8199.37,315.87,,46,Male,South,Provider_0404,Orthopedics,Facility_020,Hospital,Large,Osteoarthritis,Musculoskeletal,PR015,Major Surgery,Surgery,29,2025-03,2025-03-10,0.8601985952507095,0.8033298077206704,0,1,0,0,1
C00003214,P000704,2024-06-10,2024-06-17,DR0294,F020,Medicare,Outpatient,Paid,DX001,PR015,8998.57,7905.2,6931.09,144.4,,65,Male,South,Provider_0294,Orthopedics,Facility_020,Hospital,Large,Essential Hypertension,Chronic,PR015,Major Surgery,Surgery,7,2024-06,2024-06-10,0.8767760461468401,0.8784951386720334,0,1,0,0,1
C00003401,P007254,2026-04-12,2026-05-10,DR0052,F006,Commercial,Outpatient,Paid,DX017,PR015,18213.31,16961.7,15305.8,371.13,,82,Female,South,Provider_0052,General Surgery,Facility_006,Hospital,Small,Cancer - Active Treatment,Oncology,PR015,Major Surgery,Surgery,28,2026-04,2026-04-06,0.902374172400172,0.9312804756521467,0,1,0,0,1
C00003536,P009608,2024-11-27,2024-12-20,,F017,Medicaid,Outpatient,Paid,DX012,PR008,165.84,128.02,107.24,0.54,Missing Provider,68,Female,Northeast,,,Facility_017,Hospital,Medium,Anxiety Disorder,Behavioral Health,PR008,Physical Therapy Session,Therapy,23,2024-11,2024-11-25,0.8376816122480861,0.7719488663772311,0,0,1,0,1
C00003548,P018249,2026-07-03,2026-07-10,DR0105,F019,Medicare,Professional,Paid,DX014,PR015,20323.02,18083.58,14621.87,393.15,,76,Female,South,Provider_0105,General Surgery,Facility_019,Ambulatory Center,Medium,Fracture/Injury,Acute,PR015,Major Surgery,Surgery,7,2026-07,2026-06-29,0.8085716434467068,0.8898077155855774,0,1,0,0,1
C00003872,P019296,2026-03-06,2026-03-07,DR0397,F019,Medicare,Professional,Paid,DX009,PR006,26.11,20.33,19.18,0.18,,68,Male,South,Provider_0397,Pediatrics,Facility_019,Ambulatory Center,Medium,Asthma,Respiratory,PR006,X-Ray,Diagnostic,1,2026-03,2026-03-02,0.9434333497294639,0.7786288778245882,0,0,0,1,1
C00004057,P009219,2026-02-12,2026-03-13,DR0382,F012,Self-Pay,Inpatient,Paid,DX009,PR020,147.71,135.98,112.25,15.18,,76,Male,West,Provider_0382,Pediatrics,Facility_012,Ambulatory Center,Medium,Asthma,Respiratory,PR020,Specialist Consultation,Professional,29,2026-02,2026-02-09,0.825489042506251,0.9205876379392051,0,0,0,1,1
C00004110,P007821,2024-12-30,2025-01-28,DR0240,F013,Commercial,Professional,Pending,DX009,PR020,296.6,257.46,0.0,40.48,,14,Female,South,Provider_0240,Pediatrics,Facility_013,Hospital,Large,Asthma,Respiratory,PR020,Specialist Consultation,Professional,29,2024-12,2024-12-30,0.0,0.8680377612946728,0,0,0,1,1
C00004289,P015421,2026-07-12,2026-08-11,,F022,Medicare Advantage,Inpatient,Paid,DX004,PR020,408.48,332.02,233.62,12.52,Missing Provider,71,Male,South,,,Facility_022,Hospital,Large,Hyperlipidemia,Chronic,PR020,Specialist Consultation,Professional,30,2026-07,2026-07-06,0.7036323113065478,0.8128182530356443,0,0,1,0,1
C00004312,P004818,2024-05-27,2024-05-28,DR0191,F020,Medicare,Professional,Paid,DX003,PR003,28.65,27.38,25.53,0.2,,56,Male,Midwest,Provider_0191,Family Medicine,Facility_020,Hospital,Large,Upper Respiratory Infection,Acute,PR003,Routine Lab Panel,Diagnostic,1,2024-05,2024-05-27,0.9324324324324325,0.955671902268761,0,0,0,1,1
C00004357,P011940,2025-03-15,2025-04-14,DR0226,F013,Medicare,Professional,Paid,DX017,PR015,11615.48,10251.74,9809.6,66.7,,73,Female,West,Provider_0226,Family Medicine,Facility_013,Hospital,Large,Cancer - Active Treatment,Oncology,PR015,Major Surgery,Surgery,30,2025-03,2025-03-10,0.956871711533847,0.882592884667702,0,1,0,0,1
C00004363,P008456,2025-01-07,2025-01-23,DR0336,F017,Medicare,Professional,Paid,DX002,PR001,137.67,104.69,78.28,3.33,,62,Female,West,Provider_0336,Family Medicine,Facility_017,Hospital,Medium,Type 2 Diabetes,Chronic,PR001,Office/Follow-up Visit,Professional,16,2025-01,2025-01-06,0.7477313974591652,0.7604416357957435,0,0,0,1,1
C00004391,P018894,2024-11-26,2024-12-03,DR0263,F021,Medicaid,Professional,Rejected,DX005,PR015,12438.59,9668.64,1918.96,196.3,,40,Male,West,Provider_0263,Orthopedics,Facility_021,Ambulatory Center,Small,Low Back Pain,Musculoskeletal,PR015,Major Surgery,Surgery,7,2024-11,2024-11-25,0.19847258766486292,0.7773099684128184,0,1,0,0,1
C00004397,P013724,2026-02-03,2026-02-19,DR0242,F017,Medicare,Outpatient,Paid,DX014,PR015,15259.36,14786.43,11590.74,356.78,,74,Female,South,Provider_0242,General Surgery,Facility_017,Hospital,Medium,Fracture/Injury,Acute,PR015,Major Surgery,Surgery,16,2026-02,2026-02-02,0.7838768384255023,0.9690072191756404,0,1,0,0,1
C00004405,P002569,2025-08-29,2025-08-31,DR0374,F022,Medicare,Outpatient,Paid,DX015,PR010,1284.55,1124.18,1061.81,6.76,,14,Male,Midwest,Provider_0374,General Surgery,Facility_022,Hospital,Large,Abdominal Pain,Acute,PR010,Colonoscopy,Procedure,2,2025-08,2025-08-25,0.944519560924407,0.8751547234440077,0,0,0,1,1
C00004416,P010618,2026-09-14,2026-09-29,,F003,Commercial,Professional,Paid,DX005,PR001,39.6,33.99,31.62,0.41,Missing Provider,75,Male,Northeast,,,Facility_003,Clinic,Small,Low Back Pain,Musculoskeletal,PR001,Office/Follow-up Visit,Professional,15,2026-09,2026-09-14,0.9302736098852603,0.8583333333333334,0,0,1,0,1
C00004589,P014291,2026-02-17,2026-02-18,DR0085,F021,Medicaid,Inpatient,Paid,DX016,PR019,8263.44,6818.22,4819.33,47.19,,63,Male,South,Provider_0085,Obstetrics & Gynecology,Facility_021,Ambulatory Center,Small,Pneumonia,Respiratory,PR019,Maternity Delivery,Obstetric,1,2026-02,2026-02-16,0.7068311084124596,0.8251067352095495,0,1,0,0,1
C00004625,P000979,2026-04-25,2026-05-19,DR0218,F016,Medicare,Inpatient,Paid,DX015,PR010,7868.66,7560.79,7326.8,37.65,,34,Female,South,Provider_0218,General Surgery,Facility_016,Hospital,Small,Abdominal Pain,Acute,PR010,Colonoscopy,Procedure,24,2026-04,2026-04-20,0.9690521757647018,0.9608738972074026,0,1,0,0,1
C00004646,P013914,2025-02-09,2025-03-10,DR0090,F004,Commercial,Professional,Paid,DX014,PR015,14109.58,10828.61,8982.08,317.64,,76,Female,Northeast,Provider_0090,General Surgery,Facility_004,Clinic,Medium,Fracture/Injury,Acute,PR015,Major Surgery,Surgery,29,2025-02,2025-02-03,0.8294767287768235,0.767465084006753,0,1,0,0,1
C00004752,P009002,2024-04-07,2024-04-27,DR0352,F022,Medicare,Outpatient,Paid,DX005,PR015,20758.51,19870.37,15884.23,549.0,,82,Female,Midwest,Provider_0352,Orthopedics,Facility_022,Hospital,Large,Low Back Pain,Musculoskeletal,PR015,Major Surgery,Surgery,20,2024-04,2024-04-01,0.7993927642011699,0.9572156190400949,0,1,0,0,1
C00004809,P010080,2024-03-25,2024-04-12,DR0371,F005,Self-Pay,Professional,Paid,DX016,PR025,78.07,57.01,60.74,0.0,Paid Greater Than Allowed,25,Male,Northeast,Provider_0371,Internal Medicine,Facility_005,Ambulatory Center,Small,Pneumonia,Respiratory,PR025,Other Clinical Service,Other,18,2024-03,2024-03-25,1.065427118049465,0.7302420904316639,1,0,0,0,1
C00004816,P000400,2026-02-18,2026-02-19,DR0011,F019,Commercial,Inpatient,Paid,DX015,PR015,11200.41,10250.75,7773.79,506.79,,65,Male,South,Provider_0011,General Surgery,Facility_019,Ambulatory Center,Medium,Abdominal Pain,Acute,PR015,Major Surgery,Surgery,1,2026-02,2026-02-16,0.7583630466063459,0.9152120324166705,0,1,0,0,1
C00004828,P004465,2024-11-12,2024-11-17,DR0302,F020,Commercial,Outpatient,Pending,DX001,PR020,330.84,255.47,0.0,48.84,,72,Female,Northeast,Provider_0302,Internal Medicine,Facility_020,Hospital,Large,Essential Hypertension,Chronic,PR020,Specialist Consultation,Professional,5,2024-11,2024-11-11,0.0,0.772185950912828,0,0,0,1,1
C00004878,P004132,2025-05-15,2025-05-31,DR0403,F003,Commercial,Inpatient,Paid,DX005,PR016,601.27,515.08,566.31,0.0,Paid Greater Than Allowed,60,Female,West,Provider_0403,Family Medicine,Facility_003,Clinic,Small,Low Back Pain,Musculoskeletal,PR016,Inpatient Daily Care,Inpatient,16,2025-05,2025-05-12,1.0994602780150655,0.8566534169341561,1,0,0,0,1
C00004904,P004606,2025-02-26,2025-03-27,DR0343,F020,Medicare Advantage,Inpatient,Paid,DX017,PR015,11097.79,10760.39,10196.41,90.93,,49,Female,South,Provider_0343,Oncology,Facility_020,Hospital,Large,Cancer - Active Treatment,Oncology,PR015,Major Surgery,Surgery,29,2025-02,2025-02-24,0.9475874015718762,0.9695975505032983,0,1,0,0,1
C00004953,P008546,2025-09-09,2025-09-10,,F011,Medicaid,Professional,Paid,DX008,PR003,36.84,31.38,25.74,0.16,Missing Provider,4,Female,West,,,Facility_011,Hospital,Large,Heart Failure,Cardiovascular,PR003,Routine Lab Panel,Diagnostic,1,2025-09,2025-09-08,0.8202676864244741,0.8517915309446253,0,0,1,0,1
C00004999,P018937,2024-06-01,2024-06-11,DR0191,F020,Medicaid,Professional,Paid,DX020,PR001,256.09,201.49,162.67,1.22,,55,Female,Northeast,Provider_0191,Family Medicine,Facility_020,Hospital,Large,Gastroesophageal Reflux,Chronic,PR001,Office/Follow-up Visit,Professional,10,2024-06,2024-05-27,0.8073353516303537,0.7867937053379672,0,0,0,1,1
C00005013,P009937,2024-12-11,2024-12-31,DR0276,F021,Medicaid,Inpatient,Paid,DX015,PR015,12075.23,11082.83,9204.39,54.17,,89,Male,Northeast,Provider_0276,Other,Facility_021,Ambulatory Center,Small,Abdominal Pain,Acute,PR015,Major Surgery,Surgery,20,2024-12,2024-12-09,0.8305089945438123,0.9178152300204634,0,1,0,0,1
C00005023,P010245,2024-11-01,2024-11-06,DR0404,F020,Medicare,Professional,Paid,DX006,PR015,8885.17,7375.83,6283.16,143.45,,67,Female,Northeast,Provider_0404,Orthopedics,Facility_020,Hospital,Large,Osteoarthritis,Musculoskeletal,PR015,Major Surgery,Surgery,5,2024-11,2024-10-28,0.8518580281812352,0.8301281798772562,0,1,0,0,1
C00005070,P001484,2026-01-30,2026-01-31,,F003,Medicaid,Professional,Paid,DX002,PR020,104.38,93.06,76.99,0.42,Missing Provider,16,Female,Midwest,,,Facility_003,Clinic,Small,Type 2 Diabetes,Chronic,PR020,Specialist Consultation,Professional,1,2026-01,2026-01-26,0.8273157102944336,0.8915501053841732,0,0,1,0,1
C00005093,P000155,2024-04-05,2024-05-03,,F005,Commercial,Professional,Paid,DX003,PR002,358.98,291.08,252.96,5.78,Missing Provider,70,Male,West,,,Facility_005,Ambulatory Center,Small,Upper Respiratory Infection,Acute,PR002,Emergency Department Visit,Emergency,28,2024-04,2024-04-01,0.8690394393293941,0.8108529723104351,0,0,1,0,1
C00005116,P008312,2026-02-26,2026-03-02,DR0301,F007,Medicaid,Professional,Paid,DX007,PR012,521.14,476.15,367.26,3.57,,46,Female,Northeast,Provider_0301,Cardiology,Facility_007,Hospital,Large,Coronary Artery Disease,Cardiovascular,PR012,Echocardiogram,Diagnostic,4,2026-02,2026-02-23,0.7713115614827261,0.9136700310856968,0,0,0,1,1
C00005192,P016208,2024-08-03,2024-08-30,DR0093,F013,Medicare,Professional,Paid,DX016,PR001,187.33,162.5,121.6,6.8,,68,Male,South,Provider_0093,Internal Medicine,Facility_013,Hospital,Large,Pneumonia,Respiratory,PR001,Office/Follow-up Visit,Professional,27,2024-08,2024-07-29,0.7483076923076922,0.8674531575294934,0,0,0,1,1
C00005201,P002230,2025-01-16,2025-02-05,DR0031,F004,Commercial,Professional,Paid,DX017,PR018,704.09,578.06,542.05,7.21,,76,Female,South,Provider_0031,Oncology,Facility_004,Clinic,Medium,Cancer - Active Treatment,Oncology,PR018,Radiation Therapy,Oncology,20,2025-01,2025-01-13,0.9377054285022316,0.8210029967759802,0,0,0,1,1
C00005212,P015869,2025-08-05,2025-08-26,DR0233,F001,Medicare,Professional,Paid,DX002,PR015,8242.18,6184.55,5403.84,128.46,,65,Male,West,Provider_0233,Other,Facility_001,Hospital,Large,Type 2 Diabetes,Chronic,PR015,Major Surgery,Surgery,21,2025-08,2025-08-04,0.8737644614402018,0.7503536685682671,0,1,0,0,1
C00005222,P006895,2024-12-05,2024-12-31,DR0090,F004,Medicare,Inpatient,Paid,DX008,PR015,10134.31,8462.5,5962.36,370.67,,45,Male,West,Provider_0090,General Surgery,Facility_004,Clinic,Medium,Heart Failure,Cardiovascular,PR015,Major Surgery,Surgery,26,2024-12,2024-12-02,0.7045624815361891,0.8350346496209412,0,1,0,0,1
C00005317,P019837,2025-12-26,2026-01-24,DR0372,F020,Medicaid,Professional,Paid,DX025,PR006,46.33,41.44,35.61,0.16,,25,Female,Northeast,Provider_0372,Emergency Medicine,Facility_020,Hospital,Large,Other Condition,Other,PR006,X-Ray,Diagnostic,29,2025-12,2025-12-22,0.8593146718146718,0.894452838333693,0,0,0,1,1
C00005333,P006921,2024-03-04,2024-03-16,DR0218,F016,Medicare,Professional,Paid,DX015,PR015,7711.01,7015.09,5876.08,143.5,,66,Male,South,Provider_0218,General Surgery,Facility_016,Hospital,Small,Abdominal Pain,Acute,PR015,Major Surgery,Surgery,12,2024-03,2024-03-04,0.8376342997737733,0.90974982524987,0,1,0,0,1
C00005392,P000725,2026-09-28,2026-10-05,DR0311,F013,Medicare,Outpatient,Paid,DX014,PR015,14735.77,11881.29,9765.36,227.01,,79,Male,West,Provider_0311,Orthopedics,Facility_013,Hospital,Large,Fracture/Injury,Acute,PR015,Major Surgery,Surgery,7,2026-09,2026-09-28,0.8219107521153006,0.8062890503855584,0,1,0,0,1
C00005399,P007502,2025-02-04,2025-02-15,DR0242,F017,Medicaid,Inpatient,Paid,DX015,PR015,10946.31,10427.63,7787.95,95.52,,72,Male,West,Provider_0242,General Surgery,Facility_017,Hospital,Medium,Abdominal Pain,Acute,PR015,Major Surgery,Surgery,11,2025-02,2025-02-03,0.746857147789095,0.9526159957099698,0,1,0,0,1
C00005419,P003056,2025-05-23,2025-05-31,DR0076,F014,Medicare,Professional,Paid,DX025,PR006,83.71,79.79,67.83,1.41,,73,Female,South,Provider_0076,Pediatrics,Facility_014,Hospital,Small,Other Condition,Other,PR006,X-Ray,Diagnostic,8,2025-05,2025-05-19,0.8501065296403058,0.953171664078366,0,0,0,1,1
C00005450,P004241,2026-09-06,2026-09-24,DR0241,F006,Medicaid,Professional,Rejected,DX014,PR015,27496.12,23750.86,1680.37,537.49,,7,Male,Northeast,Provider_0241,Orthopedics,Facility_006,Hospital,Small,Fracture/Injury,Acute,PR015,Major Surgery,Surgery,18,2026-09,2026-08-31,0.07074985916299452,0.8637895092107541,0,1,0,0,1
C00005467,P011340,2026-01-03,2026-01-28,DR0422,F018,Medicare,Professional,Paid,DX003,PR015,12846.58,9722.01,9047.63,72.25,,87,Male,Midwest,Provider_0422,Orthopedics,Facility_018,Specialty Center,Large,Upper Respiratory Infection,Acute,PR015,Major Surgery,Surgery,25,2026-01,2025-12-29,0.9306336858324563,0.7567780685598813,0,1,0,0,1
C00005531,P000426,2026-03-02,2026-03-31,DR0289,F011,Medicare,Outpatient,Paid,DX007,PR019,9736.15,9379.2,7653.08,289.72,,39,Male,South,Provider_0289,Other,Facility_011,Hospital,Large,Coronary Artery Disease,Cardiovascular,PR019,Maternity Delivery,Obstetric,29,2026-03,2026-03-02,0.8159629819174342,0.9633376642718119,0,1,0,0,1
C00005546,P018335,2026-01-30,2026-02-25,DR0234,F019,Medicare,Professional,Paid,DX005,PR015,17504.85,14158.49,12873.09,217.95,,45,Female,South,Provider_0234,Orthopedics,Facility_019,Ambulatory Center,Medium,Low Back Pain,Musculoskeletal,PR015,Major Surgery,Surgery,26,2026-01,2026-01-26,0.9092134825112,0.8088324093037074,0,1,0,0,1
C00005552,P006818,2024-05-07,2024-05-30,DR0084,F009,Medicare Advantage,Professional,Paid,DX011,PR019,13255.22,10519.12,8528.44,376.55,,19,Female,South,Provider_0084,Family Medicine,Facility_009,Hospital,Small,Depression,Behavioral Health,PR019,Maternity Delivery,Obstetric,23,2024-05,2024-05-06,0.8107560328240385,0.7935832072194955,0,1,0,0,1
C00005563,P007735,2025-09-11,2025-09-27,DR0163,F007,Commercial,Professional,Paid,DX006,PR015,8933.5,6469.24,5091.69,262.95,,65,Female,West,Provider_0163,Orthopedics,Facility_007,Hospital,Large,Osteoarthritis,Musculoskeletal,PR015,Major Surgery,Surgery,16,2025-09,2025-09-08,0.7870615404591574,0.7241551463592097,0,1,0,0,1
C00005612,P002775,2024-05-04,2024-05-09,DR0363,F015,Medicare,Professional,Paid,DX020,PR001,107.19,87.92,61.8,3.23,,30,Female,South,Provider_0363,Internal Medicine,Facility_015,Hospital,Small,Gastroesophageal Reflux,Chronic,PR001,Office/Follow-up Visit,Professional,5,2024-05,2024-04-29,0.7029117379435851,0.820225767329042,0,0,0,1,1
C00005641,P002405,2025-12-02,2025-12-30,,F012,Medicare Advantage,Professional,Paid,DX015,PR001,361.88,312.37,280.72,5.92,Missing Provider,85,Female,Northeast,,,Facility_012,Ambulatory Center,Medium,Abdominal Pain,Acute,PR001,Office/Follow-up Visit,Professional,28,2025-12,2025-12-01,0.8986778499855941,0.8631866917210125,0,0,1,0,1
C00005721,P011298,2025-12-01,2025-12-26,DR0288,F012,Medicare,Professional,Paid,DX024,PR003,34.03,30.04,23.93,0.88,,62,Male,Northeast,Provider_0288,Cardiology,Facility_012,Ambulatory Center,Medium,Thyroid Disorder,Chronic,PR003,Routine Lab Panel,Diagnostic,25,2025-12,2025-12-01,0.7966045272969374,0.8827505142521305,0,0,0,1,1
C00005747,P002922,2025-11-29,2025-12-23,DR0035,F008,Medicaid,Professional,Paid,DX008,PR015,8619.58,6070.77,4299.83,45.0,,20,Female,Midwest,Provider_0035,Other,Facility_008,Hospital,Small,Heart Failure,Cardiovascular,PR015,Major Surgery,Surgery,24,2025-11,2025-11-24,0.7082841221130103,0.7042999774931029,0,1,0,0,1
C00005823,P001055,2024-12-31,2025-01-11,DR0003,F001,Medicaid,Professional,Paid,DX003,PR006,61.1,55.56,59.11,0.0,Paid Greater Than Allowed,26,Female,Midwest,Provider_0003,Emergency Medicine,Facility_001,Hospital,Large,Upper Respiratory Infection,Acute,PR006,X-Ray,Diagnostic,11,2024-12,2024-12-30,1.0638948884089272,0.909328968903437,1,0,0,0,1
C00005873,P019500,2024-12-23,2025-01-12,DR0090,F004,Medicare,Professional,Rejected,DX025,PR015,11256.38,10876.32,1660.79,980.76,,25,Female,Midwest,Provider_0090,General Surgery,Facility_004,Clinic,Medium,Other Condition,Other,PR015,Major Surgery,Surgery,20,2024-12,2024-12-23,0.15269778748694413,0.9662360368075705,0,1,0,0,1
C00005877,P011082,2024-08-03,2024-08-30,,F025,Medicare,Outpatient,Paid,DX020,PR006,72.67,64.56,60.58,0.67,Missing Provider,23,Female,South,,,Facility_025,Hospital,Small,Gastroesophageal Reflux,Chronic,PR006,X-Ray,Diagnostic,27,2024-08,2024-07-29,0.938351920693928,0.8883996146965736,0,0,1,0,1
C00005879,P006161,2024-05-27,2024-06-19,DR0191,F020,Medicaid,Professional,Paid,DX025,PR003,36.82,31.66,29.77,0.05,,57,Female,South,Provider_0191,Family Medicine,Facility_020,Hospital,Large,Other Condition,Other,PR003,Routine Lab Panel,Diagnostic,23,2024-05,2024-05-27,0.9403032217308906,0.8598587724063009,0,0,0,1,1
C00005904,P000283,2025-11-16,2025-12-10,DR0241,F006,Medicaid,Professional,Paid,DX014,PR015,16072.91,11756.52,10606.94,28.35,,76,Female,Northeast,Provider_0241,Orthopedics,Facility_006,Hospital,Small,Fracture/Injury,Acute,PR015,Major Surgery,Surgery,24,2025-11,2025-11-10,0.9022176630499502,0.7314493766219061,0,1,0,0,1
C00005985,P015035,2025-12-28,2026-01-08,DR0150,F023,Medicare Advantage,Professional,Paid,DX015,PR007,75.85,67.9,73.91,0.0,Paid Greater Than Allowed,42,Female,South,Provider_0150,Other,Facility_023,Clinic,Medium,Abdominal Pain,Acute,PR007,Ultrasound,Diagnostic,11,2025-12,2025-12-22,1.0885125184094255,0.8951878707976271,1,0,0,0,1
C00006013,P019083,2025-01-02,2025-01-24,DR0374,F022,Medicare,Professional,Paid,DX014,PR015,16523.49,14766.9,11103.45,584.82,,67,Female,Midwest,Provider_0374,General Surgery,Facility_022,Hospital,Large,Fracture/Injury,Acute,PR015,Major Surgery,Surgery,22,2025-01,2024-12-30,0.7519147552973204,0.8936913448672162,0,1,0,0,1
C00006077,P004333,2024-03-25,2024-04-01,DR0404,F020,Medicare,Professional,Paid,DX014,PR015,8882.95,8537.33,6752.21,204.32,,65,Female,West,Provider_0404,Orthopedics,Facility_020,Hospital,Large,Fracture/Injury,Acute,PR015,Major Surgery,Surgery,7,2024-03,2024-03-25,0.7909041819866398,0.9610917544284274,0,1,0,0,1
C00006120,P015733,2024-07-21,2024-08-19,DR0311,F013,Medicare,Professional,Paid,DX005,PR008,253.37,224.26,173.08,8.91,,79,Female,West,Provider_0311,Orthopedics,Facility_013,Hospital,Large,Low Back Pain,Musculoskeletal,PR008,Physical Therapy Session,Therapy,29,2024-07,2024-07-15,0.7717827521626685,0.8851087342621462,0,0,0,1,1
C00006134,P003435,2025-08-23,2025-08-24,DR0288,F012,Medicare,Professional,Rejected,DX009,PR001,151.08,111.74,17.1,10.31,,69,Female,South,Provider_0288,Cardiology,Facility_012,Ambulatory Center,Medium,Asthma,Respiratory,PR001,Office/Follow-up Visit,Professional,1,2025-08,2025-08-18,0.15303382853051728,0.7396081546200688,0,0,0,1,1
C00006166,P003791,2024-02-07,2024-02-26,DR0277,F013,Medicare,Professional,Paid,DX021,PR015,10351.32,10032.23,8934.44,148.86,,45,Female,South,Provider_0277,Pediatrics,Facility_013,Hospital,Large,Skin Infection,Acute,PR015,Major Surgery,Surgery,19,2024-02,2024-02-05,0.8905736810260532,0.9691739797436462,0,1,0,0,1
C00006170,P007737,2025-01-30,2025-02-27,DR0263,F021,Other,Outpatient,Paid,DX006,PR015,9235.43,6705.43,6057.33,168.7,,76,Female,South,Provider_0263,Orthopedics,Facility_021,Ambulatory Center,Small,Osteoarthritis,Musculoskeletal,PR015,Major Surgery,Surgery,28,2025-01,2025-01-27,0.9033469889328499,0.7260549860699502,0,1,0,0,1
C00006199,P014618,2026-09-04,2026-09-30,DR0193,F007,Medicaid,Outpatient,Paid,DX005,PR015,11052.27,7886.99,6434.95,52.04,,70,Female,Northeast,Provider_0193,Other,Facility_007,Hospital,Large,Low Back Pain,Musculoskeletal,PR015,Major Surgery,Surgery,26,2026-09,2026-08-31,0.8158942765237436,0.7136081547048705,0,1,0,0,1
C00006214,P009323,2026-03-14,2026-04-11,DR0318,F023,Medicare,Professional,Rejected,DX006,PR015,9145.57,7096.8,1271.12,881.41,,56,Male,West,Provider_0318,Orthopedics,Facility_023,Clinic,Medium,Osteoarthritis,Musculoskeletal,PR015,Major Surgery,Surgery,28,2026-03,2026-03-09,0.17911171232104608,0.775982251516308,0,1,0,0,1
C00006279,P007101,2024-06-10,2024-06-19,DR0301,F007,Self-Pay,Professional,Paid,DX004,PR012,223.05,194.97,177.69,13.26,,70,Other,Midwest,Provider_0301,Cardiology,Facility_007,Hospital,Large,Hyperlipidemia,Chronic,PR012,Echocardiogram,Diagnostic,9,2024-06,2024-06-10,0.9113709801507924,0.8741089441829186,0,0,0,1,1
C00006314,P017876,2024-08-30,2024-09-07,DR0186,F013,Medicare,Outpatient,Rejected,DX001,PR015,7887.99,6911.16,1417.32,802.41,,89,Male,Northeast,Provider_0186,Obstetrics & Gynecology,Facility_013,Hospital,Large,Essential Hypertension,Chronic,PR015,Major Surgery,Surgery,8,2024-08,2024-08-26,0.20507700588613198,0.8761623683600005,0,1,0,0,1
C00006437,P012407,2026-05-07,2026-05-15,,F019,Commercial,Inpatient,Paid,DX010,PR002,1031.73,859.91,809.66,11.07,Missing Provider,9,Female,South,,,Facility_019,Ambulatory Center,Medium,COPD,Respiratory,PR002,Emergency Department Visit,Emergency,8,2026-05,2026-05-04,0.9415636520100941,0.833464181520359,0,0,1,0,1
C00006527,P010886,2026-06-10,2026-06-16,DR0073,F019,Medicare,Professional,Paid,DX019,PR015,11091.88,9918.87,8079.04,287.08,,71,Male,South,Provider_0073,Other,Facility_019,Ambulatory Center,Medium,Neurologic Disorder,Neurologic,PR015,Major Surgery,Surgery,6,2026-06,2026-06-08,0.8145121369672149,0.8942460610825218,0,1,0,0,1
C00006710,P012905,2026-07-31,2026-08-16,DR0404,F020,Medicare,Professional,Paid,DX001,PR015,8380.67,5989.66,4390.24,243.21,,29,Female,West,Provider_0404,Orthopedics,Facility_020,Hospital,Large,Essential Hypertension,Chronic,PR015,Major Surgery,Surgery,16,2026-07,2026-07-27,0.7329698179863298,0.7146994214066417,0,1,0,0,1
C00006731,P006867,2025-10-03,2025-10-07,DR0352,F022,Commercial,Professional,Paid,DX015,PR015,10482.62,7523.67,5514.99,496.09,,70,Male,Midwest,Provider_0352,Orthopedics,Facility_022,Hospital,Large,Abdominal Pain,Acute,PR015,Major Surgery,Surgery,4,2025-10,2025-09-29,0.7330185933194837,0.7177280107454052,0,1,0,0,1
C00006810,P014178,2026-07-20,2026-07-25,DR0052,F006,Commercial,Inpatient,Denied,DX015,PR015,19882.09,14614.72,2716.23,2224.91,,78,Female,Midwest,Provider_0052,General Surgery,Facility_006,Hospital,Small,Abdominal Pain,Acute,PR015,Major Surgery,Surgery,5,2026-07,2026-07-20,0.18585576733594622,0.7350696028435642,0,1,0,0,1
C00006844,P011665,2024-04-03,2024-04-18,DR0301,F007,Commercial,Professional,Paid,DX008,PR012,226.17,216.91,197.79,4.59,,49,Male,South,Provider_0301,Cardiology,Facility_007,Hospital,Large,Heart Failure,Cardiovascular,PR012,Echocardiogram,Diagnostic,15,2024-04,2024-04-01,0.9118528421926144,0.9590573462439758,0,0,0,1,1
C00006855,P016444,2025-10-14,2025-10-26,DR0052,F006,Self-Pay,Professional,Paid,DX015,PR015,7973.91,6105.28,4611.62,1070.2,,8,Female,Northeast,Provider_0052,General Surgery,Facility_006,Hospital,Small,Abdominal Pain,Acute,PR015,Major Surgery,Surgery,12,2025-10,2025-10-13,0.7553494680014676,0.7656569988876223,0,1,0,0,1
C00006874,P014651,2026-09-16,2026-09-27,,F008,Medicare,Inpatient,Paid,DX002,PR025,263.95,202.67,148.43,8.03,Missing Provider,94,Male,Northeast,,,Facility_008,Hospital,Small,Type 2 Diabetes,Chronic,PR025,Other Clinical Service,Other,11,2026-09,2026-09-14,0.7323728228154143,0.7678348172002273,0,0,1,0,1
C00006919,P018416,2024-04-20,2024-05-07,DR0163,F007,Other,Inpatient,Paid,DX006,PR015,9609.09,6825.83,5969.21,212.16,,85,Female,South,Provider_0163,Orthopedics,Facility_007,Hospital,Large,Osteoarthritis,Musculoskeletal,PR015,Major Surgery,Surgery,17,2024-04,2024-04-15,0.874503173972982,0.7103513444041006,0,1,0,0,1
C00006963,P006325,2025-07-17,2025-08-06,DR0443,F019,Commercial,Professional,Paid,DX005,PR006,54.13,49.0,39.85,1.55,,56,Male,West,Provider_0443,Family Medicine,Facility_019,Ambulatory Center,Medium,Low Back Pain,Musculoskeletal,PR006,X-Ray,Diagnostic,20,2025-07,2025-07-14,0.813265306122449,0.9052281544430075,0,0,0,1,1
C00007012,P010987,2025-01-29,2025-02-22,,F014,Self-Pay,Inpatient,Denied,DX025,PR003,32.61,31.62,7.62,17.24,Missing Provider,77,Female,South,,,Facility_014,Hospital,Small,Other Condition,Other,PR003,Routine Lab Panel,Diagnostic,24,2025-01,2025-01-27,0.2409867172675522,0.969641214351426,0,0,1,0,1
C00007051,P015326,2024-11-06,2024-11-09,DR0318,F023,Medicare,Inpatient,Paid,DX014,PR015,26343.42,25440.22,18723.48,802.71,,28,Male,South,Provider_0318,Orthopedics,Facility_023,Clinic,Medium,Fracture/Injury,Acute,PR015,Major Surgery,Surgery,3,2024-11,2024-11-04,0.7359794844541439,0.9657143985101404,0,1,0,0,1
C00007153,P018933,2026-06-22,2026-06-27,DR0242,F017,Medicaid,Professional,Paid,DX014,PR015,11493.4,8164.61,7764.1,9.3,,56,Female,South,Provider_0242,General Surgery,Facility_017,Hospital,Medium,Fracture/Injury,Acute,PR015,Major Surgery,Surgery,5,2026-06,2026-06-22,0.9509456054851365,0.7103737797344563,0,1,0,0,1
C00007188,P001291,2024-11-06,2024-11-22,DR0183,F002,Medicare,Outpatient,Paid,DX001,PR013,898.75,715.18,507.74,33.16,,35,Female,Northeast,Provider_0183,Other,Facility_002,Ambulatory Center,Large,Essential Hypertension,Chronic,PR013,Cataract Procedure,Surgery,16,2024-11,2024-11-04,0.7099471461729915,0.795749652294854,0,0,0,1,1
C00007415,P017782,2025-08-27,2025-09-13,DR0374,F022,Commercial,Inpatient,Paid,DX015,PR006,75.81,69.66,63.22,1.29,,73,Male,Midwest,Provider_0374,General Surgery,Facility_022,Hospital,Large,Abdominal Pain,Acute,PR006,X-Ray,Diagnostic,17,2025-08,2025-08-25,0.9075509618145278,0.9188761377127027,0,0,0,1,1
C00007430,P011767,2025-06-07,2025-06-27,DR0008,F009,Medicare,Inpatient,Paid,DX002,PR019,8388.19,7632.49,6866.14,83.45,,42,Female,South,Provider_0008,Family Medicine,Facility_009,Hospital,Small,Type 2 Diabetes,Chronic,PR019,Maternity Delivery,Obstetric,20,2025-06,2025-06-02,0.8995937105715174,0.9099090507010451,0,1,0,0,1
C00007540,P018580,2026-03-08,2026-03-18,DR0397,F019,Other,Inpatient,Paid,DX022,PR020,844.17,627.92,546.83,17.15,,71,Female,South,Provider_0397,Pediatrics,Facility_019,Ambulatory Center,Medium,Urinary Tract Infection,Acute,PR020,Specialist Consultation,Professional,10,2026-03,2026-03-02,0.8708593451395084,0.7438312188303303,0,0,0,1,1
C00007553,P016597,2025-05-23,2025-06-13,DR0076,F014,Medicare Advantage,Professional,Paid,DX025,PR020,112.65,86.9,75.32,2.15,,91,Female,West,Provider_0076,Pediatrics,Facility_014,Hospital,Small,Other Condition,Other,PR020,Specialist Consultation,Professional,21,2025-05,2025-05-19,0.8667433831990793,0.771415889924545,0,0,0,1,1
C00007568,P011107,2024-07-25,2024-08-06,DR0112,F023,Medicare Advantage,Inpatient,Paid,DX001,PR025,119.3,102.83,100.43,0.34,,45,Male,South,Provider_0112,Internal Medicine,Facility_023,Clinic,Medium,Essential Hypertension,Chronic,PR025,Other Clinical Service,Other,12,2024-07,2024-07-22,0.9766605076339591,0.8619446772841576,0,0,0,1,1
C00007643,P006106,2025-01-29,2025-02-15,DR0035,F008,Medicaid,Professional,Reversed,DX017,PR008,55.63,50.38,0.76,1.8,,69,Male,Midwest,Provider_0035,Other,Facility_008,Hospital,Small,Cancer - Active Treatment,Oncology,PR008,Physical Therapy Session,Therapy,17,2025-01,2025-01-27,0.015085351329892815,0.9056264605428725,0,0,0,1,1
C00007650,P006553,2024-01-22,2024-01-28,DR0226,F013,Medicare,Outpatient,Paid,DX011,PR008,254.97,225.15,200.89,2.68,,36,Female,West,Provider_0226,Family Medicine,Facility_013,Hospital,Large,Depression,Behavioral Health,PR008,Physical Therapy Session,Therapy,6,2024-01,2024-01-22,0.8922496113701975,0.8830450641251912,0,0,0,1,1
C00007879,P001204,2025-08-25,2025-09-04,DR0035,F008,Medicare Advantage,Outpatient,Paid,DX019,PR015,8093.14,7607.46,5411.89,325.21,,48,Male,South,Provider_0035,Other,Facility_008,Hospital,Small,Neurologic Disorder,Neurologic,PR015,Major Surgery,Surgery,10,2025-08,2025-08-25,0.7113925015708266,0.9399886817724641,0,1,0,0,1
C00007932,P018271,2024-09-21,2024-09-21,DR0263,F021,Commercial,Inpatient,Paid,DX014,PR015,12557.97,8817.94,7103.14,296.22,,3,Male,South,Provider_0263,Orthopedics,Facility_021,Ambulatory Center,Small,Fracture/Injury,Acute,PR015,Major Surgery,Surgery,0,2024-09,2024-09-16,0.8055328115183364,0.7021787757097685,0,1,0,0,1
C00007948,P015540,2025-09-19,2025-09-21,,F005,Medicare Advantage,Outpatient,Paid,DX002,PR001,117.31,94.68,69.69,4.51,Missing Provider,81,Male,Midwest,,,Facility_005,Ambulatory Center,Small,Type 2 Diabetes,Chronic,PR001,Office/Follow-up Visit,Professional,2,2025-09,2025-09-15,0.7360583016476552,0.8070923194953542,0,0,1,0,1
C00007965,P001781,2025-11-22,2025-11-25,DR0066,F008,Medicare,Outpatient,Paid,DX020,PR015,7671.21,6084.7,4582.96,256.58,,65,Male,West,Provider_0066,Internal Medicine,Facility_008,Hospital,Small,Gastroesophageal Reflux,Chronic,PR015,Major Surgery,Surgery,3,2025-11,2025-11-17,0.7531940769470968,0.7931864725382306,0,1,0,0,1
C00008035,P019800,2024-11-10,2024-12-10,DR0183,F002,Other,Inpatient,Paid,DX025,PR007,184.44,172.08,153.94,4.5,,70,Female,Midwest,Provider_0183,Other,Facility_002,Ambulatory Center,Large,Other Condition,Other,PR007,Ultrasound,Diagnostic,30,2024-11,2024-11-04,0.8945839144583914,0.9329863370201692,0,0,0,1,1
C00008045,P015772,2024-04-18,2024-05-17,DR0006,F007,Medicaid,Outpatient,Paid,DX012,PR015,7692.01,6984.93,5443.54,53.39,,45,Male,Northeast,Provider_0006,Orthopedics,Facility_007,Hospital,Large,Anxiety Disorder,Behavioral Health,PR015,Major Surgery,Surgery,29,2024-04,2024-04-15,0.7793263497271984,0.9080760425428465,0,1,0,0,1
C00008095,P016814,2025-05-23,2025-05-27,DR0076,F014,Commercial,Professional,Paid,DX025,PR001,116.98,109.29,98.24,2.11,,75,Male,Northeast,Provider_0076,Pediatrics,Facility_014,Hospital,Small,Other Condition,Other,PR001,Office/Follow-up Visit,Professional,4,2025-05,2025-05-19,0.8988928538750114,0.9342622670541973,0,0,0,1,1
C00008143,P018681,2024-01-24,2024-02-18,DR0311,F013,Medicare,Professional,Reversed,DX005,PR015,9292.25,8536.67,1662.36,835.18,,75,Female,Midwest,Provider_0311,Orthopedics,Facility_013,Hospital,Large,Low Back Pain,Musculoskeletal,PR015,Major Surgery,Surgery,25,2024-01,2024-01-22,0.1947316693745922,0.9186870779412952,0,1,0,0,1
C00008228,P013349,2024-11-08,2024-12-06,DR0183,F002,Medicare Advantage,Professional,Denied,DX009,PR001,140.38,116.52,12.94,15.2,,25,Female,South,Provider_0183,Other,Facility_002,Ambulatory Center,Large,Asthma,Respiratory,PR001,Office/Follow-up Visit,Professional,28,2024-11,2024-11-04,0.11105389632681084,0.8300327682005983,0,0,0,1,1
C00008251,P016371,2025-06-10,2025-07-05,DR0416,F014,Medicare,Inpatient,Paid,DX006,PR015,8889.1,6772.67,5209.92,229.5,,67,Female,Midwest,Provider_0416,Orthopedics,Facility_014,Hospital,Small,Osteoarthritis,Musculoskeletal,PR015,Major Surgery,Surgery,25,2025-06,2025-06-09,0.7692564380074624,0.761907279702107,0,1,0,0,1
C00008371,P011519,2026-07-01,2026-07-08,DR0174,F001,Commercial,Professional,Pending,DX015,PR006,52.44,48.21,50.21,0.0,Paid Greater Than Allowed,23,Male,Northeast,Provider_0174,Emergency Medicine,Facility_001,Hospital,Large,Abdominal Pain,Acute,PR006,X-Ray,Diagnostic,7,2026-07,2026-06-29,1.041485169052064,0.9193363844393593,1,0,0,0,1
C00008414,P019563,2026-05-06,2026-05-15,DR0224,F020,Medicare,Outpatient,Paid,DX003,PR019,9378.81,8883.01,7151.78,204.29,,54,Male,South,Provider_0224,Emergency Medicine,Facility_020,Hospital,Large,Upper Respiratory Infection,Acute,PR019,Maternity Delivery,Obstetric,9,2026-05,2026-05-04,0.8051077281236878,0.9471361505350893,0,1,0,0,1
C00008442,P017495,2026-05-22,2026-05-31,,F013,Medicare,Outpatient,Paid,DX006,PR001,228.86,172.25,167.86,0.53,Missing Provider,43,Male,Midwest,,,Facility_013,Hospital,Large,Osteoarthritis,Musculoskeletal,PR001,Office/Follow-up Visit,Professional,9,2026-05,2026-05-18,0.9745137880986938,0.7526435375338635,0,0,1,0,1
C00008452,P009930,2026-03-07,2026-04-04,,F017,Self-Pay,Professional,Paid,DX025,PR019,2424.64,2132.83,1894.69,129.43,Missing Provider,46,Female,Midwest,,,Facility_017,Hospital,Medium,Other Condition,Other,PR019,Maternity Delivery,Obstetric,28,2026-03,2026-03-02,0.888345531523844,0.8796481127095157,0,0,1,0,1
C00008730,P008040,2026-07-15,2026-08-06,DR0325,F021,Commercial,Inpatient,Paid,DX024,PR015,11393.17,8316.76,6256.29,309.89,,57,Female,South,Provider_0325,Other,Facility_021,Ambulatory Center,Small,Thyroid Disorder,Chronic,PR015,Major Surgery,Surgery,22,2026-07,2026-07-13,0.7522508765432693,0.7299776971641782,0,1,0,0,1
C00008808,P019886,2026-09-04,2026-09-20,DR0183,F002,Self-Pay,Inpatient,Paid,DX023,PR003,90.52,77.23,68.2,6.35,,42,Male,South,Provider_0183,Other,Facility_002,Ambulatory Center,Large,Migraine,Neurologic,PR003,Routine Lab Panel,Diagnostic,16,2026-09,2026-08-31,0.8830765246665804,0.8531816173221388,0,0,0,1,1
C00008915,P018671,2024-02-26,2024-03-16,DR0218,F016,Medicare,Inpatient,Paid,DX025,PR015,11191.73,9779.05,8944.05,145.55,,63,Female,Northeast,Provider_0218,General Surgery,Facility_016,Hospital,Small,Other Condition,Other,PR015,Major Surgery,Surgery,19,2024-02,2024-02-26,0.9146133826905476,0.8737746532484254,0,1,0,0,1
C00008936,P005358,2026-01-20,2026-01-24,,F022,Medicaid,Professional,Paid,DX025,PR020,171.01,139.83,122.05,0.48,Missing Provider,73,Female,Northeast,,,Facility_022,Hospital,Large,Other Condition,Other,PR020,Specialist Consultation,Professional,4,2026-01,2026-01-19,0.8728455982264177,0.8176714811999299,0,0,1,0,1
C00009002,P019400,2025-12-02,2025-12-04,DR0259,F002,Medicaid,Professional,Paid,DX014,PR015,8171.95,6692.27,5272.17,52.56,,79,Male,South,Provider_0259,Orthopedics,Facility_002,Ambulatory Center,Large,Fracture/Injury,Acute,PR015,Major Surgery,Surgery,2,2025-12,2025-12-01,0.7877999542756045,0.8189318338952148,0,1,0,0,1
C00009145,P016554,2024-02-03,2024-02-27,DR0443,F019,Medicaid,Professional,Paid,DX003,PR008,41.47,31.47,24.91,0.17,,66,Male,Midwest,Provider_0443,Family Medicine,Facility_019,Ambulatory Center,Medium,Upper Respiratory Infection,Acute,PR008,Physical Therapy Session,Therapy,24,2024-02,2024-01-29,0.7915475055608516,0.758861827827345,0,0,0,1,1
C00009187,P019420,2025-01-14,2025-02-04,DR0031,F004,Medicare,Inpatient,Pending,DX013,PR003,96.9,91.57,0.0,14.24,,74,Male,Midwest,Provider_0031,Oncology,Facility_004,Clinic,Medium,Chronic Kidney Disease,Chronic,PR003,Routine Lab Panel,Diagnostic,21,2025-01,2025-01-13,0.0,0.9449948400412795,0,0,0,1,1
C00009233,P019564,2025-01-18,2025-01-27,DR0226,F013,Medicare,Professional,Paid,DX005,PR016,1045.96,940.74,848.25,15.73,,52,Male,Northeast,Provider_0226,Family Medicine,Facility_013,Hospital,Large,Low Back Pain,Musculoskeletal,PR016,Inpatient Daily Care,Inpatient,9,2025-01,2025-01-13,0.9016837808533708,0.8994034188687904,0,0,0,1,1
C00009263,P018288,2024-04-18,2024-04-18,DR0173,F018,Medicare,Professional,Paid,DX003,PR008,115.77,104.74,96.66,1.02,,68,Male,South,Provider_0173,Family Medicine,Facility_018,Specialty Center,Large,Upper Respiratory Infection,Acute,PR008,Physical Therapy Session,Therapy,0,2024-04,2024-04-15,0.922856597288524,0.9047248855489333,0,0,0,1,1
C00009318,P010875,2024-06-07,2024-07-05,DR0374,F022,Medicare,Inpatient,Paid,DX012,PR015,13460.9,10873.05,8581.02,244.85,,79,Male,Midwest,Provider_0374,General Surgery,Facility_022,Hospital,Large,Anxiety Disorder,Behavioral Health,PR015,Major Surgery,Surgery,28,2024-06,2024-06-03,0.7892008222163975,0.8077505961711327,0,1,0,0,1
C00009430,P011373,2024-10-06,2024-10-28,DR0242,F017,Workers Comp,Professional,Paid,DX025,PR020,310.48,246.65,194.96,4.04,,76,Female,Midwest,Provider_0242,General Surgery,Facility_017,Hospital,Medium,Other Condition,Other,PR020,Specialist Consultation,Professional,22,2024-10,2024-09-30,0.7904317859314819,0.7944150992012368,0,0,0,1,1
C00009543,P001265,2025-03-08,2025-03-24,DR0107,F001,Medicaid,Inpatient,Paid,DX014,PR013,14362.14,13367.97,10980.12,85.75,,76,Female,West,Provider_0107,Cardiology,Facility_001,Hospital,Large,Fracture/Injury,Acute,PR013,Cataract Procedure,Surgery,16,2025-03,2025-03-03,0.8213752723861589,0.9307784216001237,0,1,0,0,1
C00009605,P014651,2026-08-05,2026-08-31,DR0404,F020,Medicare,Inpatient,Rejected,DX014,PR015,19937.79,15332.79,1574.43,1479.71,,94,Male,Northeast,Provider_0404,Orthopedics,Facility_020,Hospital,Large,Fracture/Injury,Acute,PR015,Major Surgery,Surgery,26,2026-08,2026-08-03,0.10268385597141812,0.7690315727069048,0,1,0,0,1
C00009608,P003877,2025-01-13,2025-01-17,DR0090,F004,Commercial,Inpatient,Paid,DX014,PR015,12834.56,10462.58,9868.41,148.06,,94,Male,South,Provider_0090,General Surgery,Facility_004,Clinic,Medium,Fracture/Injury,Acute,PR015,Major Surgery,Surgery,4,2025-01,2025-01-13,0.9432099921816607,0.8151880547521692,0,1,0,0,1
C00009689,P004466,2026-08-21,2026-09-14,DR0404,F020,Medicaid,Inpatient,Denied,DX014,PR015,13312.61,10906.34,1667.12,244.54,,12,Male,South,Provider_0404,Orthopedics,Facility_020,Hospital,Large,Fracture/Injury,Acute,PR015,Major Surgery,Surgery,24,2026-08,2026-08-17,0.15285787899515327,0.8192488174745598,0,1,0,0,1
C00009859,P007693,2026-09-16,2026-10-15,DR0404,F020,Medicare,Professional,Paid,DX006,PR015,9923.44,8046.61,6059.45,270.08,,69,Female,Midwest,Provider_0404,Orthopedics,Facility_020,Hospital,Large,Osteoarthritis,Musculoskeletal,PR015,Major Surgery,Surgery,29,2026-09,2026-09-14,0.7530438283948148,0.8108690131647895,0,1,0,0,1
C00009984,P011021,2024-08-02,2024-08-16,DR0093,F013,Self-Pay,Professional,Denied,DX020,PR020,1112.62,859.64,110.41,475.41,,73,Female,South,Provider_0093,Internal Medicine,Facility_013,Hospital,Large,Gastroesophageal Reflux,Chronic,PR020,Specialist Consultation,Professional,14,2024-08,2024-07-29,0.12843748545902936,0.7726267728424799,0,0,0,1,1
C00010031,P001585,2024-11-22,2024-12-10,,F017,Medicare,Professional,Paid,DX016,PR003,22.19,19.75,15.49,0.73,Missing Provider,65,Female,West,,,Facility_017,Hospital,Medium,Pneumonia,Respiratory,PR003,Routine Lab Panel,Diagnostic,18,2024-11,2024-11-18,0.7843037974683544,0.8900405588102749,0,0,1,0,1
C00010040,P019948,2026-03-08,2026-03-12,DR0105,F019,Commercial,Inpatient,Paid,DX020,PR015,14104.33,12219.32,9804.75,427.78,,36,Female,Midwest,Provider_0105,General Surgery,Facility_019,Ambulatory Center,Medium,Gastroesophageal Reflux,Chronic,PR015,Major Surgery,Surgery,4,2026-03,2026-03-02,0.8023973510800928,0.8663523896562261,0,1,0,0,1
C00010116,P001967,2024-01-16,2024-01-16,DR0105,F019,Other,Outpatient,Rejected,DX014,PR015,18150.88,13421.53,567.17,2972.32,,54,Female,Midwest,Provider_0105,General Surgery,Facility_019,Ambulatory Center,Medium,Fracture/Injury,Acute,PR015,Major Surgery,Surgery,0,2024-01,2024-01-15,0.04225822242322596,0.7394423851625926,0,1,0,0,1
C00010168,P016672,2026-06-18,2026-06-30,DR0352,F022,Commercial,Professional,Paid,DX006,PR015,15595.24,11905.14,10020.13,440.34,,90,Female,West,Provider_0352,Orthopedics,Facility_022,Hospital,Large,Osteoarthritis,Musculoskeletal,PR015,Major Surgery,Surgery,12,2026-06,2026-06-15,0.8416641887453654,0.7633829296631536,0,1,0,0,1
C00010487,P009324,2026-04-11,2026-04-25,DR0384,F002,Medicare,Inpatient,Paid,DX003,PR013,12016.17,9593.95,7833.19,204.89,,64,Female,Northeast,Provider_0384,Other,Facility_002,Ambulatory Center,Large,Upper Respiratory Infection,Acute,PR013,Cataract Procedure,Surgery,14,2026-04,2026-04-06,0.8164718390235512,0.7984199624339536,0,1,0,0,1
C00010629,P005267,2024-08-25,2024-09-23,DR0131,F024,Medicare,Professional,Denied,DX011,PR021,143.15,130.25,7.97,15.94,,55,Male,Midwest,Provider_0131,Neurology,Facility_024,Ambulatory Center,Medium,Depression,Behavioral Health,PR021,Behavioral Health Session,Behavioral,29,2024-08,2024-08-19,0.06119001919385796,0.9098847362906042,0,0,0,1,1
C00010711,P006182,2024-06-04,2024-06-11,DR0399,F022,Medicaid,Outpatient,Paid,DX014,PR015,11289.3,9162.26,8862.62,11.18,,76,Male,Midwest,Provider_0399,General Surgery,Facility_022,Hospital,Large,Fracture/Injury,Acute,PR015,Major Surgery,Surgery,7,2024-06,2024-06-03,0.9672962784291212,0.8115879638241521,0,1,0,0,1
C00010762,P007062,2024-11-04,2024-12-04,DR0081,F012,Medicare Advantage,Professional,Paid,DX001,PR001,206.89,198.71,193.52,0.76,,72,Female,South,Provider_0081,Internal Medicine,Facility_012,Ambulatory Center,Medium,Essential Hypertension,Chronic,PR001,Office/Follow-up Visit,Professional,30,2024-11,2024-11-04,0.9738815359065975,0.9604620812992413,0,0,0,1,1
C00010791,P005603,2026-02-15,2026-03-15,DR0382,F012,Medicare,Professional,Paid,DX009,PR001,41.38,31.34,25.87,0.93,,67,Female,South,Provider_0382,Pediatrics,Facility_012,Ambulatory Center,Medium,Asthma,Respiratory,PR001,Office/Follow-up Visit,Professional,28,2026-02,2026-02-09,0.8254626675175495,0.7573707104881585,0,0,0,1,1
C00010792,P011238,2025-02-02,2025-02-07,,F011,Medicaid,Outpatient,Paid,DX012,PR008,89.32,69.66,56.32,0.4,Missing Provider,90,Female,Midwest,,,Facility_011,Hospital,Large,Anxiety Disorder,Behavioral Health,PR008,Physical Therapy Session,Therapy,5,2025-02,2025-01-27,0.8084984209015217,0.7798925212718316,0,0,1,0,1
C00010837,P000320,2026-09-23,2026-10-04,DR0242,F017,Medicare,Inpatient,Paid,DX025,PR010,10881.53,8821.43,6701.45,284.83,,34,Male,Northeast,Provider_0242,General Surgery,Facility_017,Hospital,Medium,Other Condition,Other,PR010,Colonoscopy,Procedure,11,2026-09,2026-09-21,0.7596784194852761,0.8106791967673663,0,1,0,0,1
C00010843,P012209,2024-12-16,2025-01-05,DR0376,F022,Medicare,Outpatient,Paid,DX006,PR015,15736.5,13500.73,13170.11,42.9,,73,Female,West,Provider_0376,Orthopedics,Facility_022,Hospital,Large,Osteoarthritis,Musculoskeletal,PR015,Major Surgery,Surgery,20,2024-12,2024-12-16,0.9755109538521252,0.8579245702665776,0,1,0,0,1
C00010862,P001701,2025-02-02,2025-02-16,DR0035,F008,Medicare,Outpatient,Paid,DX003,PR006,41.67,31.33,24.47,0.99,,25,Female,South,Provider_0035,Other,Facility_008,Hospital,Small,Upper Respiratory Infection,Acute,PR006,X-Ray,Diagnostic,14,2025-02,2025-01-27,0.7810405362272582,0.751859851211903,0,0,0,1,1
C00010894,P004286,2025-12-06,2025-12-11,DR0288,F012,Self-Pay,Inpatient,Paid,DX004,PR003,184.59,175.44,161.86,10.0,,76,Female,Northeast,Provider_0288,Cardiology,Facility_012,Ambulatory Center,Medium,Hyperlipidemia,Chronic,PR003,Routine Lab Panel,Diagnostic,5,2025-12,2025-12-01,0.9225946192430462,0.9504306842190801,0,0,0,1,1
C00010965,P007079,2025-01-19,2025-01-29,DR0226,F013,Commercial,Inpatient,Paid,DX003,PR020,828.66,605.36,493.34,18.01,,24,Male,West,Provider_0226,Family Medicine,Facility_013,Hospital,Large,Upper Respiratory Infection,Acute,PR020,Specialist Consultation,Professional,10,2025-01,2025-01-13,0.8149530857671468,0.7305288055414767,0,0,0,1,1
C00010986,P016439,2025-05-24,2025-06-21,DR0152,F013,Medicare,Outpatient,Paid,DX023,PR015,9209.62,8382.09,6146.66,310.42,,58,Male,Northeast,Provider_0152,Other,Facility_013,Hospital,Large,Migraine,Neurologic,PR015,Major Surgery,Surgery,28,2025-05,2025-05-19,0.7333087571238199,0.9101450439866139,0,1,0,0,1
C00011278,P016566,2024-09-21,2024-10-04,DR0245,F017,Commercial,Professional,Denied,DX007,PR015,8185.78,7045.4,300.66,1345.26,,91,Female,Midwest,Provider_0245,Other,Facility_017,Hospital,Medium,Coronary Artery Disease,Cardiovascular,PR015,Major Surgery,Surgery,13,2024-09,2024-09-16,0.04267465296505522,0.8606876803432293,0,1,0,0,1
C00011284,P017121,2026-04-27,2026-05-07,DR0211,F010,Medicare,Professional,Paid,DX001,PR006,51.19,42.1,43.91,0.0,Paid Greater Than Allowed,95,Female,Northeast,Provider_0211,Family Medicine,Facility_010,Hospital,Medium,Essential Hypertension,Chronic,PR006,X-Ray,Diagnostic,10,2026-04,2026-04-27,1.0429928741092636,0.8224262551279548,1,0,0,0,1
C00011315,P014817,2026-04-29,2026-05-02,DR0221,F009,Commercial,Outpatient,Paid,DX015,PR015,21959.46,20564.39,16799.18,771.45,,67,Female,South,Provider_0221,General Surgery,Facility_009,Hospital,Small,Abdominal Pain,Acute,PR015,Major Surgery,Surgery,3,2026-04,2026-04-27,0.8169063123195,0.9364706600253376,0,1,0,0,1
C00011362,P008686,2024-05-17,2024-05-21,DR0336,F017,Medicare,Professional,Paid,DX025,PR020,106.61,98.17,92.81,0.59,,81,Female,South,Provider_0336,Family Medicine,Facility_017,Hospital,Medium,Other Condition,Other,PR020,Specialist Consultation,Professional,4,2024-05,2024-05-13,0.9454008352857288,0.9208329425007035,0,0,0,1,1
C00011364,P019436,2025-11-01,2025-11-19,DR0400,F016,Commercial,Inpatient,Paid,DX022,PR015,10673.22,9320.29,7036.57,498.21,,56,Female,Midwest,Provider_0400,Other,Facility_016,Hospital,Small,Urinary Tract Infection,Acute,PR015,Major Surgery,Surgery,18,2025-11,2025-10-27,0.7549732894577313,0.8732406902509272,0,1,0,0,1
C00011442,P003873,2024-11-07,2024-11-19,DR0081,F012,Medicare Advantage,Outpatient,Paid,DX020,PR003,83.33,65.12,54.26,1.4,,72,Female,Northeast,Provider_0081,Internal Medicine,Facility_012,Ambulatory Center,Medium,Gastroesophageal Reflux,Chronic,PR003,Routine Lab Panel,Diagnostic,12,2024-11,2024-11-04,0.8332309582309582,0.7814712588503541,0,0,0,1,1
C00011511,P007421,2024-05-13,2024-05-16,DR0336,F017,Medicare Advantage,Professional,Paid,DX012,PR001,89.24,72.71,52.26,3.52,,47,Male,South,Provider_0336,Family Medicine,Facility_017,Hospital,Medium,Anxiety Disorder,Behavioral Health,PR001,Office/Follow-up Visit,Professional,3,2024-05,2024-05-13,0.7187457021042498,0.8147691618108471,0,0,0,1,1
C00011563,P016764,2024-01-30,2024-02-17,DR0448,F008,Medicare,Professional,Paid,DX009,PR015,8696.99,7611.98,7279.71,58.14,,18,Male,South,Provider_0448,Orthopedics,Facility_008,Hospital,Small,Asthma,Respiratory,PR015,Major Surgery,Surgery,18,2024-01,2024-01-29,0.9563490708068072,0.8752430438577025,0,1,0,0,1
C00011570,P019065,2024-02-01,2024-02-06,DR0443,F019,Medicaid,Inpatient,Paid,DX001,PR006,69.98,61.32,43.64,0.43,,68,Female,West,Provider_0443,Family Medicine,Facility_019,Ambulatory Center,Medium,Essential Hypertension,Chronic,PR006,X-Ray,Diagnostic,5,2024-02,2024-01-29,0.7116764514024788,0.8762503572449271,0,0,0,1,1
C00011577,P007870,2025-01-03,2025-02-02,DR0412,F022,Medicaid,Outpatient,Paid,DX017,PR015,17698.27,12960.31,12678.27,6.64,,20,Female,West,Provider_0412,Pediatrics,Facility_022,Hospital,Large,Cancer - Active Treatment,Oncology,PR015,Major Surgery,Surgery,30,2025-01,2024-12-30,0.9782381748584719,0.7322924783043766,0,1,0,0,1
C00011715,P013195,2026-03-04,2026-03-24,,F019,Medicare,Outpatient,Paid,DX017,PR018,1578.12,1320.03,1212.47,18.1,Missing Provider,48,Female,West,,,Facility_019,Ambulatory Center,Medium,Cancer - Active Treatment,Oncology,PR018,Radiation Therapy,Oncology,20,2026-03,2026-03-02,0.9185170034014379,0.8364573036271007,0,0,1,0,1
C00011721,P004157,2025-02-05,2025-02-07,DR0431,F025,Medicare,Outpatient,Paid,DX002,PR025,103.08,84.95,75.98,1.03,,32,Male,South,Provider_0431,Internal Medicine,Facility_025,Hospital,Small,Type 2 Diabetes,Chronic,PR025,Other Clinical Service,Other,2,2025-02,2025-02-03,0.894408475573867,0.8241171905316259,0,0,0,1,1
C00011729,P002491,2026-09-21,2026-10-13,DR0352,F022,Commercial,Professional,Paid,DX017,PR015,31423.01,26421.55,24295.09,439.65,,84,Female,South,Provider_0352,Orthopedics,Facility_022,Hospital,Large,Cancer - Active Treatment,Oncology,PR015,Major Surgery,Surgery,22,2026-09,2026-09-21,0.9195179692334478,0.8408344712998532,0,1,0,0,1
C00011750,P011746,2024-01-31,2024-02-16,,F020,Medicare,Outpatient,Paid,DX014,PR016,598.13,518.75,492.26,3.79,Missing Provider,21,Male,South,,,Facility_020,Hospital,Large,Fracture/Injury,Acute,PR016,Inpatient Daily Care,Inpatient,16,2024-01,2024-01-29,0.9489349397590361,0.8672863758714661,0,0,1,0,1
C00011785,P009151,2024-04-16,2024-05-12,DR0163,F007,Self-Pay,Professional,Paid,DX005,PR015,7776.24,6843.14,5040.16,1020.38,,54,Female,South,Provider_0163,Orthopedics,Facility_007,Hospital,Large,Low Back Pain,Musculoskeletal,PR015,Major Surgery,Surgery,26,2024-04,2024-04-15,0.7365273836279835,0.8800062755264756,0,1,0,0,1
C00011896,P011388,2026-05-30,2026-06-11,DR0184,F019,Commercial,Outpatient,Paid,DX004,PR010,8010.06,7281.01,6699.1,116.21,,81,Female,Midwest,Provider_0184,Other,Facility_019,Ambulatory Center,Medium,Hyperlipidemia,Chronic,PR010,Colonoscopy,Procedure,12,2026-05,2026-05-25,0.9200783957170777,0.908983203621446,0,1,0,0,1
C00011943,P019128,2024-04-19,2024-04-30,DR0282,F011,Medicare,Professional,Paid,DX001,PR006,56.88,46.73,38.61,1.08,,36,Female,West,Provider_0282,Family Medicine,Facility_011,Hospital,Large,Essential Hypertension,Chronic,PR006,X-Ray,Diagnostic,11,2024-04,2024-04-15,0.8262358228118982,0.8215541490857946,0,0,0,1,1
C00011944,P014439,2025-08-27,2025-09-24,DR0374,F022,Other,Inpatient,Paid,DX014,PR024,101.41,88.16,71.97,4.33,,68,Male,Northeast,Provider_0374,General Surgery,Facility_022,Hospital,Large,Fracture/Injury,Acute,PR024,Home Health Visit,Home Health,28,2025-08,2025-08-25,0.8163566243194192,0.8693422739374815,0,0,0,1,1
C00012029,P012077,2026-05-19,2026-05-29,DR0374,F022,Commercial,Inpatient,Paid,DX015,PR015,12312.17,11817.9,11326.86,82.97,,88,Male,Midwest,Provider_0374,General Surgery,Facility_022,Hospital,Large,Abdominal Pain,Acute,PR015,Major Surgery,Surgery,10,2026-05,2026-05-18,0.958449470718148,0.9598551676918041,0,1,0,0,1
C00012096,P006706,2024-01-16,2024-01-31,DR0175,F004,Medicare Advantage,Professional,Paid,DX020,PR015,7995.74,6445.4,5074.33,222.12,,90,Female,South,Provider_0175,Internal Medicine,Facility_004,Clinic,Medium,Gastroesophageal Reflux,Chronic,PR015,Major Surgery,Surgery,15,2024-01,2024-01-15,0.7872792999658672,0.8061042505133984,0,1,0,0,1
C00012100,P013721,2024-02-10,2024-02-10,,F019,Medicare,Inpatient,Denied,DX005,PR009,317.78,278.53,69.54,25.36,Missing Provider,62,Female,Northeast,,,Facility_019,Ambulatory Center,Medium,Low Back Pain,Musculoskeletal,PR009,Joint Injection,Procedure,0,2024-02,2024-02-05,0.24966789932861816,0.8764868777141418,0,0,1,0,1
C00012104,P004281,2024-12-31,2025-01-15,DR0240,F013,Medicare,Professional,Paid,DX016,PR006,74.6,60.67,47.36,1.51,,62,Male,South,Provider_0240,Pediatrics,Facility_013,Hospital,Large,Pneumonia,Respiratory,PR006,X-Ray,Diagnostic,15,2024-12,2024-12-30,0.7806164496456238,0.8132707774798928,0,0,0,1,1
C00012221,P014362,2024-11-09,2024-12-01,DR0183,F002,Medicaid,Inpatient,Paid,DX014,PR016,1956.2,1668.38,1351.8,8.1,,90,Female,South,Provider_0183,Other,Facility_002,Ambulatory Center,Large,Fracture/Injury,Acute,PR016,Inpatient Daily Care,Inpatient,22,2024-11,2024-11-04,0.8102470660161354,0.8528678049279215,0,0,0,1,1
C00012342,P007385,2025-03-26,2025-04-15,DR0105,F019,Medicare,Inpatient,Rejected,DX001,PR015,18232.79,17172.91,1017.58,1932.98,,47,Female,South,Provider_0105,General Surgery,Facility_019,Ambulatory Center,Medium,Essential Hypertension,Chronic,PR015,Major Surgery,Surgery,20,2025-03,2025-03-24,0.05925495446025164,0.9418695657658537,0,1,0,0,1
C00012441,P011909,2024-07-25,2024-07-27,,F023,Commercial,Professional,Paid,DX005,PR005,1078.83,913.48,764.05,31.5,Missing Provider,61,Male,South,,,Facility_023,Clinic,Medium,Low Back Pain,Musculoskeletal,PR005,MRI,Diagnostic,2,2024-07,2024-07-22,0.8364167797871874,0.8467321079317409,0,0,1,0,1
C00012512,P005191,2024-04-15,2024-05-05,DR0282,F011,Medicare,Professional,Rejected,DX011,PR006,56.64,46.72,5.37,4.93,,67,Female,Midwest,Provider_0282,Family Medicine,Facility_011,Hospital,Large,Depression,Behavioral Health,PR006,X-Ray,Diagnostic,20,2024-04,2024-04-15,0.1149400684931507,0.8248587570621468,0,0,0,1,1
C00012524,P011953,2024-07-14,2024-07-30,DR0416,F014,Medicaid,Outpatient,Paid,DX006,PR015,8238.25,7064.03,6327.13,25.65,,95,Male,West,Provider_0416,Orthopedics,Facility_014,Hospital,Small,Osteoarthritis,Musculoskeletal,PR015,Major Surgery,Surgery,16,2024-07,2024-07-08,0.8956827759791508,0.8574673019148484,0,1,0,0,1
C00012576,P006293,2024-10-31,2024-11-25,DR0433,F005,Medicaid,Professional,Paid,DX013,PR015,11284.95,9505.71,8458.64,37.05,,54,Male,Northeast,Provider_0433,Other,Facility_005,Ambulatory Center,Small,Chronic Kidney Disease,Chronic,PR015,Major Surgery,Surgery,25,2024-10,2024-10-28,0.889848312224968,0.8423351454813711,0,1,0,0,1
C00012628,P000828,2025-08-09,2025-08-23,DR0052,F006,Commercial,Outpatient,Paid,DX021,PR015,10419.85,9909.82,8189.79,282.38,,76,Male,South,Provider_0052,General Surgery,Facility_006,Hospital,Small,Skin Infection,Acute,PR015,Major Surgery,Surgery,14,2025-08,2025-08-04,0.8264317616263465,0.951052078484815,0,1,0,0,1
C00012648,P008466,2025-09-24,2025-10-10,DR0388,F001,Medicare,Professional,Paid,DX014,PR015,19365.18,18371.56,13361.85,596.12,,77,Female,South,Provider_0388,General Surgery,Facility_001,Hospital,Large,Fracture/Injury,Acute,PR015,Major Surgery,Surgery,16,2025-09,2025-09-22,0.7273116708651851,0.9486903813958869,0,1,0,0,1
C00012667,P015004,2025-07-07,2025-07-25,DR0011,F019,Commercial,Professional,Rejected,DX025,PR015,12947.42,10304.34,1998.0,1387.53,,69,Female,South,Provider_0011,General Surgery,Facility_019,Ambulatory Center,Medium,Other Condition,Other,PR015,Major Surgery,Surgery,18,2025-07,2025-07-07,0.19389888144218845,0.7958604880354542,0,1,0,0,1
C00012668,P005834,2026-03-06,2026-04-01,DR0350,F005,Medicare Advantage,Inpatient,Rejected,DX015,PR015,24275.96,20239.47,4109.17,2690.09,,94,Male,Midwest,Provider_0350,General Surgery,Facility_005,Ambulatory Center,Small,Abdominal Pain,Acute,PR015,Major Surgery,Surgery,26,2026-03,2026-03-02,0.20302754963445188,0.8337248042919828,0,1,0,0,1
C00012695,P009820,2024-12-30,2025-01-09,DR0240,F013,Medicare Advantage,Professional,Paid,DX003,PR020,383.52,329.51,281.92,6.71,,74,Female,Midwest,Provider_0240,Pediatrics,Facility_013,Hospital,Large,Upper Respiratory Infection,Acute,PR020,Specialist Consultation,Professional,10,2024-12,2024-12-30,0.8555734272100999,0.8591729244889446,0,0,0,1,1
C00013029,P005185,2025-12-08,2026-01-01,DR0204,F002,Self-Pay,Outpatient,Paid,DX001,PR001,65.59,51.97,53.93,0.0,Paid Greater Than Allowed,75,Female,Midwest,Provider_0204,Family Medicine,Facility_002,Ambulatory Center,Large,Essential Hypertension,Chronic,PR001,Office/Follow-up Visit,Professional,24,2025-12,2025-12-08,1.0377140658071964,0.7923463942674187,1,0,0,0,1
C00013135,P013277,2025-05-08,2025-05-17,DR0242,F017,Commercial,Professional,Paid,DX014,PR015,9707.7,7265.4,5196.16,323.03,,72,Female,Midwest,Provider_0242,General Surgery,Facility_017,Hospital,Medium,Fracture/Injury,Acute,PR015,Major Surgery,Surgery,9,2025-05,2025-05-05,0.7151925565006745,0.7484162056923884,0,1,0,0,1
C00013223,P018460,2024-05-31,2024-06-10,DR0242,F017,Commercial,Professional,Paid,DX025,PR015,18532.85,17268.88,16814.54,90.51,,77,Female,West,Provider_0242,General Surgery,Facility_017,Hospital,Medium,Other Condition,Other,PR015,Major Surgery,Surgery,10,2024-05,2024-05-27,0.9736902451114374,0.9317984012172981,0,1,0,0,1
C00013266,P019866,2025-07-23,2025-08-13,DR0352,F022,Medicare,Outpatient,Paid,DX005,PR015,14429.9,13606.68,10741.34,379.89,,10,Female,South,Provider_0352,Orthopedics,Facility_022,Hospital,Large,Low Back Pain,Musculoskeletal,PR015,Major Surgery,Surgery,21,2025-07,2025-07-21,0.7894166688714661,0.9429504015966848,0,1,0,0,1
C00013301,P000796,2024-08-03,2024-08-04,DR0372,F020,Commercial,Professional,Paid,DX025,PR015,14816.98,12942.63,12454.89,98.62,,69,Male,South,Provider_0372,Emergency Medicine,Facility_020,Hospital,Large,Other Condition,Other,PR015,Major Surgery,Surgery,1,2024-08,2024-07-29,0.9623152326845471,0.8734998629950232,0,1,0,0,1
C00013345,P013680,2024-08-04,2024-09-02,,F002,Medicaid,Professional,Paid,DX020,PR002,513.79,399.8,315.17,2.91,Missing Provider,17,Female,Northeast,,,Facility_002,Ambulatory Center,Large,Gastroesophageal Reflux,Chronic,PR002,Emergency Department Visit,Emergency,29,2024-08,2024-07-29,0.7883191595797899,0.7781389283559431,0,0,1,0,1
C00013366,P017937,2026-01-31,2026-03-01,,F008,Other,Professional,Paid,DX025,PR006,40.31,36.95,31.57,1.54,Missing Provider,74,Male,Midwest,,,Facility_008,Hospital,Small,Other Condition,Other,PR006,X-Ray,Diagnostic,29,2026-01,2026-01-26,0.8543978349120432,0.9166459935499877,0,0,1,0,1
C00013520,P002556,2024-10-28,2024-11-12,DR0011,F019,Medicaid,Professional,Paid,DX015,PR015,14718.99,12825.95,11190.34,45.59,,26,Female,South,Provider_0011,General Surgery,Facility_019,Ambulatory Center,Medium,Abdominal Pain,Acute,PR015,Major Surgery,Surgery,15,2024-10,2024-10-28,0.8724765027151985,0.8713879145240265,0,1,0,0,1
C00013585,P007253,2024-11-06,2024-11-22,DR0081,F012,Medicare,Outpatient,Paid,DX001,PR020,244.17,172.47,137.61,5.94,,69,Male,South,Provider_0081,Internal Medicine,Facility_012,Ambulatory Center,Medium,Essential Hypertension,Chronic,PR020,Specialist Consultation,Professional,16,2024-11,2024-11-04,0.7978778918072709,0.7063521317115125,0,0,0,1,1
C00013628,P001455,2024-04-03,2024-04-24,DR0189,F019,Medicare Advantage,Professional,Paid,DX025,PR018,2406.54,1895.69,1613.36,52.84,,75,Male,South,Provider_0189,Oncology,Facility_019,Ambulatory Center,Medium,Other Condition,Other,PR018,Radiation Therapy,Oncology,21,2024-04,2024-04-01,0.8510674213610875,0.7877242846576413,0,0,0,1,1
C00013641,P003998,2025-07-17,2025-07-21,DR0443,F019,Commercial,Inpatient,Pending,DX002,PR001,111.34,79.22,0.0,18.23,,1,Male,West,Provider_0443,Family Medicine,Facility_019,Ambulatory Center,Medium,Type 2 Diabetes,Chronic,PR001,Office/Follow-up Visit,Professional,4,2025-07,2025-07-14,0.0,0.7115142805820011,0,0,0,1,1
C00013665,P016126,2025-06-15,2025-07-14,,F011,Medicare Advantage,Inpatient,Paid,DX003,PR008,35.44,29.44,24.55,0.73,Missing Provider,77,Female,West,,,Facility_011,Hospital,Large,Upper Respiratory Infection,Acute,PR008,Physical Therapy Session,Therapy,29,2025-06,2025-06-09,0.8338994565217391,0.8306997742663658,0,0,1,0,1
C00013786,P016802,2024-06-12,2024-06-21,DR0301,F007,Commercial,Professional,Paid,DX008,PR001,209.46,151.8,134.8,3.17,,59,Male,South,Provider_0301,Cardiology,Facility_007,Hospital,Large,Heart Failure,Cardiovascular,PR001,Office/Follow-up Visit,Professional,9,2024-06,2024-06-10,0.8880105401844532,0.7247207103981668,0,0,0,1,1
C00013813,P009584,2024-01-05,2024-01-26,DR0163,F007,Medicaid,Outpatient,Paid,DX005,PR015,13459.93,10274.33,8643.82,43.66,,20,Female,Midwest,Provider_0163,Orthopedics,Facility_007,Hospital,Large,Low Back Pain,Musculoskeletal,PR015,Major Surgery,Surgery,21,2024-01,2024-01-01,0.8413025472220573,0.7633271495468401,0,1,0,0,1
C00013816,P008803,2024-03-09,2024-03-20,DR0263,F021,Commercial,Professional,Paid,DX014,PR015,8903.02,6615.6,5165.83,322.64,,77,Female,South,Provider_0263,Orthopedics,Facility_021,Ambulatory Center,Small,Fracture/Injury,Acute,PR015,Major Surgery,Surgery,11,2024-03,2024-03-04,0.7808558558558558,0.7430736985876703,0,1,0,0,1
C00013867,P005203,2024-04-16,2024-04-16,DR0282,F011,Medicaid,Outpatient,Paid,DX004,PR012,359.8,268.38,243.3,0.86,,69,Male,South,Provider_0282,Family Medicine,Facility_011,Hospital,Large,Hyperlipidemia,Chronic,PR012,Echocardiogram,Diagnostic,0,2024-04,2024-04-15,0.9065504135926672,0.7459143968871595,0,0,0,1,1
C00013877,P016898,2024-07-16,2024-08-10,DR0311,F013,Medicare Advantage,Professional,Paid,DX014,PR008,136.68,101.97,88.74,1.91,,86,Male,Northeast,Provider_0311,Orthopedics,Facility_013,Hospital,Large,Fracture/Injury,Acute,PR008,Physical Therapy Session,Therapy,25,2024-07,2024-07-15,0.8702559576345984,0.7460491659350307,0,0,0,1,1
C00014037,P015178,2025-02-04,2025-02-04,DR0183,F002,Medicare,Outpatient,Paid,DX009,PR012,1029.05,891.34,762.05,14.78,,46,Male,South,Provider_0183,Other,Facility_002,Ambulatory Center,Large,Asthma,Respiratory,PR012,Echocardiogram,Diagnostic,0,2025-02,2025-02-03,0.854948728880113,0.8661775423934698,0,0,0,1,1
C00014059,P008135,2024-10-12,2024-10-22,DR0035,F008,Commercial,Professional,Paid,DX019,PR015,24681.02,22046.49,15447.87,1602.94,,32,Male,South,Provider_0035,Other,Facility_008,Hospital,Small,Neurologic Disorder,Neurologic,PR015,Major Surgery,Surgery,10,2024-10,2024-10-07,0.7006952127073289,0.8932568427074732,0,1,0,0,1
C00014098,P008750,2024-10-22,2024-11-20,DR0265,F024,Medicaid,Professional,Paid,DX004,PR015,13572.15,11603.59,10278.81,37.66,,96,Female,Northeast,Provider_0265,Cardiology,Facility_024,Ambulatory Center,Medium,Hyperlipidemia,Chronic,PR015,Major Surgery,Surgery,29,2024-10,2024-10-21,0.8858301611828753,0.854955920764212,0,1,0,0,1
C00014121,P017239,2025-03-01,2025-03-30,,F006,Other,Professional,Paid,DX022,PR001,58.74,51.82,48.54,1.01,Missing Provider,94,Female,Midwest,,,Facility_006,Hospital,Small,Urinary Tract Infection,Acute,PR001,Office/Follow-up Visit,Professional,29,2025-03,2025-02-24,0.9367039752991123,0.8821927136533878,0,0,1,0,1
C00014156,P016753,2026-02-14,2026-02-21,DR0382,F012,Medicaid,Outpatient,Paid,DX025,PR001,144.63,124.79,104.93,0.71,,87,Female,Northeast,Provider_0382,Pediatrics,Facility_012,Ambulatory Center,Medium,Other Condition,Other,PR001,Office/Follow-up Visit,Professional,7,2026-02,2026-02-09,0.8408526324224698,0.8628223743345088,0,0,0,1,1
C00014211,P010010,2026-05-16,2026-06-07,,F005,Medicare,Outpatient,Denied,DX002,PR001,146.1,124.3,6.31,16.14,Missing Provider,65,Female,Midwest,,,Facility_005,Ambulatory Center,Small,Type 2 Diabetes,Chronic,PR001,Office/Follow-up Visit,Professional,22,2026-05,2026-05-11,0.05076427996781979,0.8507871321013005,0,0,1,0,1
C00014224,P000645,2024-01-20,2024-02-15,DR0336,F017,Medicare,Professional,Pending,DX025,PR020,364.23,276.19,0.0,33.81,,58,Female,South,Provider_0336,Family Medicine,Facility_017,Hospital,Medium,Other Condition,Other,PR020,Specialist Consultation,Professional,26,2024-01,2024-01-15,0.0,0.7582846003898635,0,0,0,1,1
C00014237,P013467,2025-12-03,2025-12-06,DR0281,F020,Other,Professional,Paid,DX001,PR007,124.39,117.61,88.37,9.22,,59,Female,Northeast,Provider_0281,Obstetrics & Gynecology,Facility_020,Hospital,Large,Essential Hypertension,Chronic,PR007,Ultrasound,Diagnostic,3,2025-12,2025-12-01,0.7513816852308478,0.9454940107725701,0,0,0,1,1
C00014241,P014998,2026-03-23,2026-04-06,DR0419,F022,Medicare,Professional,Paid,DX005,PR015,8294.72,7222.18,6894.33,44.7,,79,Female,South,Provider_0419,Orthopedics,Facility_022,Hospital,Large,Low Back Pain,Musculoskeletal,PR015,Major Surgery,Surgery,14,2026-03,2026-03-23,0.9546051192299277,0.8706960572508777,0,1,0,0,1
C00014338,P012028,2025-01-04,2025-01-28,DR0374,F022,Commercial,Professional,Paid,DX002,PR015,12068.08,10168.42,8534.56,372.27,,75,Female,West,Provider_0374,General Surgery,Facility_022,Hospital,Large,Type 2 Diabetes,Chronic,PR015,Major Surgery,Surgery,24,2025-01,2024-12-30,0.8393201697018808,0.8425880504603881,0,1,0,0,1
C00014374,P009644,2024-02-01,2024-02-12,DR0443,F019,Medicare,Professional,Pending,DX008,PR006,93.93,80.48,0.0,11.64,,60,Male,South,Provider_0443,Family Medicine,Facility_019,Ambulatory Center,Medium,Heart Failure,Cardiovascular,PR006,X-Ray,Diagnostic,11,2024-02,2024-01-29,0.0,0.8568082614713084,0,0,0,1,1
C00014474,P015085,2025-12-03,2025-12-26,DR0374,F022,Medicaid,Professional,Denied,DX007,PR015,14506.51,12272.24,794.37,291.66,,69,Male,South,Provider_0374,General Surgery,Facility_022,Hospital,Large,Coronary Artery Disease,Cardiovascular,PR015,Major Surgery,Surgery,23,2025-12,2025-12-01,0.06472901442605425,0.8459815627604433,0,1,0,0,1
C00014495,P007284,2025-06-10,2025-06-20,DR0311,F013,Medicare,Professional,Paid,DX024,PR015,17585.55,15897.43,13597.55,374.78,,72,Female,Northeast,Provider_0311,Orthopedics,Facility_013,Hospital,Large,Thyroid Disorder,Chronic,PR015,Major Surgery,Surgery,10,2025-06,2025-06-09,0.8553300753643828,0.9040052770598589,0,1,0,0,1
C00014507,P007139,2025-02-04,2025-02-19,DR0431,F025,Commercial,Outpatient,Paid,DX013,PR003,31.98,28.57,26.74,0.34,,79,Female,South,Provider_0431,Internal Medicine,Facility_025,Hospital,Small,Chronic Kidney Disease,Chronic,PR003,Routine Lab Panel,Diagnostic,15,2025-02,2025-02-03,0.935946797339867,0.8933708567854909,0,0,0,1,1
C00014568,P016410,2025-04-01,2025-04-25,DR0301,F007,Medicare Advantage,Inpatient,Denied,DX001,PR003,53.06,45.04,9.54,7.02,,0,Male,Midwest,Provider_0301,Cardiology,Facility_007,Hospital,Large,Essential Hypertension,Chronic,PR003,Routine Lab Panel,Diagnostic,24,2025-04,2025-03-31,0.21181172291296624,0.8488503580851865,0,0,0,1,1
C00014599,P015028,2024-01-03,2024-01-14,DR0419,F022,Medicare Advantage,Professional,Reversed,DX006,PR015,10899.27,8532.86,481.51,1327.59,,33,Male,Northeast,Provider_0419,Orthopedics,Facility_022,Hospital,Large,Osteoarthritis,Musculoskeletal,PR015,Major Surgery,Surgery,11,2024-01,2024-01-01,0.05643008323117923,0.7828836243161239,0,1,0,0,1
C00014672,P003123,2026-07-06,2026-07-26,DR0077,F002,Medicare Advantage,Inpatient,Paid,DX002,PR015,15428.74,11239.09,8902.98,347.14,,78,Female,West,Provider_0077,Internal Medicine,Facility_002,Ambulatory Center,Large,Type 2 Diabetes,Chronic,PR015,Major Surgery,Surgery,20,2026-07,2026-07-06,0.792144203845685,0.7284515780290549,0,1,0,0,1
C00014674,P014749,2024-01-26,2024-02-17,DR0090,F004,Self-Pay,Inpatient,Paid,DX014,PR010,12982.46,10141.01,9017.41,560.51,,89,Male,South,Provider_0090,General Surgery,Facility_004,Clinic,Medium,Fracture/Injury,Acute,PR010,Colonoscopy,Procedure,22,2024-01,2024-01-22,0.8892023575561013,0.7811316191230322,0,1,0,0,1
C00014724,P003581,2024-01-26,2024-02-01,DR0226,F013,Medicare Advantage,Outpatient,Paid,DX004,PR020,513.0,389.52,347.51,6.66,,52,Female,South,Provider_0226,Family Medicine,Facility_013,Hospital,Large,Hyperlipidemia,Chronic,PR020,Specialist Consultation,Professional,6,2024-01,2024-01-22,0.8921493119737113,0.759298245614035,0,0,0,1,1
C00014837,P000978,2025-02-08,2025-02-15,DR0183,F002,Commercial,Inpatient,Paid,DX011,PR019,4283.48,4119.21,3091.51,166.75,,55,Male,South,Provider_0183,Other,Facility_002,Ambulatory Center,Large,Depression,Behavioral Health,PR019,Maternity Delivery,Obstetric,7,2025-02,2025-02-03,0.7505104134045121,0.9616503403774502,0,0,0,1,1
C00014945,P017607,2026-03-06,2026-03-16,DR0397,F019,Medicare,Professional,Paid,DX003,PR001,200.17,188.93,139.84,7.12,,68,Female,Midwest,Provider_0397,Pediatrics,Facility_019,Ambulatory Center,Medium,Upper Respiratory Infection,Acute,PR001,Office/Follow-up Visit,Professional,10,2026-03,2026-03-02,0.7401683163076271,0.9438477294299846,0,0,0,1,1
C00014950,P019653,2025-11-13,2025-12-10,DR0163,F007,Workers Comp,Outpatient,Paid,DX014,PR015,8996.58,7617.12,6449.14,80.94,,78,Male,South,Provider_0163,Orthopedics,Facility_007,Hospital,Large,Fracture/Injury,Acute,PR015,Major Surgery,Surgery,27,2025-11,2025-11-10,0.8466638309492303,0.846668400658917,0,1,0,0,1
C00015052,P004667,2024-07-05,2024-08-04,DR0090,F004,Medicare Advantage,Outpatient,Paid,DX014,PR019,8407.61,6936.89,6726.89,29.38,,48,Female,West,Provider_0090,General Surgery,Facility_004,Clinic,Medium,Fracture/Injury,Acute,PR019,Maternity Delivery,Obstetric,30,2024-07,2024-07-01,0.9697270678935374,0.8250727614625322,0,1,0,0,1
C00015477,P005171,2026-04-02,2026-04-21,DR0443,F019,Commercial,Professional,Denied,DX003,PR025,95.36,92.2,5.19,21.32,,64,Male,South,Provider_0443,Family Medicine,Facility_019,Ambulatory Center,Medium,Upper Respiratory Infection,Acute,PR025,Other Clinical Service,Other,19,2026-04,2026-03-30,0.05629067245119306,0.9668624161073825,0,0,0,1,1
C00015505,P011491,2026-05-12,2026-05-18,DR0011,F019,Medicare Advantage,Professional,Pending,DX015,PR015,10914.74,9188.11,0.0,1324.87,,48,Male,West,Provider_0011,General Surgery,Facility_019,Ambulatory Center,Medium,Abdominal Pain,Acute,PR015,Major Surgery,Surgery,6,2026-05,2026-05-11,0.0,0.8418075006825633,0,1,0,0,1
C00015566,P010877,2024-05-19,2024-05-27,DR0336,F017,Medicaid,Outpatient,Paid,DX004,PR020,133.49,105.64,74.12,0.76,,77,Female,West,Provider_0336,Family Medicine,Facility_017,Hospital,Medium,Hyperlipidemia,Chronic,PR020,Specialist Consultation,Professional,8,2024-05,2024-05-13,0.7016281711472927,0.7913701400853996,0,0,0,1,1
C00015567,P000181,2024-11-12,2024-11-13,DR0302,F020,Workers Comp,Outpatient,Rejected,DX002,PR003,38.54,30.51,3.33,2.05,,16,Female,South,Provider_0302,Internal Medicine,Facility_020,Hospital,Large,Type 2 Diabetes,Chronic,PR003,Routine Lab Panel,Diagnostic,1,2024-11,2024-11-11,0.10914454277286136,0.7916450441100156,0,0,0,1,1
C00015576,P000519,2025-11-06,2025-11-25,DR0052,F006,Medicare Advantage,Outpatient,Paid,DX025,PR015,7723.33,7120.07,6052.18,201.54,,57,Male,South,Provider_0052,General Surgery,Facility_006,Hospital,Small,Other Condition,Other,PR015,Major Surgery,Surgery,19,2025-11,2025-11-03,0.8500169239909159,0.9218912049595187,0,1,0,0,1
C00015753,P010044,2024-09-05,2024-09-08,DR0318,F023,Self-Pay,Outpatient,Paid,DX006,PR015,8549.58,6952.2,5411.65,838.92,,37,Female,Northeast,Provider_0318,Orthopedics,Facility_023,Clinic,Medium,Osteoarthritis,Musculoskeletal,PR015,Major Surgery,Surgery,3,2024-09,2024-09-02,0.7784082736399989,0.8131627518544771,0,1,0,0,1
C00015817,P009849,2025-10-07,2025-10-31,DR0416,F014,Commercial,Inpatient,Rejected,DX005,PR015,12891.17,9475.41,253.36,1925.78,,61,Female,South,Provider_0416,Orthopedics,Facility_014,Hospital,Small,Low Back Pain,Musculoskeletal,PR015,Major Surgery,Surgery,24,2025-10,2025-10-06,0.026738684658500267,0.735031032869786,0,1,0,0,1
C00015834,P014608,2024-01-14,2024-02-06,DR0428,F022,Medicare Advantage,Inpatient,Paid,DX004,PR015,15034.89,10888.16,9890.68,146.36,,79,Female,West,Provider_0428,Internal Medicine,Facility_022,Hospital,Large,Hyperlipidemia,Chronic,PR015,Major Surgery,Surgery,23,2024-01,2024-01-08,0.9083885615200364,0.7241928607392538,0,1,0,0,1
C00015877,P014207,2025-07-10,2025-07-24,DR0242,F017,Medicaid,Outpatient,Denied,DX015,PR015,8178.73,6795.05,1256.13,138.02,,85,Female,Northeast,Provider_0242,General Surgery,Facility_017,Hospital,Medium,Abdominal Pain,Acute,PR015,Major Surgery,Surgery,14,2025-07,2025-07-07,0.1848595668906042,0.8308196993909813,0,1,0,0,1
C00015895,P014590,2026-02-26,2026-03-15,DR0301,F007,Medicare Advantage,Inpatient,Paid,DX008,PR001,876.45,763.11,594.11,26.12,,5,Male,Northeast,Provider_0301,Cardiology,Facility_007,Hospital,Large,Heart Failure,Cardiovascular,PR001,Office/Follow-up Visit,Professional,17,2026-02,2026-02-23,0.7785378254773231,0.8706828683895259,0,0,0,1,1
C00016028,P015908,2024-11-25,2024-12-15,DR0052,F006,Medicare Advantage,Outpatient,Paid,DX015,PR015,9539.9,8666.84,7873.31,117.23,,67,Male,West,Provider_0052,General Surgery,Facility_006,Hospital,Small,Abdominal Pain,Acute,PR015,Major Surgery,Surgery,20,2024-11,2024-11-25,0.9084406773402994,0.9084833174351933,0,1,0,0,1
C00016102,P003777,2025-04-17,2025-05-14,DR0052,F006,Medicaid,Outpatient,Paid,DX014,PR015,11454.41,9774.6,7235.24,80.48,,2,Male,Midwest,Provider_0052,General Surgery,Facility_006,Hospital,Small,Fracture/Injury,Acute,PR015,Major Surgery,Surgery,27,2025-04,2025-04-14,0.740208294968592,0.8533481864190299,0,1,0,0,1
C00016182,P017402,2024-08-01,2024-08-16,DR0186,F013,Medicaid,Professional,Pending,DX025,PR015,16448.39,14785.73,0.0,383.14,,33,Male,West,Provider_0186,Obstetrics & Gynecology,Facility_013,Hospital,Large,Other Condition,Other,PR015,Major Surgery,Surgery,15,2024-08,2024-07-29,0.0,0.8989165504952157,0,1,0,0,1
C00016361,P002482,2026-04-16,2026-05-06,DR0006,F007,Commercial,Inpatient,Denied,DX019,PR015,10398.07,9150.87,347.55,1610.16,,55,Female,South,Provider_0006,Orthopedics,Facility_007,Hospital,Large,Neurologic Disorder,Neurologic,PR015,Major Surgery,Surgery,20,2026-04,2026-04-13,0.03797999534470493,0.8800546639905291,0,1,0,0,1
C00016373,P015360,2026-01-20,2026-01-30,,F004,Medicare Advantage,Professional,Paid,DX025,PR020,189.61,161.66,149.12,2.31,Missing Provider,72,Female,West,,,Facility_004,Clinic,Medium,Other Condition,Other,PR020,Specialist Consultation,Professional,10,2026-01,2026-01-19,0.9224297909192132,0.8525921628606086,0,0,1,0,1
C00016404,P007882,2024-02-26,2024-03-07,,F008,Commercial,Professional,Paid,DX001,PR003,38.07,27.36,24.63,0.56,Missing Provider,53,Male,Midwest,,,Facility_008,Hospital,Small,Essential Hypertension,Chronic,PR003,Routine Lab Panel,Diagnostic,10,2024-02,2024-02-26,0.900219298245614,0.718676122931442,0,0,1,0,1
C00016571,P014566,2026-04-19,2026-04-22,DR0283,F017,Commercial,Professional,Paid,DX007,PR020,376.04,330.97,291.44,5.98,,53,Male,Midwest,Provider_0283,Other,Facility_017,Hospital,Medium,Coronary Artery Disease,Cardiovascular,PR020,Specialist Consultation,Professional,3,2026-04,2026-04-13,0.8805631930386439,0.880145729177747,0,0,0,1,1
C00016591,P011645,2025-08-28,2025-09-20,DR0283,F017,Workers Comp,Professional,Rejected,DX017,PR015,8251.42,6561.2,1489.58,311.04,,80,Female,West,Provider_0283,Other,Facility_017,Hospital,Medium,Cancer - Active Treatment,Oncology,PR015,Major Surgery,Surgery,23,2025-08,2025-08-25,0.22702859233067121,0.7951601057757332,0,1,0,0,1
C00016647,P011042,2024-04-20,2024-04-22,DR0173,F018,Medicare,Outpatient,Paid,DX025,PR003,28.64,21.17,17.35,0.59,,73,Female,Midwest,Provider_0173,Family Medicine,Facility_018,Specialty Center,Large,Other Condition,Other,PR003,Routine Lab Panel,Diagnostic,2,2024-04,2024-04-15,0.819555975436939,0.7391759776536313,0,0,0,1,1
C00016818,P016349,2025-01-18,2025-02-13,DR0400,F016,Other,Professional,Paid,DX003,PR019,9530.48,6934.24,5428.46,467.29,,77,Female,West,Provider_0400,Other,Facility_016,Hospital,Small,Upper Respiratory Infection,Acute,PR019,Maternity Delivery,Obstetric,26,2025-01,2025-01-13,0.7828485890306652,0.7275855990464279,0,1,0,0,1
C00016850,P013128,2025-08-26,2025-09-05,DR0374,F022,Other,Professional,Paid,DX014,PR010,3132.22,2257.99,2065.74,61.43,,87,Female,West,Provider_0374,General Surgery,Facility_022,Hospital,Large,Fracture/Injury,Acute,PR010,Colonoscopy,Procedure,10,2025-08,2025-08-25,0.914857904596566,0.7208912528494167,0,0,0,1,1
C00016852,P018431,2024-06-11,2024-07-01,DR0052,F006,Commercial,Professional,Paid,DX001,PR015,11782.44,9596.26,6783.51,677.71,,22,Male,South,Provider_0052,General Surgery,Facility_006,Hospital,Small,Essential Hypertension,Chronic,PR015,Major Surgery,Surgery,20,2024-06,2024-06-10,0.7068910179590799,0.8144543914503277,0,1,0,0,1
C00016903,P012738,2024-06-13,2024-06-27,DR0301,F007,Commercial,Outpatient,Paid,DX001,PR001,241.48,185.91,156.25,5.56,,93,Male,Northeast,Provider_0301,Cardiology,Facility_007,Hospital,Large,Essential Hypertension,Chronic,PR001,Office/Follow-up Visit,Professional,14,2024-06,2024-06-10,0.8404604378462697,0.7698774225608747,0,0,0,1,1
C00017118,P001286,2025-06-28,2025-07-18,DR0153,F008,Medicare,Inpatient,Paid,DX005,PR015,38585.31,31037.17,28821.1,380.85,,74,Female,South,Provider_0153,Orthopedics,Facility_008,Hospital,Small,Low Back Pain,Musculoskeletal,PR015,Major Surgery,Surgery,20,2025-06,2025-06-23,0.9285994824914772,0.804377883707556,0,1,0,0,1
C00017140,P005064,2024-12-13,2025-01-11,DR0319,F005,Medicare Advantage,Professional,Denied,DX006,PR015,9298.05,7717.44,1235.71,961.04,,87,Female,South,Provider_0319,Orthopedics,Facility_005,Ambulatory Center,Small,Osteoarthritis,Musculoskeletal,PR015,Major Surgery,Surgery,29,2024-12,2024-12-09,0.16011915868474522,0.8300062916417958,0,1,0,0,1
C00017223,P002984,2026-08-29,2026-09-08,DR0376,F022,Medicaid,Outpatient,Paid,DX015,PR015,11358.8,10114.47,9729.13,13.5,,70,Male,South,Provider_0376,Orthopedics,Facility_022,Hospital,Large,Abdominal Pain,Acute,PR015,Major Surgery,Surgery,10,2026-08,2026-08-24,0.961902106585911,0.8904523365144206,0,1,0,0,1
C00017342,P006349,2025-07-09,2025-08-01,DR0416,F014,Self-Pay,Professional,Paid,DX006,PR015,18255.8,13515.69,12784.86,481.11,,66,Male,Midwest,Provider_0416,Orthopedics,Facility_014,Hospital,Small,Osteoarthritis,Musculoskeletal,PR015,Major Surgery,Surgery,23,2025-07,2025-07-07,0.9459272889508415,0.7403504639621381,0,1,0,0,1
C00017358,P009733,2025-01-02,2025-01-16,DR0240,F013,Medicare,Inpatient,Paid,DX025,PR006,94.68,66.66,46.8,2.22,,68,Male,South,Provider_0240,Pediatrics,Facility_013,Hospital,Large,Other Condition,Other,PR006,X-Ray,Diagnostic,14,2025-01,2024-12-30,0.7020702070207021,0.7040557667934093,0,0,0,1,1
C00017386,P004617,2024-11-12,2024-11-19,DR0302,F020,Medicaid,Outpatient,Paid,DX025,PR003,70.78,51.3,47.42,0.11,,47,Female,West,Provider_0302,Internal Medicine,Facility_020,Hospital,Large,Other Condition,Other,PR003,Routine Lab Panel,Diagnostic,7,2024-11,2024-11-11,0.9243664717348928,0.7247810115851935,0,0,0,1,1
C00017420,P014516,2024-08-24,2024-09-08,DR0131,F024,Medicaid,Professional,Paid,DX019,PR003,56.95,46.67,48.94,0.0,Paid Greater Than Allowed,52,Male,South,Provider_0131,Neurology,Facility_024,Ambulatory Center,Medium,Neurologic Disorder,Neurologic,PR003,Routine Lab Panel,Diagnostic,15,2024-08,2024-08-19,1.0486393829012213,0.8194907813871817,1,0,0,1,1
C00017528,P008516,2024-02-06,2024-03-07,DR0109,F025,Medicare,Professional,Paid,DX012,PR015,8632.45,6918.64,6397.52,59.61,,85,Female,South,Provider_0109,Neurology,Facility_025,Hospital,Small,Anxiety Disorder,Behavioral Health,PR015,Major Surgery,Surgery,30,2024-02,2024-02-05,0.9246788386156817,0.8014688761591436,0,1,0,0,1
C00017631,P012021,2025-06-13,2025-07-02,DR0218,F016,Medicare Advantage,Professional,Rejected,DX015,PR015,10350.26,9352.28,405.31,1633.86,,28,Male,South,Provider_0218,General Surgery,Facility_016,Hospital,Small,Abdominal Pain,Acute,PR015,Major Surgery,Surgery,19,2025-06,2025-06-09,0.0433380950955275,0.903579233758379,0,1,0,0,1
C00017642,P012659,2025-06-15,2025-07-13,DR0052,F006,Commercial,Inpatient,Paid,DX025,PR015,20323.0,19607.01,17807.69,367.62,,78,Female,West,Provider_0052,General Surgery,Facility_006,Hospital,Small,Other Condition,Other,PR015,Major Surgery,Surgery,28,2025-06,2025-06-09,0.908230780725873,0.9647694730108743,0,1,0,0,1
C00017661,P002637,2025-10-31,2025-11-04,DR0311,F013,Medicare,Outpatient,Paid,DX005,PR015,12001.4,11205.53,9881.37,152.31,,50,Male,South,Provider_0311,Orthopedics,Facility_013,Hospital,Large,Low Back Pain,Musculoskeletal,PR015,Major Surgery,Surgery,4,2025-10,2025-10-27,0.8818297751199631,0.9336852367223825,0,1,0,0,1
C00017673,P010432,2024-09-30,2024-10-04,DR0242,F017,Self-Pay,Inpatient,Paid,DX014,PR006,26.0,24.74,20.2,3.24,,58,Female,Midwest,Provider_0242,General Surgery,Facility_017,Hospital,Medium,Fracture/Injury,Acute,PR006,X-Ray,Diagnostic,4,2024-09,2024-09-30,0.8164915117219078,0.9515384615384614,0,0,0,1,1
C00017835,P001460,2024-01-15,2024-01-25,DR0404,F020,Medicare,Professional,Denied,DX006,PR015,13229.88,11226.56,1001.3,1567.99,,27,Female,Northeast,Provider_0404,Orthopedics,Facility_020,Hospital,Large,Osteoarthritis,Musculoskeletal,PR015,Major Surgery,Surgery,10,2024-01,2024-01-15,0.08919027734230255,0.8485761019752258,0,1,0,0,1
C00017856,P004465,2026-02-25,2026-03-18,DR0215,F013,Commercial,Outpatient,Paid,DX014,PR015,11743.47,10770.15,10068.94,119.9,,72,Female,Northeast,Provider_0215,General Surgery,Facility_013,Hospital,Large,Fracture/Injury,Acute,PR015,Major Surgery,Surgery,21,2026-02,2026-02-23,0.9348932001875555,0.9171181941964343,0,1,0,0,1
C00017970,P014689,2024-01-19,2024-01-28,DR0336,F017,Medicare,Outpatient,Denied,DX020,PR008,94.99,76.22,5.85,11.74,,12,Female,Midwest,Provider_0336,Family Medicine,Facility_017,Hospital,Medium,Gastroesophageal Reflux,Chronic,PR008,Physical Therapy Session,Therapy,9,2024-01,2024-01-15,0.07675150879034374,0.8024002526581746,0,0,0,1,1
C00018083,P009208,2024-12-07,2024-12-16,DR0404,F020,Medicaid,Professional,Paid,DX006,PR015,11116.03,10024.87,7737.3,81.65,,73,Female,Northeast,Provider_0404,Orthopedics,Facility_020,Hospital,Large,Osteoarthritis,Musculoskeletal,PR015,Major Surgery,Surgery,9,2024-12,2024-12-02,0.7718105072684234,0.9018390558499753,0,1,0,0,1
C00018298,P011754,2024-05-02,2024-05-27,DR0363,F015,Medicare,Outpatient,Paid,DX004,PR025,147.45,124.83,109.36,2.7,,50,Female,South,Provider_0363,Internal Medicine,Facility_015,Hospital,Small,Hyperlipidemia,Chronic,PR025,Other Clinical Service,Other,25,2024-05,2024-04-29,0.8760714571817673,0.846592065106816,0,0,0,1,1
C00018302,P009969,2025-11-12,2025-12-02,DR0404,F020,Medicare,Inpatient,Paid,DX006,PR003,228.03,175.07,169.8,0.79,,70,Male,Midwest,Provider_0404,Orthopedics,Facility_020,Hospital,Large,Osteoarthritis,Musculoskeletal,PR003,Routine Lab Panel,Diagnostic,20,2025-11,2025-11-10,0.969897755183641,0.7677498574748937,0,0,0,1,1
C00018315,P015199,2024-07-20,2024-08-08,DR0311,F013,Commercial,Outpatient,Paid,DX014,PR015,7750.24,5716.77,4356.16,322.99,,29,Female,Midwest,Provider_0311,Orthopedics,Facility_013,Hospital,Large,Fracture/Injury,Acute,PR015,Major Surgery,Surgery,19,2024-07,2024-07-15,0.761996721925143,0.7376248993579555,0,1,0,1,1
C00018392,P013161,2024-05-04,2024-05-04,DR0363,F015,Commercial,Outpatient,Paid,DX002,PR016,714.13,560.78,509.18,9.07,,5,Female,Northeast,Provider_0363,Internal Medicine,Facility_015,Hospital,Small,Type 2 Diabetes,Chronic,PR016,Inpatient Daily Care,Inpatient,0,2024-05,2024-04-29,0.907985306180677,0.7852631873748477,0,0,0,1,1
C00018518,P014710,2025-03-15,2025-03-20,DR0342,F012,Medicare,Inpatient,Paid,DX004,PR015,7718.4,6063.35,4978.99,123.72,,28,Female,South,Provider_0342,Other,Facility_012,Ambulatory Center,Medium,Hyperlipidemia,Chronic,PR015,Major Surgery,Surgery,5,2025-03,2025-03-10,0.82116156909959,0.7855708436981759,0,1,0,0,1
C00018566,P014344,2025-01-30,2025-02-13,DR0299,F010,Medicaid,Professional,Paid,DX011,PR015,10306.64,8258.58,7717.92,17.21,,37,Male,South,Provider_0299,Other,Facility_010,Hospital,Medium,Depression,Behavioral Health,PR015,Major Surgery,Surgery,14,2025-01,2025-01-27,0.9345335396642038,0.8012873254523298,0,1,0,0,1
C00018576,P019332,2026-04-22,2026-05-17,,F021,Self-Pay,Outpatient,Paid,DX013,PR001,407.44,355.06,332.12,15.44,Missing Provider,65,Male,Midwest,,,Facility_021,Ambulatory Center,Small,Chronic Kidney Disease,Chronic,PR001,Office/Follow-up Visit,Professional,25,2026-04,2026-04-20,0.9353912014870727,0.8714411937954055,0,0,1,0,1
C00018631,P017797,2025-07-23,2025-08-01,DR0090,F004,Self-Pay,Professional,Paid,DX025,PR015,11405.83,9773.3,6962.38,2140.2,,67,Male,West,Provider_0090,General Surgery,Facility_004,Clinic,Medium,Other Condition,Other,PR015,Major Surgery,Surgery,9,2025-07,2025-07-21,0.7123878321549528,0.8568688118269341,0,1,0,0,1
C00018677,P019942,2024-08-02,2024-08-30,DR0006,F007,Medicaid,Outpatient,Paid,DX006,PR015,15787.63,13837.34,13038.75,18.81,,96,Male,Midwest,Provider_0006,Orthopedics,Facility_007,Hospital,Large,Osteoarthritis,Musculoskeletal,PR015,Major Surgery,Surgery,28,2024-08,2024-07-29,0.9422873182273471,0.8764672088210834,0,1,0,0,1
C00018759,P010723,2025-02-05,2025-02-11,DR0183,F002,Medicare,Outpatient,Paid,DX008,PR003,18.0,16.62,14.35,0.29,,7,Male,Midwest,Provider_0183,Other,Facility_002,Ambulatory Center,Large,Heart Failure,Cardiovascular,PR003,Routine Lab Panel,Diagnostic,6,2025-02,2025-02-03,0.8634175691937424,0.9233333333333333,0,0,0,1,1
C00018823,P001418,2026-01-02,2026-01-24,DR0013,F001,Medicare,Outpatient,Paid,DX017,PR015,14137.72,11704.35,9540.75,248.62,,58,Male,Northeast,Provider_0013,Oncology,Facility_001,Hospital,Large,Cancer - Active Treatment,Oncology,PR015,Major Surgery,Surgery,22,2026-01,2025-12-29,0.8151456509759192,0.8278810161751683,0,1,0,0,1
C00018826,P002717,2024-10-06,2024-10-24,DR0242,F017,Medicare Advantage,Inpatient,Pending,DX014,PR020,162.06,143.37,0.0,19.0,,75,Female,West,Provider_0242,General Surgery,Facility_017,Hospital,Medium,Fracture/Injury,Acute,PR020,Specialist Consultation,Professional,18,2024-10,2024-09-30,0.0,0.8846723435764532,0,0,0,1,1
C00018868,P018242,2025-01-30,2025-02-01,DR0035,F008,Medicare,Outpatient,Paid,DX002,PR002,587.36,494.72,349.77,22.5,,16,Female,Northeast,Provider_0035,Other,Facility_008,Hospital,Small,Type 2 Diabetes,Chronic,PR002,Emergency Department Visit,Emergency,2,2025-01,2025-01-27,0.7070059831824062,0.8422773086352493,0,0,0,1,1
C00018877,P013258,2024-11-27,2024-12-16,DR0374,F022,Commercial,Outpatient,Paid,DX015,PR015,12159.52,8526.91,7472.5,229.95,,31,Female,Northeast,Provider_0374,General Surgery,Facility_022,Hospital,Large,Abdominal Pain,Acute,PR015,Major Surgery,Surgery,19,2024-11,2024-11-25,0.8763432474366447,0.7012538323881206,0,1,0,0,1
C00018880,P017083,2026-06-05,2026-06-22,DR0263,F021,Medicare Advantage,Professional,Pending,DX014,PR015,13614.4,12884.26,0.0,2085.29,,70,Male,South,Provider_0263,Orthopedics,Facility_021,Ambulatory Center,Small,Fracture/Injury,Acute,PR015,Major Surgery,Surgery,17,2026-06,2026-06-01,0.0,0.946370019978846,0,1,0,0,1
C00018896,P017379,2025-01-21,2025-01-29,DR0399,F022,Medicaid,Inpatient,Paid,DX025,PR015,11647.71,11094.29,8703.82,78.58,,73,Female,South,Provider_0399,General Surgery,Facility_022,Hospital,Large,Other Condition,Other,PR015,Major Surgery,Surgery,8,2025-01,2025-01-20,0.7845315022412429,0.9524867978340809,0,1,0,0,1
C00019015,P007141,2026-09-16,2026-09-19,,F008,Medicare,Professional,Paid,DX022,PR009,305.63,264.14,199.44,7.2,Missing Provider,22,Female,West,,,Facility_008,Hospital,Small,Urinary Tract Infection,Acute,PR009,Joint Injection,Procedure,3,2026-09,2026-09-14,0.7550541379571439,0.8642476196708438,0,0,1,0,1
C00019050,P010640,2025-11-20,2025-11-23,DR0416,F014,Medicare,Professional,Reversed,DX006,PR015,11842.02,8706.65,409.84,888.76,,32,Female,West,Provider_0416,Orthopedics,Facility_014,Hospital,Small,Osteoarthritis,Musculoskeletal,PR015,Major Surgery,Surgery,3,2025-11,2025-11-17,0.04707206560502604,0.7352335159035367,0,1,0,0,1
C00019086,P019964,2025-12-02,2025-12-03,DR0245,F017,Medicare,Professional,Paid,DX008,PR015,8818.87,6428.89,5221.89,149.83,,67,Male,West,Provider_0245,Other,Facility_017,Hospital,Medium,Heart Failure,Cardiovascular,PR015,Major Surgery,Surgery,1,2025-12,2025-12-01,0.8122537483142502,0.7289924899675355,0,1,0,0,1
C00019114,P008215,2025-10-16,2025-10-29,DR0073,F019,Medicare,Professional,Paid,DX003,PR015,14455.62,14014.55,12055.54,208.63,,51,Female,Midwest,Provider_0073,Other,Facility_019,Ambulatory Center,Medium,Upper Respiratory Infection,Acute,PR015,Major Surgery,Surgery,13,2025-10,2025-10-13,0.8602159898105898,0.9694879915216364,0,1,0,0,1
C00019150,P008795,2024-02-22,2024-03-15,,F013,Medicaid,Professional,Paid,DX024,PR016,353.69,297.89,282.81,0.52,Missing Provider,19,Female,West,,,Facility_013,Hospital,Large,Thyroid Disorder,Chronic,PR016,Inpatient Daily Care,Inpatient,22,2024-02,2024-02-19,0.94937728691799,0.8422347253244367,0,0,1,0,1
C00019349,P016761,2024-05-21,2024-05-25,DR0153,F008,Commercial,Professional,Denied,DX005,PR015,8812.97,7155.08,810.35,1163.76,,83,Female,Northeast,Provider_0153,Orthopedics,Facility_008,Hospital,Small,Low Back Pain,Musculoskeletal,PR015,Major Surgery,Surgery,4,2024-05,2024-05-20,0.11325519770568604,0.8118806713287349,0,1,0,0,1
C00019375,P018890,2025-09-27,2025-10-04,,F017,Medicare,Professional,Paid,DX011,PR017,1761.31,1702.0,1353.75,45.68,Missing Provider,68,Female,Midwest,,,Facility_017,Hospital,Medium,Depression,Behavioral Health,PR017,Chemotherapy Administration,Oncology,7,2025-09,2025-09-22,0.7953877790834313,0.9663262003849408,0,0,1,0,1
C00019472,P019834,2025-07-28,2025-07-29,,F022,Commercial,Professional,Paid,DX009,PR003,24.84,21.82,15.89,1.3,Missing Provider,73,Male,Midwest,,,Facility_022,Hospital,Large,Asthma,Respiratory,PR003,Routine Lab Panel,Diagnostic,1,2025-07,2025-07-28,0.7282309807516041,0.8784219001610306,0,0,1,0,1
C00019721,P009107,2026-08-31,2026-09-23,DR0183,F002,Commercial,Outpatient,Paid,DX011,PR007,159.27,121.59,112.14,1.63,,9,Female,South,Provider_0183,Other,Facility_002,Ambulatory Center,Large,Depression,Behavioral Health,PR007,Ultrasound,Diagnostic,23,2026-08,2026-08-31,0.9222797927461139,0.7634206065172349,0,0,0,1,1
C00019743,P018358,2024-12-03,2024-12-11,DR0117,F008,Medicare,Inpatient,Denied,DX018,PR019,12760.38,10142.43,2133.52,1024.33,,62,Female,Northeast,Provider_0117,Obstetrics & Gynecology,Facility_008,Hospital,Small,Pregnancy-Related,Obstetric,PR019,Maternity Delivery,Obstetric,8,2024-12,2024-12-02,0.2103559009034324,0.7948376145537986,0,1,0,0,1
C00019891,P007837,2026-02-10,2026-02-13,DR0130,F017,Medicare Advantage,Professional,Paid,DX025,PR015,9329.19,8922.05,8574.6,49.35,,74,Male,West,Provider_0130,General Surgery,Facility_017,Hospital,Medium,Other Condition,Other,PR015,Major Surgery,Surgery,3,2026-02,2026-02-09,0.9610571561468498,0.9563584834267497,0,1,0,0,1
C00019920,P001227,2024-08-21,2024-08-23,DR0131,F024,Medicare Advantage,Professional,Paid,DX023,PR020,328.9,262.04,227.58,6.76,,76,Male,South,Provider_0131,Neurology,Facility_024,Ambulatory Center,Medium,Migraine,Neurologic,PR020,Specialist Consultation,Professional,2,2024-08,2024-08-19,0.8684933597923981,0.7967163271511098,0,0,0,1,1
C00019980,P007478,2025-07-23,2025-08-10,DR0052,F006,Medicare Advantage,Professional,Paid,DX015,PR015,9199.14,8279.53,8032.67,37.01,,48,Female,Northeast,Provider_0052,General Surgery,Facility_006,Hospital,Small,Abdominal Pain,Acute,PR015,Major Surgery,Surgery,18,2025-07,2025-07-21,0.9701842979009677,0.9000330465673967,0,1,0,0,1
C00020001,P007583,2025-09-22,2025-10-18,DR0242,F017,Medicaid,Professional,Reversed,DX004,PR015,20668.02,19005.23,87.87,699.55,,76,Male,South,Provider_0242,General Surgery,Facility_017,Hospital,Medium,Hyperlipidemia,Chronic,PR015,Major Surgery,Surgery,26,2025-09,2025-09-22,0.004623464172756657,0.9195476876836775,0,1,0,0,1
C00020055,P000671,2026-02-24,2026-03-17,DR0242,F017,Medicare,Inpatient,Denied,DX025,PR015,8344.01,7406.4,1780.84,965.63,,76,Female,Northeast,Provider_0242,General Surgery,Facility_017,Hospital,Medium,Other Condition,Other,PR015,Major Surgery,Surgery,21,2026-02,2026-02-23,0.24044610066969108,0.8876307674607292,0,1,0,0,1
C00020114,P018393,2026-07-20,2026-08-01,DR0234,F019,Medicaid,Inpatient,Paid,DX005,PR015,8265.18,6763.48,5510.04,40.07,,50,Male,Northeast,Provider_0234,Orthopedics,Facility_019,Ambulatory Center,Medium,Low Back Pain,Musculoskeletal,PR015,Major Surgery,Surgery,12,2026-07,2026-07-20,0.8146752855039122,0.8183100670523811,0,1,0,0,1
C00020270,P016598,2024-06-16,2024-07-10,DR0294,F020,Medicare,Professional,Paid,DX014,PR015,9953.0,7965.46,6543.48,172.4,,65,Female,Northeast,Provider_0294,Orthopedics,Facility_020,Hospital,Large,Fracture/Injury,Acute,PR015,Major Surgery,Surgery,24,2024-06,2024-06-10,0.821481747444592,0.8003074449914599,0,1,0,0,1
C00020302,P013126,2024-05-23,2024-06-18,DR0181,F018,Self-Pay,Inpatient,Paid,DX005,PR015,16934.55,12702.95,10162.19,1936.86,,43,Female,Northeast,Provider_0181,Orthopedics,Facility_018,Specialty Center,Large,Low Back Pain,Musculoskeletal,PR015,Major Surgery,Surgery,26,2024-05,2024-05-20,0.7999866172818125,0.7501203161583864,0,1,0,0,1
C00020318,P002138,2026-08-02,2026-08-30,DR0374,F022,Other,Professional,Paid,DX015,PR015,20575.73,16372.94,12889.79,783.3,,79,Male,South,Provider_0374,General Surgery,Facility_022,Hospital,Large,Abdominal Pain,Acute,PR015,Major Surgery,Surgery,28,2026-08,2026-07-27,0.7872617868263122,0.7957404184444489,0,1,0,0,1
C00020366,P016586,2024-10-31,2024-11-17,DR0173,F018,Medicare,Outpatient,Rejected,DX002,PR001,188.24,140.6,152.14,0.0,Paid Greater Than Allowed,79,Male,South,Provider_0173,Family Medicine,Facility_018,Specialty Center,Large,Type 2 Diabetes,Chronic,PR001,Office/Follow-up Visit,Professional,17,2024-10,2024-10-28,1.082076813655761,0.7469188270293242,1,0,0,0,1
C00020443,P018087,2025-12-22,2026-01-19,,F020,Medicare,Professional,Paid,DX003,PR006,51.1,43.09,30.2,1.87,Missing Provider,19,Male,South,,,Facility_020,Hospital,Large,Upper Respiratory Infection,Acute,PR006,X-Ray,Diagnostic,28,2025-12,2025-12-22,0.7008586679043861,0.8432485322896283,0,0,1,0,1
C00020446,P006010,2025-04-06,2025-04-10,DR0301,F007,Medicare Advantage,Inpatient,Pending,DX004,PR020,1120.78,917.91,0.0,122.77,,70,Female,Northeast,Provider_0301,Cardiology,Facility_007,Hospital,Large,Hyperlipidemia,Chronic,PR020,Specialist Consultation,Professional,4,2025-04,2025-03-31,0.0,0.8189921304805582,0,0,0,1,1
C00020502,P009527,2024-04-04,2024-04-27,DR0374,F022,Medicare,Professional,Paid,DX025,PR015,14798.38,11211.22,10730.61,67.66,,61,Female,Midwest,Provider_0374,General Surgery,Facility_022,Hospital,Large,Other Condition,Other,PR015,Major Surgery,Surgery,23,2024-04,2024-04-01,0.9571313380702547,0.7575977911095674,0,1,0,0,1
C00020536,P017300,2024-12-17,2024-12-18,DR0242,F017,Commercial,Professional,Paid,DX005,PR015,7968.02,7104.25,5494.38,374.46,,53,Male,Midwest,Provider_0242,General Surgery,Facility_017,Hospital,Medium,Low Back Pain,Musculoskeletal,PR015,Major Surgery,Surgery,1,2024-12,2024-12-16,0.7733933912798677,0.8915954026219813,0,1,0,0,1
C00020638,P017134,2025-07-14,2025-08-13,DR0130,F017,Medicare,Outpatient,Denied,DX014,PR015,9561.97,7757.03,1301.38,982.66,,82,Male,South,Provider_0130,General Surgery,Facility_017,Hospital,Medium,Fracture/Injury,Acute,PR015,Major Surgery,Surgery,30,2025-07,2025-07-14,0.16776781835315838,0.8112376424523399,0,1,0,0,1
C00020720,P011972,2025-02-06,2025-02-18,,F024,Medicaid,Professional,Pending,DX001,PR006,33.87,25.9,0.0,0.78,Missing Provider,74,Female,Midwest,,,Facility_024,Ambulatory Center,Medium,Essential Hypertension,Chronic,PR006,X-Ray,Diagnostic,12,2025-02,2025-02-03,0.0,0.7646885149099498,0,0,1,0,1
C00020763,P018269,2025-09-29,2025-10-29,DR0430,F022,Medicare,Outpatient,Paid,DX002,PR005,1181.07,935.95,975.97,0.0,Paid Greater Than Allowed,47,Male,South,Provider_0430,Radiology,Facility_022,Hospital,Large,Type 2 Diabetes,Chronic,PR005,MRI,Diagnostic,30,2025-09,2025-09-29,1.0427586943746996,0.7924593800536802,1,0,0,0,1
C00020795,P008650,2024-04-17,2024-05-11,DR0282,F011,Commercial,Outpatient,Paid,DX020,PR006,62.21,54.52,51.79,0.43,,95,Female,Midwest,Provider_0282,Family Medicine,Facility_011,Hospital,Large,Gastroesophageal Reflux,Chronic,PR006,X-Ray,Diagnostic,24,2024-04,2024-04-15,0.9499266324284665,0.876386433049349,0,0,0,1,1
C00020801,P013075,2025-01-31,2025-02-27,DR0035,F008,Medicare,Professional,Paid,DX001,PR008,106.64,87.11,70.1,1.89,,31,Male,South,Provider_0035,Other,Facility_008,Hospital,Small,Essential Hypertension,Chronic,PR008,Physical Therapy Session,Therapy,27,2025-01,2025-01-27,0.8047296521639306,0.8168604651162791,0,0,0,1,1
C00020898,P019197,2024-10-26,2024-11-23,DR0376,F022,Medicaid,Professional,Paid,DX014,PR015,18599.38,14725.32,11232.55,100.32,,38,Male,South,Provider_0376,Orthopedics,Facility_022,Hospital,Large,Fracture/Injury,Acute,PR015,Major Surgery,Surgery,28,2024-10,2024-10-21,0.7628051546587782,0.7917102613097855,0,1,0,0,1
C00021022,P015329,2025-08-28,2025-09-11,DR0052,F006,Medicare Advantage,Inpatient,Paid,DX025,PR019,9151.59,7791.67,5985.49,338.66,,89,Male,South,Provider_0052,General Surgery,Facility_006,Hospital,Small,Other Condition,Other,PR019,Maternity Delivery,Obstetric,14,2025-08,2025-08-25,0.7681909013087053,0.8514006855639293,0,1,0,0,1
C00021069,P012553,2024-12-12,2024-12-16,DR0105,F019,Medicare,Professional,Rejected,DX025,PR015,17193.85,16485.81,2309.72,1603.38,,37,Male,South,Provider_0105,General Surgery,Facility_019,Ambulatory Center,Medium,Other Condition,Other,PR015,Major Surgery,Surgery,4,2024-12,2024-12-09,0.1401035193296538,0.958820159533787,0,1,0,0,1
C00021157,P010939,2024-11-10,2024-11-12,DR0183,F002,Commercial,Professional,Denied,DX024,PR010,534.22,500.58,73.12,67.53,,53,Female,South,Provider_0183,Other,Facility_002,Ambulatory Center,Large,Thyroid Disorder,Chronic,PR010,Colonoscopy,Procedure,2,2024-11,2024-11-04,0.14607055815254305,0.9370296881434614,0,0,0,1,1
C00021165,P009209,2026-01-17,2026-02-11,DR0218,F016,Medicare,Professional,Paid,DX014,PR015,7704.75,6265.02,5963.75,40.89,,54,Female,Midwest,Provider_0218,General Surgery,Facility_016,Hospital,Small,Fracture/Injury,Acute,PR015,Major Surgery,Surgery,25,2026-01,2026-01-12,0.9519123642063393,0.8131373503358319,0,1,0,0,1
C00021221,P013496,2024-10-26,2024-10-27,DR0416,F014,Commercial,Professional,Paid,DX004,PR008,94.44,89.15,82.56,1.03,,89,Male,South,Provider_0416,Orthopedics,Facility_014,Hospital,Small,Hyperlipidemia,Chronic,PR008,Physical Therapy Session,Therapy,1,2024-10,2024-10-21,0.9260796410544027,0.9439855993223212,0,0,0,1,1
C00021310,P013562,2026-04-26,2026-05-04,,F019,Medicare Advantage,Professional,Paid,DX025,PR023,276.15,263.4,191.74,11.74,Missing Provider,65,Female,West,,,Facility_019,Ambulatory Center,Medium,Other Condition,Other,PR023,Ambulance Transport,Emergency,8,2026-04,2026-04-20,0.727942293090357,0.9538294405214557,0,0,1,0,1
C00021339,P000152,2024-07-25,2024-08-24,,F014,Medicare,Professional,Paid,DX009,PR002,1141.47,983.87,899.72,12.88,Missing Provider,50,Male,South,,,Facility_014,Hospital,Small,Asthma,Respiratory,PR002,Emergency Department Visit,Emergency,30,2024-07,2024-07-22,0.9144704076758109,0.8619324204753519,0,0,1,0,1
C00021349,P009098,2026-09-05,2026-09-27,DR0183,F002,Medicare,Outpatient,Paid,DX017,PR018,1155.98,848.19,661.0,23.0,,78,Female,South,Provider_0183,Other,Facility_002,Ambulatory Center,Large,Cancer - Active Treatment,Oncology,PR018,Radiation Therapy,Oncology,22,2026-09,2026-08-31,0.7793065233025619,0.7337410681845707,0,0,0,1,1
C00021372,P009808,2026-01-13,2026-01-22,DR0419,F022,Medicare,Inpatient,Denied,DX014,PR015,11005.13,8430.59,164.97,1003.26,,55,Male,West,Provider_0419,Orthopedics,Facility_022,Hospital,Large,Fracture/Injury,Acute,PR015,Major Surgery,Surgery,9,2026-01,2026-01-12,0.019568025488133096,0.7660600101952454,0,1,0,0,1
C00021390,P005229,2024-01-24,2024-02-14,DR0186,F013,Commercial,Outpatient,Paid,DX018,PR019,10312.32,9726.38,9419.22,68.75,,19,Male,South,Provider_0186,Obstetrics & Gynecology,Facility_013,Hospital,Large,Pregnancy-Related,Obstetric,PR019,Maternity Delivery,Obstetric,21,2024-01,2024-01-22,0.9684199054530052,0.9431805840004964,0,1,0,0,1
C00021421,P016676,2026-04-18,2026-04-19,DR0283,F017,Medicare Advantage,Outpatient,Paid,DX023,PR018,1174.76,912.56,701.41,27.57,,48,Female,Midwest,Provider_0283,Other,Facility_017,Hospital,Medium,Migraine,Neurologic,PR018,Radiation Therapy,Oncology,1,2026-04,2026-04-13,0.7686179538879635,0.7768054751608838,0,0,0,1,1
C00021485,P016936,2026-04-17,2026-04-18,DR0283,F017,Medicare,Professional,Paid,DX011,PR016,1472.52,1153.87,841.07,50.38,,56,Male,South,Provider_0283,Other,Facility_017,Hospital,Medium,Depression,Behavioral Health,PR016,Inpatient Daily Care,Inpatient,1,2026-04,2026-04-13,0.7289122691464378,0.7836022600711704,0,0,0,1,1
C00021513,P017290,2024-07-25,2024-08-01,DR0112,F023,Medicaid,Professional,Paid,DX001,PR020,71.69,57.78,41.1,0.48,,48,Female,South,Provider_0112,Internal Medicine,Facility_023,Clinic,Medium,Essential Hypertension,Chronic,PR020,Specialist Consultation,Professional,7,2024-07,2024-07-22,0.711318795430945,0.8059701492537313,0,0,0,1,1
C00021533,P009463,2024-05-09,2024-05-26,DR0052,F006,Medicare,Professional,Paid,DX014,PR015,7939.01,6303.11,6049.5,33.25,,28,Male,South,Provider_0052,General Surgery,Facility_006,Hospital,Small,Fracture/Injury,Acute,PR015,Major Surgery,Surgery,17,2024-05,2024-05-06,0.9597643068263128,0.7939415619831691,0,1,0,0,1
C00021716,P012895,2025-01-19,2025-01-28,DR0006,F007,Medicare Advantage,Professional,Denied,DX014,PR015,14196.62,12956.48,372.8,2270.35,,62,Male,South,Provider_0006,Orthopedics,Facility_007,Hospital,Large,Fracture/Injury,Acute,PR015,Major Surgery,Surgery,9,2025-01,2025-01-13,0.028773247054755615,0.9126454043286358,0,1,0,0,1
C00021743,P012744,2026-08-08,2026-08-15,DR0448,F008,Commercial,Outpatient,Paid,DX014,PR015,11154.5,9720.01,7126.98,472.46,,72,Female,South,Provider_0448,Orthopedics,Facility_008,Hospital,Small,Fracture/Injury,Acute,PR015,Major Surgery,Surgery,7,2026-08,2026-08-03,0.7332276407123037,0.8713980904567663,0,1,0,0,1
C00021752,P014374,2025-09-20,2025-09-20,DR0242,F017,Other,Professional,Paid,DX015,PR015,25667.6,18873.37,15353.17,1110.29,,77,Female,Midwest,Provider_0242,General Surgery,Facility_017,Hospital,Medium,Abdominal Pain,Acute,PR015,Major Surgery,Surgery,0,2025-09,2025-09-15,0.8134832306048152,0.7352993657373498,0,1,0,0,1
C00021772,P012918,2026-04-11,2026-04-16,DR0140,F001,Commercial,Professional,Paid,DX008,PR015,7770.87,6303.63,5939.4,66.81,,79,Male,South,Provider_0140,Cardiology,Facility_001,Hospital,Large,Heart Failure,Cardiovascular,PR015,Major Surgery,Surgery,5,2026-04,2026-04-06,0.9422190071435029,0.8111871643715569,0,1,0,0,1
C00021787,P012302,2025-10-01,2025-10-03,,F019,Self-Pay,Professional,Pending,DX025,PR001,366.6,314.9,0.0,248.76,Missing Provider,28,Male,South,,,Facility_019,Ambulatory Center,Medium,Other Condition,Other,PR001,Office/Follow-up Visit,Professional,2,2025-10,2025-09-29,0.0,0.8589743589743588,0,0,1,0,1
C00021850,P008746,2024-09-20,2024-10-08,DR0052,F006,Medicare Advantage,Professional,Pending,DX014,PR015,12712.89,10194.52,0.0,1338.85,,66,Female,South,Provider_0052,General Surgery,Facility_006,Hospital,Small,Fracture/Injury,Acute,PR015,Major Surgery,Surgery,18,2024-09,2024-09-16,0.0,0.8019042090350817,0,1,0,0,1
C00021863,P014854,2026-09-26,2026-10-22,DR0015,F002,Medicare Advantage,Professional,Paid,DX014,PR015,8681.23,7392.25,5192.7,272.85,,63,Male,South,Provider_0015,Orthopedics,Facility_002,Ambulatory Center,Large,Fracture/Injury,Acute,PR015,Major Surgery,Surgery,26,2026-09,2026-09-21,0.7024518921843823,0.851521040221259,0,1,0,0,1
C00021874,P001813,2026-08-06,2026-09-05,DR0346,F007,Medicare,Inpatient,Paid,DX006,PR015,15744.77,13172.1,10240.88,395.46,,27,Female,South,Provider_0346,Orthopedics,Facility_007,Hospital,Large,Osteoarthritis,Musculoskeletal,PR015,Major Surgery,Surgery,30,2026-08,2026-08-03,0.7774675260588668,0.8366016143773456,0,1,0,0,1
C00021959,P016627,2025-04-04,2025-04-21,DR0301,F007,Medicaid,Outpatient,Pending,DX025,PR012,830.05,594.78,0.0,20.9,,56,Female,South,Provider_0301,Cardiology,Facility_007,Hospital,Large,Other Condition,Other,PR012,Echocardiogram,Diagnostic,17,2025-04,2025-03-31,0.0,0.7165592434190712,0,0,0,1,1
C00022018,P008311,2026-08-04,2026-08-30,DR0374,F022,Medicare,Professional,Paid,DX025,PR015,8365.54,7185.48,6953.35,33.98,,16,Other,Midwest,Provider_0374,General Surgery,Facility_022,Hospital,Large,Other Condition,Other,PR015,Major Surgery,Surgery,26,2026-08,2026-08-03,0.9676945729443267,0.8589379765083902,0,1,0,0,1
C00022106,P018970,2024-02-05,2024-02-14,,F017,Self-Pay,Inpatient,Rejected,DX014,PR015,3148.12,2656.63,423.71,1512.24,Missing Provider,13,Female,South,,,Facility_017,Hospital,Medium,Fracture/Injury,Acute,PR015,Major Surgery,Surgery,9,2024-02,2024-02-05,0.15949153626963483,0.8438782511467162,0,0,1,0,1
C00022185,P017389,2024-10-19,2024-11-07,DR0319,F005,Medicare,Inpatient,Paid,DX014,PR015,17826.56,15371.87,13403.22,288.77,,41,Female,Midwest,Provider_0319,Orthopedics,Facility_005,Ambulatory Center,Small,Fracture/Injury,Acute,PR015,Major Surgery,Surgery,19,2024-10,2024-10-14,0.8719316517769145,0.8623015320959287,0,1,0,0,1
C00022225,P004747,2026-04-18,2026-05-11,DR0283,F017,Medicare Advantage,Professional,Paid,DX004,PR025,264.27,202.64,172.22,4.43,,64,Male,West,Provider_0283,Other,Facility_017,Hospital,Medium,Hyperlipidemia,Chronic,PR025,Other Clinical Service,Other,23,2026-04,2026-04-13,0.8498815633636005,0.7667915389563704,0,0,0,1,1
C00022323,P008518,2025-01-28,2025-02-14,DR0035,F008,Medicare Advantage,Professional,Paid,DX002,PR007,267.94,256.2,190.75,9.88,,75,Male,South,Provider_0035,Other,Facility_008,Hospital,Small,Type 2 Diabetes,Chronic,PR007,Ultrasound,Diagnostic,17,2025-01,2025-01-27,0.744535519125683,0.956184220347839,0,0,0,1,1
C00022461,P016023,2024-11-09,2024-11-17,DR0081,F012,Commercial,Inpatient,Paid,DX025,PR006,160.54,141.47,133.92,1.15,,76,Male,Midwest,Provider_0081,Internal Medicine,Facility_012,Ambulatory Center,Medium,Other Condition,Other,PR006,X-Ray,Diagnostic,8,2024-11,2024-11-04,0.9466317947267971,0.8812134047589386,0,0,0,1,1
C00022474,P012170,2025-02-14,2025-03-14,DR0388,F001,Commercial,Professional,Paid,DX021,PR015,8718.1,6738.12,4857.66,430.32,,66,Male,South,Provider_0388,General Surgery,Facility_001,Hospital,Large,Skin Infection,Acute,PR015,Major Surgery,Surgery,28,2025-02,2025-02-10,0.7209221563284715,0.7728885881097945,0,1,0,0,1
C00022573,P018736,2024-01-19,2024-01-19,DR0035,F008,Medicaid,Outpatient,Paid,DX004,PR015,13181.8,12765.02,10642.08,52.82,,89,Male,West,Provider_0035,Other,Facility_008,Hospital,Small,Hyperlipidemia,Chronic,PR015,Major Surgery,Surgery,0,2024-01,2024-01-15,0.833690820695933,0.9683821632857426,0,1,0,0,1
C00022636,P003661,2026-08-06,2026-08-13,DR0201,F015,Medicaid,Inpatient,Paid,DX006,PR015,11654.48,11265.4,9703.19,51.14,,75,Other,West,Provider_0201,Orthopedics,Facility_015,Hospital,Small,Osteoarthritis,Musculoskeletal,PR015,Major Surgery,Surgery,7,2026-08,2026-08-03,0.861326717204893,0.9666154131286853,0,1,0,0,1
C00022688,P015518,2024-09-30,2024-10-02,DR0242,F017,Medicare Advantage,Inpatient,Rejected,DX014,PR020,116.12,89.28,3.6,10.68,,42,Male,Midwest,Provider_0242,General Surgery,Facility_017,Hospital,Medium,Fracture/Injury,Acute,PR020,Specialist Consultation,Professional,2,2024-09,2024-09-30,0.04032258064516129,0.7688598002066828,0,0,0,1,1
C00022833,P015592,2026-04-13,2026-05-01,DR0283,F017,Medicare,Outpatient,Paid,DX011,PR010,1101.88,1031.15,919.29,16.43,,25,Female,South,Provider_0283,Other,Facility_017,Hospital,Medium,Depression,Behavioral Health,PR010,Colonoscopy,Procedure,18,2026-04,2026-04-13,0.8915191776172233,0.9358097070461393,0,0,0,1,1
C00022881,P009153,2025-02-01,2025-02-26,DR0035,F008,Workers Comp,Outpatient,Paid,DX010,PR001,205.67,169.26,149.36,1.43,,60,Male,West,Provider_0035,Other,Facility_008,Hospital,Small,COPD,Respiratory,PR001,Office/Follow-up Visit,Professional,25,2025-02,2025-01-27,0.8824293985584309,0.8229688335683376,0,0,0,1,1
C00022962,P018971,2024-08-07,2024-08-29,DR0052,F006,Commercial,Outpatient,Paid,DX014,PR015,46749.23,32907.66,24495.83,1445.16,,71,Male,South,Provider_0052,General Surgery,Facility_006,Hospital,Small,Fracture/Injury,Acute,PR015,Major Surgery,Surgery,22,2024-08,2024-08-05,0.7443807915846948,0.7039187597314437,0,1,0,0,1
C00023142,P017358,2025-03-24,2025-03-30,DR0130,F017,Commercial,Professional,Reversed,DX025,PR015,8066.08,5731.52,67.63,1302.84,,30,Male,South,Provider_0130,General Surgery,Facility_017,Hospital,Medium,Other Condition,Other,PR015,Major Surgery,Surgery,6,2025-03,2025-03-24,0.011799662218748253,0.7105706861325453,0,1,0,0,1
C00023219,P019155,2024-05-02,2024-06-01,DR0176,F024,Medicaid,Inpatient,Paid,DX016,PR015,14403.51,10636.51,9498.61,37.55,,28,Male,West,Provider_0176,Other,Facility_024,Ambulatory Center,Medium,Pneumonia,Respiratory,PR015,Major Surgery,Surgery,30,2024-05,2024-04-29,0.8930194208438671,0.7384665265619283,0,1,0,0,1
C00023247,P010622,2025-12-05,2025-12-25,DR0288,F012,Commercial,Professional,Paid,DX001,PR012,912.03,863.15,609.43,47.11,,24,Female,South,Provider_0288,Cardiology,Facility_012,Ambulatory Center,Medium,Essential Hypertension,Chronic,PR012,Echocardiogram,Diagnostic,20,2025-12,2025-12-01,0.7060534090250825,0.9464052717564115,0,0,0,1,1
C00023249,P005961,2024-01-06,2024-02-04,,F007,Self-Pay,Professional,Denied,DX001,PR003,9.97,8.85,1.31,4.85,Missing Provider,16,Female,West,,,Facility_007,Hospital,Large,Essential Hypertension,Chronic,PR003,Routine Lab Panel,Diagnostic,29,2024-01,2024-01-01,0.1480225988700565,0.8876629889669007,0,0,1,0,1
C00023259,P001685,2025-08-24,2025-09-04,DR0288,F012,Other,Professional,Paid,DX008,PR021,165.24,123.64,115.44,2.24,,69,Male,Northeast,Provider_0288,Cardiology,Facility_012,Ambulatory Center,Medium,Heart Failure,Cardiovascular,PR021,Behavioral Health Session,Behavioral,11,2025-08,2025-08-18,0.9336784212229052,0.7482449770031468,0,0,0,1,1
C00023330,P015583,2024-04-20,2024-05-06,DR0242,F017,Commercial,Inpatient,Paid,DX014,PR010,9470.43,8884.29,6895.43,353.2,,82,Female,Northeast,Provider_0242,General Surgery,Facility_017,Hospital,Medium,Fracture/Injury,Acute,PR010,Colonoscopy,Procedure,16,2024-04,2024-04-15,0.7761374291023818,0.9381084069044384,0,1,0,0,1
C00023367,P014380,2025-12-31,2025-12-31,DR0404,F020,Medicare,Inpatient,Paid,DX005,PR015,18458.84,15482.35,11696.63,587.44,,53,Male,Northeast,Provider_0404,Orthopedics,Facility_020,Hospital,Large,Low Back Pain,Musculoskeletal,PR015,Major Surgery,Surgery,0,2025-12,2025-12-29,0.7554815644911786,0.8387498889421003,0,1,0,0,1
C00023499,P001079,2025-09-16,2025-09-20,DR0242,F017,Commercial,Outpatient,Paid,DX025,PR015,8916.52,8317.4,7429.78,158.58,,71,Female,South,Provider_0242,General Surgery,Facility_017,Hospital,Medium,Other Condition,Other,PR015,Major Surgery,Surgery,4,2025-09,2025-09-15,0.8932815543318826,0.9328078667462193,0,1,0,0,1
C00023585,P014752,2025-05-22,2025-06-04,DR0076,F014,Medicare,Outpatient,Paid,DX008,PR001,298.19,245.59,208.03,6.42,,92,Male,Northeast,Provider_0076,Pediatrics,Facility_014,Hospital,Small,Heart Failure,Cardiovascular,PR001,Office/Follow-up Visit,Professional,13,2025-05,2025-05-19,0.8470621767987296,0.8236024011536269,0,0,0,1,1
C00023586,P014203,2024-06-20,2024-07-16,DR0184,F019,Medicare Advantage,Outpatient,Paid,DX019,PR015,9261.27,8284.06,6476.95,344.8,,66,Female,South,Provider_0184,Other,Facility_019,Ambulatory Center,Medium,Neurologic Disorder,Neurologic,PR015,Major Surgery,Surgery,26,2024-06,2024-06-17,0.7818569638558871,0.894484233803787,0,1,0,0,1
C00023618,P016698,2024-10-30,2024-11-10,DR0302,F020,Commercial,Outpatient,Paid,DX020,PR020,161.4,149.09,123.53,4.16,,56,Female,West,Provider_0302,Internal Medicine,Facility_020,Hospital,Large,Gastroesophageal Reflux,Chronic,PR020,Specialist Consultation,Professional,11,2024-10,2024-10-28,0.8285599302434771,0.923729863692689,0,0,0,1,1
C00023663,P005866,2025-11-02,2025-11-18,DR0292,F020,Medicaid,Inpatient,Paid,DX025,PR019,9373.33,6885.14,5043.78,66.0,,75,Female,West,Provider_0292,Oncology,Facility_020,Hospital,Large,Other Condition,Other,PR019,Maternity Delivery,Obstetric,16,2025-11,2025-10-27,0.7325602674745901,0.7345457804216858,0,1,0,0,1
C00023739,P004410,2025-07-17,2025-08-15,DR0188,F002,Commercial,Outpatient,Paid,DX005,PR015,7828.34,6564.67,6236.59,65.39,,69,Female,Midwest,Provider_0188,Orthopedics,Facility_002,Ambulatory Center,Large,Low Back Pain,Musculoskeletal,PR015,Major Surgery,Surgery,29,2025-07,2025-07-14,0.9500233827442963,0.8385775272918652,0,1,0,0,1
C00023766,P001047,2024-02-13,2024-02-26,DR0374,F022,Medicaid,Outpatient,Paid,DX015,PR015,16675.25,12379.9,9507.02,67.2,,50,Male,Midwest,Provider_0374,General Surgery,Facility_022,Hospital,Large,Abdominal Pain,Acute,PR015,Major Surgery,Surgery,13,2024-02,2024-02-12,0.7679399672049048,0.742411657996132,0,1,0,0,1
C00023792,P004585,2024-02-03,2024-03-03,DR0443,F019,Commercial,Professional,Paid,DX014,PR006,41.16,33.01,27.07,0.98,,45,Female,South,Provider_0443,Family Medicine,Facility_019,Ambulatory Center,Medium,Fracture/Injury,Acute,PR006,X-Ray,Diagnostic,29,2024-02,2024-01-29,0.8200545289306271,0.8019922254616132,0,0,0,1,1
C00023798,P003485,2024-01-24,2024-02-16,DR0226,F013,Medicare,Professional,Rejected,DX005,PR014,62.84,45.02,4.59,4.28,,9,Female,South,Provider_0226,Family Medicine,Facility_013,Hospital,Large,Low Back Pain,Musculoskeletal,PR014,Minor Skin Procedure,Procedure,23,2024-01,2024-01-22,0.10195468680586404,0.7164226607256524,0,0,0,1,1
C00023829,P007520,2024-11-12,2024-11-13,DR0318,F023,Commercial,Inpatient,Rejected,DX014,PR015,8468.4,7045.04,1645.3,1313.8,,73,Female,West,Provider_0318,Orthopedics,Facility_023,Clinic,Medium,Fracture/Injury,Acute,PR015,Major Surgery,Surgery,1,2024-11,2024-11-11,0.23354019281650637,0.831921024042322,0,1,0,0,1
C00023868,P010896,2025-12-03,2025-12-23,DR0173,F018,Medicare,Professional,Paid,DX005,PR019,8258.25,7412.85,6642.14,123.15,,67,Male,South,Provider_0173,Family Medicine,Facility_018,Specialty Center,Large,Low Back Pain,Musculoskeletal,PR019,Maternity Delivery,Obstetric,20,2025-12,2025-12-01,0.896030541559589,0.8976296430841886,0,1,0,0,1
C00023872,P001339,2026-06-04,2026-06-12,DR0215,F013,Medicaid,Professional,Paid,DX014,PR015,10623.73,8008.56,7415.85,18.05,,79,Female,South,Provider_0215,General Surgery,Facility_013,Hospital,Large,Fracture/Injury,Acute,PR015,Major Surgery,Surgery,8,2026-06,2026-06-01,0.925990440228955,0.7538369292141273,0,1,0,0,1
C00023885,P017106,2025-12-01,2025-12-27,DR0374,F022,Commercial,Professional,Paid,DX020,PR015,9078.99,8210.13,6166.55,398.79,,68,Male,Northeast,Provider_0374,General Surgery,Facility_022,Hospital,Large,Gastroesophageal Reflux,Chronic,PR015,Major Surgery,Surgery,26,2025-12,2025-12-01,0.7510904212235373,0.9042999276351223,0,1,0,0,1
C00023890,P018102,2024-07-02,2024-07-23,DR0221,F009,Medicaid,Inpatient,Paid,DX025,PR015,12761.39,9521.48,7960.01,44.04,,72,Male,South,Provider_0221,General Surgery,Facility_009,Hospital,Small,Other Condition,Other,PR015,Major Surgery,Surgery,21,2024-07,2024-07-01,0.8360055369543391,0.7461162146129849,0,1,0,0,1
C00023940,P010084,2025-05-21,2025-06-09,DR0181,F018,Medicare Advantage,Outpatient,Denied,DX005,PR015,9221.65,7944.61,1686.84,759.84,,23,Male,West,Provider_0181,Orthopedics,Facility_018,Specialty Center,Large,Low Back Pain,Musculoskeletal,PR015,Major Surgery,Surgery,19,2025-05,2025-05-19,0.21232508581289705,0.8615171905244723,0,1,0,0,1
C00024015,P016129,2025-08-13,2025-08-26,,F020,Medicare,Outpatient,Paid,DX003,PR025,43.39,30.6,21.97,1.16,Missing Provider,81,Female,Midwest,,,Facility_020,Hospital,Large,Upper Respiratory Infection,Acute,PR025,Other Clinical Service,Other,13,2025-08,2025-08-11,0.7179738562091502,0.7052316201889837,0,0,1,0,1
C00024028,P008288,2026-04-30,2026-05-04,DR0404,F020,Medicaid,Professional,Paid,DX005,PR015,12819.17,9304.04,8992.55,8.41,,66,Female,West,Provider_0404,Orthopedics,Facility_020,Hospital,Large,Low Back Pain,Musculoskeletal,PR015,Major Surgery,Surgery,4,2026-04,2026-04-27,0.9665209951805881,0.725791139363937,0,1,0,0,1
C00024047,P012170,2026-06-14,2026-06-19,DR0246,F001,Commercial,Professional,Paid,DX014,PR015,8230.15,6301.67,6034.96,61.64,,66,Male,South,Provider_0246,Orthopedics,Facility_001,Hospital,Large,Fracture/Injury,Acute,PR015,Major Surgery,Surgery,5,2026-06,2026-06-08,0.9576762985049995,0.765681062921089,0,1,0,0,1
C00024070,P013531,2026-06-18,2026-07-16,DR0130,F017,Medicare,Professional,Paid,DX020,PR015,8226.13,5905.28,5627.1,44.03,,76,Female,South,Provider_0130,General Surgery,Facility_017,Hospital,Medium,Gastroesophageal Reflux,Chronic,PR015,Major Surgery,Surgery,28,2026-06,2026-06-15,0.9528930042267261,0.7178685481508316,0,1,0,0,1
C00024072,P003448,2024-10-02,2024-10-09,DR0256,F011,Medicare,Outpatient,Paid,DX014,PR015,15170.49,14226.08,10893.92,354.41,,57,Female,South,Provider_0256,General Surgery,Facility_011,Hospital,Large,Fracture/Injury,Acute,PR015,Major Surgery,Surgery,7,2024-10,2024-09-30,0.7657710346068629,0.9377469020446934,0,1,0,0,1
C00024106,P010542,2024-08-07,2024-08-12,DR0006,F007,Medicare,Inpatient,Paid,DX006,PR015,10523.89,10190.75,7760.54,413.02,,81,Male,Northeast,Provider_0006,Orthopedics,Facility_007,Hospital,Large,Osteoarthritis,Musculoskeletal,PR015,Major Surgery,Surgery,5,2024-08,2024-08-05,0.7615278561440522,0.9683444049681249,0,1,0,0,1
C00024161,P018084,2024-03-29,2024-04-14,DR0318,F023,Medicare,Professional,Paid,DX014,PR015,24884.83,23179.1,16473.8,842.12,,77,Female,Northeast,Provider_0318,Orthopedics,Facility_023,Clinic,Medium,Fracture/Injury,Acute,PR015,Major Surgery,Surgery,16,2024-03,2024-03-25,0.7107178449551536,0.9314550270184686,0,1,0,0,1
C00024254,P006067,2024-11-07,2024-11-12,DR0183,F002,Medicare,Professional,Paid,DX014,PR021,87.77,64.68,51.52,1.61,,47,Male,Midwest,Provider_0183,Other,Facility_002,Ambulatory Center,Large,Fracture/Injury,Acute,PR021,Behavioral Health Session,Behavioral,5,2024-11,2024-11-04,0.7965367965367965,0.7369260567392049,0,0,0,1,1
C00024302,P010279,2024-06-12,2024-06-22,DR0301,F007,Medicare Advantage,Professional,Paid,DX008,PR001,464.18,382.35,282.07,15.36,,71,Female,South,Provider_0301,Cardiology,Facility_007,Hospital,Large,Heart Failure,Cardiovascular,PR001,Office/Follow-up Visit,Professional,10,2024-06,2024-06-10,0.737727213286256,0.8237106294971779,0,0,0,1,1
C00024382,P017046,2025-12-28,2026-01-23,,F017,Commercial,Professional,Paid,DX003,PR006,223.38,200.93,179.49,4.92,Missing Provider,65,Male,South,,,Facility_017,Hospital,Medium,Upper Respiratory Infection,Acute,PR006,X-Ray,Diagnostic,26,2025-12,2025-12-22,0.8932961727964963,0.8994986122302803,0,0,1,0,1
C00024402,P004753,2024-10-16,2024-10-30,DR0374,F022,Commercial,Outpatient,Paid,DX015,PR015,11995.12,9827.79,9548.44,61.62,,45,Female,Northeast,Provider_0374,General Surgery,Facility_022,Hospital,Large,Abdominal Pain,Acute,PR015,Major Surgery,Surgery,14,2024-10,2024-10-14,0.9715755017150346,0.8193156883799412,0,1,0,0,1
C00024469,P004865,2025-09-10,2025-09-11,DR0183,F002,Medicare,Professional,Paid,DX009,PR015,7743.25,6712.8,5998.27,122.8,,47,Female,West,Provider_0183,Other,Facility_002,Ambulatory Center,Large,Asthma,Respiratory,PR015,Major Surgery,Surgery,1,2025-09,2025-09-08,0.8935570849719938,0.866922803732283,0,1,0,0,1
C00024499,P018561,2024-08-01,2024-08-15,DR0093,F013,Medicare,Professional,Rejected,DX004,PR001,110.33,100.99,15.27,9.11,,55,Female,Northeast,Provider_0093,Internal Medicine,Facility_013,Hospital,Large,Hyperlipidemia,Chronic,PR001,Office/Follow-up Visit,Professional,14,2024-08,2024-07-29,0.15120308941479355,0.9153448744675066,0,0,0,1,1
C00024539,P003707,2024-11-17,2024-12-12,DR0261,F002,Medicare,Professional,Paid,DX004,PR015,28096.87,25246.03,21748.84,447.72,,28,Female,West,Provider_0261,Internal Medicine,Facility_002,Ambulatory Center,Large,Hyperlipidemia,Chronic,PR015,Major Surgery,Surgery,25,2024-11,2024-11-11,0.8614756458738265,0.8985353172791133,0,1,0,0,1
C00024604,P013031,2024-04-09,2024-05-05,DR0183,F002,Medicare,Professional,Paid,DX022,PR015,7945.01,7511.61,5534.67,295.98,,78,Female,South,Provider_0183,Other,Facility_002,Ambulatory Center,Large,Urinary Tract Infection,Acute,PR015,Major Surgery,Surgery,26,2024-04,2024-04-08,0.7368154097457137,0.9454500371931563,0,1,0,0,1
C00024610,P004891,2025-07-20,2025-08-19,DR0443,F019,Medicaid,Outpatient,Paid,DX012,PR025,17.6,14.19,12.1,0.06,,62,Male,Midwest,Provider_0443,Family Medicine,Facility_019,Ambulatory Center,Medium,Anxiety Disorder,Behavioral Health,PR025,Other Clinical Service,Other,30,2025-07,2025-07-14,0.8527131782945736,0.8062499999999999,0,0,0,1,1
C00024670,P013841,2024-08-13,2024-09-04,DR0242,F017,Self-Pay,Inpatient,Paid,DX025,PR015,85000.0,76251.26,64118.11,8259.29,,69,Female,South,Provider_0242,General Surgery,Facility_017,Hospital,Medium,Other Condition,Other,PR015,Major Surgery,Surgery,22,2024-08,2024-08-12,0.8408793507149915,0.8970736470588234,0,1,0,0,1
C00024705,P009106,2024-06-14,2024-07-07,DR0311,F013,Commercial,Professional,Paid,DX014,PR015,9019.98,8144.97,7626.5,99.58,,90,Female,Midwest,Provider_0311,Orthopedics,Facility_013,Hospital,Large,Fracture/Injury,Acute,PR015,Major Surgery,Surgery,23,2024-06,2024-06-10,0.9363447624730354,0.9029920243725597,0,1,0,0,1
C00024716,P019162,2025-05-02,2025-05-08,DR0404,F020,Workers Comp,Outpatient,Paid,DX014,PR015,14688.36,11962.0,8811.03,295.26,,50,Male,Northeast,Provider_0404,Orthopedics,Facility_020,Hospital,Large,Fracture/Injury,Acute,PR015,Major Surgery,Surgery,6,2025-05,2025-04-28,0.7365850192275539,0.8143863576328466,0,1,0,0,1
C00024804,P019406,2024-01-03,2024-01-03,DR0135,F015,Medicare,Outpatient,Paid,DX010,PR015,15496.73,11884.78,10970.55,132.49,,67,Male,West,Provider_0135,Other,Facility_015,Hospital,Small,COPD,Respiratory,PR015,Major Surgery,Surgery,0,2024-01,2024-01-01,0.9230755638724485,0.7669217957594926,0,1,0,0,1
C00024831,P002838,2025-01-08,2025-02-02,DR0336,F017,Medicare,Outpatient,Paid,DX012,PR001,146.94,114.89,98.56,2.23,,39,Male,Northeast,Provider_0336,Family Medicine,Facility_017,Hospital,Medium,Anxiety Disorder,Behavioral Health,PR001,Office/Follow-up Visit,Professional,25,2025-01,2025-01-06,0.8578640438680477,0.7818837620797605,0,0,0,1,1
C00024855,P017036,2025-07-06,2025-07-22,,F004,Medicaid,Professional,Denied,DX020,PR003,26.15,25.32,6.02,0.72,Missing Provider,88,Female,Northeast,,,Facility_004,Clinic,Medium,Gastroesophageal Reflux,Chronic,PR003,Routine Lab Panel,Diagnostic,16,2025-07,2025-06-30,0.23775671406003157,0.9682600382409179,0,0,1,0,1
C00024915,P005216,2025-01-28,2025-02-05,DR0035,F008,Medicare,Professional,Denied,DX022,PR004,636.5,495.36,22.79,76.2,,65,Male,Northeast,Provider_0035,Other,Facility_008,Hospital,Small,Urinary Tract Infection,Acute,PR004,Advanced Imaging - CT,Diagnostic,8,2025-01,2025-01-27,0.04600694444444444,0.7782560879811469,0,0,0,1,1
C00025112,P005105,2025-07-16,2025-07-23,DR0443,F019,Medicaid,Professional,Paid,DX012,PR003,46.77,33.24,25.01,0.31,,38,Male,South,Provider_0443,Family Medicine,Facility_019,Ambulatory Center,Medium,Anxiety Disorder,Behavioral Health,PR003,Routine Lab Panel,Diagnostic,7,2025-07,2025-07-14,0.7524067388688327,0.7107119948685054,0,0,0,1,1
C00025181,P002344,2025-04-04,2025-04-05,DR0242,F017,Medicare,Professional,Paid,DX014,PR015,8863.93,7833.78,6197.75,220.78,,66,Female,South,Provider_0242,General Surgery,Facility_017,Hospital,Medium,Fracture/Injury,Acute,PR015,Major Surgery,Surgery,1,2025-04,2025-03-31,0.7911570148765985,0.8837817988183571,0,1,0,0,1
C00025191,P001247,2024-06-03,2024-06-10,DR0130,F017,Medicare Advantage,Professional,Paid,DX025,PR015,9618.26,7843.49,6761.98,149.22,,54,Male,South,Provider_0130,General Surgery,Facility_017,Hospital,Medium,Other Condition,Other,PR015,Major Surgery,Surgery,7,2024-06,2024-06-03,0.8621136764374022,0.8154790991301961,0,1,0,0,1
C00025246,P000520,2024-06-09,2024-07-08,DR0328,F001,Other,Outpatient,Paid,DX014,PR025,282.42,248.94,259.47,0.0,Paid Greater Than Allowed,75,Male,South,Provider_0328,Emergency Medicine,Facility_001,Hospital,Large,Fracture/Injury,Acute,PR025,Other Clinical Service,Other,29,2024-06,2024-06-03,1.042299349240781,0.881453154875717,1,0,0,0,1
C00025259,P008764,2026-04-22,2026-04-25,DR0294,F020,Medicare,Professional,Denied,DX014,PR015,11005.16,9639.72,2139.89,829.64,,82,Male,South,Provider_0294,Orthopedics,Facility_020,Hospital,Large,Fracture/Injury,Acute,PR015,Major Surgery,Surgery,3,2026-04,2026-04-20,0.22198673820401424,0.8759272922883446,0,1,0,0,1
C00025268,P008906,2025-05-04,2025-05-28,DR0153,F008,Medicare,Inpatient,Pending,DX001,PR015,10634.11,8450.99,0.0,1422.4,,21,Male,West,Provider_0153,Orthopedics,Facility_008,Hospital,Small,Essential Hypertension,Chronic,PR015,Major Surgery,Surgery,24,2025-05,2025-04-28,0.0,0.7947059039261395,0,1,0,0,1
C00025336,P001337,2025-02-06,2025-02-08,DR0183,F002,Medicare,Professional,Paid,DX017,PR008,227.73,205.41,160.23,5.82,,77,Male,Midwest,Provider_0183,Other,Facility_002,Ambulatory Center,Large,Cancer - Active Treatment,Oncology,PR008,Physical Therapy Session,Therapy,2,2025-02,2025-02-03,0.780049656783993,0.9019891977341589,0,0,0,1,1
C00025371,P014152,2024-02-18,2024-03-10,,F006,Medicare Advantage,Professional,Paid,DX006,PR025,66.97,53.2,51.57,0.23,Missing Provider,36,Female,Northeast,,,Facility_006,Hospital,Small,Osteoarthritis,Musculoskeletal,PR025,Other Clinical Service,Other,21,2024-02,2024-02-12,0.9693609022556391,0.7943855457667613,0,0,1,0,1
C00025396,P008743,2024-08-04,2024-08-18,DR0093,F013,Commercial,Professional,Paid,DX025,PR003,59.67,50.89,47.93,0.66,,71,Female,West,Provider_0093,Internal Medicine,Facility_013,Hospital,Large,Other Condition,Other,PR003,Routine Lab Panel,Diagnostic,14,2024-08,2024-07-29,0.9418353311063077,0.852857382269147,0,0,0,1,1
C00025404,P013467,2024-07-19,2024-08-05,DR0010,F014,Other,Professional,Paid,DX005,PR015,7867.64,6506.69,5365.5,341.06,,59,Female,Northeast,Provider_0010,Orthopedics,Facility_014,Hospital,Small,Low Back Pain,Musculoskeletal,PR015,Major Surgery,Surgery,17,2024-07,2024-07-15,0.8246128215728735,0.8270192840546847,0,1,0,0,1
C00025443,P000273,2026-09-03,2026-09-21,DR0183,F002,Commercial,Professional,Denied,DX006,PR025,48.69,46.13,9.44,8.7,,96,Male,Midwest,Provider_0183,Other,Facility_002,Ambulatory Center,Large,Osteoarthritis,Musculoskeletal,PR025,Other Clinical Service,Other,18,2026-09,2026-08-31,0.20463906351615,0.9474224686794004,0,0,0,1,1
C00025486,P001998,2026-03-05,2026-03-27,DR0397,F019,Medicare Advantage,Professional,Paid,DX025,PR001,950.08,719.65,631.8,15.28,,93,Male,Midwest,Provider_0397,Pediatrics,Facility_019,Ambulatory Center,Medium,Other Condition,Other,PR001,Office/Follow-up Visit,Professional,22,2026-03,2026-03-02,0.8779267699576182,0.7574625294712024,0,0,0,1,1
C00025489,P002256,2026-04-14,2026-05-08,,F001,Medicare,Outpatient,Paid,DX001,PR003,39.2,31.05,25.46,0.76,Missing Provider,92,Female,West,,,Facility_001,Hospital,Large,Essential Hypertension,Chronic,PR003,Routine Lab Panel,Diagnostic,24,2026-04,2026-04-13,0.8199677938808374,0.7920918367346939,0,0,1,0,1
C00025542,P004724,2024-06-01,2024-06-16,DR0191,F020,Medicare Advantage,Professional,Paid,DX020,PR006,60.52,50.09,46.86,0.58,,67,Male,South,Provider_0191,Family Medicine,Facility_020,Hospital,Large,Gastroesophageal Reflux,Chronic,PR006,X-Ray,Diagnostic,15,2024-06,2024-05-27,0.9355160710720702,0.8276602775941837,0,0,0,1,1
C00025568,P003660,2024-07-20,2024-08-01,DR0311,F013,Commercial,Outpatient,Paid,DX005,PR020,361.76,293.12,240.57,8.87,,0,Male,Northeast,Provider_0311,Orthopedics,Facility_013,Hospital,Large,Low Back Pain,Musculoskeletal,PR020,Specialist Consultation,Professional,12,2024-07,2024-07-15,0.8207218886462881,0.8102609464838567,0,0,0,1,1
C00025584,P011823,2024-10-02,2024-10-23,,F011,Self-Pay,Outpatient,Paid,DX015,PR003,60.72,54.56,46.88,4.4,Missing Provider,69,Male,South,,,Facility_011,Hospital,Large,Abdominal Pain,Acute,PR003,Routine Lab Panel,Diagnostic,21,2024-10,2024-09-30,0.8592375366568915,0.8985507246376813,0,0,1,0,1
C00025606,P002845,2025-03-18,2025-04-04,DR0352,F022,Medicaid,Professional,Paid,DX006,PR015,27542.04,24454.87,18873.29,198.2,,72,Male,Midwest,Provider_0352,Orthopedics,Facility_022,Hospital,Large,Osteoarthritis,Musculoskeletal,PR015,Major Surgery,Surgery,17,2025-03,2025-03-17,0.7717599807318543,0.8879106268090525,0,1,0,0,1
C00025686,P019145,2026-01-07,2026-02-04,DR0221,F009,Medicare,Inpatient,Paid,DX004,PR015,11709.35,11158.28,10435.27,101.09,,49,Female,Northeast,Provider_0221,General Surgery,Facility_009,Hospital,Small,Hyperlipidemia,Chronic,PR015,Major Surgery,Surgery,28,2026-01,2026-01-05,0.9352041712522001,0.9529376096879845,0,1,0,0,1
C00025704,P018395,2024-04-18,2024-05-03,DR0172,F002,Medicare,Professional,Paid,DX007,PR005,10027.47,8505.45,6676.79,196.6,Extreme Claim Amount,25,Male,Northeast,Provider_0172,Radiology,Facility_002,Ambulatory Center,Large,Coronary Artery Disease,Cardiovascular,PR005,MRI,Diagnostic,15,2024-04,2024-04-15,0.7850013814671769,0.8482149535226734,0,1,0,0,1
C00025773,P010123,2024-11-06,2024-11-14,DR0242,F017,Commercial,Inpatient,Paid,DX005,PR015,11795.43,8683.62,7046.57,373.06,,87,Male,West,Provider_0242,General Surgery,Facility_017,Hospital,Medium,Low Back Pain,Musculoskeletal,PR015,Major Surgery,Surgery,8,2024-11,2024-11-04,0.8114783926519124,0.7361851157609346,0,1,0,0,1
C00025860,P018068,2024-12-15,2025-01-08,DR0448,F008,Medicare,Inpatient,Pending,DX005,PR015,12663.01,9542.8,0.0,1026.98,,31,Female,Northeast,Provider_0448,Orthopedics,Facility_008,Hospital,Small,Low Back Pain,Musculoskeletal,PR015,Major Surgery,Surgery,24,2024-12,2024-12-09,0.0,0.7535964987787264,0,1,0,0,1
C00025898,P004989,2024-04-10,2024-04-19,,F017,Medicare Advantage,Professional,Rejected,DX014,PR006,136.85,130.48,24.61,18.42,Missing Provider,74,Male,Midwest,,,Facility_017,Hospital,Medium,Fracture/Injury,Acute,PR006,X-Ray,Diagnostic,9,2024-04,2024-04-08,0.18861128142244024,0.9534526854219948,0,0,1,0,1
C00025939,P008698,2024-07-26,2024-08-25,DR0112,F023,Commercial,Outpatient,Paid,DX001,PR007,88.22,63.41,56.51,1.49,,22,Male,Northeast,Provider_0112,Internal Medicine,Facility_023,Clinic,Medium,Essential Hypertension,Chronic,PR007,Ultrasound,Diagnostic,30,2024-07,2024-07-22,0.8911843557798454,0.7187712536839719,0,0,0,1,1
C00025967,P015247,2024-05-15,2024-05-31,DR0336,F017,Self-Pay,Professional,Paid,DX003,PR003,67.81,49.98,48.86,0.58,,66,Female,West,Provider_0336,Family Medicine,Facility_017,Hospital,Medium,Upper Respiratory Infection,Acute,PR003,Routine Lab Panel,Diagnostic,16,2024-05,2024-05-13,0.9775910364145659,0.7370594307624243,0,0,0,1,1
C00026013,P005783,2024-12-09,2024-12-10,DR0019,F008,Medicare Advantage,Outpatient,Paid,DX004,PR015,8045.97,6835.18,5762.56,133.51,,57,Female,Midwest,Provider_0019,Internal Medicine,Facility_008,Hospital,Small,Hyperlipidemia,Chronic,PR015,Major Surgery,Surgery,1,2024-12,2024-12-09,0.843073627907385,0.8495159688639158,0,1,0,0,1
C00026019,P012100,2025-04-17,2025-04-20,DR0052,F006,Self-Pay,Professional,Paid,DX014,PR015,9249.27,8190.49,6765.06,1011.15,,4,Male,Midwest,Provider_0052,General Surgery,Facility_006,Hospital,Small,Fracture/Injury,Acute,PR015,Major Surgery,Surgery,3,2025-04,2025-04-14,0.8259652352911732,0.885528263311591,0,1,0,0,1
C00026051,P016696,2025-11-10,2025-11-19,DR0242,F017,Medicare,Outpatient,Paid,DX014,PR015,17481.1,15156.16,14278.13,150.46,,69,Male,West,Provider_0242,General Surgery,Facility_017,Hospital,Medium,Fracture/Injury,Acute,PR015,Major Surgery,Surgery,9,2025-11,2025-11-10,0.9420677797014547,0.8670026485747465,0,1,0,0,1
C00026068,P005529,2024-03-08,2024-03-29,DR0090,F004,Commercial,Outpatient,Paid,DX014,PR015,16087.07,15246.43,13732.96,335.26,,36,Male,West,Provider_0090,General Surgery,Facility_004,Clinic,Medium,Fracture/Injury,Acute,PR015,Major Surgery,Surgery,21,2024-03,2024-03-04,0.9007328272913724,0.9477443686140484,0,1,0,0,1
C00026199,P004229,2026-08-11,2026-08-21,DR0301,F007,Medicaid,Professional,Paid,DX008,PR019,7837.61,7028.08,5993.49,32.77,,66,Female,Northeast,Provider_0301,Cardiology,Facility_007,Hospital,Large,Heart Failure,Cardiovascular,PR019,Maternity Delivery,Obstetric,10,2026-08,2026-08-10,0.8527919431765147,0.8967121354596619,0,1,0,0,1
C00026239,P003184,2025-01-12,2025-01-23,,F022,Medicare,Professional,Paid,DX025,PR020,103.28,79.96,77.01,0.33,Missing Provider,84,Female,Midwest,,,Facility_022,Hospital,Large,Other Condition,Other,PR020,Specialist Consultation,Professional,11,2025-01,2025-01-06,0.9631065532766384,0.7742060418280402,0,0,1,0,1
C00026327,P008803,2025-01-31,2025-02-23,DR0035,F008,Commercial,Outpatient,Paid,DX004,PR018,372.22,309.31,220.45,17.96,,77,Female,South,Provider_0035,Other,Facility_008,Hospital,Small,Hyperlipidemia,Chronic,PR018,Radiation Therapy,Oncology,23,2025-01,2025-01-27,0.712715398790857,0.8309870506689592,0,0,0,1,1
C00026515,P006608,2025-05-12,2025-05-17,DR0242,F017,Medicare,Inpatient,Paid,DX014,PR010,10040.58,7682.38,6160.22,213.71,,64,Male,Midwest,Provider_0242,General Surgery,Facility_017,Hospital,Medium,Fracture/Injury,Acute,PR010,Colonoscopy,Procedure,5,2025-05,2025-05-12,0.8018634850137588,0.7651330899211002,0,1,0,0,1
C00026601,P001213,2024-10-01,2024-10-18,DR0419,F022,Medicare,Professional,Paid,DX004,PR015,10204.07,7419.55,5339.31,316.01,,78,Male,Northeast,Provider_0419,Orthopedics,Facility_022,Hospital,Large,Hyperlipidemia,Chronic,PR015,Major Surgery,Surgery,17,2024-10,2024-09-30,0.7196272011105795,0.727116728913071,0,1,0,0,1
C00026618,P018153,2024-10-02,2024-10-26,DR0441,F001,Self-Pay,Professional,Reversed,DX016,PR015,12373.52,10397.77,80.61,6673.6,,27,Male,West,Provider_0441,Cardiology,Facility_001,Hospital,Large,Pneumonia,Respiratory,PR015,Major Surgery,Surgery,24,2024-10,2024-09-30,0.007752623879928099,0.840324337779387,0,1,0,0,1
C00026620,P004431,2026-09-14,2026-10-10,DR0105,F019,Medicaid,Inpatient,Paid,DX012,PR019,10204.08,8595.05,6904.09,40.24,,38,Female,Midwest,Provider_0105,General Surgery,Facility_019,Ambulatory Center,Medium,Anxiety Disorder,Behavioral Health,PR019,Maternity Delivery,Obstetric,26,2026-09,2026-09-14,0.8032635063204985,0.8423150347704055,0,1,0,0,1
C00026701,P002612,2025-03-09,2025-03-15,DR0399,F022,Medicaid,Outpatient,Paid,DX021,PR015,10391.2,7758.49,5436.74,63.26,,4,Female,South,Provider_0399,General Surgery,Facility_022,Hospital,Large,Skin Infection,Acute,PR015,Major Surgery,Surgery,6,2025-03,2025-03-03,0.7007471814747457,0.7466404265147432,0,1,0,0,1
C00026718,P009912,2026-05-27,2026-06-23,,F016,Medicare Advantage,Outpatient,Paid,DX014,PR023,786.15,689.93,638.97,9.56,Missing Provider,73,Female,South,,,Facility_016,Hospital,Small,Fracture/Injury,Acute,PR023,Ambulance Transport,Emergency,27,2026-05,2026-05-25,0.9261374342324584,0.8776060548241429,0,0,1,0,1
C00026740,P000935,2025-09-11,2025-10-05,DR0245,F017,Medicare,Professional,Paid,DX017,PR015,10925.88,9097.97,8484.46,88.69,,33,Male,Midwest,Provider_0245,Other,Facility_017,Hospital,Medium,Cancer - Active Treatment,Oncology,PR015,Major Surgery,Surgery,24,2025-09,2025-09-08,0.9325662757736066,0.8326990594807924,0,1,0,0,1
C00026755,P007702,2024-04-30,2024-05-04,DR0363,F015,Medicaid,Professional,Rejected,DX013,PR020,153.97,114.41,3.99,3.53,,13,Male,South,Provider_0363,Internal Medicine,Facility_015,Hospital,Small,Chronic Kidney Disease,Chronic,PR020,Specialist Consultation,Professional,4,2024-04,2024-04-29,0.03487457390088279,0.7430668312008832,0,0,0,1,1
C00026812,P015599,2024-07-23,2024-08-06,DR0183,F002,Medicare,Professional,Denied,DX008,PR015,13089.78,10704.17,925.96,1099.81,,93,Female,South,Provider_0183,Other,Facility_002,Ambulatory Center,Large,Heart Failure,Cardiovascular,PR015,Major Surgery,Surgery,14,2024-07,2024-07-22,0.08650460521460328,0.8177501837311245,0,1,0,0,1
C00026828,P003833,2025-08-20,2025-09-19,DR0163,F007,Medicare,Professional,Denied,DX014,PR015,8986.84,7741.07,1325.79,888.05,,51,Female,Midwest,Provider_0163,Orthopedics,Facility_007,Hospital,Large,Fracture/Injury,Acute,PR015,Major Surgery,Surgery,30,2025-08,2025-08-18,0.17126702122574786,0.8613784155498484,0,1,0,0,1
C00027137,P010223,2024-03-28,2024-04-26,DR0374,F022,Medicare,Inpatient,Pending,DX014,PR015,15113.88,13065.33,0.0,2065.77,,69,Male,Northeast,Provider_0374,General Surgery,Facility_022,Hospital,Large,Fracture/Injury,Acute,PR015,Major Surgery,Surgery,29,2024-03,2024-03-25,0.0,0.8644590270665111,0,1,0,0,1
C00027156,P011498,2025-12-06,2026-01-05,DR0281,F020,Medicaid,Professional,Paid,DX005,PR007,101.26,86.62,74.37,0.43,,66,Female,Northeast,Provider_0281,Obstetrics & Gynecology,Facility_020,Hospital,Large,Low Back Pain,Musculoskeletal,PR007,Ultrasound,Diagnostic,30,2025-12,2025-12-01,0.8585776956822905,0.8554216867469879,0,0,0,1,1
C00027189,P016206,2025-02-12,2025-02-24,DR0215,F013,Medicare Advantage,Outpatient,Paid,DX025,PR015,7861.66,6808.73,5622.89,190.45,,79,Female,Northeast,Provider_0215,General Surgery,Facility_013,Hospital,Large,Other Condition,Other,PR015,Major Surgery,Surgery,12,2025-02,2025-02-10,0.825835361366951,0.8660677261545271,0,1,0,0,1
C00027193,P002327,2026-09-03,2026-09-19,DR0183,F002,Commercial,Outpatient,Paid,DX004,PR004,653.08,473.69,416.21,8.98,,89,Female,Midwest,Provider_0183,Other,Facility_002,Ambulatory Center,Large,Hyperlipidemia,Chronic,PR004,Advanced Imaging - CT,Diagnostic,16,2026-09,2026-08-31,0.8786548164411323,0.7253169596374104,0,0,0,1,1
C00027254,P014615,2025-09-23,2025-10-05,DR0201,F015,Medicare Advantage,Inpatient,Paid,DX005,PR015,11775.82,9721.77,7638.44,277.24,,31,Female,South,Provider_0201,Orthopedics,Facility_015,Hospital,Small,Low Back Pain,Musculoskeletal,PR015,Major Surgery,Surgery,12,2025-09,2025-09-22,0.7857046607767926,0.8255705335169866,0,1,0,0,1
C00027314,P015795,2025-08-07,2025-09-02,DR0337,F009,Commercial,Professional,Paid,DX020,PR019,13897.78,12130.48,9859.41,564.45,,68,Female,Midwest,Provider_0337,Family Medicine,Facility_009,Hospital,Small,Gastroesophageal Reflux,Chronic,PR019,Maternity Delivery,Obstetric,26,2025-08,2025-08-04,0.8127798735087153,0.8728358054307953,0,1,0,0,1
C00027396,P007885,2026-04-20,2026-05-12,DR0153,F008,Medicare,Professional,Paid,DX006,PR015,8426.68,8114.83,6871.93,162.7,,68,Female,South,Provider_0153,Orthopedics,Facility_008,Hospital,Small,Osteoarthritis,Musculoskeletal,PR015,Major Surgery,Surgery,22,2026-04,2026-04-20,0.8468359780796394,0.9629925427333185,0,1,0,0,1
C00027397,P004201,2024-09-23,2024-09-25,DR0242,F017,Medicaid,Professional,Rejected,DX015,PR015,16748.56,14594.86,2539.35,384.2,,53,Female,South,Provider_0242,General Surgery,Facility_017,Hospital,Medium,Abdominal Pain,Acute,PR015,Major Surgery,Surgery,2,2024-09,2024-09-23,0.1739893359717051,0.8714098406071925,0,1,0,0,1
C00027464,P000209,2025-10-20,2025-11-09,DR0183,F002,Commercial,Professional,Paid,DX012,PR015,10882.58,9052.61,7427.06,358.72,,72,Female,Midwest,Provider_0183,Other,Facility_002,Ambulatory Center,Large,Anxiety Disorder,Behavioral Health,PR015,Major Surgery,Surgery,20,2025-10,2025-10-20,0.8204330021949471,0.8318441031446587,0,1,0,0,1
C00027492,P002945,2026-03-17,2026-03-26,DR0129,F003,Commercial,Professional,Paid,DX001,PR019,7872.29,6056.63,4401.86,361.43,,96,Female,West,Provider_0129,Obstetrics & Gynecology,Facility_003,Clinic,Small,Essential Hypertension,Chronic,PR019,Maternity Delivery,Obstetric,9,2026-03,2026-03-16,0.7267837064506169,0.7693606307694457,0,1,0,0,1
C00027539,P017785,2025-12-25,2026-01-09,DR0372,F020,Medicare,Professional,Denied,DX016,PR006,161.17,129.28,29.28,14.02,,2,Female,Northeast,Provider_0372,Emergency Medicine,Facility_020,Hospital,Large,Pneumonia,Respiratory,PR006,X-Ray,Diagnostic,15,2025-12,2025-12-22,0.2264851485148515,0.8021343922566235,0,0,0,1,1
C00027608,P007081,2025-10-14,2025-11-01,DR0400,F016,Medicare Advantage,Professional,Paid,DX002,PR015,9429.89,6989.86,5727.62,176.47,,57,Female,Northeast,Provider_0400,Other,Facility_016,Hospital,Small,Type 2 Diabetes,Chronic,PR015,Major Surgery,Surgery,18,2025-10,2025-10-13,0.819418414674972,0.7412451258710335,0,1,0,0,1
C00027624,P012712,2025-04-22,2025-05-07,DR0288,F012,Commercial,Professional,Paid,DX001,PR015,8190.24,7279.72,5595.5,357.99,,83,Female,South,Provider_0288,Cardiology,Facility_012,Ambulatory Center,Medium,Essential Hypertension,Chronic,PR015,Major Surgery,Surgery,15,2025-04,2025-04-21,0.768642200524196,0.8888286545937605,0,1,0,0,1
C00027701,P010683,2026-06-27,2026-07-14,DR0052,F006,Medicare Advantage,Inpatient,Paid,DX015,PR015,12801.47,10852.32,10445.53,51.67,,51,Female,Midwest,Provider_0052,General Surgery,Facility_006,Hospital,Small,Abdominal Pain,Acute,PR015,Major Surgery,Surgery,17,2026-06,2026-06-22,0.9625158491456206,0.8477401423430279,0,1,0,0,1
C00027770,P009918,2025-05-04,2025-05-18,DR0374,F022,Commercial,Professional,Rejected,DX024,PR015,8667.62,8343.07,1975.39,1099.13,,62,Male,Midwest,Provider_0374,General Surgery,Facility_022,Hospital,Large,Thyroid Disorder,Chronic,PR015,Major Surgery,Surgery,14,2025-05,2025-04-28,0.23677015774768762,0.9625560419123126,0,1,0,0,1
C00028048,P011174,2025-12-12,2026-01-08,DR0192,F007,Medicare,Professional,Paid,DX025,PR019,8647.42,7579.48,7360.0,35.28,,44,Male,Midwest,Provider_0192,Obstetrics & Gynecology,Facility_007,Hospital,Large,Other Condition,Other,PR019,Maternity Delivery,Obstetric,27,2025-12,2025-12-08,0.9710428683761947,0.8765018930501813,0,1,0,0,1
C00028079,P010580,2024-01-17,2024-01-31,DR0336,F017,Commercial,Inpatient,Paid,DX009,PR008,156.07,148.53,136.59,2.25,,65,Female,Midwest,Provider_0336,Family Medicine,Facility_017,Hospital,Medium,Asthma,Respiratory,PR008,Physical Therapy Session,Therapy,14,2024-01,2024-01-15,0.9196121995556453,0.9516883449734094,0,0,0,1,1
C00028112,P013648,2026-06-29,2026-07-13,DR0386,F011,Workers Comp,Outpatient,Paid,DX004,PR013,13171.54,10850.52,7645.08,204.24,,17,Female,Midwest,Provider_0386,Family Medicine,Facility_011,Hospital,Large,Hyperlipidemia,Chronic,PR013,Cataract Procedure,Surgery,14,2026-06,2026-06-29,0.7045819002222935,0.8237852217736119,0,1,0,0,1
C00028183,P008024,2025-07-25,2025-08-05,,F003,Medicaid,Professional,Paid,DX018,PR005,803.87,716.69,636.48,2.62,Missing Provider,71,Female,Northeast,,,Facility_003,Clinic,Small,Pregnancy-Related,Obstetric,PR005,MRI,Diagnostic,11,2025-07,2025-07-21,0.8880827135860693,0.8915496286713026,0,0,1,0,1
C00028211,P018955,2026-08-16,2026-08-23,DR0163,F007,Medicaid,Outpatient,Paid,DX003,PR015,10777.01,9595.77,8891.78,24.25,,94,Female,Midwest,Provider_0163,Orthopedics,Facility_007,Hospital,Large,Upper Respiratory Infection,Acute,PR015,Major Surgery,Surgery,7,2026-08,2026-08-10,0.9266353820485485,0.8903926042566538,0,1,0,0,1
C00028320,P000629,2025-09-05,2025-09-13,DR0052,F006,Medicare,Outpatient,Paid,DX014,PR015,12212.69,10131.15,7673.28,380.93,,67,Female,South,Provider_0052,General Surgery,Facility_006,Hospital,Small,Fracture/Injury,Acute,PR015,Major Surgery,Surgery,8,2025-09,2025-09-01,0.7573947676226293,0.8295592535305489,0,1,0,0,1
C00028347,P001152,2024-04-07,2024-04-22,DR0301,F007,Workers Comp,Outpatient,Paid,DX001,PR012,250.14,219.16,183.54,2.71,,85,Female,Northeast,Provider_0301,Cardiology,Facility_007,Hospital,Large,Essential Hypertension,Chronic,PR012,Echocardiogram,Diagnostic,15,2024-04,2024-04-01,0.8374703413031575,0.8761493563604382,0,0,0,1,1
C00028408,P014217,2025-01-05,2025-01-22,DR0314,F025,Medicare,Professional,Paid,DX025,PR015,15342.74,14171.06,11891.67,355.27,,94,Male,West,Provider_0314,Orthopedics,Facility_025,Hospital,Small,Other Condition,Other,PR015,Major Surgery,Surgery,17,2025-01,2024-12-30,0.839151764229352,0.9236329364898317,0,1,0,0,1
C00028484,P015137,2025-01-10,2025-02-08,DR0336,F017,Medicare Advantage,Professional,Pending,DX005,PR006,55.85,43.01,0.0,6.34,,17,Male,South,Provider_0336,Family Medicine,Facility_017,Hospital,Medium,Low Back Pain,Musculoskeletal,PR006,X-Ray,Diagnostic,29,2025-01,2025-01-06,0.0,0.7700984780662489,0,0,0,1,1
C00028535,P019939,2024-10-31,2024-11-08,,F009,Medicare,Professional,Paid,DX012,PR006,111.89,106.86,76.73,3.3,Missing Provider,68,Female,West,,,Facility_009,Hospital,Small,Anxiety Disorder,Behavioral Health,PR006,X-Ray,Diagnostic,8,2024-10,2024-10-28,0.7180422983342691,0.9550451336133703,0,0,1,0,1
C00028545,P006074,2026-03-07,2026-04-02,DR0397,F019,Medicare,Professional,Paid,DX021,PR001,203.23,151.63,148.57,0.49,,39,Female,South,Provider_0397,Pediatrics,Facility_019,Ambulatory Center,Medium,Skin Infection,Acute,PR001,Office/Follow-up Visit,Professional,26,2026-03,2026-03-02,0.9798192969728945,0.7461004772917385,0,0,0,1,1
C00028598,P000369,2026-09-08,2026-09-17,DR0318,F023,Medicare Advantage,Professional,Denied,DX002,PR015,8267.43,7509.91,847.63,1315.21,,49,Female,West,Provider_0318,Orthopedics,Facility_023,Clinic,Medium,Type 2 Diabetes,Chronic,PR015,Major Surgery,Surgery,9,2026-09,2026-09-07,0.11286819682259841,0.9083729768501214,0,1,0,0,1
C00028612,P013876,2024-06-06,2024-06-17,DR0404,F020,Commercial,Professional,Paid,DX014,PR015,9808.79,8657.62,7213.08,269.73,,22,Male,West,Provider_0404,Orthopedics,Facility_020,Hospital,Large,Fracture/Injury,Acute,PR015,Major Surgery,Surgery,11,2024-06,2024-06-03,0.8331481400200054,0.8826389391555941,0,1,0,0,1
C00028627,P018846,2025-01-29,2025-02-17,DR0035,F008,Medicare,Professional,Paid,DX017,PR005,1288.31,1223.62,945.54,39.0,,65,Male,Midwest,Provider_0035,Other,Facility_008,Hospital,Small,Cancer - Active Treatment,Oncology,PR005,MRI,Diagnostic,19,2025-01,2025-01-27,0.7727399029110346,0.9497869301643238,0,0,0,1,1
C00028731,P014813,2024-11-12,2024-11-13,DR0302,F020,Medicaid,Professional,Paid,DX002,PR006,95.48,67.25,58.87,0.25,,79,Male,Northeast,Provider_0302,Internal Medicine,Facility_020,Hospital,Large,Type 2 Diabetes,Chronic,PR006,X-Ray,Diagnostic,1,2024-11,2024-11-11,0.8753903345724907,0.7043359865940511,0,0,0,1,1
C00028734,P017457,2024-03-12,2024-04-11,DR0003,F001,Medicare Advantage,Professional,Paid,DX022,PR015,10919.16,9666.99,8852.39,131.07,,20,Female,Northeast,Provider_0003,Emergency Medicine,Facility_001,Hospital,Large,Urinary Tract Infection,Acute,PR015,Major Surgery,Surgery,30,2024-03,2024-03-11,0.9157338530400879,0.8853235963205961,0,1,0,0,1
C00028742,P011589,2025-05-06,2025-06-05,DR0256,F011,Commercial,Professional,Paid,DX014,PR015,8716.26,7838.59,7664.7,33.22,,31,Male,South,Provider_0256,General Surgery,Facility_011,Hospital,Large,Fracture/Injury,Acute,PR015,Major Surgery,Surgery,30,2025-05,2025-05-05,0.9778161633661155,0.8993065833281706,0,1,0,0,1
C00028978,P008146,2025-05-25,2025-05-25,DR0076,F014,Commercial,Outpatient,Paid,DX025,PR004,467.72,357.05,267.7,22.0,,18,Female,West,Provider_0076,Pediatrics,Facility_014,Hospital,Small,Other Condition,Other,PR004,Advanced Imaging - CT,Diagnostic,0,2025-05,2025-05-19,0.7497549362834336,0.7633840759428718,0,0,0,1,1
C00028996,P014555,2026-03-06,2026-03-06,DR0052,F006,Medicaid,Inpatient,Denied,DX010,PR015,32964.34,28800.77,6096.73,666.84,,65,Male,Midwest,Provider_0052,General Surgery,Facility_006,Hospital,Small,COPD,Respiratory,PR015,Major Surgery,Surgery,0,2026-03,2026-03-02,0.21168635421900175,0.8736947258765079,0,1,0,0,1
C00029003,P007425,2025-05-27,2025-06-24,DR0356,F011,Medicare,Professional,Paid,DX020,PR015,8161.62,6538.47,4755.74,237.27,,60,Female,West,Provider_0356,Obstetrics & Gynecology,Facility_011,Hospital,Large,Gastroesophageal Reflux,Chronic,PR015,Major Surgery,Surgery,28,2025-05,2025-05-26,0.727347529314962,0.8011240415505746,0,1,0,0,1
C00029009,P016289,2025-10-03,2025-10-05,,F020,Medicare,Outpatient,Denied,DX025,PR008,32.03,22.59,4.24,2.31,Missing Provider,31,Female,Northeast,,,Facility_020,Hospital,Large,Other Condition,Other,PR008,Physical Therapy Session,Therapy,2,2025-10,2025-09-29,0.18769366976538293,0.7052763034655011,0,0,1,0,1
C00029071,P006435,2026-01-29,2026-02-28,,F010,Medicare,Professional,Pending,DX020,PR025,154.89,143.93,0.0,24.68,Missing Provider,74,Female,Midwest,,,Facility_010,Hospital,Medium,Gastroesophageal Reflux,Chronic,PR025,Other Clinical Service,Other,30,2026-01,2026-01-26,0.0,0.9292401058815936,0,0,1,0,1
C00029078,P009257,2025-01-22,2025-02-17,DR0242,F017,Self-Pay,Inpatient,Paid,DX015,PR015,12026.74,9657.74,8909.16,530.33,,10,Male,South,Provider_0242,General Surgery,Facility_017,Hospital,Medium,Abdominal Pain,Acute,PR015,Major Surgery,Surgery,26,2025-01,2025-01-20,0.9224891123596204,0.8030222653852997,0,1,0,0,1
C00029111,P017685,2025-12-06,2026-01-05,DR0281,F020,Medicare,Professional,Paid,DX001,PR001,279.34,210.14,173.75,4.15,,54,Male,Midwest,Provider_0281,Obstetrics & Gynecology,Facility_020,Hospital,Large,Essential Hypertension,Chronic,PR001,Office/Follow-up Visit,Professional,30,2025-12,2025-12-01,0.8268297325592463,0.7522732154363858,0,0,0,1,1
C00029138,P001756,2026-02-28,2026-03-16,DR0301,F007,Medicare,Professional,Denied,DX001,PR011,342.59,287.65,27.65,40.39,,59,Male,Midwest,Provider_0301,Cardiology,Facility_007,Hospital,Large,Essential Hypertension,Chronic,PR011,Cardiac Stress Test,Diagnostic,16,2026-02,2026-02-23,0.09612376151573093,0.8396333810093698,0,0,0,1,1
C00029153,P010027,2025-10-19,2025-10-20,DR0090,F004,Commercial,Professional,Denied,DX025,PR015,10506.18,8139.44,717.64,1535.63,,14,Male,South,Provider_0090,General Surgery,Facility_004,Clinic,Medium,Other Condition,Other,PR015,Major Surgery,Surgery,1,2025-10,2025-10-13,0.08816822778962681,0.7747287786807383,0,1,0,0,1
C00029205,P015201,2024-12-31,2025-01-21,DR0240,F013,Medicare,Professional,Pending,DX022,PR003,69.34,59.44,0.0,9.11,,27,Male,Midwest,Provider_0240,Pediatrics,Facility_013,Hospital,Large,Urinary Tract Infection,Acute,PR003,Routine Lab Panel,Diagnostic,21,2024-12,2024-12-30,0.0,0.857225266801269,0,0,0,1,1
C00029228,P011235,2025-01-05,2025-01-28,DR0240,F013,Medicare,Outpatient,Paid,DX003,PR020,130.89,116.97,85.94,3.64,,88,Female,Midwest,Provider_0240,Pediatrics,Facility_013,Hospital,Large,Upper Respiratory Infection,Acute,PR020,Specialist Consultation,Professional,23,2025-01,2024-12-30,0.734718303838591,0.8936511574604631,0,0,0,1,1
C00029254,P015757,2024-03-09,2024-03-14,DR0052,F006,Medicare,Professional,Reversed,DX015,PR015,11132.04,8371.47,1368.72,761.19,,53,Female,West,Provider_0052,General Surgery,Facility_006,Hospital,Small,Abdominal Pain,Acute,PR015,Major Surgery,Surgery,5,2024-03,2024-03-04,0.16349816698859343,0.7520158030334062,0,1,0,0,1
C00029309,P016521,2025-08-14,2025-08-19,DR0318,F023,Medicaid,Professional,Paid,DX005,PR015,10029.52,9613.74,8497.55,35.63,,37,Male,Midwest,Provider_0318,Orthopedics,Facility_023,Clinic,Medium,Low Back Pain,Musculoskeletal,PR015,Major Surgery,Surgery,5,2025-08,2025-08-11,0.8838963816371151,0.9585443769990986,0,1,0,0,1
C00029313,P000501,2024-03-12,2024-03-24,DR0090,F004,Self-Pay,Professional,Paid,DX015,PR015,10234.16,8028.61,5814.67,1207.56,,50,Female,South,Provider_0090,General Surgery,Facility_004,Clinic,Medium,Abdominal Pain,Acute,PR015,Major Surgery,Surgery,12,2024-03,2024-03-11,0.7242436735624225,0.7844913505358525,0,1,0,0,1
C00029624,P012815,2026-08-11,2026-09-03,DR0285,F001,Medicare Advantage,Professional,Denied,DX002,PR015,13805.66,11145.94,1451.84,1233.22,,74,Male,West,Provider_0285,Internal Medicine,Facility_001,Hospital,Large,Type 2 Diabetes,Chronic,PR015,Major Surgery,Surgery,23,2026-08,2026-08-10,0.1302572954815834,0.8073456828576107,0,1,0,0,1
C00029641,P009537,2024-02-01,2024-02-03,DR0443,F019,Self-Pay,Professional,Paid,DX011,PR008,77.96,56.83,40.9,8.73,,96,Female,Midwest,Provider_0443,Family Medicine,Facility_019,Ambulatory Center,Medium,Depression,Behavioral Health,PR008,Physical Therapy Session,Therapy,2,2024-02,2024-01-29,0.7196903044166814,0.7289635710620832,0,0,0,1,1
C00029716,P015969,2025-12-07,2025-12-19,DR0281,F020,Commercial,Professional,Paid,DX016,PR012,238.21,214.98,196.89,3.1,,61,Female,West,Provider_0281,Obstetrics & Gynecology,Facility_020,Hospital,Large,Pneumonia,Respiratory,PR012,Echocardiogram,Diagnostic,12,2025-12,2025-12-01,0.915852637454647,0.9024810041559967,0,0,0,1,1
C00029763,P014896,2025-07-13,2025-08-03,DR0361,F011,Commercial,Outpatient,Paid,DX022,PR015,8293.16,7062.68,6746.76,76.92,,65,Female,Midwest,Provider_0361,Neurology,Facility_011,Hospital,Large,Urinary Tract Infection,Acute,PR015,Major Surgery,Surgery,21,2025-07,2025-07-07,0.9552691046458285,0.85162712403957,0,1,0,0,1
C00029827,P017649,2026-04-12,2026-05-11,DR0389,F015,Commercial,Inpatient,Paid,DX022,PR019,8567.3,8017.63,7735.93,56.32,,69,Female,Northeast,Provider_0389,Emergency Medicine,Facility_015,Hospital,Small,Urinary Tract Infection,Acute,PR019,Maternity Delivery,Obstetric,29,2026-04,2026-04-06,0.9648649289129082,0.9358409300479732,0,1,0,0,1
C00030016,P008685,2024-02-01,2024-02-25,DR0374,F022,Medicaid,Inpatient,Paid,DX014,PR015,23354.72,20903.39,17452.2,80.9,,21,Female,South,Provider_0374,General Surgery,Facility_022,Hospital,Large,Fracture/Injury,Acute,PR015,Major Surgery,Surgery,24,2024-02,2024-01-29,0.8348980715568145,0.8950392040666726,0,1,0,0,1
C00030024,P003465,2025-12-30,2026-01-01,DR0281,F020,Commercial,Inpatient,Paid,DX025,PR019,11886.42,9566.04,8039.14,369.13,,74,Female,Midwest,Provider_0281,Obstetrics & Gynecology,Facility_020,Hospital,Large,Other Condition,Other,PR019,Maternity Delivery,Obstetric,2,2025-12,2025-12-29,0.840383272493111,0.8047873119072018,0,1,0,0,1
C00030058,P009455,2026-06-03,2026-07-03,DR0011,F019,Commercial,Professional,Paid,DX015,PR015,11500.76,8376.24,7950.62,104.64,,1,Female,Midwest,Provider_0011,General Surgery,Facility_019,Ambulatory Center,Medium,Abdominal Pain,Acute,PR015,Major Surgery,Surgery,30,2026-06,2026-06-01,0.9491872248168629,0.7283205631627823,0,1,0,0,1
C00030089,P013222,2024-07-16,2024-08-06,DR0029,F022,Medicare Advantage,Inpatient,Paid,DX025,PR019,8356.88,6122.25,5808.45,44.47,,82,Female,Midwest,Provider_0029,Obstetrics & Gynecology,Facility_022,Hospital,Large,Other Condition,Other,PR019,Maternity Delivery,Obstetric,21,2024-07,2024-07-15,0.9487443341908611,0.7325999655373776,0,1,0,0,1
C00030120,P019099,2026-08-19,2026-09-16,DR0035,F008,Commercial,Outpatient,Paid,DX002,PR015,8923.98,8571.18,6644.13,404.4,,57,Male,Northeast,Provider_0035,Other,Facility_008,Hospital,Small,Type 2 Diabetes,Chronic,PR015,Major Surgery,Surgery,28,2026-08,2026-08-17,0.7751709799584188,0.9604660700718738,0,1,0,0,1
C00030157,P016129,2024-10-01,2024-10-05,DR0242,F017,Medicare,Professional,Paid,DX015,PR020,253.87,229.12,197.82,5.11,,81,Female,Midwest,Provider_0242,General Surgery,Facility_017,Hospital,Medium,Abdominal Pain,Acute,PR020,Specialist Consultation,Professional,4,2024-10,2024-09-30,0.8633903631284916,0.9025091582305904,0,0,0,1,1
C00030202,P008505,2026-09-04,2026-09-11,DR0183,F002,Commercial,Professional,Pending,DX008,PR005,1699.31,1273.33,0.0,293.3,,55,Male,West,Provider_0183,Other,Facility_002,Ambulatory Center,Large,Heart Failure,Cardiovascular,PR005,MRI,Diagnostic,7,2026-09,2026-08-31,0.0,0.7493217835474398,0,0,0,1,1
C00030242,P011793,2025-12-25,2026-01-19,DR0372,F020,Commercial,Outpatient,Denied,DX022,PR025,195.01,163.49,35.98,25.09,,95,Male,South,Provider_0372,Emergency Medicine,Facility_020,Hospital,Large,Urinary Tract Infection,Acute,PR025,Other Clinical Service,Other,25,2025-12,2025-12-22,0.22007462230105815,0.838367263217271,0,0,0,1,1
C00030263,P014278,2024-10-27,2024-11-11,DR0416,F014,Medicare,Professional,Paid,DX014,PR020,966.8,700.24,531.37,27.13,,53,Female,Northeast,Provider_0416,Orthopedics,Facility_014,Hospital,Small,Fracture/Injury,Acute,PR020,Specialist Consultation,Professional,15,2024-10,2024-10-21,0.758839826345253,0.724286305337195,0,0,0,1,1
C00030288,P005733,2025-03-24,2025-03-28,,F007,Medicare,Professional,Denied,DX020,PR008,139.03,111.69,16.58,16.42,Missing Provider,72,Female,Midwest,,,Facility_007,Hospital,Large,Gastroesophageal Reflux,Chronic,PR008,Physical Therapy Session,Therapy,4,2025-03,2025-03-24,0.1484465932491718,0.80335179457671,0,0,1,0,1
C00030495,P014767,2026-01-14,2026-02-06,DR0055,F023,Medicare Advantage,Professional,Paid,DX012,PR015,16328.03,12842.51,11668.94,166.43,,10,Female,West,Provider_0055,Other,Facility_023,Clinic,Medium,Anxiety Disorder,Behavioral Health,PR015,Major Surgery,Surgery,23,2026-01,2026-01-12,0.9086183308403109,0.7865315044129635,0,1,0,0,1
C00030506,P009027,2024-10-27,2024-10-31,DR0416,F014,Medicare,Professional,Paid,DX001,PR008,61.77,47.68,44.54,0.4,,24,Female,West,Provider_0416,Orthopedics,Facility_014,Hospital,Small,Essential Hypertension,Chronic,PR008,Physical Therapy Session,Therapy,4,2024-10,2024-10-21,0.9341442953020134,0.7718957422697101,0,0,0,1,1
C00030558,P000605,2024-02-04,2024-03-03,DR0443,F019,Other,Outpatient,Paid,DX005,PR008,200.63,140.48,124.32,5.12,,71,Female,West,Provider_0443,Family Medicine,Facility_019,Ambulatory Center,Medium,Low Back Pain,Musculoskeletal,PR008,Physical Therapy Session,Therapy,28,2024-02,2024-01-29,0.8849658314350798,0.7001943876788117,0,0,0,1,1
C00030693,P017230,2025-01-30,2025-02-01,DR0035,F008,Commercial,Inpatient,Paid,DX019,PR024,389.27,363.31,333.12,6.99,,78,Female,South,Provider_0035,Other,Facility_008,Hospital,Small,Neurologic Disorder,Neurologic,PR024,Home Health Visit,Home Health,2,2025-01,2025-01-27,0.916902920371033,0.9333110694376654,0,0,0,1,1
C00030726,P017083,2024-10-25,2024-11-04,,F011,Medicare Advantage,Outpatient,Paid,DX023,PR003,6.65,6.37,4.96,0.19,Missing Provider,70,Male,South,,,Facility_011,Hospital,Large,Migraine,Neurologic,PR003,Routine Lab Panel,Diagnostic,10,2024-10,2024-10-21,0.7786499215070644,0.9578947368421052,0,0,1,0,1
C00030741,P015913,2025-05-25,2025-06-17,DR0076,F014,Medicare,Professional,Denied,DX025,PR006,93.71,74.33,11.12,7.08,,27,Male,South,Provider_0076,Pediatrics,Facility_014,Hospital,Small,Other Condition,Other,PR006,X-Ray,Diagnostic,23,2025-05,2025-05-19,0.14960312121619804,0.7931917618183759,0,0,0,1,1
C00030770,P002788,2026-06-28,2026-07-19,DR0112,F023,Commercial,Professional,Paid,DX004,PR015,10524.81,9440.15,8249.65,244.28,,66,Female,Northeast,Provider_0112,Internal Medicine,Facility_023,Clinic,Medium,Hyperlipidemia,Chronic,PR015,Major Surgery,Surgery,21,2026-06,2026-06-22,0.8738897157354492,0.8969425576328693,0,1,0,0,1
C00030790,P001191,2025-02-06,2025-02-22,DR0183,F002,Workers Comp,Outpatient,Paid,DX003,PR019,3661.34,2935.33,2875.95,5.79,,76,Male,Midwest,Provider_0183,Other,Facility_002,Ambulatory Center,Large,Upper Respiratory Infection,Acute,PR019,Maternity Delivery,Obstetric,16,2025-02,2025-02-03,0.9797705879747762,0.8017092102891291,0,0,0,1,1
C00030815,P019160,2026-05-15,2026-06-11,DR0319,F005,Medicaid,Professional,Paid,DX006,PR015,18463.59,17533.48,14309.14,116.76,,42,Female,West,Provider_0319,Orthopedics,Facility_005,Ambulatory Center,Small,Osteoarthritis,Musculoskeletal,PR015,Major Surgery,Surgery,27,2026-05,2026-05-11,0.8161038196638659,0.9496246396285879,0,1,0,0,1
C00030892,P017465,2025-09-14,2025-09-20,DR0104,F005,Commercial,Professional,Paid,DX004,PR015,14144.48,13183.09,11269.29,438.17,,74,Female,South,Provider_0104,Internal Medicine,Facility_005,Ambulatory Center,Small,Hyperlipidemia,Chronic,PR015,Major Surgery,Surgery,6,2025-09,2025-09-08,0.8548291788950846,0.9320307285951834,0,1,0,0,1
C00030899,P001364,2025-12-04,2025-12-04,DR0281,F020,Medicare,Outpatient,Rejected,DX001,PR007,209.77,180.87,16.09,19.05,,71,Female,Northeast,Provider_0281,Obstetrics & Gynecology,Facility_020,Hospital,Large,Essential Hypertension,Chronic,PR007,Ultrasound,Diagnostic,0,2025-12,2025-12-01,0.08895892077182506,0.8622300614959241,0,0,0,1,1
C00030960,P006457,2026-08-02,2026-08-31,DR0035,F008,Medicaid,Outpatient,Paid,DX023,PR015,10823.79,7791.27,6144.06,47.12,,74,Male,South,Provider_0035,Other,Facility_008,Hospital,Small,Migraine,Neurologic,PR015,Major Surgery,Surgery,29,2026-08,2026-07-27,0.7885826059166221,0.7198282671781326,0,1,0,0,1
C00030977,P001899,2025-10-02,2025-10-16,DR0035,F008,Other,Professional,Paid,DX022,PR003,21.0,16.99,18.19,0.0,Paid Greater Than Allowed,26,Female,Midwest,Provider_0035,Other,Facility_008,Hospital,Small,Urinary Tract Infection,Acute,PR003,Routine Lab Panel,Diagnostic,14,2025-10,2025-09-29,1.0706297822248383,0.809047619047619,1,0,0,0,1
C00031031,P012669,2024-12-21,2024-12-26,DR0090,F004,Medicare,Inpatient,Denied,DX015,PR015,22617.47,19492.76,4062.48,1741.54,,75,Female,South,Provider_0090,General Surgery,Facility_004,Clinic,Medium,Abdominal Pain,Acute,PR015,Major Surgery,Surgery,5,2024-12,2024-12-16,0.20840968646820668,0.861845290388359,0,1,0,0,1
C00031191,P003685,2025-12-07,2025-12-30,DR0281,F020,Commercial,Professional,Paid,DX018,PR003,27.85,23.14,19.57,0.57,,65,Male,Northeast,Provider_0281,Obstetrics & Gynecology,Facility_020,Hospital,Large,Pregnancy-Related,Obstetric,PR003,Routine Lab Panel,Diagnostic,23,2025-12,2025-12-01,0.8457216940363008,0.8308797127468581,0,0,0,1,1
C00031345,P010746,2026-03-08,2026-04-04,DR0397,F019,Workers Comp,Professional,Rejected,DX025,PR020,143.78,114.19,20.81,6.15,,53,Female,Northeast,Provider_0397,Pediatrics,Facility_019,Ambulatory Center,Medium,Other Condition,Other,PR020,Specialist Consultation,Professional,27,2026-03,2026-03-02,0.18224012610561344,0.7941994714146613,0,0,0,1,1
C00031363,P007054,2025-04-08,2025-04-16,DR0241,F006,Commercial,Inpatient,Paid,DX006,PR015,13907.1,11056.57,10430.62,133.47,,83,Female,Midwest,Provider_0241,Orthopedics,Facility_006,Hospital,Small,Osteoarthritis,Musculoskeletal,PR015,Major Surgery,Surgery,8,2025-04,2025-04-07,0.9433866018123163,0.7950305958826785,0,1,0,0,1
C00031405,P009622,2026-06-14,2026-06-23,DR0014,F019,Medicaid,Professional,Paid,DX008,PR019,9657.8,7174.67,6227.99,26.14,,74,Male,Northeast,Provider_0014,Other,Facility_019,Ambulatory Center,Medium,Heart Failure,Cardiovascular,PR019,Maternity Delivery,Obstetric,9,2026-06,2026-06-08,0.8680524679183851,0.7428886495889334,0,1,0,0,1
C00031659,P008454,2024-11-30,2024-12-27,DR0374,F022,Medicare Advantage,Inpatient,Reversed,DX025,PR015,11065.07,10431.5,779.01,1428.22,,25,Female,West,Provider_0374,General Surgery,Facility_022,Hospital,Large,Other Condition,Other,PR015,Major Surgery,Surgery,27,2024-11,2024-11-25,0.07467861764846857,0.9427414376953783,0,1,0,0,1
C00031664,P017398,2026-04-03,2026-04-24,DR0443,F019,Medicare,Professional,Paid,DX001,PR008,28.78,26.9,19.97,0.87,,73,Female,West,Provider_0443,Family Medicine,Facility_019,Ambulatory Center,Medium,Essential Hypertension,Chronic,PR008,Physical Therapy Session,Therapy,21,2026-04,2026-03-30,0.7423791821561339,0.9346768589298123,0,0,0,1,1
C00031737,P019030,2024-06-14,2024-07-09,DR0052,F006,Medicare,Inpatient,Paid,DX014,PR015,12691.51,9183.95,8012.43,182.92,,96,Female,South,Provider_0052,General Surgery,Facility_006,Hospital,Small,Fracture/Injury,Acute,PR015,Major Surgery,Surgery,25,2024-06,2024-06-10,0.8724383299125104,0.7236294184064781,0,1,0,0,1
C00031864,P010226,2024-04-15,2024-04-26,DR0282,F011,Medicare,Professional,Paid,DX012,PR020,241.65,218.5,166.22,7.98,,69,Male,South,Provider_0282,Family Medicine,Facility_011,Hospital,Large,Anxiety Disorder,Behavioral Health,PR020,Specialist Consultation,Professional,11,2024-04,2024-04-15,0.7607322654462243,0.90420028967515,0,0,0,1,1
C00031898,P012769,2026-03-14,2026-04-07,DR0188,F002,Commercial,Professional,Paid,DX006,PR015,12051.16,11124.76,9069.1,322.88,,66,Male,Northeast,Provider_0188,Orthopedics,Facility_002,Ambulatory Center,Large,Osteoarthritis,Musculoskeletal,PR015,Major Surgery,Surgery,24,2026-03,2026-03-09,0.8152175867164775,0.9231277321021379,0,1,0,0,1
C00032002,P005237,2024-05-03,2024-05-19,DR0356,F011,Commercial,Inpatient,Paid,DX025,PR019,11564.93,10318.12,9433.51,166.26,,34,Female,South,Provider_0356,Obstetrics & Gynecology,Facility_011,Hospital,Large,Other Condition,Other,PR019,Maternity Delivery,Obstetric,16,2024-05,2024-04-29,0.9142663586002101,0.8921904412737475,0,1,0,0,1
C00032019,P018076,2024-12-27,2025-01-17,DR0314,F025,Commercial,Professional,Paid,DX025,PR015,22654.56,15977.37,13146.22,467.73,,37,Female,South,Provider_0314,Orthopedics,Facility_025,Hospital,Small,Other Condition,Other,PR015,Major Surgery,Surgery,21,2024-12,2024-12-23,0.8228025012877588,0.7052606627539886,0,1,0,0,1
C00032060,P000184,2026-07-19,2026-07-22,DR0091,F014,Medicare,Outpatient,Paid,DX024,PR015,18715.96,15654.41,12369.26,508.25,,59,Male,Midwest,Provider_0091,Other,Facility_014,Hospital,Small,Thyroid Disorder,Chronic,PR015,Major Surgery,Surgery,3,2026-07,2026-07-13,0.7901453967284618,0.8364203599494763,0,1,0,0,1
C00032077,P006864,2025-08-28,2025-09-20,DR0374,F022,Medicaid,Professional,Paid,DX014,PR002,543.59,494.01,420.66,2.09,,73,Female,South,Provider_0374,General Surgery,Facility_022,Hospital,Large,Fracture/Injury,Acute,PR002,Emergency Department Visit,Emergency,23,2025-08,2025-08-25,0.8515212242667153,0.9087915524568148,0,0,0,1,1
C00032120,P012747,2024-11-02,2024-11-02,DR0302,F020,Medicaid,Professional,Paid,DX025,PR025,337.9,306.34,293.71,0.45,,95,Male,Midwest,Provider_0302,Internal Medicine,Facility_020,Hospital,Large,Other Condition,Other,PR025,Other Clinical Service,Other,0,2024-11,2024-10-28,0.9587712998628974,0.9065995856762356,0,0,0,1,1
C00032175,P017342,2024-11-21,2024-12-13,DR0242,F017,Medicaid,Outpatient,Rejected,DX025,PR015,11545.89,8839.59,128.21,240.31,,10,Female,Midwest,Provider_0242,General Surgery,Facility_017,Hospital,Medium,Other Condition,Other,PR015,Major Surgery,Surgery,22,2024-11,2024-11-18,0.01450406636506897,0.7656049035630861,0,1,0,0,1
C00032294,P013529,2024-11-16,2024-11-27,DR0027,F017,Medicare,Outpatient,Paid,DX024,PR015,26092.36,23520.36,19715.77,625.41,,69,Female,South,Provider_0027,Other,Facility_017,Hospital,Medium,Thyroid Disorder,Chronic,PR015,Major Surgery,Surgery,11,2024-11,2024-11-11,0.8382426969655227,0.9014270844032506,0,1,0,0,1
C00032336,P013530,2026-04-01,2026-04-02,DR0242,F017,Commercial,Professional,Paid,DX015,PR015,9661.9,7293.97,6365.47,230.5,,17,Male,Northeast,Provider_0242,General Surgery,Facility_017,Hospital,Medium,Abdominal Pain,Acute,PR015,Major Surgery,Surgery,1,2026-04,2026-03-30,0.8727030684250141,0.7549208747761827,0,1,0,0,1
C00032403,P018612,2025-04-27,2025-04-30,DR0111,F020,Medicare Advantage,Professional,Paid,DX022,PR003,26.17,22.98,23.55,0.0,Paid Greater Than Allowed,76,Female,South,Provider_0111,Emergency Medicine,Facility_020,Hospital,Large,Urinary Tract Infection,Acute,PR003,Routine Lab Panel,Diagnostic,3,2025-04,2025-04-21,1.024804177545692,0.8781047000382116,1,0,0,0,1
C00032421,P011380,2025-07-07,2025-08-06,DR0040,F013,Commercial,Inpatient,Paid,DX004,PR013,8381.76,8006.24,7395.77,148.44,,69,Male,Northeast,Provider_0040,Other,Facility_013,Hospital,Large,Hyperlipidemia,Chronic,PR013,Cataract Procedure,Surgery,30,2025-07,2025-07-07,0.9237507244349408,0.955197953651739,0,1,0,0,1
C00032441,P015834,2026-09-07,2026-09-20,,F001,Commercial,Professional,Paid,DX025,PR006,57.7,55.77,41.49,2.77,Missing Provider,78,Female,South,,,Facility_001,Hospital,Large,Other Condition,Other,PR006,X-Ray,Diagnostic,13,2026-09,2026-09-07,0.7439483593329748,0.9665511265164645,0,0,1,0,1
C00032494,P012292,2026-08-22,2026-09-21,,F015,Medicare,Professional,Paid,DX004,PR025,167.89,131.16,109.39,3.0,Missing Provider,64,Female,South,,,Facility_015,Hospital,Small,Hyperlipidemia,Chronic,PR025,Other Clinical Service,Other,30,2026-08,2026-08-17,0.8340195181457761,0.7812258026088511,0,0,1,0,1
C00032525,P016004,2024-04-16,2024-04-21,DR0282,F011,Self-Pay,Professional,Paid,DX020,PR013,3806.08,3204.73,2691.67,352.98,,21,Female,Northeast,Provider_0282,Family Medicine,Facility_011,Hospital,Large,Gastroesophageal Reflux,Chronic,PR013,Cataract Procedure,Surgery,5,2024-04,2024-04-15,0.8399053898456345,0.8420027955271566,0,0,0,1,1
C00032553,P019499,2025-04-13,2025-04-24,DR0192,F007,Medicare,Inpatient,Denied,DX018,PR019,7783.4,5931.79,83.7,954.62,,73,Female,South,Provider_0192,Obstetrics & Gynecology,Facility_007,Hospital,Large,Pregnancy-Related,Obstetric,PR019,Maternity Delivery,Obstetric,11,2025-04,2025-04-07,0.01411041186555829,0.7621078192049747,0,1,0,0,1
C00032578,P001460,2024-09-19,2024-09-20,DR0241,F006,Medicare,Outpatient,Paid,DX005,PR015,29298.27,21638.38,16499.25,871.4,,27,Female,Northeast,Provider_0241,Orthopedics,Facility_006,Hospital,Small,Low Back Pain,Musculoskeletal,PR015,Major Surgery,Surgery,1,2024-09,2024-09-16,0.762499318340837,0.738554870304629,0,1,0,0,1
C00032667,P004437,2026-02-23,2026-03-04,DR0419,F022,Medicare,Outpatient,Paid,DX005,PR015,10422.43,9250.76,8223.47,118.0,,14,Male,Midwest,Provider_0419,Orthopedics,Facility_022,Hospital,Large,Low Back Pain,Musculoskeletal,PR015,Major Surgery,Surgery,9,2026-02,2026-02-23,0.8889507456684639,0.8875818786981539,0,1,0,0,1
C00032669,P017023,2025-04-22,2025-05-20,DR0187,F002,Medicare,Outpatient,Paid,DX021,PR015,8040.88,5949.29,5763.11,31.73,,91,Female,West,Provider_0187,Other,Facility_002,Ambulatory Center,Large,Skin Infection,Acute,PR015,Major Surgery,Surgery,28,2025-04,2025-04-21,0.9687055093969196,0.7398804608450816,0,1,0,0,1
C00032731,P005293,2024-06-14,2024-07-05,DR0242,F017,Commercial,Professional,Paid,DX015,PR015,9107.53,7335.07,5217.63,319.28,,59,Female,South,Provider_0242,General Surgery,Facility_017,Hospital,Medium,Abdominal Pain,Acute,PR015,Major Surgery,Surgery,21,2024-06,2024-06-10,0.7113265449409482,0.8053852142128546,0,1,0,0,1
C00032749,P008824,2025-07-27,2025-08-10,DR0006,F007,Medicare,Professional,Paid,DX025,PR015,8044.77,7059.92,5669.91,146.69,,92,Male,West,Provider_0006,Orthopedics,Facility_007,Hospital,Large,Other Condition,Other,PR015,Major Surgery,Surgery,14,2025-07,2025-07-21,0.8031124998583553,0.8775788493642454,0,1,0,1,1
C00032750,P014161,2025-05-24,2025-06-23,DR0025,F002,Medicare Advantage,Inpatient,Paid,DX003,PR015,9907.58,7849.05,6498.89,231.11,,38,Male,Midwest,Provider_0025,Emergency Medicine,Facility_002,Ambulatory Center,Large,Upper Respiratory Infection,Acute,PR015,Major Surgery,Surgery,30,2025-05,2025-05-19,0.8279842783521573,0.7922267597132701,0,1,0,0,1
C00032785,P018997,2024-09-09,2024-09-17,DR0244,F011,Medicaid,Inpatient,Paid,DX014,PR015,12939.1,11681.32,9076.09,81.74,,90,Female,West,Provider_0244,Emergency Medicine,Facility_011,Hospital,Large,Fracture/Injury,Acute,PR015,Major Surgery,Surgery,8,2024-09,2024-09-09,0.7769746912164036,0.9027923116754643,0,1,0,0,1
C00032799,P012477,2026-01-05,2026-01-13,DR0259,F002,Medicaid,Outpatient,Paid,DX010,PR015,17652.45,13607.09,12864.8,25.28,,37,Male,South,Provider_0259,Orthopedics,Facility_002,Ambulatory Center,Large,COPD,Respiratory,PR015,Major Surgery,Surgery,8,2026-01,2026-01-05,0.9454482920301107,0.7708329438689814,0,1,0,0,1
C00032868,P018751,2025-01-09,2025-02-07,DR0374,F022,Medicare,Outpatient,Paid,DX025,PR010,10712.57,7829.42,6356.72,252.23,,68,Female,Midwest,Provider_0374,General Surgery,Facility_022,Hospital,Large,Other Condition,Other,PR010,Colonoscopy,Procedure,29,2025-01,2025-01-06,0.811901775610454,0.7308629021794023,0,1,0,0,1
C00032893,P012842,2025-09-20,2025-10-11,DR0258,F010,Medicare Advantage,Professional,Paid,DX025,PR019,8734.64,6344.92,5866.25,73.03,,71,Female,Northeast,Provider_0258,Family Medicine,Facility_010,Hospital,Medium,Other Condition,Other,PR019,Maternity Delivery,Obstetric,21,2025-09,2025-09-15,0.9245585444733739,0.7264088731762272,0,1,0,0,1
C00033012,P007660,2025-06-22,2025-06-25,DR0221,F009,Medicare,Outpatient,Paid,DX015,PR015,9930.21,9170.98,8757.21,72.04,,66,Female,West,Provider_0221,General Surgery,Facility_009,Hospital,Small,Abdominal Pain,Acute,PR015,Major Surgery,Surgery,3,2025-06,2025-06-16,0.9548826842932816,0.9235434094545836,0,1,0,0,1
C00033038,P010145,2024-02-23,2024-03-05,DR0311,F013,Self-Pay,Professional,Denied,DX014,PR015,11142.11,10211.78,2277.77,4522.77,,57,Female,South,Provider_0311,Orthopedics,Facility_013,Hospital,Large,Fracture/Injury,Acute,PR015,Major Surgery,Surgery,11,2024-02,2024-02-19,0.22305317975906255,0.9165032475895499,0,1,0,0,1
C00033099,P016448,2024-10-16,2024-11-13,DR0311,F013,Medicare,Inpatient,Paid,DX006,PR015,10483.49,9070.78,7059.34,253.17,,0,Female,South,Provider_0311,Orthopedics,Facility_013,Hospital,Large,Osteoarthritis,Musculoskeletal,PR015,Major Surgery,Surgery,28,2024-10,2024-10-14,0.7782506024840201,0.8652443031852943,0,1,0,0,1
C00033242,P016242,2025-01-09,2025-02-08,DR0336,F017,Commercial,Professional,Paid,DX001,PR006,217.3,179.61,149.47,6.54,,81,Male,South,Provider_0336,Family Medicine,Facility_017,Hospital,Medium,Essential Hypertension,Chronic,PR006,X-Ray,Diagnostic,30,2025-01,2025-01-06,0.832191971493792,0.8265531523239761,0,0,0,1,1
C00033274,P019521,2025-02-12,2025-02-24,DR0242,F017,Commercial,Inpatient,Paid,DX025,PR015,7843.68,5921.34,5216.2,134.5,,57,Female,South,Provider_0242,General Surgery,Facility_017,Hospital,Medium,Other Condition,Other,PR015,Major Surgery,Surgery,12,2025-02,2025-02-10,0.880915468458153,0.7549186096322135,0,1,0,0,1
C00033302,P016813,2025-07-28,2025-07-30,DR0416,F014,Commercial,Inpatient,Paid,DX014,PR015,11033.44,8331.13,6008.59,576.73,,31,Female,South,Provider_0416,Orthopedics,Facility_014,Hospital,Small,Fracture/Injury,Acute,PR015,Major Surgery,Surgery,2,2025-07,2025-07-28,0.7212214909622104,0.7550800113110688,0,1,0,0,1
C00033519,P014082,2024-01-21,2024-02-05,DR0448,F008,Medicaid,Outpatient,Paid,DX005,PR015,17409.69,16745.83,14456.05,63.47,,29,Male,South,Provider_0448,Orthopedics,Facility_008,Hospital,Small,Low Back Pain,Musculoskeletal,PR015,Major Surgery,Surgery,15,2024-01,2024-01-15,0.8632626749465387,0.9618683618145988,0,1,0,0,1
C00033595,P004858,2024-04-01,2024-04-17,DR0189,F019,Medicare,Outpatient,Paid,DX017,PR017,462.97,437.36,347.96,15.12,,2,Male,Midwest,Provider_0189,Oncology,Facility_019,Ambulatory Center,Medium,Cancer - Active Treatment,Oncology,PR017,Chemotherapy Administration,Oncology,16,2024-04,2024-04-01,0.7955917322114504,0.9446832408147396,0,0,0,1,1
C00033617,P007999,2025-12-08,2025-12-21,DR0040,F013,Other,Outpatient,Paid,DX004,PR015,10966.49,9254.7,7013.82,533.73,,29,Female,South,Provider_0040,Other,Facility_013,Hospital,Large,Hyperlipidemia,Chronic,PR015,Major Surgery,Surgery,13,2025-12,2025-12-08,0.7578657330869719,0.8439072118790972,0,1,0,0,1
C00033646,P010339,2024-03-18,2024-04-12,DR0242,F017,Medicare,Inpatient,Paid,DX015,PR015,7894.9,5955.28,4639.98,148.07,,81,Female,South,Provider_0242,General Surgery,Facility_017,Hospital,Medium,Abdominal Pain,Acute,PR015,Major Surgery,Surgery,25,2024-03,2024-03-18,0.7791371690331941,0.7543198773892006,0,1,0,0,1
C00033729,P010635,2025-10-01,2025-10-31,DR0294,F020,Medicaid,Inpatient,Paid,DX006,PR015,27241.67,23220.35,16658.79,204.47,,66,Male,West,Provider_0294,Orthopedics,Facility_020,Hospital,Large,Osteoarthritis,Musculoskeletal,PR015,Major Surgery,Surgery,30,2025-10,2025-09-29,0.7174220026829915,0.8523834992494953,0,1,0,0,1
C00033778,P007021,2025-11-13,2025-11-16,DR0404,F020,Medicare,Professional,Paid,DX006,PR020,383.98,284.3,214.69,8.8,,24,Female,Midwest,Provider_0404,Orthopedics,Facility_020,Hospital,Large,Osteoarthritis,Musculoskeletal,PR020,Specialist Consultation,Professional,3,2025-11,2025-11-10,0.7551530073865634,0.7404031459971874,0,0,0,1,1
C00033837,P010333,2026-09-02,2026-09-14,DR0215,F013,Medicare Advantage,Professional,Paid,DX001,PR015,7739.08,5459.77,5001.48,73.56,,77,Female,West,Provider_0215,General Surgery,Facility_013,Hospital,Large,Essential Hypertension,Chronic,PR015,Major Surgery,Surgery,12,2026-09,2026-08-31,0.9160605666539066,0.7054804963897519,0,1,0,0,1
C00033920,P002128,2024-03-16,2024-04-05,DR0318,F023,Self-Pay,Inpatient,Paid,DX014,PR015,18845.55,17754.24,13802.82,2776.47,,80,Male,South,Provider_0318,Orthopedics,Facility_023,Clinic,Medium,Fracture/Injury,Acute,PR015,Major Surgery,Surgery,20,2024-03,2024-03-11,0.7774379528495727,0.9420918996792348,0,1,0,0,1
C00033929,P008170,2025-04-15,2025-04-25,DR0163,F007,Medicare,Inpatient,Paid,DX014,PR015,7807.32,6023.32,4674.44,148.43,,72,Male,Northeast,Provider_0163,Orthopedics,Facility_007,Hospital,Large,Fracture/Injury,Acute,PR015,Major Surgery,Surgery,10,2025-04,2025-04-14,0.7760570582336651,0.7714964930347418,0,1,0,0,1
C00034053,P018507,2026-03-16,2026-04-10,DR0242,F017,Commercial,Professional,Paid,DX015,PR015,10446.65,8746.02,8321.3,83.54,,56,Female,South,Provider_0242,General Surgery,Facility_017,Hospital,Medium,Abdominal Pain,Acute,PR015,Major Surgery,Surgery,25,2026-03,2026-03-16,0.9514384828756393,0.8372081002043718,0,1,0,0,1
C00034072,P011151,2025-05-16,2025-05-18,DR0242,F017,Medicare Advantage,Inpatient,Paid,DX024,PR015,27743.59,20198.39,15658.42,813.17,,77,Male,South,Provider_0242,General Surgery,Facility_017,Hospital,Medium,Thyroid Disorder,Chronic,PR015,Major Surgery,Surgery,2,2025-05,2025-05-12,0.7752310951516433,0.7280380801475224,0,1,0,0,1
C00034111,P016811,2024-11-27,2024-12-09,DR0218,F016,Medicare,Inpatient,Denied,DX014,PR015,49607.91,45224.73,4779.73,5958.6,,74,Male,Midwest,Provider_0218,General Surgery,Facility_016,Hospital,Small,Fracture/Injury,Acute,PR015,Major Surgery,Surgery,12,2024-11,2024-11-25,0.10568841428130138,0.9116435262037849,0,1,0,0,1
C00034132,P010335,2024-05-14,2024-05-16,DR0196,F010,Medicare,Professional,Paid,DX006,PR015,8126.79,6630.04,5531.65,181.81,,70,Female,Northeast,Provider_0196,Orthopedics,Facility_010,Hospital,Medium,Osteoarthritis,Musculoskeletal,PR015,Major Surgery,Surgery,2,2024-05,2024-05-13,0.8343313162514856,0.815825190511875,0,1,0,0,1
C00034154,P010279,2024-04-03,2024-04-26,DR0221,F009,Medicare Advantage,Inpatient,Paid,DX015,PR015,14989.43,11041.69,9389.92,262.35,,71,Female,South,Provider_0221,General Surgery,Facility_009,Hospital,Small,Abdominal Pain,Acute,PR015,Major Surgery,Surgery,23,2024-04,2024-04-01,0.8504060519721166,0.7366317465040365,0,1,0,0,1
C00034335,P018239,2025-01-07,2025-01-31,DR0336,F017,Medicare,Professional,Rejected,DX012,PR008,220.88,157.98,30.59,17.47,,75,Male,Northeast,Provider_0336,Family Medicine,Facility_017,Hospital,Medium,Anxiety Disorder,Behavioral Health,PR008,Physical Therapy Session,Therapy,24,2025-01,2025-01-06,0.19363210532978858,0.7152299891343715,0,0,0,1,1
C00034418,P017113,2024-01-06,2024-01-14,DR0242,F017,Medicaid,Professional,Paid,DX020,PR015,13814.31,11383.4,8943.58,58.15,,93,Female,West,Provider_0242,General Surgery,Facility_017,Hospital,Medium,Gastroesophageal Reflux,Chronic,PR015,Major Surgery,Surgery,8,2024-01,2024-01-01,0.7856686051619024,0.8240295751289786,0,1,0,0,1
C00034442,P005383,2024-07-08,2024-07-25,DR0242,F017,Commercial,Inpatient,Paid,DX025,PR015,16996.53,11926.18,11669.0,54.84,,56,Other,West,Provider_0242,General Surgery,Facility_017,Hospital,Medium,Other Condition,Other,PR015,Major Surgery,Surgery,17,2024-07,2024-07-08,0.9784356768051463,0.7016832259290573,0,1,0,0,1
C00034470,P004366,2024-04-15,2024-04-19,DR0282,F011,Commercial,Outpatient,Paid,DX011,PR003,21.98,19.41,18.33,0.22,,17,Female,Northeast,Provider_0282,Family Medicine,Facility_011,Hospital,Large,Depression,Behavioral Health,PR003,Routine Lab Panel,Diagnostic,4,2024-04,2024-04-15,0.9443585780525502,0.8830755232029117,0,0,0,1,1
C00034486,P018970,2024-11-02,2024-11-24,DR0259,F002,Self-Pay,Professional,Paid,DX006,PR020,291.38,267.32,274.52,0.0,Paid Greater Than Allowed,13,Female,South,Provider_0259,Orthopedics,Facility_002,Ambulatory Center,Large,Osteoarthritis,Musculoskeletal,PR020,Specialist Consultation,Professional,22,2024-11,2024-10-28,1.026934011671405,0.9174274143729837,1,0,0,0,1
C00034497,P014207,2024-08-20,2024-09-05,DR0218,F016,Medicaid,Professional,Paid,DX015,PR015,13783.51,11696.84,9237.43,65.49,,85,Female,Northeast,Provider_0218,General Surgery,Facility_016,Hospital,Small,Abdominal Pain,Acute,PR015,Major Surgery,Surgery,16,2024-08,2024-08-19,0.7897372281744471,0.8486111302563716,0,1,0,0,1
C00034715,P000723,2024-07-29,2024-08-17,DR0404,F020,Commercial,Professional,Paid,DX006,PR015,10870.99,8248.29,6901.13,233.21,,82,Male,Northeast,Provider_0404,Orthopedics,Facility_020,Hospital,Large,Osteoarthritis,Musculoskeletal,PR015,Major Surgery,Surgery,19,2024-07,2024-07-29,0.8366740257677652,0.7587432239382063,0,1,0,0,1
C00034732,P014687,2024-09-21,2024-10-12,DR0196,F010,Commercial,Inpatient,Paid,DX006,PR015,7799.08,7176.36,5485.73,312.31,,45,Male,West,Provider_0196,Orthopedics,Facility_010,Hospital,Medium,Osteoarthritis,Musculoskeletal,PR015,Major Surgery,Surgery,21,2024-09,2024-09-16,0.7644167795372584,0.9201546849115536,0,1,0,0,1
C00034755,P016186,2025-08-25,2025-09-15,DR0374,F022,Medicare,Professional,Rejected,DX015,PR015,8320.9,7743.3,1743.99,774.63,,48,Male,South,Provider_0374,General Surgery,Facility_022,Hospital,Large,Abdominal Pain,Acute,PR015,Major Surgery,Surgery,21,2025-08,2025-08-25,0.2252256789740808,0.9305844319725031,0,1,0,1,1
C00034757,P004624,2024-04-07,2024-04-28,DR0256,F011,Medicare Advantage,Professional,Paid,DX015,PR015,28956.09,23281.29,19436.46,668.37,,66,Female,West,Provider_0256,General Surgery,Facility_011,Hospital,Large,Abdominal Pain,Acute,PR015,Major Surgery,Surgery,21,2024-04,2024-04-01,0.8348532233394282,0.804020501386755,0,1,0,0,1
C00034786,P007482,2025-02-05,2025-02-24,DR0404,F020,Medicaid,Professional,Paid,DX006,PR015,53135.54,41212.19,31795.28,321.15,Extreme Claim Amount,64,Male,Midwest,Provider_0404,Orthopedics,Facility_020,Hospital,Large,Osteoarthritis,Musculoskeletal,PR015,Major Surgery,Surgery,19,2025-02,2025-02-03,0.7715018299197397,0.7756049905581086,0,1,0,0,1
C00034789,P015787,2025-02-10,2025-03-05,DR0410,F017,Medicaid,Inpatient,Denied,DX001,PR003,78.62,66.56,68.41,0.0,Paid Greater Than Allowed,29,Female,West,Provider_0410,Cardiology,Facility_017,Hospital,Medium,Essential Hypertension,Chronic,PR003,Routine Lab Panel,Diagnostic,23,2025-02,2025-02-10,1.027794471153846,0.8466039175782244,1,0,0,0,1
C00034937,P013189,2026-04-04,2026-04-23,DR0443,F019,Medicare,Outpatient,Paid,DX012,PR001,94.06,84.6,78.15,0.71,,44,Female,West,Provider_0443,Family Medicine,Facility_019,Ambulatory Center,Medium,Anxiety Disorder,Behavioral Health,PR001,Office/Follow-up Visit,Professional,19,2026-04,2026-03-30,0.923758865248227,0.8994258983627471,0,0,0,1,1
C00034943,P015151,2024-11-04,2024-11-09,DR0081,F012,Commercial,Professional,Paid,DX002,PR025,88.95,77.68,71.62,1.15,,71,Female,West,Provider_0081,Internal Medicine,Facility_012,Ambulatory Center,Medium,Type 2 Diabetes,Chronic,PR025,Other Clinical Service,Other,5,2024-11,2024-11-04,0.9219876416065911,0.8732996065205172,0,0,0,1,1
C00034983,P017829,2025-07-15,2025-08-07,DR0443,F019,Commercial,Professional,Paid,DX018,PR006,224.88,184.53,139.63,8.88,,68,Female,South,Provider_0443,Family Medicine,Facility_019,Ambulatory Center,Medium,Pregnancy-Related,Obstetric,PR006,X-Ray,Diagnostic,23,2025-07,2025-07-14,0.7566791307646453,0.8205709711846318,0,0,0,1,1
C00035014,P019123,2024-04-21,2024-05-18,DR0052,F006,Medicare,Professional,Denied,DX014,PR015,14348.6,13533.93,596.84,1954.86,,79,Male,South,Provider_0052,General Surgery,Facility_006,Hospital,Small,Fracture/Injury,Acute,PR015,Major Surgery,Surgery,27,2024-04,2024-04-15,0.04409953354273297,0.9432230322122018,0,1,0,0,1
C00035017,P015617,2025-11-15,2025-11-21,DR0404,F020,Medicare Advantage,Professional,Paid,DX005,PR006,37.75,30.03,29.34,0.13,,54,Male,Midwest,Provider_0404,Orthopedics,Facility_020,Hospital,Large,Low Back Pain,Musculoskeletal,PR006,X-Ray,Diagnostic,6,2025-11,2025-11-10,0.977022977022977,0.7954966887417219,0,0,0,1,1
C00035038,P003835,2026-02-05,2026-03-04,DR0350,F005,Commercial,Professional,Paid,DX015,PR015,9913.37,7521.62,6299.78,296.37,,75,Male,South,Provider_0350,General Surgery,Facility_005,Ambulatory Center,Small,Abdominal Pain,Acute,PR015,Major Surgery,Surgery,27,2026-02,2026-02-02,0.8375562711224444,0.7587349206173076,0,1,0,0,1
C00035058,P011365,2026-09-18,2026-09-27,DR0242,F017,Medicare,Inpatient,Paid,DX014,PR015,9506.77,7624.87,5762.06,206.32,,60,Male,South,Provider_0242,General Surgery,Facility_017,Hospital,Medium,Fracture/Injury,Acute,PR015,Major Surgery,Surgery,9,2026-09,2026-09-14,0.7556928839442509,0.8020463311934547,0,1,0,0,1
C00035089,P009978,2025-12-06,2025-12-22,,F019,Commercial,Professional,Paid,DX017,PR018,821.27,771.77,645.75,30.27,Missing Provider,44,Female,Midwest,,,Facility_019,Ambulatory Center,Medium,Cancer - Active Treatment,Oncology,PR018,Radiation Therapy,Oncology,16,2025-12,2025-12-01,0.8367130103528253,0.9397274952208166,0,0,1,0,1
C00035110,P003399,2024-10-31,2024-11-11,DR0302,F020,Self-Pay,Outpatient,Paid,DX025,PR001,136.17,128.66,99.16,23.7,,72,Female,Northeast,Provider_0302,Internal Medicine,Facility_020,Hospital,Large,Other Condition,Other,PR001,Office/Follow-up Visit,Professional,11,2024-10,2024-10-28,0.7707135084719415,0.944848351325549,0,0,0,1,1
C00035141,P011648,2026-09-15,2026-10-11,,F007,Medicare,Outpatient,Denied,DX022,PR024,109.22,89.48,16.33,12.65,Missing Provider,70,Female,Midwest,,,Facility_007,Hospital,Large,Urinary Tract Infection,Acute,PR024,Home Health Visit,Home Health,26,2026-09,2026-09-14,0.18249888243182832,0.8192638710858817,0,0,1,0,1
C00035269,P000491,2026-03-06,2026-03-22,DR0397,F019,Commercial,Professional,Paid,DX021,PR020,484.82,360.06,343.13,2.69,,79,Male,West,Provider_0397,Pediatrics,Facility_019,Ambulatory Center,Medium,Skin Infection,Acute,PR020,Specialist Consultation,Professional,16,2026-03,2026-03-02,0.9529800588790757,0.7426673817086754,0,0,0,1,1
C00035322,P002544,2024-08-01,2024-08-09,DR0093,F013,Medicaid,Outpatient,Paid,DX004,PR001,193.76,163.93,135.13,1.03,,41,Female,Northeast,Provider_0093,Internal Medicine,Facility_013,Hospital,Large,Hyperlipidemia,Chronic,PR001,Office/Follow-up Visit,Professional,8,2024-08,2024-07-29,0.8243152565119257,0.8460466556564823,0,0,0,1,1
C00035409,P009108,2025-05-15,2025-05-20,DR0265,F024,Self-Pay,Inpatient,Paid,DX007,PR015,20933.99,16911.24,14294.8,1639.21,,31,Female,Midwest,Provider_0265,Cardiology,Facility_024,Ambulatory Center,Medium,Coronary Artery Disease,Cardiovascular,PR015,Major Surgery,Surgery,5,2025-05,2025-05-12,0.8452839649842352,0.8078364420733936,0,1,0,0,1
C00035458,P011117,2024-02-04,2024-02-27,DR0443,F019,Medicare Advantage,Inpatient,Reversed,DX002,PR020,389.9,313.02,21.58,45.39,,39,Female,West,Provider_0443,Family Medicine,Facility_019,Ambulatory Center,Medium,Type 2 Diabetes,Chronic,PR020,Specialist Consultation,Professional,23,2024-02,2024-01-29,0.06894128170723915,0.8028212362144139,0,0,0,1,1
C00035506,P019460,2024-04-23,2024-04-26,DR0006,F007,Medicare,Professional,Denied,DX008,PR015,7810.48,5869.83,508.28,868.09,,53,Male,Northeast,Provider_0006,Orthopedics,Facility_007,Hospital,Large,Heart Failure,Cardiovascular,PR015,Major Surgery,Surgery,3,2024-04,2024-04-22,0.08659194559297288,0.7515325562577461,0,1,0,0,1
C00035508,P001579,2024-11-26,2024-12-17,DR0448,F008,Medicare Advantage,Professional,Denied,DX005,PR015,11266.29,9318.16,1678.82,1346.91,,87,Female,South,Provider_0448,Orthopedics,Facility_008,Hospital,Small,Low Back Pain,Musculoskeletal,PR015,Major Surgery,Surgery,21,2024-11,2024-11-25,0.18016647063368732,0.8270832723105831,0,1,0,0,1
C00035642,P001861,2024-10-01,2024-10-05,DR0242,F017,Other,Outpatient,Denied,DX025,PR010,4331.07,3704.22,390.48,759.76,,64,Male,West,Provider_0242,General Surgery,Facility_017,Hospital,Medium,Other Condition,Other,PR010,Colonoscopy,Procedure,4,2024-10,2024-09-30,0.1054149051622204,0.8552667123828522,0,0,0,1,1
C00035653,P005670,2026-04-03,2026-04-30,DR0416,F014,Medicaid,Professional,Paid,DX005,PR015,15067.99,12272.25,8936.9,116.04,,78,Female,Midwest,Provider_0416,Orthopedics,Facility_014,Hospital,Small,Low Back Pain,Musculoskeletal,PR015,Major Surgery,Surgery,27,2026-04,2026-03-30,0.7282201715251889,0.8144583318677541,0,1,0,0,1
C00035693,P011168,2025-01-13,2025-01-20,DR0226,F013,Commercial,Professional,Paid,DX021,PR004,742.87,637.21,490.5,30.71,,44,Male,South,Provider_0226,Family Medicine,Facility_013,Hospital,Large,Skin Infection,Acute,PR004,Advanced Imaging - CT,Diagnostic,7,2025-01,2025-01-13,0.7697619309175938,0.8577678463257367,0,0,0,1,1
C00035715,P015131,2024-12-13,2024-12-31,DR0187,F002,Medicare,Inpatient,Paid,DX007,PR019,13554.78,11094.42,8526.87,420.74,,2,Male,South,Provider_0187,Other,Facility_002,Ambulatory Center,Large,Coronary Artery Disease,Cardiovascular,PR019,Maternity Delivery,Obstetric,18,2024-12,2024-12-09,0.7685728501354736,0.8184876478998552,0,1,0,0,1
C00035876,P016678,2026-09-01,2026-09-05,DR0052,F006,Commercial,Outpatient,Paid,DX025,PR015,7933.37,7369.56,6888.72,82.64,,83,Male,Northeast,Provider_0052,General Surgery,Facility_006,Hospital,Small,Other Condition,Other,PR015,Major Surgery,Surgery,4,2026-09,2026-08-31,0.9347532281438783,0.9289318410713229,0,1,0,0,1
C00035962,P018426,2025-05-25,2025-06-01,DR0440,F020,Medicare Advantage,Outpatient,Paid,DX005,PR017,2403.53,1929.59,2081.42,0.0,Paid Greater Than Allowed,61,Female,South,Provider_0440,Oncology,Facility_020,Hospital,Large,Low Back Pain,Musculoskeletal,PR017,Chemotherapy Administration,Oncology,7,2025-05,2025-05-19,1.0786851092719179,0.80281502623225,1,0,0,0,1
C00035970,P011712,2024-07-07,2024-07-20,DR0221,F009,Self-Pay,Outpatient,Paid,DX015,PR015,8013.03,6830.08,6151.68,448.01,,67,Female,Midwest,Provider_0221,General Surgery,Facility_009,Hospital,Small,Abdominal Pain,Acute,PR015,Major Surgery,Surgery,13,2024-07,2024-07-01,0.9006746626686657,0.8523716995942858,0,1,0,0,1
C00036006,P017948,2025-12-02,2025-12-17,DR0288,F012,Commercial,Outpatient,Paid,DX004,PR011,438.85,329.45,288.36,8.56,,78,Male,Northeast,Provider_0288,Cardiology,Facility_012,Ambulatory Center,Medium,Hyperlipidemia,Chronic,PR011,Cardiac Stress Test,Diagnostic,15,2025-12,2025-12-01,0.875276976779481,0.7507120884128973,0,0,0,1,1
C00036029,P017166,2024-11-10,2024-12-10,DR0081,F012,Commercial,Professional,Paid,DX006,PR025,225.17,169.51,165.66,0.65,,19,Male,Midwest,Provider_0081,Internal Medicine,Facility_012,Ambulatory Center,Medium,Osteoarthritis,Musculoskeletal,PR025,Other Clinical Service,Other,30,2024-11,2024-11-04,0.9772874756651525,0.7528089887640449,0,0,0,1,1
C00036203,P010050,2025-01-27,2025-01-30,DR0329,F007,Other,Inpatient,Paid,DX008,PR010,12296.27,11067.34,8727.27,577.27,,62,Male,South,Provider_0329,Other,Facility_007,Hospital,Large,Heart Failure,Cardiovascular,PR010,Colonoscopy,Procedure,3,2025-01,2025-01-27,0.7885607562431443,0.9000566838561612,0,1,0,0,1
C00036335,P005902,2025-09-10,2025-09-14,,F014,Commercial,Professional,Denied,DX005,PR021,140.79,131.28,17.55,27.28,Missing Provider,88,Female,South,,,Facility_014,Hospital,Small,Low Back Pain,Musculoskeletal,PR021,Behavioral Health Session,Behavioral,4,2025-09,2025-09-08,0.1336837294332724,0.9324525889622843,0,0,1,0,1
C00036416,P002931,2025-01-12,2025-02-08,,F004,Commercial,Professional,Paid,DX015,PR003,39.09,29.07,25.54,0.83,Missing Provider,67,Female,Midwest,,,Facility_004,Clinic,Medium,Abdominal Pain,Acute,PR003,Routine Lab Panel,Diagnostic,27,2025-01,2025-01-06,0.8785689714482284,0.7436684574059861,0,0,1,0,1
C00036427,P011103,2025-02-02,2025-02-22,DR0035,F008,Medicaid,Professional,Reversed,DX024,PR022,731.57,605.66,32.71,19.21,,77,Female,Northeast,Provider_0035,Other,Facility_008,Hospital,Small,Thyroid Disorder,Chronic,PR022,Dialysis Session,Chronic Care,20,2025-02,2025-01-27,0.054007198758379296,0.8278907008215207,0,0,0,1,1
C00036432,P015112,2026-09-10,2026-09-22,DR0029,F022,Medicare,Professional,Paid,DX025,PR001,57.52,48.48,52.44,0.0,Paid Greater Than Allowed,20,Female,South,Provider_0029,Obstetrics & Gynecology,Facility_022,Hospital,Large,Other Condition,Other,PR001,Office/Follow-up Visit,Professional,12,2026-09,2026-09-07,1.0816831683168318,0.842837273991655,1,0,0,0,1
C00036515,P002387,2024-04-29,2024-05-27,DR0352,F022,Commercial,Outpatient,Paid,DX014,PR015,8165.17,7623.88,5906.04,287.94,,65,Female,West,Provider_0352,Orthopedics,Facility_022,Hospital,Large,Fracture/Injury,Acute,PR015,Major Surgery,Surgery,28,2024-04,2024-04-29,0.774676411486015,0.9337074427109294,0,1,0,0,1
C00036534,P002894,2025-10-26,2025-11-10,DR0201,F015,Medicare,Professional,Paid,DX014,PR015,10760.94,8815.83,7792.27,139.31,,91,Male,West,Provider_0201,Orthopedics,Facility_015,Hospital,Small,Fracture/Injury,Acute,PR015,Major Surgery,Surgery,15,2025-10,2025-10-20,0.8838952203025694,0.8192434861638481,0,1,0,0,1
C00036607,P016437,2025-12-03,2025-12-31,DR0281,F020,Commercial,Outpatient,Denied,DX009,PR001,318.28,261.19,3.37,48.58,,53,Male,Midwest,Provider_0281,Obstetrics & Gynecology,Facility_020,Hospital,Large,Asthma,Respiratory,PR001,Office/Follow-up Visit,Professional,28,2025-12,2025-12-01,0.012902484781193768,0.820629634284278,0,0,0,1,1
C00036616,P013812,2024-07-25,2024-08-22,DR0112,F023,Commercial,Inpatient,Paid,DX004,PR003,162.65,125.07,101.52,4.73,,94,Male,Northeast,Provider_0112,Internal Medicine,Facility_023,Clinic,Medium,Hyperlipidemia,Chronic,PR003,Routine Lab Panel,Diagnostic,28,2024-07,2024-07-22,0.8117054449508275,0.7689517368582846,0,0,0,1,1
C00036638,P016752,2025-01-12,2025-01-23,DR0419,F022,Commercial,Professional,Paid,DX014,PR015,9176.18,7327.68,6450.71,179.12,,20,Female,West,Provider_0419,Orthopedics,Facility_022,Hospital,Large,Fracture/Injury,Acute,PR015,Major Surgery,Surgery,11,2025-01,2025-01-06,0.8803209201275165,0.7985545183289778,0,1,0,0,1
C00036646,P004992,2026-02-03,2026-02-04,DR0242,F017,Medicare,Inpatient,Paid,DX005,PR015,9151.66,7505.4,5281.29,376.77,,62,Female,Midwest,Provider_0242,General Surgery,Facility_017,Hospital,Medium,Low Back Pain,Musculoskeletal,PR015,Major Surgery,Surgery,1,2026-02,2026-02-02,0.7036653609401231,0.8201135094616714,0,1,0,0,1
C00036672,P011936,2024-02-24,2024-03-20,DR0163,F007,Medicare,Professional,Paid,DX013,PR015,10085.0,9507.77,8280.9,136.21,,29,Other,Northeast,Provider_0163,Orthopedics,Facility_007,Hospital,Large,Chronic Kidney Disease,Chronic,PR015,Major Surgery,Surgery,25,2024-02,2024-02-19,0.8709613295231162,0.9427635101636094,0,1,0,0,1
C00036674,P004522,2026-02-05,2026-02-21,DR0035,F008,Medicare,Professional,Paid,DX025,PR015,25380.18,19831.58,17655.38,240.85,Extreme Claim Amount,53,Male,South,Provider_0035,Other,Facility_008,Hospital,Small,Other Condition,Other,PR015,Major Surgery,Surgery,16,2026-02,2026-02-02,0.890265929391405,0.7813805891053571,0,1,0,0,1
C00036698,P009238,2025-01-15,2025-01-30,DR0226,F013,Commercial,Professional,Paid,DX003,PR006,30.64,25.58,22.0,0.83,,24,Female,West,Provider_0226,Family Medicine,Facility_013,Hospital,Large,Upper Respiratory Infection,Acute,PR006,X-Ray,Diagnostic,15,2025-01,2025-01-13,0.8600469116497264,0.8348563968668407,0,0,0,1,1
C00036741,P018729,2024-12-31,2025-01-21,DR0240,F013,Commercial,Professional,Paid,DX003,PR020,298.1,250.79,215.04,7.87,,71,Female,South,Provider_0240,Pediatrics,Facility_013,Hospital,Large,Upper Respiratory Infection,Acute,PR020,Specialist Consultation,Professional,21,2024-12,2024-12-30,0.857450456557279,0.8412948674941294,0,0,0,1,1
C00036859,P018160,2024-07-04,2024-07-19,DR0040,F013,Medicare,Professional,Paid,DX006,PR019,7728.1,7092.34,6208.58,145.0,,25,Female,South,Provider_0040,Other,Facility_013,Hospital,Large,Osteoarthritis,Musculoskeletal,PR019,Maternity Delivery,Obstetric,15,2024-07,2024-07-01,0.8753923246770459,0.9177339837735019,0,1,0,0,1
C00036975,P011303,2024-11-08,2024-11-21,DR0081,F012,Commercial,Professional,Paid,DX001,PR001,468.72,354.71,270.74,20.72,,40,Male,West,Provider_0081,Internal Medicine,Facility_012,Ambulatory Center,Medium,Essential Hypertension,Chronic,PR001,Office/Follow-up Visit,Professional,13,2024-11,2024-11-04,0.7632714048095628,0.756763099505035,0,0,0,1,1
C00037000,P011477,2024-07-09,2024-07-16,DR0374,F022,Commercial,Outpatient,Paid,DX015,PR015,24370.25,17923.52,14222.45,821.76,,78,Male,Northeast,Provider_0374,General Surgery,Facility_022,Hospital,Large,Abdominal Pain,Acute,PR015,Major Surgery,Surgery,7,2024-07,2024-07-08,0.7935076368927533,0.7354672192529826,0,1,0,0,1
C00037029,P004644,2026-08-01,2026-08-02,DR0085,F021,Commercial,Professional,Rejected,DX025,PR015,8206.45,6463.33,1276.3,1071.15,,39,Male,South,Provider_0085,Obstetrics & Gynecology,Facility_021,Ambulatory Center,Small,Other Condition,Other,PR015,Major Surgery,Surgery,1,2026-08,2026-07-27,0.19746786873020564,0.7875914676870022,0,1,0,0,1
C00037095,P015655,2025-04-28,2025-05-04,DR0242,F017,Medicaid,Outpatient,Denied,DX014,PR015,20405.08,18770.0,3122.05,463.94,,58,Female,West,Provider_0242,General Surgery,Facility_017,Hospital,Medium,Fracture/Injury,Acute,PR015,Major Surgery,Surgery,6,2025-04,2025-04-28,0.1663319126265317,0.9198689738045623,0,1,0,0,1
C00037133,P001370,2026-04-01,2026-04-28,DR0443,F019,Self-Pay,Professional,Rejected,DX001,PR006,139.86,112.5,7.92,54.82,,78,Male,Midwest,Provider_0443,Family Medicine,Facility_019,Ambulatory Center,Medium,Essential Hypertension,Chronic,PR006,X-Ray,Diagnostic,27,2026-04,2026-03-30,0.0704,0.8043758043758042,0,0,0,1,1
C00037232,P006548,2025-07-20,2025-07-27,DR0443,F019,Commercial,Professional,Paid,DX004,PR006,183.32,151.63,122.16,5.89,,78,Female,West,Provider_0443,Family Medicine,Facility_019,Ambulatory Center,Medium,Hyperlipidemia,Chronic,PR006,X-Ray,Diagnostic,7,2025-07,2025-07-14,0.8056453208467981,0.8271328823914467,0,0,0,1,1
C00037323,P006457,2026-07-19,2026-07-29,DR0035,F008,Medicaid,Professional,Paid,DX018,PR015,7682.05,5382.02,3981.75,43.43,,74,Male,South,Provider_0035,Other,Facility_008,Hospital,Small,Pregnancy-Related,Obstetric,PR015,Major Surgery,Surgery,10,2026-07,2026-07-13,0.739824452528976,0.7005968458939997,0,1,0,0,1
C00037340,P018568,2025-01-27,2025-01-27,DR0035,F008,Medicare Advantage,Professional,Paid,DX005,PR005,1489.72,1091.09,807.77,42.78,,77,Female,South,Provider_0035,Other,Facility_008,Hospital,Small,Low Back Pain,Musculoskeletal,PR005,MRI,Diagnostic,0,2025-01,2025-01-27,0.7403330614339789,0.7324128024058212,0,0,0,1,1
C00037360,P015580,2026-05-12,2026-05-28,DR0221,F009,Commercial,Inpatient,Paid,DX015,PR015,14166.3,13041.64,9915.39,575.94,,75,Female,West,Provider_0221,General Surgery,Facility_009,Hospital,Small,Abdominal Pain,Acute,PR015,Major Surgery,Surgery,16,2026-05,2026-05-11,0.7602870497882168,0.9206101804987894,0,1,0,0,1
C00037409,P003110,2025-03-07,2025-03-30,DR0318,F023,Self-Pay,Professional,Paid,DX005,PR015,9783.64,8701.94,6190.98,1447.01,,77,Male,South,Provider_0318,Orthopedics,Facility_023,Clinic,Medium,Low Back Pain,Musculoskeletal,PR015,Major Surgery,Surgery,23,2025-03,2025-03-03,0.7114482517691456,0.8894378779268249,0,1,0,0,1
C00037545,P008322,2025-07-22,2025-08-18,DR0006,F007,Commercial,Professional,Paid,DX014,PR006,71.7,53.93,42.65,2.34,,78,Male,West,Provider_0006,Orthopedics,Facility_007,Hospital,Large,Fracture/Injury,Acute,PR006,X-Ray,Diagnostic,27,2025-07,2025-07-21,0.7908399777489338,0.7521617852161785,0,0,0,1,1
C00037565,P002822,2024-12-30,2025-01-17,DR0240,F013,Medicare,Professional,Paid,DX009,PR020,566.67,464.31,419.11,5.59,,77,Male,West,Provider_0240,Pediatrics,Facility_013,Hospital,Large,Asthma,Respiratory,PR020,Specialist Consultation,Professional,18,2024-12,2024-12-30,0.902651245934828,0.8193657684366563,0,0,0,1,1
C00037574,P002431,2026-07-25,2026-08-16,DR0242,F017,Medicare,Professional,Paid,DX025,PR015,11536.25,9071.95,8046.75,142.84,,66,Female,Midwest,Provider_0242,General Surgery,Facility_017,Hospital,Medium,Other Condition,Other,PR015,Major Surgery,Surgery,22,2026-07,2026-07-20,0.8869923224885498,0.786386390724889,0,1,0,0,1
C00037731,P018613,2025-10-28,2025-11-06,DR0035,F008,Workers Comp,Professional,Paid,DX006,PR015,16998.37,16274.8,12564.86,358.95,,78,Male,South,Provider_0035,Other,Facility_008,Hospital,Small,Osteoarthritis,Musculoskeletal,PR015,Major Surgery,Surgery,9,2025-10,2025-10-27,0.7720438960847446,0.9574329773972445,0,1,0,0,1
C00037740,P018234,2026-07-12,2026-07-21,DR0188,F002,Medicare Advantage,Outpatient,Denied,DX014,PR015,16349.24,12418.82,2927.13,1890.58,,91,Male,Midwest,Provider_0188,Orthopedics,Facility_002,Ambulatory Center,Large,Fracture/Injury,Acute,PR015,Major Surgery,Surgery,9,2026-07,2026-07-06,0.23570113746716678,0.75959616471469,0,1,0,0,1
C00038077,P014282,2025-04-15,2025-05-01,,F020,Medicare,Professional,Pending,DX013,PR001,141.7,117.27,0.0,20.42,Missing Provider,11,Female,West,,,Facility_020,Hospital,Large,Chronic Kidney Disease,Chronic,PR001,Office/Follow-up Visit,Professional,16,2025-04,2025-04-14,0.0,0.8275935074100212,0,0,1,0,1
C00038164,P016668,2024-07-04,2024-07-23,DR0237,F003,Commercial,Outpatient,Paid,DX006,PR019,2018.65,1840.85,1908.06,0.0,Paid Greater Than Allowed,78,Male,Midwest,Provider_0237,Obstetrics & Gynecology,Facility_003,Clinic,Small,Osteoarthritis,Musculoskeletal,PR019,Maternity Delivery,Obstetric,19,2024-07,2024-07-01,1.0365103077382731,0.9119213335645109,1,0,0,0,1
C00038196,P010143,2024-07-21,2024-07-22,DR0381,F004,Medicare,Professional,Paid,DX017,PR015,7963.87,7254.66,6795.29,52.33,,78,Female,South,Provider_0381,Other,Facility_004,Clinic,Medium,Cancer - Active Treatment,Oncology,PR015,Major Surgery,Surgery,1,2024-07,2024-07-15,0.936679320602206,0.9109465624124954,0,1,0,0,1
C00038286,P010955,2024-11-10,2024-11-25,DR0183,F002,Commercial,Outpatient,Paid,DX011,PR008,180.05,159.53,155.84,0.8,,79,Female,Midwest,Provider_0183,Other,Facility_002,Ambulatory Center,Large,Depression,Behavioral Health,PR008,Physical Therapy Session,Therapy,15,2024-11,2024-11-04,0.9768695543158027,0.886031657872813,0,0,0,1,1
C00038296,P014383,2024-09-30,2024-10-05,DR0311,F013,Commercial,Inpatient,Paid,DX014,PR015,15121.47,14476.5,10491.91,916.66,,75,Female,South,Provider_0311,Orthopedics,Facility_013,Hospital,Large,Fracture/Injury,Acute,PR015,Major Surgery,Surgery,5,2024-09,2024-09-30,0.7247546022864643,0.9573474007487368,0,1,0,0,1
C00038362,P010372,2026-04-02,2026-04-13,DR0148,F020,Commercial,Professional,Paid,DX003,PR001,305.49,225.16,218.27,1.57,,58,Female,South,Provider_0148,Family Medicine,Facility_020,Hospital,Large,Upper Respiratory Infection,Acute,PR001,Office/Follow-up Visit,Professional,11,2026-04,2026-03-30,0.9693995381062356,0.7370454024681659,0,0,0,1,1
C00038497,P011796,2026-03-18,2026-04-04,DR0129,F003,Medicare,Professional,Paid,DX025,PR019,11471.79,9802.8,8884.5,136.47,,74,Male,Northeast,Provider_0129,Obstetrics & Gynecology,Facility_003,Clinic,Small,Other Condition,Other,PR019,Maternity Delivery,Obstetric,17,2026-03,2026-03-16,0.9063226833149713,0.8545135501957409,0,1,0,0,1
C00038507,P000184,2024-11-10,2024-11-26,DR0419,F022,Medicare,Professional,Paid,DX006,PR015,10652.67,9814.69,8768.84,111.25,,59,Male,Midwest,Provider_0419,Orthopedics,Facility_022,Hospital,Large,Osteoarthritis,Musculoskeletal,PR015,Major Surgery,Surgery,16,2024-11,2024-11-04,0.89344034299606,0.9213361532836369,0,1,0,0,1
C00038509,P013658,2026-09-03,2026-09-11,DR0183,F002,Medicare,Professional,Paid,DX001,PR008,130.41,125.4,100.76,3.26,,33,Male,Northeast,Provider_0183,Other,Facility_002,Ambulatory Center,Large,Essential Hypertension,Chronic,PR008,Physical Therapy Session,Therapy,8,2026-09,2026-08-31,0.8035087719298246,0.9615827007131356,0,0,0,1,1
C00038646,P006399,2025-01-14,2025-01-29,DR0031,F004,Medicare,Professional,Paid,DX025,PR003,20.47,15.04,11.99,0.52,,33,Female,South,Provider_0031,Oncology,Facility_004,Clinic,Medium,Other Condition,Other,PR003,Routine Lab Panel,Diagnostic,15,2025-01,2025-01-13,0.7972074468085107,0.734733756717147,0,0,0,1,1
C00038706,P002322,2024-05-13,2024-06-07,DR0336,F017,Medicare,Outpatient,Paid,DX025,PR020,170.52,131.5,93.99,4.6,,58,Female,Midwest,Provider_0336,Family Medicine,Facility_017,Hospital,Medium,Other Condition,Other,PR020,Specialist Consultation,Professional,25,2024-05,2024-05-13,0.7147528517110265,0.7711705371803893,0,0,0,1,1
C00038802,P012689,2024-04-05,2024-04-29,DR0189,F019,Medicare,Outpatient,Paid,DX025,PR003,74.63,62.41,47.22,2.06,,65,Female,South,Provider_0189,Oncology,Facility_019,Ambulatory Center,Medium,Other Condition,Other,PR003,Routine Lab Panel,Diagnostic,24,2024-04,2024-04-01,0.7566095177054959,0.8362588771271606,0,0,0,1,1
C00038895,P016962,2026-02-26,2026-03-23,DR0373,F006,Self-Pay,Professional,Paid,DX009,PR019,9911.82,7253.87,5471.37,978.7,,67,Male,South,Provider_0373,Other,Facility_006,Hospital,Small,Asthma,Respiratory,PR019,Maternity Delivery,Obstetric,25,2026-02,2026-02-23,0.7542691004939432,0.7318403683682714,0,1,0,0,1
C00038908,P001274,2026-02-14,2026-02-24,DR0052,F006,Medicare,Inpatient,Paid,DX001,PR015,24748.39,21098.01,15950.82,619.1,,85,Female,South,Provider_0052,General Surgery,Facility_006,Hospital,Small,Essential Hypertension,Chronic,PR015,Major Surgery,Surgery,10,2026-02,2026-02-09,0.7560343368876971,0.8525003040601833,0,1,0,0,1
C00038948,P018996,2026-01-07,2026-01-31,DR0267,F020,Commercial,Inpatient,Paid,DX025,PR017,10849.93,9970.87,8861.27,182.51,,3,Male,South,Provider_0267,Oncology,Facility_020,Hospital,Large,Other Condition,Other,PR017,Chemotherapy Administration,Oncology,24,2026-01,2026-01-05,0.8887158292104901,0.918980122452403,0,1,0,0,1
C00038982,P003195,2024-04-10,2024-04-19,DR0318,F023,Medicare,Outpatient,Paid,DX005,PR015,10974.17,10489.45,8221.88,288.74,,20,Male,West,Provider_0318,Orthopedics,Facility_023,Clinic,Medium,Low Back Pain,Musculoskeletal,PR015,Major Surgery,Surgery,9,2024-04,2024-04-08,0.7838237467169392,0.9558308282084204,0,1,0,0,1
C00038991,P006904,2024-12-09,2024-12-16,DR0242,F017,Commercial,Inpatient,Denied,DX002,PR015,20093.61,18794.65,3731.0,2849.83,,25,Female,South,Provider_0242,General Surgery,Facility_017,Hospital,Medium,Type 2 Diabetes,Chronic,PR015,Major Surgery,Surgery,7,2024-12,2024-12-09,0.19851393880705412,0.9353545729214412,0,1,0,0,1
C00039038,P007424,2024-01-20,2024-02-08,DR0336,F017,Medicare,Professional,Paid,DX011,PR025,287.01,232.85,191.37,6.03,,41,Female,South,Provider_0336,Family Medicine,Facility_017,Hospital,Medium,Depression,Behavioral Health,PR025,Other Clinical Service,Other,19,2024-01,2024-01-15,0.8218595662443634,0.8112957736664228,0,0,0,1,1
C00039055,P018274,2024-08-06,2024-09-04,DR0153,F008,Medicaid,Professional,Paid,DX006,PR015,8752.71,7855.06,6069.47,43.53,,80,Female,West,Provider_0153,Orthopedics,Facility_008,Hospital,Small,Osteoarthritis,Musculoskeletal,PR015,Major Surgery,Surgery,29,2024-08,2024-08-05,0.7726828311941601,0.8974431918800008,0,1,0,0,1
C00039076,P007138,2024-01-20,2024-02-02,DR0404,F020,Medicare,Professional,Paid,DX011,PR015,7680.88,6926.25,6182.52,98.77,,80,Female,West,Provider_0404,Orthopedics,Facility_020,Hospital,Large,Depression,Behavioral Health,PR015,Major Surgery,Surgery,13,2024-01,2024-01-15,0.8926215484569573,0.9017521429836165,0,1,0,0,1
C00039077,P011402,2026-04-03,2026-04-13,DR0443,F019,Commercial,Professional,Paid,DX017,PR006,156.35,128.86,109.36,3.89,,54,Female,Northeast,Provider_0443,Family Medicine,Facility_019,Ambulatory Center,Medium,Cancer - Active Treatment,Oncology,PR006,X-Ray,Diagnostic,10,2026-04,2026-03-30,0.8486729784261989,0.8241765270227056,0,0,0,1,1
C00039090,P017056,2025-02-23,2025-03-14,,F007,Medicare Advantage,Professional,Paid,DX025,PR003,29.28,24.94,18.12,1.0,Missing Provider,33,Male,South,,,Facility_007,Hospital,Large,Other Condition,Other,PR003,Routine Lab Panel,Diagnostic,19,2025-02,2025-02-17,0.7265437048917401,0.851775956284153,0,0,1,0,1
C00039185,P005768,2024-10-10,2024-10-21,DR0259,F002,Commercial,Professional,Paid,DX005,PR015,11959.05,9702.72,9014.89,169.99,,91,Male,South,Provider_0259,Orthopedics,Facility_002,Ambulatory Center,Large,Low Back Pain,Musculoskeletal,PR015,Major Surgery,Surgery,11,2024-10,2024-10-07,0.9291095692754197,0.8113286590490048,0,1,0,0,1
C00039356,P014788,2025-02-02,2025-03-04,DR0090,F004,Commercial,Outpatient,Paid,DX014,PR015,18731.36,16393.0,12953.82,840.06,,67,Male,West,Provider_0090,General Surgery,Facility_004,Clinic,Medium,Fracture/Injury,Acute,PR015,Major Surgery,Surgery,30,2025-02,2025-01-27,0.7902043555175989,0.8751633624040113,0,1,0,0,1
C00039392,P003749,2024-04-03,2024-04-07,DR0035,F008,Medicaid,Outpatient,Pending,DX011,PR015,8999.47,7588.52,0.0,234.6,,51,Female,Northeast,Provider_0035,Other,Facility_008,Hospital,Small,Depression,Behavioral Health,PR015,Major Surgery,Surgery,4,2024-04,2024-04-01,0.0,0.8432185450920999,0,1,0,0,1
C00039564,P010834,2025-07-19,2025-07-22,,F013,Medicaid,Professional,Paid,DX011,PR019,1771.26,1402.7,1252.26,3.57,Missing Provider,73,Male,South,,,Facility_013,Hospital,Large,Depression,Behavioral Health,PR019,Maternity Delivery,Obstetric,3,2025-07,2025-07-14,0.8927496970129036,0.7919221345257049,0,0,1,0,1
C00039567,P012517,2025-03-02,2025-03-04,DR0199,F008,Medicare,Outpatient,Paid,DX003,PR003,104.76,93.14,71.98,3.32,,74,Male,South,Provider_0199,Family Medicine,Facility_008,Hospital,Small,Upper Respiratory Infection,Acute,PR003,Routine Lab Panel,Diagnostic,2,2025-03,2025-02-24,0.7728151170281298,0.8890798014509355,0,0,0,1,1
C00039585,P010929,2025-01-18,2025-01-27,DR0031,F004,Medicare,Inpatient,Denied,DX017,PR003,134.67,129.84,13.99,16.83,,39,Female,Midwest,Provider_0031,Oncology,Facility_004,Clinic,Medium,Cancer - Active Treatment,Oncology,PR003,Routine Lab Panel,Diagnostic,9,2025-01,2025-01-13,0.10774799753542821,0.9641345511249723,0,0,0,1,1
C00039645,P017355,2026-03-15,2026-03-26,,F002,Commercial,Professional,Paid,DX003,PR007,542.34,512.85,423.23,16.8,Missing Provider,71,Female,Midwest,,,Facility_002,Ambulatory Center,Large,Upper Respiratory Infection,Acute,PR007,Ultrasound,Diagnostic,11,2026-03,2026-03-09,0.8252510480647363,0.9456245159862816,0,0,1,0,1
C00039647,P011660,2026-05-31,2026-06-08,DR0052,F006,Medicare,Inpatient,Paid,DX025,PR015,28048.66,26141.3,22050.82,607.69,,79,Male,West,Provider_0052,General Surgery,Facility_006,Hospital,Small,Other Condition,Other,PR015,Major Surgery,Surgery,8,2026-05,2026-05-25,0.843524231771182,0.9319981774530405,0,1,0,0,1
C00039697,P011400,2025-05-22,2025-05-23,DR0076,F014,Medicare Advantage,Professional,Paid,DX009,PR003,71.11,56.66,50.68,0.98,,36,Male,Northeast,Provider_0076,Pediatrics,Facility_014,Hospital,Small,Asthma,Respiratory,PR003,Routine Lab Panel,Diagnostic,1,2025-05,2025-05-19,0.8944581715495942,0.7967936999015609,0,0,0,1,1
C00039743,P018098,2025-12-24,2026-01-18,DR0372,F020,Medicare Advantage,Professional,Denied,DX016,PR025,210.67,157.81,18.24,24.76,,66,Female,Northeast,Provider_0372,Emergency Medicine,Facility_020,Hospital,Large,Pneumonia,Respiratory,PR025,Other Clinical Service,Other,25,2025-12,2025-12-22,0.11558202902224192,0.7490862486353065,0,0,0,1,1
C00039811,P012209,2025-03-20,2025-04-04,DR0209,F021,Medicare,Outpatient,Paid,DX022,PR015,10237.37,7958.34,5929.14,313.93,,73,Female,West,Provider_0209,Emergency Medicine,Facility_021,Ambulatory Center,Small,Urinary Tract Infection,Acute,PR015,Major Surgery,Surgery,15,2025-03,2025-03-17,0.7450222031227618,0.777381300080001,0,1,0,0,1
C00039873,P002269,2024-08-20,2024-09-12,DR0131,F024,Medicare Advantage,Professional,Paid,DX001,PR003,33.42,27.04,21.73,0.88,,28,Male,Midwest,Provider_0131,Neurology,Facility_024,Ambulatory Center,Medium,Essential Hypertension,Chronic,PR003,Routine Lab Panel,Diagnostic,23,2024-08,2024-08-19,0.8036242603550297,0.8090963494913225,0,0,0,1,1
C00039944,P006389,2024-11-01,2024-11-27,DR0302,F020,Medicare,Professional,Paid,DX020,PR006,76.45,69.56,63.51,0.8,,79,Male,Northeast,Provider_0302,Internal Medicine,Facility_020,Hospital,Large,Gastroesophageal Reflux,Chronic,PR006,X-Ray,Diagnostic,26,2024-11,2024-10-28,0.9130247268545141,0.9098757357750163,0,0,0,1,1
C00039982,P006148,2025-12-27,2025-12-27,DR0372,F020,Medicare,Professional,Paid,DX025,PR020,153.07,125.15,89.1,5.84,,39,Male,Northeast,Provider_0372,Emergency Medicine,Facility_020,Hospital,Large,Other Condition,Other,PR020,Specialist Consultation,Professional,0,2025-12,2025-12-22,0.7119456652017578,0.8175997909453192,0,0,0,1,1
C00040015,P019267,2025-04-27,2025-05-11,DR0221,F009,Medicare,Inpatient,Paid,DX015,PR015,10534.74,7458.34,5452.12,290.33,,37,Male,Midwest,Provider_0221,General Surgery,Facility_009,Hospital,Small,Abdominal Pain,Acute,PR015,Major Surgery,Surgery,14,2025-04,2025-04-21,0.7310098493766709,0.7079757070416546,0,1,0,0,1
C00040065,P011941,2024-11-07,2024-11-10,DR0081,F012,Medicare,Professional,Paid,DX008,PR006,74.9,64.26,59.5,0.62,,33,Female,Northeast,Provider_0081,Internal Medicine,Facility_012,Ambulatory Center,Medium,Heart Failure,Cardiovascular,PR006,X-Ray,Diagnostic,3,2024-11,2024-11-04,0.9259259259259258,0.8579439252336448,0,0,0,1,1
C00040304,P001696,2024-04-19,2024-05-11,DR0300,F017,Medicare,Inpatient,Paid,DX007,PR001,269.18,208.03,227.68,0.0,Paid Greater Than Allowed,96,Male,South,Provider_0300,Cardiology,Facility_017,Hospital,Medium,Coronary Artery Disease,Cardiovascular,PR001,Office/Follow-up Visit,Professional,22,2024-04,2024-04-15,1.0944575301639188,0.772828590534215,1,0,0,0,1
C00040319,P008092,2024-05-02,2024-05-10,DR0388,F001,Medicare,Professional,Paid,DX025,PR015,13487.7,10947.55,9289.3,257.09,,86,Male,South,Provider_0388,General Surgery,Facility_001,Hospital,Large,Other Condition,Other,PR015,Major Surgery,Surgery,8,2024-05,2024-04-29,0.8485277527848697,0.8116691504111152,0,1,0,0,1
C00040384,P019756,2026-09-09,2026-10-09,DR0152,F013,Medicare,Professional,Denied,DX019,PR015,14309.26,10884.3,2356.05,1093.76,,61,Male,West,Provider_0152,Other,Facility_013,Hospital,Large,Neurologic Disorder,Neurologic,PR015,Major Surgery,Surgery,30,2026-09,2026-09-07,0.21646316253686507,0.7606473011182968,0,1,0,0,1
C00040428,P016548,2026-05-10,2026-05-29,DR0325,F021,Medicare Advantage,Professional,Paid,DX018,PR015,8880.46,6719.8,6482.22,45.38,,39,Female,South,Provider_0325,Other,Facility_021,Ambulatory Center,Small,Pregnancy-Related,Obstetric,PR015,Major Surgery,Surgery,19,2026-05,2026-05-04,0.9646447810946754,0.7566950360679515,0,1,0,0,1
C00040474,P000275,2025-04-27,2025-05-06,,F021,Commercial,Professional,Paid,DX002,PR025,73.27,65.59,52.76,2.91,Missing Provider,84,Female,Midwest,,,Facility_021,Ambulatory Center,Small,Type 2 Diabetes,Chronic,PR025,Other Clinical Service,Other,9,2025-04,2025-04-21,0.8043909132489708,0.8951822028115192,0,0,1,0,1
C00040502,P014597,2025-01-22,2025-02-11,DR0299,F010,Medicare,Inpatient,Paid,DX005,PR015,14105.58,12852.63,11850.8,122.02,,78,Female,West,Provider_0299,Other,Facility_010,Hospital,Medium,Low Back Pain,Musculoskeletal,PR015,Major Surgery,Surgery,20,2025-01,2025-01-20,0.9220525293266826,0.9111734505068206,0,1,0,0,1
C00040580,P003317,2025-01-11,2025-02-02,DR0336,F017,Medicare,Professional,Paid,DX012,PR004,519.02,470.17,459.53,1.33,,42,Female,West,Provider_0336,Family Medicine,Facility_017,Hospital,Medium,Anxiety Disorder,Behavioral Health,PR004,Advanced Imaging - CT,Diagnostic,22,2025-01,2025-01-06,0.9773698874875044,0.9058803128973836,0,0,0,1,1
C00040610,P008951,2026-07-09,2026-07-23,,F004,Medicare,Professional,Paid,DX009,PR001,280.22,259.06,183.74,12.59,Missing Provider,71,Female,West,,,Facility_004,Clinic,Medium,Asthma,Respiratory,PR001,Office/Follow-up Visit,Professional,14,2026-07,2026-07-06,0.709256542885818,0.9244879023624294,0,0,1,0,1
C00040744,P010363,2024-01-24,2024-02-09,DR0226,F013,Medicare Advantage,Professional,Paid,DX025,PR003,59.82,46.86,38.83,1.41,,58,Female,Northeast,Provider_0226,Family Medicine,Facility_013,Hospital,Large,Other Condition,Other,PR003,Routine Lab Panel,Diagnostic,16,2024-01,2024-01-22,0.8286384976525821,0.7833500501504513,0,0,0,1,1
C00040747,P003308,2026-04-01,2026-04-11,DR0443,F019,Medicaid,Professional,Denied,DX020,PR003,12.24,11.85,0.46,0.42,,42,Male,South,Provider_0443,Family Medicine,Facility_019,Ambulatory Center,Medium,Gastroesophageal Reflux,Chronic,PR003,Routine Lab Panel,Diagnostic,10,2026-04,2026-03-30,0.038818565400843885,0.9681372549019608,0,0,0,1,1
C00040799,P006645,2026-04-13,2026-04-23,DR0201,F015,Commercial,Professional,Paid,DX006,PR015,10886.51,10243.95,7749.41,524.52,,70,Female,South,Provider_0201,Orthopedics,Facility_015,Hospital,Small,Osteoarthritis,Musculoskeletal,PR015,Major Surgery,Surgery,10,2026-04,2026-04-13,0.7564865115507201,0.9409764929256484,0,1,0,0,1
C00040813,P002864,2024-01-26,2024-02-11,DR0226,F013,Medicaid,Professional,Paid,DX012,PR021,495.8,396.58,318.02,1.92,,92,Female,South,Provider_0226,Family Medicine,Facility_013,Hospital,Large,Anxiety Disorder,Behavioral Health,PR021,Behavioral Health Session,Behavioral,16,2024-01,2024-01-22,0.801906298855212,0.799878983461073,0,0,0,1,1
C00040909,P007086,2024-11-17,2024-11-27,DR0302,F020,Medicaid,Professional,Paid,DX020,PR001,423.35,375.56,276.95,3.48,,48,Female,West,Provider_0302,Internal Medicine,Facility_020,Hospital,Large,Gastroesophageal Reflux,Chronic,PR001,Office/Follow-up Visit,Professional,10,2024-11,2024-11-11,0.7374321013952497,0.8871146805243888,0,0,0,1,1
C00040972,P012336,2024-07-23,2024-08-14,DR0112,F023,Medicare,Outpatient,Paid,DX009,PR020,584.97,461.45,355.47,12.85,,71,Female,South,Provider_0112,Internal Medicine,Facility_023,Clinic,Medium,Asthma,Respiratory,PR020,Specialist Consultation,Professional,22,2024-07,2024-07-22,0.7703326470906925,0.7888438723353334,0,0,0,1,1
C00041016,P014588,2024-03-14,2024-03-20,DR0448,F008,Commercial,Inpatient,Paid,DX014,PR015,25340.86,21076.19,19898.48,183.53,,36,Female,South,Provider_0448,Orthopedics,Facility_008,Hospital,Small,Fracture/Injury,Acute,PR015,Major Surgery,Surgery,6,2024-03,2024-03-11,0.9441213046570561,0.8317077636670578,0,1,0,0,1
C00041066,P009872,2025-11-13,2025-11-28,DR0404,F020,Medicaid,Outpatient,Paid,DX008,PR009,287.22,260.86,237.93,0.59,,64,Male,West,Provider_0404,Orthopedics,Facility_020,Hospital,Large,Heart Failure,Cardiovascular,PR009,Joint Injection,Procedure,15,2025-11,2025-11-10,0.912098443609599,0.908223661304923,0,0,0,1,1
C00041108,P014350,2024-10-25,2024-11-14,DR0416,F014,Medicare,Professional,Paid,DX005,PR021,81.97,64.42,58.04,0.84,,75,Male,South,Provider_0416,Orthopedics,Facility_014,Hospital,Small,Low Back Pain,Musculoskeletal,PR021,Behavioral Health Session,Behavioral,20,2024-10,2024-10-21,0.9009624340266997,0.7858972794924973,0,0,0,1,1
C00041178,P013279,2024-04-05,2024-04-24,DR0102,F024,Commercial,Inpatient,Denied,DX017,PR020,560.78,514.97,563.47,0.0,Paid Greater Than Allowed,70,Male,West,Provider_0102,Oncology,Facility_024,Ambulatory Center,Medium,Cancer - Active Treatment,Oncology,PR020,Specialist Consultation,Professional,19,2024-04,2024-04-01,1.0941802435093306,0.9183102107778452,1,0,0,0,1
C00041199,P003023,2025-12-25,2026-01-23,DR0035,F008,Medicare,Professional,Paid,DX022,PR015,9396.02,7318.63,6983.93,44.23,,40,Female,Northeast,Provider_0035,Other,Facility_008,Hospital,Small,Urinary Tract Infection,Acute,PR015,Major Surgery,Surgery,29,2025-12,2025-12-22,0.9542673970401564,0.7789074523042735,0,1,0,0,1
C00041264,P000354,2024-02-25,2024-03-18,DR0105,F019,Medicare Advantage,Professional,Paid,DX014,PR015,7836.19,7091.18,6328.36,147.5,,53,Male,Midwest,Provider_0105,General Surgery,Facility_019,Ambulatory Center,Medium,Fracture/Injury,Acute,PR015,Major Surgery,Surgery,22,2024-02,2024-02-19,0.8924269303557376,0.9049270117238097,0,1,0,0,1
C00041342,P000113,2026-04-17,2026-05-14,DR0318,F023,Commercial,Outpatient,Paid,DX006,PR015,11094.97,8084.88,7266.0,122.91,,25,Female,West,Provider_0318,Orthopedics,Facility_023,Clinic,Medium,Osteoarthritis,Musculoskeletal,PR015,Major Surgery,Surgery,27,2026-04,2026-04-13,0.8987146376940659,0.7286977792639368,0,1,0,0,1
C00041359,P010808,2025-07-04,2025-07-16,,F018,Medicare,Inpatient,Paid,DX001,PR006,46.62,43.98,40.57,0.42,Missing Provider,89,Female,West,,,Facility_018,Specialty Center,Large,Essential Hypertension,Chronic,PR006,X-Ray,Diagnostic,12,2025-07,2025-06-30,0.9224647567075944,0.9433719433719434,0,0,1,0,1
C00041375,P004579,2024-10-04,2024-10-18,DR0105,F019,Medicare,Professional,Paid,DX014,PR015,8498.24,7395.23,6996.7,47.12,,74,Female,Midwest,Provider_0105,General Surgery,Facility_019,Ambulatory Center,Medium,Fracture/Injury,Acute,PR015,Major Surgery,Surgery,14,2024-10,2024-09-30,0.9461098572999083,0.8702072429114734,0,1,0,0,1
C00041392,P018210,2025-01-16,2025-02-12,DR0031,F004,Commercial,Professional,Paid,DX002,PR017,323.85,269.95,223.68,11.37,,69,Female,South,Provider_0031,Oncology,Facility_004,Clinic,Medium,Type 2 Diabetes,Chronic,PR017,Chemotherapy Administration,Oncology,27,2025-01,2025-01-13,0.8285978884978701,0.8335649220318048,0,0,0,1,1
C00041404,P004664,2025-02-27,2025-03-15,DR0199,F008,Medicaid,Inpatient,Paid,DX025,PR006,37.38,33.73,30.64,0.09,,74,Male,South,Provider_0199,Family Medicine,Facility_008,Hospital,Small,Other Condition,Other,PR006,X-Ray,Diagnostic,16,2025-02,2025-02-24,0.9083901571301513,0.902354200107009,0,0,0,1,1
C00041529,P009501,2026-05-19,2026-05-30,DR0352,F022,Commercial,Professional,Paid,DX004,PR006,67.79,64.0,70.38,0.0,Paid Greater Than Allowed,7,Female,Northeast,Provider_0352,Orthopedics,Facility_022,Hospital,Large,Hyperlipidemia,Chronic,PR006,X-Ray,Diagnostic,11,2026-05,2026-05-18,1.0996875,0.9440920489747749,1,0,0,0,1
C00041568,P008148,2024-11-03,2024-11-18,DR0242,F017,Other,Inpatient,Denied,DX025,PR015,53204.83,38808.37,1037.06,8061.8,,74,Male,Northeast,Provider_0242,General Surgery,Facility_017,Hospital,Medium,Other Condition,Other,PR015,Major Surgery,Surgery,15,2024-11,2024-10-28,0.026722585875160434,0.7294144159468229,0,1,0,0,1
C00041702,P006055,2024-01-25,2024-02-14,DR0226,F013,Self-Pay,Outpatient,Paid,DX004,PR001,84.97,60.0,42.5,8.91,,49,Male,South,Provider_0226,Family Medicine,Facility_013,Hospital,Large,Hyperlipidemia,Chronic,PR001,Office/Follow-up Visit,Professional,20,2024-01,2024-01-22,0.7083333333333334,0.7061315758503001,0,0,0,1,1
C00041745,P011293,2025-11-13,2025-11-27,,F002,Medicare,Outpatient,Paid,DX025,PR019,2485.02,2176.99,2044.49,14.22,Missing Provider,15,Female,South,,,Facility_002,Ambulatory Center,Large,Other Condition,Other,PR019,Maternity Delivery,Obstetric,14,2025-11,2025-11-10,0.9391361466979637,0.8760452632171973,0,0,1,0,1
C00041932,P007185,2025-11-04,2025-11-06,DR0221,F009,Medicaid,Inpatient,Pending,DX015,PR015,31277.84,28863.28,0.0,670.07,,26,Female,West,Provider_0221,General Surgery,Facility_009,Hospital,Small,Abdominal Pain,Acute,PR015,Major Surgery,Surgery,2,2025-11,2025-11-03,0.0,0.9228028533939684,0,1,0,0,1
C00041938,P009648,2026-03-29,2026-04-04,DR0311,F013,Medicare,Professional,Paid,DX005,PR015,21502.68,18230.61,15655.93,385.3,,93,Female,South,Provider_0311,Orthopedics,Facility_013,Hospital,Large,Low Back Pain,Musculoskeletal,PR015,Major Surgery,Surgery,6,2026-03,2026-03-23,0.8587715934902891,0.8478296658835085,0,1,0,0,1
C00042013,P009190,2026-02-07,2026-02-09,,F007,Medicare Advantage,Outpatient,Paid,DX016,PR016,771.57,691.98,646.09,6.89,Missing Provider,60,Female,West,,,Facility_007,Hospital,Large,Pneumonia,Respiratory,PR016,Inpatient Daily Care,Inpatient,2,2026-02,2026-02-02,0.9336830544235383,0.8968466892180877,0,0,1,0,1
C00042019,P005439,2026-03-30,2026-04-24,DR0148,F020,Commercial,Outpatient,Paid,DX020,PR008,139.08,99.85,87.79,1.97,,0,Male,Midwest,Provider_0148,Family Medicine,Facility_020,Hospital,Large,Gastroesophageal Reflux,Chronic,PR008,Physical Therapy Session,Therapy,25,2026-03,2026-03-30,0.8792188282423636,0.7179321253954557,0,0,0,1,1
C00042057,P013417,2025-11-26,2025-12-15,DR0250,F011,Medicare,Professional,Paid,DX014,PR015,10497.73,8655.47,7764.15,155.02,,69,Male,West,Provider_0250,Orthopedics,Facility_011,Hospital,Large,Fracture/Injury,Acute,PR015,Major Surgery,Surgery,19,2025-11,2025-11-24,0.8970223454070085,0.8245087271248165,0,1,0,0,1
C00042058,P010031,2025-11-12,2025-11-16,DR0404,F020,Medicare Advantage,Outpatient,Paid,DX010,PR020,459.98,441.75,357.97,12.05,,73,Female,Midwest,Provider_0404,Orthopedics,Facility_020,Hospital,Large,COPD,Respiratory,PR020,Specialist Consultation,Professional,4,2025-11,2025-11-10,0.8103452178834183,0.9603678420800904,0,0,0,1,1
C00042073,P016005,2025-07-04,2025-08-01,DR0334,F020,Medicare,Professional,Paid,DX002,PR015,12681.99,11310.32,7998.07,515.53,,96,Female,West,Provider_0334,Other,Facility_020,Hospital,Large,Type 2 Diabetes,Chronic,PR015,Major Surgery,Surgery,28,2025-07,2025-06-30,0.7071479852028943,0.8918411069556118,0,1,0,0,1
C00042152,P002996,2024-01-15,2024-02-04,DR0336,F017,Medicaid,Professional,Paid,DX012,PR001,106.69,92.42,87.34,0.18,,80,Female,West,Provider_0336,Family Medicine,Facility_017,Hospital,Medium,Anxiety Disorder,Behavioral Health,PR001,Office/Follow-up Visit,Professional,20,2024-01,2024-01-15,0.9450335425232634,0.8662480082481957,0,0,0,1,1
C00042223,P006971,2025-08-28,2025-09-02,DR0374,F022,Medicare,Professional,Paid,DX014,PR006,270.22,191.79,139.02,7.29,,54,Female,South,Provider_0374,General Surgery,Facility_022,Hospital,Large,Fracture/Injury,Acute,PR006,X-Ray,Diagnostic,5,2025-08,2025-08-25,0.7248553104958549,0.7097550144326844,0,0,0,1,1
C00042261,P006482,2024-01-31,2024-03-01,DR0015,F002,Medicare,Outpatient,Reversed,DX006,PR015,10674.78,8292.44,1157.25,750.34,,55,Male,South,Provider_0015,Orthopedics,Facility_002,Ambulatory Center,Large,Osteoarthritis,Musculoskeletal,PR015,Major Surgery,Surgery,30,2024-01,2024-01-29,0.1395548234295334,0.7768253771974691,0,1,0,0,1
C00042274,P008208,2024-01-02,2024-01-30,DR0112,F023,Commercial,Professional,Paid,DX004,PR020,196.83,167.03,176.28,0.0,Paid Greater Than Allowed,72,Female,South,Provider_0112,Internal Medicine,Facility_023,Clinic,Medium,Hyperlipidemia,Chronic,PR020,Specialist Consultation,Professional,28,2024-01,2024-01-01,1.0553792731844578,0.8486003149926332,1,0,0,0,1
C00042322,P017665,2026-05-20,2026-05-29,,F013,Commercial,Professional,Denied,DX009,PR005,1603.81,1502.69,88.58,233.75,Missing Provider,84,Female,West,,,Facility_013,Hospital,Large,Asthma,Respiratory,PR005,MRI,Diagnostic,9,2026-05,2026-05-18,0.058947620600389966,0.9369501374851137,0,0,1,0,1
C00042334,P012626,2025-02-01,2025-02-28,DR0090,F004,Medicare,Professional,Paid,DX025,PR015,10524.27,7530.05,6409.32,162.31,,65,Female,South,Provider_0090,General Surgery,Facility_004,Clinic,Medium,Other Condition,Other,PR015,Major Surgery,Surgery,27,2025-02,2025-01-27,0.8511656629106048,0.715493806221239,0,1,0,0,1
C00042412,P008728,2026-03-30,2026-04-21,DR0148,F020,Medicare,Professional,Paid,DX003,PR025,79.39,76.52,54.06,3.43,,39,Male,South,Provider_0148,Family Medicine,Facility_020,Hospital,Large,Upper Respiratory Infection,Acute,PR025,Other Clinical Service,Other,22,2026-03,2026-03-30,0.7064819654992159,0.9638493513036905,0,0,0,1,1
C00042438,P012501,2025-01-27,2025-01-27,DR0014,F019,Medicare Advantage,Professional,Paid,DX001,PR015,10651.35,10301.91,8369.81,242.71,,41,Female,Northeast,Provider_0014,Other,Facility_019,Ambulatory Center,Medium,Essential Hypertension,Chronic,PR015,Major Surgery,Surgery,0,2025-01,2025-01-27,0.812452253999501,0.9671928910419806,0,1,0,0,1
C00042557,P012039,2024-07-22,2024-07-29,DR0112,F023,Medicare,Outpatient,Paid,DX013,PR001,326.01,238.71,224.13,2.03,,67,Female,West,Provider_0112,Internal Medicine,Facility_023,Clinic,Medium,Chronic Kidney Disease,Chronic,PR001,Office/Follow-up Visit,Professional,7,2024-07,2024-07-22,0.9389217041598592,0.7322168031655472,0,0,0,1,1
C00042558,P003303,2026-06-12,2026-07-08,DR0105,F019,Medicare Advantage,Professional,Paid,DX015,PR015,9342.06,6859.08,5632.37,207.69,,41,Female,Midwest,Provider_0105,General Surgery,Facility_019,Ambulatory Center,Medium,Abdominal Pain,Acute,PR015,Major Surgery,Surgery,26,2026-06,2026-06-08,0.8211553152900972,0.7342149376047682,0,1,0,0,1
C00042711,P016062,2025-06-02,2025-06-16,,F005,Medicare,Professional,Paid,DX020,PR001,213.91,189.43,175.26,1.6,Missing Provider,41,Female,South,,,Facility_005,Ambulatory Center,Small,Gastroesophageal Reflux,Chronic,PR001,Office/Follow-up Visit,Professional,14,2025-06,2025-06-02,0.9251966425592566,0.8855593473890889,0,0,1,0,1
C00042750,P000984,2024-11-06,2024-11-27,DR0183,F002,Self-Pay,Inpatient,Paid,DX006,PR022,324.47,292.44,204.96,55.11,,39,Male,South,Provider_0183,Other,Facility_002,Ambulatory Center,Large,Osteoarthritis,Musculoskeletal,PR022,Dialysis Session,Chronic Care,21,2024-11,2024-11-04,0.7008617152236356,0.9012851727432427,0,0,0,1,1
C00042754,P013887,2025-10-30,2025-11-14,DR0081,F012,Medicaid,Outpatient,Paid,DX025,PR019,9808.21,7401.31,6281.96,36.84,,75,Male,Midwest,Provider_0081,Internal Medicine,Facility_012,Ambulatory Center,Medium,Other Condition,Other,PR019,Maternity Delivery,Obstetric,15,2025-10,2025-10-27,0.8487632594770385,0.7546035413189564,0,1,0,0,1
C00042761,P013465,2025-08-20,2025-08-22,DR0288,F012,Self-Pay,Outpatient,Paid,DX004,PR020,287.88,250.79,181.63,51.61,,24,Male,South,Provider_0288,Cardiology,Facility_012,Ambulatory Center,Medium,Hyperlipidemia,Chronic,PR020,Specialist Consultation,Professional,2,2025-08,2025-08-18,0.7242314286853543,0.8711615951090732,0,0,0,1,1
C00042769,P008623,2025-09-05,2025-10-05,DR0329,F007,Medicare,Professional,Paid,DX007,PR015,16808.63,16159.97,15158.35,141.8,,18,Male,South,Provider_0329,Other,Facility_007,Hospital,Large,Coronary Artery Disease,Cardiovascular,PR015,Major Surgery,Surgery,30,2025-09,2025-09-01,0.9380184492916758,0.9614091094872097,0,1,0,0,1
C00042817,P010459,2024-04-06,2024-04-07,DR0301,F007,Medicare,Professional,Paid,DX007,PR004,1882.32,1357.94,1260.61,10.66,,30,Female,Northeast,Provider_0301,Cardiology,Facility_007,Hospital,Large,Coronary Artery Disease,Cardiovascular,PR004,Advanced Imaging - CT,Diagnostic,1,2024-04,2024-04-01,0.9283252573751416,0.7214182498193719,0,0,0,1,1
C00042885,P013897,2024-02-17,2024-03-01,DR0145,F015,Medicare,Inpatient,Paid,DX016,PR015,14117.42,10759.77,9057.67,233.37,,61,Male,West,Provider_0145,Emergency Medicine,Facility_015,Hospital,Small,Pneumonia,Respiratory,PR015,Major Surgery,Surgery,13,2024-02,2024-02-12,0.8418088862494273,0.7621626331156827,0,1,0,0,1
C00042944,P017274,2026-08-08,2026-08-08,DR0303,F014,Medicare Advantage,Inpatient,Paid,DX005,PR020,322.88,288.48,300.39,0.0,Paid Greater Than Allowed,77,Male,West,Provider_0303,Family Medicine,Facility_014,Hospital,Small,Low Back Pain,Musculoskeletal,PR020,Specialist Consultation,Professional,0,2026-08,2026-08-03,1.0412853577371046,0.8934588701684837,1,0,0,0,1
C00042959,P008390,2025-12-29,2026-01-15,DR0245,F017,Medicare Advantage,Inpatient,Reversed,DX016,PR013,9054.5,6847.14,718.21,807.97,,2,Female,Midwest,Provider_0245,Other,Facility_017,Hospital,Medium,Pneumonia,Respiratory,PR013,Cataract Procedure,Surgery,17,2025-12,2025-12-29,0.10489196949383246,0.7562140372190623,0,1,0,0,1
C00043039,P013560,2025-11-16,2025-12-08,DR0404,F020,Medicare Advantage,Inpatient,Paid,DX014,PR009,803.3,575.34,484.49,15.91,,76,Male,Midwest,Provider_0404,Orthopedics,Facility_020,Hospital,Large,Fracture/Injury,Acute,PR009,Joint Injection,Procedure,22,2025-11,2025-11-10,0.8420933708763514,0.7162205900659779,0,0,0,1,1
C00043071,P010277,2025-07-28,2025-08-22,DR0263,F021,Commercial,Outpatient,Paid,DX014,PR015,17229.4,12993.49,11449.4,327.69,,59,Male,Northeast,Provider_0263,Orthopedics,Facility_021,Ambulatory Center,Small,Fracture/Injury,Acute,PR015,Major Surgery,Surgery,25,2025-07,2025-07-28,0.8811643369102528,0.7541464009193587,0,1,0,0,1
C00043155,P013017,2024-06-03,2024-06-03,DR0090,F004,Medicaid,Inpatient,Paid,DX015,PR015,10519.9,9115.92,8283.5,22.6,,62,Male,South,Provider_0090,General Surgery,Facility_004,Clinic,Medium,Abdominal Pain,Acute,PR015,Major Surgery,Surgery,0,2024-06,2024-06-03,0.9086850257571369,0.8665405564691679,0,1,0,0,1
C00043199,P013687,2024-10-30,2024-10-30,DR0269,F005,Medicare Advantage,Professional,Paid,DX010,PR015,11302.32,8282.9,7889.58,72.06,,66,Male,Northeast,Provider_0269,Other,Facility_005,Ambulatory Center,Small,COPD,Respiratory,PR015,Major Surgery,Surgery,0,2024-10,2024-10-28,0.9525142160354465,0.7328495388557393,0,1,0,0,1
C00043231,P011790,2024-10-05,2024-10-15,DR0242,F017,Medicare Advantage,Professional,Reversed,DX014,PR020,331.39,285.25,15.28,46.05,,40,Female,Northeast,Provider_0242,General Surgery,Facility_017,Hospital,Medium,Fracture/Injury,Acute,PR020,Specialist Consultation,Professional,10,2024-10,2024-09-30,0.053567046450482034,0.8607682790669604,0,0,0,1,1
C00043249,P016349,2025-05-01,2025-05-11,,F013,Other,Professional,Paid,DX002,PR001,69.16,52.47,42.0,2.22,Missing Provider,77,Female,West,,,Facility_013,Hospital,Large,Type 2 Diabetes,Chronic,PR001,Office/Follow-up Visit,Professional,10,2025-05,2025-04-28,0.8004574042309891,0.7586755349913245,0,0,1,0,1
C00043290,P016205,2025-06-14,2025-07-14,DR0242,F017,Medicare,Professional,Rejected,DX003,PR015,9788.31,6914.94,4.39,732.39,,63,Male,South,Provider_0242,General Surgery,Facility_017,Hospital,Medium,Upper Respiratory Infection,Acute,PR015,Major Surgery,Surgery,30,2025-06,2025-06-09,0.0006348572800342447,0.7064488149639723,0,1,0,0,1
C00043369,P014709,2024-04-03,2024-04-20,DR0352,F022,Medicare Advantage,Inpatient,Paid,DX014,PR015,13324.05,12106.99,11802.61,46.94,,75,Female,Midwest,Provider_0352,Orthopedics,Facility_022,Hospital,Large,Fracture/Injury,Acute,PR015,Major Surgery,Surgery,17,2024-04,2024-04-01,0.9748591516140677,0.9086569023682739,0,1,0,0,1
C00043414,P006569,2024-03-09,2024-03-16,DR0250,F011,Medicare Advantage,Professional,Paid,DX020,PR015,8526.96,6269.45,5893.03,56.57,,3,Female,Midwest,Provider_0250,Orthopedics,Facility_011,Hospital,Large,Gastroesophageal Reflux,Chronic,PR015,Major Surgery,Surgery,7,2024-03,2024-03-04,0.9399596455829459,0.735250311951739,0,1,0,0,1
C00043430,P007775,2025-04-21,2025-05-16,DR0153,F008,Self-Pay,Inpatient,Paid,DX005,PR015,11882.75,10684.41,7522.28,1591.73,,69,Male,West,Provider_0153,Orthopedics,Facility_008,Hospital,Small,Low Back Pain,Musculoskeletal,PR015,Major Surgery,Surgery,25,2025-04,2025-04-21,0.7040426191057813,0.8991529738486461,0,1,0,0,1
C00043457,P003447,2024-07-19,2024-07-27,DR0263,F021,Medicare,Inpatient,Paid,DX005,PR015,14220.63,13034.99,11175.97,266.95,,80,Male,Midwest,Provider_0263,Orthopedics,Facility_021,Ambulatory Center,Small,Low Back Pain,Musculoskeletal,PR015,Major Surgery,Surgery,8,2024-07,2024-07-15,0.8573823225027407,0.9166253534477727,0,1,0,0,1
C00043465,P006722,2024-01-22,2024-02-15,DR0241,F006,Medicare Advantage,Outpatient,Paid,DX006,PR015,8334.98,6391.24,5952.54,69.07,,63,Male,South,Provider_0241,Orthopedics,Facility_006,Hospital,Small,Osteoarthritis,Musculoskeletal,PR015,Major Surgery,Surgery,24,2024-01,2024-01-22,0.931359172867863,0.7667972808573026,0,1,0,0,1
C00043684,P015112,2025-01-16,2025-01-19,DR0052,F006,Medicare,Professional,Paid,DX014,PR015,10752.23,8403.72,8160.37,40.66,,20,Female,South,Provider_0052,General Surgery,Facility_006,Hospital,Small,Fracture/Injury,Acute,PR015,Major Surgery,Surgery,3,2025-01,2025-01-13,0.9710425859024338,0.7815792630924003,0,1,0,0,1
C00043735,P014418,2026-07-10,2026-07-11,DR0242,F017,Self-Pay,Inpatient,Pending,DX014,PR015,20356.02,18614.34,0.0,14766.13,,54,Male,South,Provider_0242,General Surgery,Facility_017,Hospital,Medium,Fracture/Injury,Acute,PR015,Major Surgery,Surgery,1,2026-07,2026-07-06,0.0,0.9144390701129199,0,1,0,0,1
C00043756,P014365,2025-12-17,2025-12-21,DR0242,F017,Medicare Advantage,Inpatient,Denied,DX025,PR015,9713.91,7435.33,629.61,852.67,,49,Female,West,Provider_0242,General Surgery,Facility_017,Hospital,Medium,Other Condition,Other,PR015,Major Surgery,Surgery,4,2025-12,2025-12-15,0.08467815147411077,0.7654312218251971,0,1,0,0,1
C00043762,P018876,2025-08-26,2025-09-21,DR0374,F022,Medicare,Outpatient,Paid,DX001,PR020,691.18,520.24,440.36,10.51,,94,Male,Midwest,Provider_0374,General Surgery,Facility_022,Hospital,Large,Essential Hypertension,Chronic,PR020,Specialist Consultation,Professional,26,2025-08,2025-08-25,0.8464554820851915,0.7526838160826413,0,0,0,1,1
C00043778,P019575,2025-07-12,2025-07-24,,F023,Commercial,Professional,Paid,DX006,PR008,215.32,179.09,125.85,10.56,Missing Provider,32,Male,South,,,Facility_023,Clinic,Medium,Osteoarthritis,Musculoskeletal,PR008,Physical Therapy Session,Therapy,12,2025-07,2025-07-07,0.7027193031436707,0.8317388073564927,0,0,1,0,1
C00043834,P012794,2024-08-29,2024-09-05,DR0435,F001,Medicare,Professional,Paid,DX012,PR015,7822.19,6367.65,5674.83,118.69,,41,Female,South,Provider_0435,Other,Facility_001,Hospital,Large,Anxiety Disorder,Behavioral Health,PR015,Major Surgery,Surgery,7,2024-08,2024-08-26,0.891196909377871,0.8140495181017081,0,1,0,0,1
C00043885,P016089,2025-05-18,2025-06-04,DR0206,F012,Medicare Advantage,Professional,Denied,DX018,PR015,10015.68,9184.98,2058.04,862.94,,76,Male,South,Provider_0206,Radiology,Facility_012,Ambulatory Center,Medium,Pregnancy-Related,Obstetric,PR015,Major Surgery,Surgery,17,2025-05,2025-05-12,0.2240658117927312,0.9170600498418479,0,1,0,0,1
C00043909,P018325,2024-10-05,2024-10-19,DR0324,F004,Medicare Advantage,Inpatient,Paid,DX009,PR003,86.7,74.54,77.07,0.0,Paid Greater Than Allowed,67,Male,West,Provider_0324,Oncology,Facility_004,Clinic,Medium,Asthma,Respiratory,PR003,Routine Lab Panel,Diagnostic,14,2024-10,2024-09-30,1.0339415079152132,0.8597462514417532,1,0,0,0,1
C00043942,P008359,2025-09-21,2025-10-04,DR0221,F009,Medicare,Inpatient,Paid,DX004,PR010,7844.46,6228.84,4586.68,215.42,,3,Male,West,Provider_0221,General Surgery,Facility_009,Hospital,Small,Hyperlipidemia,Chronic,PR010,Colonoscopy,Procedure,13,2025-09,2025-09-15,0.7363618266001375,0.7940431846169144,0,1,0,0,1
C00043955,P001948,2026-04-25,2026-05-20,DR0350,F005,Medicare,Professional,Paid,DX016,PR015,21570.71,16031.97,12612.6,514.51,,74,Female,South,Provider_0350,General Surgery,Facility_005,Ambulatory Center,Small,Pneumonia,Respiratory,PR015,Major Surgery,Surgery,25,2026-04,2026-04-20,0.7867155440036377,0.7432286651667933,0,1,0,0,1
C00043989,P017598,2025-08-18,2025-08-22,DR0288,F012,Self-Pay,Outpatient,Paid,DX007,PR012,988.63,766.5,560.67,112.65,,74,Male,West,Provider_0288,Cardiology,Facility_012,Ambulatory Center,Medium,Coronary Artery Disease,Cardiovascular,PR012,Echocardiogram,Diagnostic,4,2025-08,2025-08-18,0.7314677103718199,0.7753153353630782,0,0,0,1,1
C00044120,P014414,2024-05-02,2024-05-12,DR0311,F013,Medicare,Professional,Paid,DX004,PR015,11242.44,8921.28,7999.99,98.8,,20,Female,Midwest,Provider_0311,Orthopedics,Facility_013,Hospital,Large,Hyperlipidemia,Chronic,PR015,Major Surgery,Surgery,10,2024-05,2024-04-29,0.8967311865561891,0.7935359228067929,0,1,0,0,1
C00044132,P006911,2024-05-15,2024-06-08,DR0141,F020,Self-Pay,Professional,Paid,DX013,PR019,9169.13,8398.97,6203.3,1456.11,,54,Female,South,Provider_0141,Other,Facility_020,Hospital,Large,Chronic Kidney Disease,Chronic,PR019,Maternity Delivery,Obstetric,24,2024-05,2024-05-13,0.7385786590498598,0.9160051171703313,0,1,0,0,1
C00044135,P004797,2026-04-11,2026-04-27,DR0052,F006,Medicaid,Professional,Denied,DX025,PR015,10038.25,8667.41,2032.62,160.3,,95,Male,South,Provider_0052,General Surgery,Facility_006,Hospital,Small,Other Condition,Other,PR015,Major Surgery,Surgery,16,2026-04,2026-04-06,0.23451296292664128,0.8634383483176848,0,1,0,0,1
C00044143,P009336,2026-02-13,2026-02-27,,F008,Commercial,Outpatient,Paid,DX007,PR005,480.45,396.51,348.95,7.48,Missing Provider,14,Male,South,,,Facility_008,Hospital,Small,Coronary Artery Disease,Cardiovascular,PR005,MRI,Diagnostic,14,2026-02,2026-02-09,0.8800534664951704,0.8252887917577272,0,0,1,0,1
C00044158,P010781,2025-09-03,2025-10-03,DR0352,F022,Self-Pay,Professional,Paid,DX005,PR015,15593.29,11401.89,10136.9,898.26,Extreme Claim Amount,56,Female,South,Provider_0352,Orthopedics,Facility_022,Hospital,Large,Low Back Pain,Musculoskeletal,PR015,Major Surgery,Surgery,30,2025-09,2025-09-01,0.8890543585317873,0.731204896465082,0,1,0,0,1
C00044204,P001567,2024-07-28,2024-08-22,DR0112,F023,Medicaid,Professional,Paid,DX001,PR003,44.25,38.33,34.98,0.1,,71,Male,South,Provider_0112,Internal Medicine,Facility_023,Clinic,Medium,Essential Hypertension,Chronic,PR003,Routine Lab Panel,Diagnostic,25,2024-07,2024-07-22,0.9126010957474563,0.8662146892655367,0,0,0,1,1
C00044318,P001369,2024-09-19,2024-10-09,DR0242,F017,Medicare,Inpatient,Paid,DX015,PR015,19154.62,14654.17,10659.13,562.88,,95,Female,Northeast,Provider_0242,General Surgery,Facility_017,Hospital,Medium,Abdominal Pain,Acute,PR015,Major Surgery,Surgery,20,2024-09,2024-09-16,0.727378623286068,0.7650462394973119,0,1,0,0,1
C00044453,P001234,2025-10-20,2025-10-24,DR0325,F021,Medicaid,Professional,Paid,DX019,PR015,10338.39,7371.67,5364.14,52.05,,88,Male,Midwest,Provider_0325,Other,Facility_021,Ambulatory Center,Small,Neurologic Disorder,Neurologic,PR015,Major Surgery,Surgery,4,2025-10,2025-10-20,0.7276695782638127,0.7130384905193169,0,1,0,0,1
C00044458,P013732,2024-05-31,2024-06-01,DR0416,F014,Commercial,Professional,Denied,DX006,PR015,10222.47,8834.32,2009.39,1134.91,,43,Female,South,Provider_0416,Orthopedics,Facility_014,Hospital,Small,Osteoarthritis,Musculoskeletal,PR015,Major Surgery,Surgery,1,2024-05,2024-05-27,0.22745270716931243,0.8642060089195664,0,1,0,0,1
C00044480,P009450,2026-08-25,2026-09-06,DR0163,F007,Medicare,Inpatient,Paid,DX014,PR015,7946.45,6668.22,5705.63,118.85,,40,Male,Northeast,Provider_0163,Orthopedics,Facility_007,Hospital,Large,Fracture/Injury,Acute,PR015,Major Surgery,Surgery,12,2026-08,2026-08-24,0.8556451346836187,0.8391445236552172,0,1,0,0,1
C00044482,P015451,2024-11-05,2024-11-17,DR0081,F012,Medicaid,Inpatient,Paid,DX015,PR011,558.04,488.32,448.07,1.19,,82,Female,South,Provider_0081,Internal Medicine,Facility_012,Ambulatory Center,Medium,Abdominal Pain,Acute,PR011,Cardiac Stress Test,Diagnostic,12,2024-11,2024-11-04,0.9175745412844036,0.8750627195183142,0,0,0,1,1
C00044532,P012359,2026-07-03,2026-07-13,DR0374,F022,Medicaid,Professional,Paid,DX014,PR015,28340.83,21476.53,16586.17,145.91,,44,Male,South,Provider_0374,General Surgery,Facility_022,Hospital,Large,Fracture/Injury,Acute,PR015,Major Surgery,Surgery,10,2026-07,2026-06-29,0.7722928238407228,0.7577946729153662,0,1,0,0,1
C00044546,P013725,2025-04-28,2025-05-05,DR0416,F014,Commercial,Professional,Rejected,DX006,PR015,8230.2,6147.09,769.95,1067.18,,79,Male,Northeast,Provider_0416,Orthopedics,Facility_014,Hospital,Small,Osteoarthritis,Musculoskeletal,PR015,Major Surgery,Surgery,7,2025-04,2025-04-28,0.12525438866195224,0.7468943646569949,0,1,0,0,1
C00044587,P017086,2026-02-18,2026-03-16,DR0242,F017,Self-Pay,Professional,Paid,DX025,PR015,10558.16,9913.35,7650.32,1790.76,,76,Female,Midwest,Provider_0242,General Surgery,Facility_017,Hospital,Medium,Other Condition,Other,PR015,Major Surgery,Surgery,26,2026-02,2026-02-16,0.7717189446554393,0.9389278056024913,0,1,0,0,1
C00044594,P011160,2024-04-13,2024-04-17,,F020,Medicare,Inpatient,Paid,DX005,PR015,17471.63,13398.62,10235.65,357.08,Missing Provider,77,Female,West,,,Facility_020,Hospital,Large,Low Back Pain,Musculoskeletal,PR015,Major Surgery,Surgery,4,2024-04,2024-04-08,0.7639331513245393,0.7668786484146013,0,1,1,0,1
C00044661,P012793,2025-07-25,2025-07-31,DR0242,F017,Commercial,Professional,Paid,DX014,PR015,27369.91,21078.01,20125.09,234.53,,80,Male,Northeast,Provider_0242,General Surgery,Facility_017,Hospital,Medium,Fracture/Injury,Acute,PR015,Major Surgery,Surgery,6,2025-07,2025-07-21,0.9547907985621035,0.770116160411196,0,1,0,0,1
C00044838,P013448,2025-03-02,2025-03-16,DR0199,F008,Self-Pay,Professional,Paid,DX012,PR020,347.78,253.92,243.45,5.38,,52,Male,Northeast,Provider_0199,Family Medicine,Facility_008,Hospital,Small,Anxiety Disorder,Behavioral Health,PR020,Specialist Consultation,Professional,14,2025-03,2025-02-24,0.9587665406427222,0.730116740468112,0,0,0,1,1
C00044843,P011315,2025-07-19,2025-08-03,DR0443,F019,Medicare Advantage,Outpatient,Paid,DX011,PR003,42.99,32.02,30.83,0.2,,89,Male,Midwest,Provider_0443,Family Medicine,Facility_019,Ambulatory Center,Medium,Depression,Behavioral Health,PR003,Routine Lab Panel,Diagnostic,15,2025-07,2025-07-14,0.962835727670206,0.7448243777622703,0,0,0,1,1
C00044859,P009243,2024-02-09,2024-03-05,DR0105,F019,Commercial,Professional,Paid,DX025,PR015,17379.19,15645.93,14730.31,176.13,,18,Female,South,Provider_0105,General Surgery,Facility_019,Ambulatory Center,Medium,Other Condition,Other,PR015,Major Surgery,Surgery,25,2024-02,2024-02-05,0.9414787104377943,0.9002680792372948,0,1,0,0,1
C00044883,P014473,2024-04-03,2024-04-11,DR0301,F007,Commercial,Professional,Denied,DX007,PR003,48.04,44.88,8.07,8.98,,56,Male,Northeast,Provider_0301,Cardiology,Facility_007,Hospital,Large,Coronary Artery Disease,Cardiovascular,PR003,Routine Lab Panel,Diagnostic,8,2024-04,2024-04-01,0.17981283422459893,0.9342214820982515,0,0,0,1,1
C00044887,P019453,2026-06-19,2026-07-13,,F024,Medicaid,Inpatient,Rejected,DX013,PR011,1540.11,1260.58,54.94,43.32,Missing Provider,16,Female,South,,,Facility_024,Ambulatory Center,Medium,Chronic Kidney Disease,Chronic,PR011,Cardiac Stress Test,Diagnostic,24,2026-06,2026-06-15,0.043583112535499534,0.8184999772743505,0,0,1,0,1
C00044990,P004727,2024-03-25,2024-04-05,DR0105,F019,Medicare,Outpatient,Paid,DX015,PR015,12968.29,11193.75,9871.79,225.2,,17,Female,South,Provider_0105,General Surgery,Facility_019,Ambulatory Center,Medium,Abdominal Pain,Acute,PR015,Major Surgery,Surgery,11,2024-03,2024-03-25,0.8819019542155221,0.8631631464132896,0,1,0,0,1
C00045031,P016787,2025-04-04,2025-04-27,DR0214,F013,Commercial,Inpatient,Denied,DX025,PR020,482.75,442.73,468.44,0.0,Paid Greater Than Allowed,65,Female,Midwest,Provider_0214,Pediatrics,Facility_013,Hospital,Large,Other Condition,Other,PR020,Specialist Consultation,Professional,23,2025-04,2025-03-31,1.0580715108531158,0.9170999482133609,1,0,0,0,1
C00045119,P000056,2025-07-27,2025-08-11,DR0006,F007,Commercial,Professional,Denied,DX006,PR020,319.17,240.57,22.35,44.12,,72,Female,South,Provider_0006,Orthopedics,Facility_007,Hospital,Large,Osteoarthritis,Musculoskeletal,PR020,Specialist Consultation,Professional,15,2025-07,2025-07-21,0.09290435216361143,0.753736253407275,0,0,0,1,1
C00045148,P019498,2024-06-21,2024-07-03,DR0263,F021,Commercial,Inpatient,Paid,DX005,PR015,16949.79,12093.1,11394.93,133.77,,62,Female,South,Provider_0263,Orthopedics,Facility_021,Ambulatory Center,Small,Low Back Pain,Musculoskeletal,PR015,Major Surgery,Surgery,12,2024-06,2024-06-17,0.942267077920467,0.7134660665412373,0,1,0,0,1
C00045167,P004720,2026-07-20,2026-08-03,DR0404,F020,Medicare Advantage,Outpatient,Paid,DX005,PR015,8307.35,7378.53,6206.57,149.47,,52,Female,West,Provider_0404,Orthopedics,Facility_020,Hospital,Large,Low Back Pain,Musculoskeletal,PR015,Major Surgery,Surgery,14,2026-07,2026-07-20,0.8411661943503652,0.8881929857295046,0,1,0,0,1
C00045178,P006455,2026-04-21,2026-04-29,DR0415,F025,Commercial,Professional,Paid,DX001,PR013,9992.94,9363.86,8447.0,209.4,,21,Female,Northeast,Provider_0415,Radiology,Facility_025,Hospital,Small,Essential Hypertension,Chronic,PR013,Cataract Procedure,Surgery,8,2026-04,2026-04-20,0.9020852511677876,0.9370475555742355,0,1,0,0,1
C00045270,P019231,2024-08-14,2024-08-26,DR0376,F022,Commercial,Professional,Paid,DX005,PR015,11650.84,11244.83,10288.02,209.29,,86,Female,Midwest,Provider_0376,Orthopedics,Facility_022,Hospital,Large,Low Back Pain,Musculoskeletal,PR015,Major Surgery,Surgery,12,2024-08,2024-08-12,0.9149111191543137,0.9651518688781238,0,1,0,0,1
C00045499,P019255,2025-06-07,2025-06-19,DR0263,F021,Medicare Advantage,Outpatient,Paid,DX006,PR015,8975.54,7026.59,5705.59,209.6,,12,Female,West,Provider_0263,Orthopedics,Facility_021,Ambulatory Center,Small,Osteoarthritis,Musculoskeletal,PR015,Major Surgery,Surgery,12,2025-06,2025-06-02,0.8119998462981333,0.7828598613565312,0,1,0,0,1
C00045515,P015431,2026-01-11,2026-01-28,DR0234,F019,Medicare,Inpatient,Paid,DX002,PR015,8453.89,7193.94,5590.31,276.42,,37,Male,South,Provider_0234,Orthopedics,Facility_019,Ambulatory Center,Medium,Type 2 Diabetes,Chronic,PR015,Major Surgery,Surgery,17,2026-01,2026-01-05,0.7770859918208938,0.8509621014704474,0,1,0,0,1
C00045537,P008208,2026-03-07,2026-03-13,DR0397,F019,Commercial,Professional,Paid,DX022,PR003,273.48,220.51,206.56,2.35,,72,Female,South,Provider_0397,Pediatrics,Facility_019,Ambulatory Center,Medium,Urinary Tract Infection,Acute,PR003,Routine Lab Panel,Diagnostic,6,2026-03,2026-03-02,0.9367375629223165,0.8063112476232265,0,0,0,1,1
C00045549,P014873,2026-06-23,2026-07-08,,F011,Commercial,Outpatient,Denied,DX018,PR003,148.35,111.43,6.0,17.13,Missing Provider,76,Female,Northeast,,,Facility_011,Hospital,Large,Pregnancy-Related,Obstetric,PR003,Routine Lab Panel,Diagnostic,15,2026-06,2026-06-22,0.05384546351969846,0.7511290866194811,0,0,1,0,1
C00045558,P014732,2024-11-21,2024-12-06,DR0416,F014,Medicare,Professional,Denied,DX009,PR015,7928.78,6490.26,947.45,950.07,,73,Male,South,Provider_0416,Orthopedics,Facility_014,Hospital,Small,Asthma,Respiratory,PR015,Major Surgery,Surgery,15,2024-11,2024-11-18,0.1459802843029401,0.8185698178029912,0,1,0,0,1
C00045630,P001131,2025-06-11,2025-07-03,,F001,Medicare,Inpatient,Paid,DX014,PR012,84.1,66.6,51.38,2.65,Missing Provider,26,Female,Northeast,,,Facility_001,Hospital,Large,Fracture/Injury,Acute,PR012,Echocardiogram,Diagnostic,22,2025-06,2025-06-09,0.7714714714714715,0.7919143876337693,0,0,1,0,1
C00045639,P002036,2024-08-20,2024-09-05,DR0131,F024,Medicare,Outpatient,Paid,DX019,PR020,389.96,339.7,307.21,5.44,,70,Female,South,Provider_0131,Neurology,Facility_024,Ambulatory Center,Medium,Neurologic Disorder,Neurologic,PR020,Specialist Consultation,Professional,16,2024-08,2024-08-19,0.9043567853988813,0.8711149861524259,0,0,0,1,1
C00045787,P017750,2025-03-01,2025-03-18,DR0006,F007,Other,Professional,Paid,DX005,PR015,12145.33,9880.6,9409.53,133.18,,73,Female,Northeast,Provider_0006,Orthopedics,Facility_007,Hospital,Large,Low Back Pain,Musculoskeletal,PR015,Major Surgery,Surgery,17,2025-03,2025-02-24,0.9523237455215271,0.8135307974340755,0,1,0,0,1
C00045845,P017633,2024-10-06,2024-10-08,DR0242,F017,Medicaid,Professional,Paid,DX024,PR010,3957.93,3139.19,2290.34,27.98,,65,Female,West,Provider_0242,General Surgery,Facility_017,Hospital,Medium,Thyroid Disorder,Chronic,PR010,Colonoscopy,Procedure,2,2024-10,2024-09-30,0.729595851159057,0.7931393430404278,0,0,0,1,1
C00045899,P012338,2024-11-02,2024-11-14,DR0302,F020,Medicare,Professional,Pending,DX003,PR025,581.02,460.28,0.0,67.03,,56,Male,West,Provider_0302,Internal Medicine,Facility_020,Hospital,Large,Upper Respiratory Infection,Acute,PR025,Other Clinical Service,Other,12,2024-11,2024-10-28,0.0,0.792193039826512,0,0,0,1,1
C00045905,P011736,2024-05-29,2024-06-24,DR0191,F020,Medicare,Professional,Paid,DX025,PR021,119.83,98.84,70.36,4.83,,42,Male,West,Provider_0191,Family Medicine,Facility_020,Hospital,Large,Other Condition,Other,PR021,Behavioral Health Session,Behavioral,26,2024-05,2024-05-27,0.7118575475515985,0.8248351831761663,0,0,0,1,1
C00045975,P002656,2026-01-12,2026-02-09,DR0399,F022,Medicare,Outpatient,Paid,DX025,PR015,9134.08,8450.64,7256.84,143.7,,0,Female,Midwest,Provider_0399,General Surgery,Facility_022,Hospital,Large,Other Condition,Other,PR015,Major Surgery,Surgery,28,2026-01,2026-01-12,0.8587325930343738,0.9251769198430493,0,1,0,0,1
C00046082,P013127,2025-10-01,2025-10-23,DR0031,F004,Medicaid,Inpatient,Rejected,DX017,PR015,21441.48,17533.02,4376.42,311.53,,71,Female,South,Provider_0031,Oncology,Facility_004,Clinic,Medium,Cancer - Active Treatment,Oncology,PR015,Major Surgery,Surgery,22,2025-10,2025-09-29,0.24961016413601309,0.8177150084788923,0,1,0,0,1
C00046274,P004376,2024-11-07,2024-12-02,DR0201,F015,Commercial,Inpatient,Paid,DX004,PR015,9015.25,6790.48,6273.32,77.95,,74,Female,Midwest,Provider_0201,Orthopedics,Facility_015,Hospital,Small,Hyperlipidemia,Chronic,PR015,Major Surgery,Surgery,25,2024-11,2024-11-04,0.9238404354331358,0.7532214858157011,0,1,0,0,1
C00046457,P003394,2024-09-09,2024-10-04,DR0215,F013,Commercial,Inpatient,Paid,DX025,PR015,10775.03,8329.2,6688.12,313.5,,22,Male,South,Provider_0215,General Surgery,Facility_013,Hospital,Large,Other Condition,Other,PR015,Major Surgery,Surgery,25,2024-09,2024-09-09,0.8029726744465254,0.7730094486975907,0,1,0,0,1
C00046496,P005110,2026-09-19,2026-09-26,DR0381,F004,Medicare Advantage,Professional,Paid,DX015,PR015,10776.31,10393.35,7464.66,405.63,,57,Male,Northeast,Provider_0381,Other,Facility_004,Clinic,Medium,Abdominal Pain,Acute,PR015,Major Surgery,Surgery,7,2026-09,2026-09-14,0.718215012483944,0.9644627892107782,0,1,0,0,1
C00046614,P010945,2024-02-09,2024-02-11,DR0209,F021,Workers Comp,Outpatient,Paid,DX003,PR015,9342.75,7230.48,5925.63,103.52,,36,Female,Northeast,Provider_0209,Emergency Medicine,Facility_021,Ambulatory Center,Small,Upper Respiratory Infection,Acute,PR015,Major Surgery,Surgery,2,2024-02,2024-02-05,0.8195348026687026,0.7739134623103475,0,1,0,0,1
C00046647,P002365,2024-04-26,2024-05-16,DR0090,F004,Medicare Advantage,Inpatient,Denied,DX014,PR015,10268.17,8458.43,167.62,1506.5,,77,Male,West,Provider_0090,General Surgery,Facility_004,Clinic,Medium,Fracture/Injury,Acute,PR015,Major Surgery,Surgery,20,2024-04,2024-04-22,0.019816916378098536,0.8237524310563615,0,1,0,0,1
C00046742,P018376,2024-01-21,2024-02-10,DR0336,F017,Medicaid,Outpatient,Paid,DX012,PR001,100.74,96.81,86.67,0.24,,80,Male,Midwest,Provider_0336,Family Medicine,Facility_017,Hospital,Medium,Anxiety Disorder,Behavioral Health,PR001,Office/Follow-up Visit,Professional,20,2024-01,2024-01-15,0.8952587542609235,0.9609886837403216,0,0,0,1,1
C00046831,P013762,2026-04-29,2026-05-16,DR0342,F012,Commercial,Professional,Paid,DX025,PR015,11654.57,9557.91,7341.24,543.03,,77,Female,Midwest,Provider_0342,Other,Facility_012,Ambulatory Center,Medium,Other Condition,Other,PR015,Major Surgery,Surgery,17,2026-04,2026-04-27,0.7680800509734869,0.8200997548601107,0,1,0,0,1
C00046848,P012602,2024-08-16,2024-09-05,DR0246,F001,Medicare Advantage,Inpatient,Paid,DX014,PR015,23734.24,19217.47,15019.97,788.09,,88,Male,South,Provider_0246,Orthopedics,Facility_001,Hospital,Large,Fracture/Injury,Acute,PR015,Major Surgery,Surgery,20,2024-08,2024-08-12,0.781578948737789,0.8096939274229973,0,1,0,0,1
C00046916,P000993,2024-08-11,2024-09-02,DR0294,F020,Commercial,Professional,Paid,DX006,PR015,14537.66,11109.8,8632.31,605.54,,76,Male,West,Provider_0294,Orthopedics,Facility_020,Hospital,Large,Osteoarthritis,Musculoskeletal,PR015,Major Surgery,Surgery,22,2024-08,2024-08-05,0.7769995859511423,0.7642082701067434,0,1,0,0,1
C00047115,P008306,2024-08-07,2024-08-22,,F004,Commercial,Professional,Paid,DX014,PR003,60.15,45.46,34.62,2.48,Missing Provider,51,Male,South,,,Facility_004,Clinic,Medium,Fracture/Injury,Acute,PR003,Routine Lab Panel,Diagnostic,15,2024-08,2024-08-05,0.7615486141662999,0.7557772236076475,0,0,1,0,1
C00047143,P002943,2026-02-26,2026-03-19,DR0301,F007,Medicare Advantage,Inpatient,Paid,DX007,PR011,772.96,681.36,626.07,7.38,,17,Male,Midwest,Provider_0301,Cardiology,Facility_007,Hospital,Large,Coronary Artery Disease,Cardiovascular,PR011,Cardiac Stress Test,Diagnostic,21,2026-02,2026-02-23,0.9188534695315252,0.8814945145932519,0,0,0,1,1
C00047265,P018919,2024-05-26,2024-06-08,DR0090,F004,Commercial,Professional,Paid,DX014,PR015,13389.9,9557.97,9193.03,73.05,,47,Female,Northeast,Provider_0090,General Surgery,Facility_004,Clinic,Medium,Fracture/Injury,Acute,PR015,Major Surgery,Surgery,13,2024-05,2024-05-20,0.961818252202089,0.7138193713171868,0,1,0,0,1
C00047491,P009075,2025-12-06,2025-12-21,DR0288,F012,Medicare,Professional,Paid,DX008,PR012,396.67,278.96,222.77,8.56,,56,Male,South,Provider_0288,Cardiology,Facility_012,Ambulatory Center,Medium,Heart Failure,Cardiovascular,PR012,Echocardiogram,Diagnostic,15,2025-12,2025-12-01,0.7985732721537139,0.7032545944992058,0,0,0,1,1
C00047723,P016234,2026-02-27,2026-03-03,DR0294,F020,Medicare Advantage,Outpatient,Denied,DX006,PR015,8342.21,6135.74,1042.82,978.89,,63,Male,Midwest,Provider_0294,Orthopedics,Facility_020,Hospital,Large,Osteoarthritis,Musculoskeletal,PR015,Major Surgery,Surgery,4,2026-02,2026-02-23,0.16995830983711827,0.7355053397121387,0,1,0,0,1
C00047734,P002080,2025-03-13,2025-03-23,,F002,Medicaid,Professional,Paid,DX025,PR023,647.71,475.7,452.16,0.87,Missing Provider,26,Male,Midwest,,,Facility_002,Ambulatory Center,Large,Other Condition,Other,PR023,Ambulance Transport,Emergency,10,2025-03,2025-03-10,0.950515030481396,0.7344336199842522,0,0,1,0,1
C00047773,P011876,2025-02-05,2025-02-17,DR0431,F025,Medicare,Professional,Rejected,DX024,PR020,162.05,115.65,24.31,12.42,,58,Male,Northeast,Provider_0431,Internal Medicine,Facility_025,Hospital,Small,Thyroid Disorder,Chronic,PR020,Specialist Consultation,Professional,12,2025-02,2025-02-03,0.21020319930825765,0.7136686207960505,0,0,0,1,1
C00047784,P019296,2025-01-09,2025-01-10,DR0336,F017,Medicare,Professional,Paid,DX002,PR001,148.54,104.1,80.47,3.28,,68,Male,South,Provider_0336,Family Medicine,Facility_017,Hospital,Medium,Type 2 Diabetes,Chronic,PR001,Office/Follow-up Visit,Professional,1,2025-01,2025-01-06,0.7730067243035543,0.7008213275885283,0,0,0,1,1
C00047816,P019152,2025-12-15,2025-12-15,DR0186,F013,Medicare,Outpatient,Paid,DX001,PR019,9486.05,9011.58,8304.18,93.49,,80,Male,Midwest,Provider_0186,Obstetrics & Gynecology,Facility_013,Hospital,Large,Essential Hypertension,Chronic,PR019,Maternity Delivery,Obstetric,0,2025-12,2025-12-15,0.9215010020440367,0.9499823424923968,0,1,0,0,1
C00047817,P010566,2024-07-09,2024-07-16,DR0419,F022,Other,Professional,Paid,DX014,PR015,10387.71,9655.53,6954.12,887.99,,79,Female,South,Provider_0419,Orthopedics,Facility_022,Hospital,Large,Fracture/Injury,Acute,PR015,Major Surgery,Surgery,7,2024-07,2024-07-08,0.7202214689405967,0.9295147823726309,0,1,0,0,1
C00047857,P007367,2025-11-15,2025-11-25,DR0221,F009,Medicare Advantage,Inpatient,Denied,DX025,PR015,15067.72,14361.02,2467.48,2356.82,,65,Male,Midwest,Provider_0221,General Surgery,Facility_009,Hospital,Small,Other Condition,Other,PR015,Major Surgery,Surgery,10,2025-11,2025-11-10,0.1718178792314195,0.9530984117039606,0,1,0,0,1
C00047948,P006836,2026-04-11,2026-05-03,DR0257,F007,Commercial,Inpatient,Paid,DX012,PR015,12776.89,9696.67,7073.84,525.54,,11,Female,Northeast,Provider_0257,Other,Facility_007,Hospital,Large,Anxiety Disorder,Behavioral Health,PR015,Major Surgery,Surgery,22,2026-04,2026-04-06,0.7295122964894134,0.7589225547061922,0,1,0,0,1
C00047956,P001495,2026-01-18,2026-01-20,DR0184,F019,Medicare,Inpatient,Paid,DX023,PR015,12249.61,11076.56,9912.34,149.33,,0,Female,South,Provider_0184,Other,Facility_019,Ambulatory Center,Medium,Migraine,Neurologic,PR015,Major Surgery,Surgery,2,2026-01,2026-01-12,0.8948933603934797,0.904237767569743,0,1,0,0,1
C00047984,P019294,2024-11-23,2024-12-12,DR0257,F007,Commercial,Professional,Pending,DX020,PR015,9019.05,6679.72,0.0,1193.17,,43,Female,West,Provider_0257,Other,Facility_007,Hospital,Large,Gastroesophageal Reflux,Chronic,PR015,Major Surgery,Surgery,19,2024-11,2024-11-18,0.0,0.7406234581247472,0,1,0,0,1
C00047998,P016063,2026-03-31,2026-04-19,DR0443,F019,Medicaid,Inpatient,Paid,DX003,PR020,193.9,152.24,129.0,0.79,,13,Male,West,Provider_0443,Family Medicine,Facility_019,Ambulatory Center,Medium,Upper Respiratory Infection,Acute,PR020,Specialist Consultation,Professional,19,2026-03,2026-03-30,0.8473462953231738,0.785146982980918,0,0,0,1,1
C00048005,P007440,2025-04-16,2025-04-22,DR0263,F021,Self-Pay,Inpatient,Paid,DX005,PR015,9592.35,8236.08,8011.96,129.1,,69,Male,Midwest,Provider_0263,Orthopedics,Facility_021,Ambulatory Center,Small,Low Back Pain,Musculoskeletal,PR015,Major Surgery,Surgery,6,2025-04,2025-04-14,0.9727880253712932,0.8586092042096045,0,1,0,0,1
C00048059,P017684,2024-07-13,2024-08-01,DR0011,F019,Medicare Advantage,Professional,Denied,DX015,PR015,20761.16,19813.47,3495.39,2257.07,,72,Male,South,Provider_0011,General Surgery,Facility_019,Ambulatory Center,Medium,Abdominal Pain,Acute,PR015,Major Surgery,Surgery,19,2024-07,2024-07-08,0.17641483293940938,0.9543527432956541,0,1,0,0,1
C00048287,P018019,2026-02-13,2026-02-23,DR0153,F008,Medicare Advantage,Outpatient,Paid,DX014,PR015,10142.34,7701.7,5453.04,316.9,,36,Female,South,Provider_0153,Orthopedics,Facility_008,Hospital,Small,Fracture/Injury,Acute,PR015,Major Surgery,Surgery,10,2026-02,2026-02-09,0.7080306945219886,0.7593612519398876,0,1,0,0,1
C00048309,P008355,2025-07-22,2025-08-07,DR0006,F007,Medicare,Outpatient,Paid,DX006,PR015,2603.67,2128.26,1908.11,26.98,,12,Female,Midwest,Provider_0006,Orthopedics,Facility_007,Hospital,Large,Osteoarthritis,Musculoskeletal,PR015,Major Surgery,Surgery,16,2025-07,2025-07-21,0.8965586911373609,0.8174077360034107,0,0,0,1,1
C00048373,P018817,2025-01-20,2025-02-05,DR0015,F002,Other,Outpatient,Paid,DX025,PR015,14595.27,11494.02,8861.6,579.78,,75,Female,South,Provider_0015,Orthopedics,Facility_002,Ambulatory Center,Large,Other Condition,Other,PR015,Major Surgery,Surgery,16,2025-01,2025-01-20,0.7709748199498522,0.7875167776957878,0,1,0,0,1
C00048404,P019045,2024-04-19,2024-05-14,DR0282,F011,Medicare,Professional,Paid,DX011,PR009,291.64,208.3,172.28,4.64,,77,Male,West,Provider_0282,Family Medicine,Facility_011,Hospital,Large,Depression,Behavioral Health,PR009,Joint Injection,Procedure,25,2024-04,2024-04-15,0.827076332213154,0.7142367302153341,0,0,0,1,1
C00048420,P015224,2024-01-19,2024-02-13,DR0221,F009,Medicare,Outpatient,Denied,DX015,PR015,18208.51,16491.5,1630.84,2264.67,,65,Female,West,Provider_0221,General Surgery,Facility_009,Hospital,Small,Abdominal Pain,Acute,PR015,Major Surgery,Surgery,25,2024-01,2024-01-15,0.09888973107358336,0.905702882882784,0,1,0,0,1
C00048460,P017732,2024-05-07,2024-05-20,DR0346,F007,Commercial,Professional,Paid,DX006,PR015,13010.79,9188.66,6768.46,466.34,,51,Female,Midwest,Provider_0346,Orthopedics,Facility_007,Hospital,Large,Osteoarthritis,Musculoskeletal,PR015,Major Surgery,Surgery,13,2024-05,2024-05-06,0.7366101259596067,0.7062338259244826,0,1,0,0,1
C00048488,P000283,2024-08-12,2024-08-28,DR0090,F004,Medicaid,Professional,Paid,DX014,PR015,9987.42,9049.29,8261.43,26.43,,76,Female,Northeast,Provider_0090,General Surgery,Facility_004,Clinic,Medium,Fracture/Injury,Acute,PR015,Major Surgery,Surgery,16,2024-08,2024-08-12,0.9129368160375012,0.9060688345939192,0,1,0,0,1
C00048497,P010104,2026-06-21,2026-06-30,DR0311,F013,Commercial,Professional,Paid,DX006,PR015,33479.28,23941.6,19786.18,819.55,,78,Female,South,Provider_0311,Orthopedics,Facility_013,Hospital,Large,Osteoarthritis,Musculoskeletal,PR015,Major Surgery,Surgery,9,2026-06,2026-06-15,0.8264351588866242,0.7151169320248225,0,1,0,0,1
C00048609,P009298,2026-02-24,2026-03-09,DR0301,F007,Medicaid,Inpatient,Paid,DX001,PR011,381.16,275.38,195.24,2.77,,94,Female,West,Provider_0301,Cardiology,Facility_007,Hospital,Large,Essential Hypertension,Chronic,PR011,Cardiac Stress Test,Diagnostic,13,2026-02,2026-02-23,0.7089839494516669,0.7224787490817504,0,0,0,1,1
C00048615,P012647,2024-05-22,2024-05-25,DR0123,F022,Medicare Advantage,Outpatient,Paid,DX003,PR015,14836.99,14208.39,11579.6,388.27,,35,Male,West,Provider_0123,Family Medicine,Facility_022,Hospital,Large,Upper Respiratory Infection,Acute,PR015,Major Surgery,Surgery,3,2024-05,2024-05-20,0.8149832598908111,0.9576329161103431,0,1,0,0,1
C00048626,P012686,2026-02-12,2026-02-13,,F008,Medicare,Professional,Paid,DX025,PR006,35.46,33.85,27.07,0.71,Missing Provider,59,Female,Midwest,,,Facility_008,Hospital,Small,Other Condition,Other,PR006,X-Ray,Diagnostic,1,2026-02,2026-02-09,0.7997045790251107,0.9545967287084038,0,0,1,0,1
C00048840,P007827,2024-12-10,2024-12-13,DR0318,F023,Medicare,Professional,Paid,DX006,PR015,21131.8,15265.09,13942.45,181.84,,90,Male,South,Provider_0318,Orthopedics,Facility_023,Clinic,Medium,Osteoarthritis,Musculoskeletal,PR015,Major Surgery,Surgery,3,2024-12,2024-12-09,0.9133552438930921,0.7223752827492216,0,1,0,0,1
C00048844,P013432,2024-07-28,2024-08-21,DR0294,F020,Commercial,Professional,Paid,DX012,PR015,7723.56,6015.25,5629.79,83.93,,71,Female,Northeast,Provider_0294,Orthopedics,Facility_020,Hospital,Large,Anxiety Disorder,Behavioral Health,PR015,Major Surgery,Surgery,24,2024-07,2024-07-22,0.93591953784132,0.7788183169419283,0,1,0,0,1
C00048909,P011367,2025-08-26,2025-09-06,DR0374,F022,Medicaid,Professional,Paid,DX025,PR015,8579.77,7982.55,7470.68,15.84,,51,Male,West,Provider_0374,General Surgery,Facility_022,Hospital,Large,Other Condition,Other,PR015,Major Surgery,Surgery,11,2025-08,2025-08-25,0.9358763803546486,0.9303920734471903,0,1,0,1,1
C00048917,P007560,2025-02-07,2025-02-17,DR0263,F021,Self-Pay,Professional,Paid,DX014,PR015,9645.59,7054.56,6204.71,494.66,,70,Male,Northeast,Provider_0263,Orthopedics,Facility_021,Ambulatory Center,Small,Fracture/Injury,Acute,PR015,Major Surgery,Surgery,10,2025-02,2025-02-03,0.8795318205529473,0.7313767224192611,0,1,0,0,1
C00048936,P002627,2026-02-13,2026-02-13,DR0382,F012,Medicare,Inpatient,Denied,DX022,PR016,993.23,772.4,182.6,95.5,,81,Female,South,Provider_0382,Pediatrics,Facility_012,Ambulatory Center,Medium,Urinary Tract Infection,Acute,PR016,Inpatient Daily Care,Inpatient,0,2026-02,2026-02-09,0.23640600725012947,0.7776647906325825,0,0,0,1,1
C00048940,P010820,2024-02-26,2024-03-01,DR0218,F016,Commercial,Outpatient,Rejected,DX025,PR015,12130.15,11312.44,892.34,1638.22,,78,Male,West,Provider_0218,General Surgery,Facility_016,Hospital,Small,Other Condition,Other,PR015,Major Surgery,Surgery,4,2024-02,2024-02-26,0.07888130235386884,0.932588632457142,0,1,0,0,1
C00048995,P005978,2024-04-16,2024-04-22,DR0173,F018,Medicare,Outpatient,Paid,DX002,PR020,313.89,275.28,196.44,10.6,,66,Male,South,Provider_0173,Family Medicine,Facility_018,Specialty Center,Large,Type 2 Diabetes,Chronic,PR020,Specialist Consultation,Professional,6,2024-04,2024-04-15,0.7136006974716653,0.876995125680971,0,0,0,1,1
C00049048,P000373,2024-07-16,2024-08-01,DR0311,F013,Medicare,Professional,Paid,DX004,PR008,58.93,50.89,43.72,0.82,,66,Female,West,Provider_0311,Orthopedics,Facility_013,Hospital,Large,Hyperlipidemia,Chronic,PR008,Physical Therapy Session,Therapy,16,2024-07,2024-07-15,0.859107879740617,0.8635669438316647,0,0,0,1,1
C00049106,P001551,2026-07-12,2026-07-14,DR0035,F008,Medicare,Inpatient,Paid,DX011,PR013,8765.14,7765.8,7003.21,93.24,,76,Female,West,Provider_0035,Other,Facility_008,Hospital,Small,Depression,Behavioral Health,PR013,Cataract Procedure,Surgery,2,2026-07,2026-07-06,0.9018014885781246,0.8859869893692515,0,1,0,0,1
C00049112,P005729,2024-08-23,2024-09-03,DR0131,F024,Medicare,Professional,Paid,DX011,PR020,748.12,602.71,572.93,4.5,,95,Female,Northeast,Provider_0131,Neurology,Facility_024,Ambulatory Center,Medium,Depression,Behavioral Health,PR020,Specialist Consultation,Professional,11,2024-08,2024-08-19,0.9505898359078162,0.8056327861840347,0,0,0,1,1
C00049195,P001837,2024-07-27,2024-08-16,DR0112,F023,Medicare Advantage,Inpatient,Paid,DX001,PR016,771.13,690.8,623.06,11.72,,74,Male,South,Provider_0112,Internal Medicine,Facility_023,Clinic,Medium,Essential Hypertension,Chronic,PR016,Inpatient Daily Care,Inpatient,20,2024-07,2024-07-22,0.9019397799652576,0.895828200173771,0,0,0,1,1
C00049203,P014666,2026-08-13,2026-08-19,DR0283,F017,Medicare,Outpatient,Paid,DX015,PR013,8604.94,7053.62,6396.37,73.82,,49,Female,Northeast,Provider_0283,Other,Facility_017,Hospital,Medium,Abdominal Pain,Acute,PR013,Cataract Procedure,Surgery,6,2026-08,2026-08-10,0.9068208948029522,0.8197175111040866,0,1,0,0,1
C00049352,P011593,2024-01-21,2024-02-11,DR0052,F006,Commercial,Inpatient,Paid,DX014,PR015,13109.41,12682.91,11277.5,216.23,,23,Male,West,Provider_0052,General Surgery,Facility_006,Hospital,Small,Fracture/Injury,Acute,PR015,Major Surgery,Surgery,21,2024-01,2024-01-15,0.8891886798849791,0.9674661178496973,0,1,0,0,1
C00049373,P016548,2024-12-18,2025-01-07,DR0422,F018,Medicare Advantage,Professional,Paid,DX005,PR019,8694.91,6245.72,5533.09,94.02,,39,Female,South,Provider_0422,Orthopedics,Facility_018,Specialty Center,Large,Low Back Pain,Musculoskeletal,PR019,Maternity Delivery,Obstetric,20,2024-12,2024-12-16,0.8859010650493457,0.7183191085359136,0,1,0,0,1
C00049376,P018624,2025-02-26,2025-03-10,DR0199,F008,Commercial,Professional,Rejected,DX010,PR001,138.53,101.09,6.9,19.76,,90,Female,South,Provider_0199,Family Medicine,Facility_008,Hospital,Small,COPD,Respiratory,PR001,Office/Follow-up Visit,Professional,12,2025-02,2025-02-24,0.06825600949648827,0.729733631704324,0,0,0,1,1
C00049598,P010464,2024-05-04,2024-05-28,DR0363,F015,Commercial,Inpatient,Paid,DX020,PR025,215.2,159.53,146.11,3.31,,66,Female,South,Provider_0363,Internal Medicine,Facility_015,Hospital,Small,Gastroesophageal Reflux,Chronic,PR025,Other Clinical Service,Other,24,2024-05,2024-04-29,0.9158778913057106,0.7413104089219331,0,0,0,1,1
C00049600,P019376,2024-10-27,2024-11-07,DR0416,F014,Commercial,Inpatient,Paid,DX010,PR007,326.06,299.17,230.19,12.0,,24,Female,West,Provider_0416,Orthopedics,Facility_014,Hospital,Small,COPD,Respiratory,PR007,Ultrasound,Diagnostic,11,2024-10,2024-10-21,0.7694287528829762,0.9175305158559774,0,0,0,1,1
C00049617,P006117,2026-04-05,2026-04-08,DR0443,F019,Medicare,Professional,Paid,DX024,PR003,35.34,32.22,23.85,1.46,,73,Female,South,Provider_0443,Family Medicine,Facility_019,Ambulatory Center,Medium,Thyroid Disorder,Chronic,PR003,Routine Lab Panel,Diagnostic,3,2026-04,2026-03-30,0.7402234636871509,0.9117147707979625,0,0,0,1,1
C00049687,P015135,2025-03-06,2025-03-22,,F024,Medicare,Outpatient,Paid,DX014,PR016,782.04,652.16,499.78,22.16,Missing Provider,55,Female,West,,,Facility_024,Ambulatory Center,Medium,Fracture/Injury,Acute,PR016,Inpatient Daily Care,Inpatient,16,2025-03,2025-03-03,0.7663456820412169,0.8339215385402281,0,0,1,0,1
C00049777,P016761,2026-05-11,2026-06-02,DR0006,F007,Commercial,Professional,Paid,DX005,PR015,11740.72,9183.44,7823.37,329.09,,83,Female,Northeast,Provider_0006,Orthopedics,Facility_007,Hospital,Large,Low Back Pain,Musculoskeletal,PR015,Major Surgery,Surgery,22,2026-05,2026-05-11,0.8518997238507574,0.7821871231065898,0,1,0,0,1
C00049906,P003210,2026-09-24,2026-10-12,DR0218,F016,Medicare Advantage,Professional,Paid,DX014,PR015,26254.11,22532.41,16855.42,1056.57,,41,Male,West,Provider_0218,General Surgery,Facility_016,Hospital,Small,Fracture/Injury,Acute,PR015,Major Surgery,Surgery,18,2026-09,2026-09-21,0.7480522500700102,0.8582431474538653,0,1,0,0,1
C00049909,P013872,2024-09-30,2024-10-26,DR0242,F017,Medicare Advantage,Professional,Paid,DX015,PR006,87.65,77.31,75.38,0.38,,89,Male,Northeast,Provider_0242,General Surgery,Facility_017,Hospital,Medium,Abdominal Pain,Acute,PR006,X-Ray,Diagnostic,26,2024-09,2024-09-30,0.9750355710774802,0.8820308043354249,0,0,0,1,1
C00050072,P019812,2026-03-06,2026-03-26,DR0215,F013,Medicaid,Inpatient,Paid,DX015,PR015,12350.32,11235.47,9469.75,56.22,,78,Female,Northeast,Provider_0215,General Surgery,Facility_013,Hospital,Large,Abdominal Pain,Acute,PR015,Major Surgery,Surgery,20,2026-03,2026-03-02,0.8428441355813331,0.9097310838909437,0,1,0,0,1
C00050091,P012216,2025-04-09,2025-05-06,DR0416,F014,Commercial,Professional,Paid,DX005,PR015,7679.74,5903.39,5182.52,147.19,,3,Male,South,Provider_0416,Orthopedics,Facility_014,Hospital,Small,Low Back Pain,Musculoskeletal,PR015,Major Surgery,Surgery,27,2025-04,2025-04-07,0.8778888062621647,0.7686965964993607,0,1,0,0,1
C00050112,P016834,2024-12-24,2024-12-30,DR0242,F017,Commercial,Inpatient,Denied,DX015,PR015,14217.07,10542.41,1147.63,2260.92,,55,Female,Midwest,Provider_0242,General Surgery,Facility_017,Hospital,Medium,Abdominal Pain,Acute,PR015,Major Surgery,Surgery,6,2024-12,2024-12-23,0.10885841093260461,0.7415318346185255,0,1,0,0,1
C00050180,P006128,2024-04-19,2024-05-12,DR0173,F018,Medicare,Outpatient,Paid,DX003,PR008,182.41,140.27,128.09,1.71,,67,Male,Midwest,Provider_0173,Family Medicine,Facility_018,Specialty Center,Large,Upper Respiratory Infection,Acute,PR008,Physical Therapy Session,Therapy,23,2024-04,2024-04-15,0.9131674627504098,0.7689819637081301,0,0,0,1,1
C00050230,P010909,2026-03-22,2026-03-25,,F024,Medicare Advantage,Professional,Pending,DX007,PR012,200.8,158.01,0.0,28.27,Missing Provider,75,Male,Midwest,,,Facility_024,Ambulatory Center,Medium,Coronary Artery Disease,Cardiovascular,PR012,Echocardiogram,Diagnostic,3,2026-03,2026-03-16,0.0,0.786902390438247,0,0,1,0,1
C00050256,P004103,2025-11-12,2025-11-21,DR0404,F020,Medicare Advantage,Outpatient,Paid,DX005,PR009,69.53,58.35,41.84,3.27,,11,Female,Midwest,Provider_0404,Orthopedics,Facility_020,Hospital,Large,Low Back Pain,Musculoskeletal,PR009,Joint Injection,Procedure,9,2025-11,2025-11-10,0.7170522707797773,0.8392060980871566,0,0,0,1,1
C00050333,P018150,2024-05-05,2024-05-30,DR0342,F012,Commercial,Inpatient,Paid,DX003,PR013,16538.25,15510.41,13328.33,430.19,,96,Female,Midwest,Provider_0342,Other,Facility_012,Ambulatory Center,Medium,Upper Respiratory Infection,Acute,PR013,Cataract Procedure,Surgery,25,2024-05,2024-04-29,0.8593151309346433,0.937850739951325,0,1,0,0,1
C00050365,P006356,2026-02-26,2026-03-24,DR0301,F007,Commercial,Outpatient,Denied,DX005,PR001,261.07,238.13,52.95,44.79,,30,Female,West,Provider_0301,Cardiology,Facility_007,Hospital,Large,Low Back Pain,Musculoskeletal,PR001,Office/Follow-up Visit,Professional,26,2026-02,2026-02-23,0.22235753579977324,0.9121308461332209,0,0,0,1,1
C00050367,P015163,2025-12-02,2025-12-21,DR0143,F001,Medicare Advantage,Professional,Paid,DX004,PR013,7872.19,6290.6,4807.1,212.37,,79,Male,South,Provider_0143,Internal Medicine,Facility_001,Hospital,Large,Hyperlipidemia,Chronic,PR013,Cataract Procedure,Surgery,19,2025-12,2025-12-01,0.7641719390837122,0.7990914853427065,0,1,0,0,1
C00050423,P014122,2024-08-16,2024-09-04,DR0141,F020,Commercial,Professional,Pending,DX017,PR015,7679.72,7245.69,0.0,1297.77,,92,Male,Northeast,Provider_0141,Other,Facility_020,Hospital,Large,Cancer - Active Treatment,Oncology,PR015,Major Surgery,Surgery,19,2024-08,2024-08-12,0.0,0.9434836165901881,0,1,0,0,1
C00050428,P015291,2026-09-12,2026-10-06,DR0242,F017,Medicare,Professional,Pending,DX004,PR015,23745.6,18957.64,0.0,2900.16,,83,Female,South,Provider_0242,General Surgery,Facility_017,Hospital,Medium,Hyperlipidemia,Chronic,PR015,Major Surgery,Surgery,24,2026-09,2026-09-07,0.0,0.7983643285492892,0,1,0,0,1
C00050563,P008623,2026-04-01,2026-04-23,DR0090,F004,Medicare,Professional,Paid,DX015,PR015,13770.03,12228.47,9760.79,275.38,,18,Male,South,Provider_0090,General Surgery,Facility_004,Clinic,Medium,Abdominal Pain,Acute,PR015,Major Surgery,Surgery,22,2026-04,2026-03-30,0.7982020645264699,0.8880496266166449,0,1,0,0,1
C00050598,P008627,2025-05-19,2025-06-12,DR0245,F017,Medicare,Inpatient,Denied,DX003,PR002,1142.73,822.45,878.3,0.0,Paid Greater Than Allowed,71,Female,Midwest,Provider_0245,Other,Facility_017,Hospital,Medium,Upper Respiratory Infection,Acute,PR002,Emergency Department Visit,Emergency,24,2025-05,2025-05-19,1.067906863639127,0.7197238192748944,1,0,0,0,1
C00050601,P001679,2025-04-26,2025-05-06,DR0202,F014,Medicaid,Professional,Paid,DX025,PR025,206.04,176.68,188.3,0.0,Paid Greater Than Allowed,77,Male,South,Provider_0202,Internal Medicine,Facility_014,Hospital,Small,Other Condition,Other,PR025,Other Clinical Service,Other,10,2025-04,2025-04-21,1.0657686212361333,0.8575033973985634,1,0,0,0,1
C00050636,P012107,2026-06-29,2026-07-15,DR0283,F017,Medicare,Inpatient,Paid,DX025,PR015,20059.25,18370.27,17693.05,91.65,,10,Female,Northeast,Provider_0283,Other,Facility_017,Hospital,Medium,Other Condition,Other,PR015,Major Surgery,Surgery,16,2026-06,2026-06-29,0.9631350001932469,0.9158004411929659,0,1,0,0,1
C00050711,P001458,2024-12-22,2025-01-09,,F021,Commercial,Professional,Pending,DX010,PR002,1098.73,1015.77,0.0,166.02,Missing Provider,31,Male,Midwest,,,Facility_021,Ambulatory Center,Small,COPD,Respiratory,PR002,Emergency Department Visit,Emergency,18,2024-12,2024-12-16,0.0,0.9244946438160421,0,0,1,0,1
C00050716,P017982,2026-07-19,2026-08-01,,F002,Commercial,Professional,Paid,DX003,PR006,104.74,83.56,61.73,3.96,Missing Provider,67,Female,South,,,Facility_002,Ambulatory Center,Large,Upper Respiratory Infection,Acute,PR006,X-Ray,Diagnostic,13,2026-07,2026-07-13,0.738750598372427,0.7977849914072943,0,0,1,0,1
C00050728,P007740,2026-02-10,2026-02-27,DR0107,F001,Commercial,Outpatient,Paid,DX020,PR001,140.52,103.17,113.0,0.0,Paid Greater Than Allowed,11,Male,Midwest,Provider_0107,Cardiology,Facility_001,Hospital,Large,Gastroesophageal Reflux,Chronic,PR001,Office/Follow-up Visit,Professional,17,2026-02,2026-02-09,1.0952796355529708,0.734201537147737,1,0,0,0,1
C00050801,P008022,2024-11-15,2024-11-29,DR0302,F020,Self-Pay,Professional,Paid,DX001,PR020,341.71,268.26,190.22,55.69,,24,Male,Midwest,Provider_0302,Internal Medicine,Facility_020,Hospital,Large,Essential Hypertension,Chronic,PR020,Specialist Consultation,Professional,14,2024-11,2024-11-11,0.7090881980168493,0.7850516519856019,0,0,0,1,1
C00050802,P013976,2025-12-17,2026-01-15,DR0006,F007,Medicare,Professional,Paid,DX005,PR019,12457.97,10977.47,8673.03,375.8,,3,Male,Midwest,Provider_0006,Orthopedics,Facility_007,Hospital,Large,Low Back Pain,Musculoskeletal,PR019,Maternity Delivery,Obstetric,29,2025-12,2025-12-15,0.7900754909828951,0.881160413775278,0,1,0,0,1
C00050862,P019942,2024-11-12,2024-12-12,DR0302,F020,Medicaid,Professional,Paid,DX002,PR001,164.63,138.92,132.17,0.25,,96,Male,Midwest,Provider_0302,Internal Medicine,Facility_020,Hospital,Large,Type 2 Diabetes,Chronic,PR001,Office/Follow-up Visit,Professional,30,2024-11,2024-11-11,0.9514108839619925,0.8438316224260463,0,0,0,1,1
C00050864,P001676,2025-12-24,2026-01-15,DR0372,F020,Commercial,Outpatient,Paid,DX003,PR025,75.34,55.61,40.52,3.49,,74,Female,Midwest,Provider_0372,Emergency Medicine,Facility_020,Hospital,Large,Upper Respiratory Infection,Acute,PR025,Other Clinical Service,Other,22,2025-12,2025-12-22,0.7286459269915484,0.7381205203079373,0,0,0,1,1
C00050880,P016759,2026-03-15,2026-04-07,DR0374,F022,Medicare,Professional,Paid,DX015,PR015,12301.1,10276.99,8184.93,309.58,,91,Female,Midwest,Provider_0374,General Surgery,Facility_022,Hospital,Large,Abdominal Pain,Acute,PR015,Major Surgery,Surgery,23,2026-03,2026-03-09,0.7964326130510977,0.8354529269740104,0,1,0,0,1
C00050962,P001998,2026-04-26,2026-05-17,DR0242,F017,Medicare Advantage,Inpatient,Paid,DX003,PR015,33123.37,30408.55,27031.97,482.51,,93,Male,Midwest,Provider_0242,General Surgery,Facility_017,Hospital,Medium,Upper Respiratory Infection,Acute,PR015,Major Surgery,Surgery,21,2026-04,2026-04-20,0.8889595196087943,0.9180391367182746,0,1,0,0,1
C00050973,P003933,2024-02-27,2024-03-08,DR0269,F005,Medicaid,Professional,Rejected,DX010,PR010,13950.14,10299.63,1174.27,228.54,Extreme Claim Amount,68,Female,West,Provider_0269,Other,Facility_005,Ambulatory Center,Small,COPD,Respiratory,PR010,Colonoscopy,Procedure,10,2024-02,2024-02-26,0.1140108916533895,0.7383173215465938,0,1,0,0,1
C00050981,P001817,2026-02-24,2026-03-05,DR0309,F001,Medicare Advantage,Professional,Denied,DX003,PR015,13121.61,11296.46,146.64,1486.52,,67,Male,Midwest,Provider_0309,Other,Facility_001,Hospital,Large,Upper Respiratory Infection,Acute,PR015,Major Surgery,Surgery,9,2026-02,2026-02-23,0.012981057782703607,0.8609050261362743,0,1,0,0,1
C00050985,P016950,2024-11-06,2024-11-11,DR0081,F012,Medicaid,Professional,Paid,DX020,PR020,372.25,310.16,245.57,1.57,,78,Male,South,Provider_0081,Internal Medicine,Facility_012,Ambulatory Center,Medium,Gastroesophageal Reflux,Chronic,PR020,Specialist Consultation,Professional,5,2024-11,2024-11-04,0.79175264379675,0.8332034922766959,0,0,0,1,1
C00050988,P008007,2024-02-04,2024-02-06,DR0218,F016,Medicare,Outpatient,Paid,DX015,PR015,12126.91,11301.51,10312.01,153.05,,92,Male,Northeast,Provider_0218,General Surgery,Facility_016,Hospital,Small,Abdominal Pain,Acute,PR015,Major Surgery,Surgery,2,2024-02,2024-01-29,0.9124453281021739,0.9319364949521354,0,1,0,0,1
C00051002,P014066,2025-11-26,2025-12-20,DR0035,F008,Commercial,Professional,Pending,DX017,PR015,11789.78,8811.31,0.0,1368.38,,75,Male,South,Provider_0035,Other,Facility_008,Hospital,Small,Cancer - Active Treatment,Oncology,PR015,Major Surgery,Surgery,24,2025-11,2025-11-24,0.0,0.7473684835510076,0,1,0,0,1
C00051054,P013187,2024-10-29,2024-11-21,DR0302,F020,Medicaid,Professional,Paid,DX020,PR009,186.25,140.1,126.0,0.34,,13,Male,South,Provider_0302,Internal Medicine,Facility_020,Hospital,Large,Gastroesophageal Reflux,Chronic,PR009,Joint Injection,Procedure,23,2024-10,2024-10-28,0.8993576017130621,0.7522147651006711,0,0,0,1,1
C00051121,P002449,2024-03-31,2024-04-20,DR0381,F004,Medicaid,Outpatient,Paid,DX025,PR015,16857.32,14561.97,13410.44,35.56,,56,Male,South,Provider_0381,Other,Facility_004,Clinic,Medium,Other Condition,Other,PR015,Major Surgery,Surgery,20,2024-03,2024-03-25,0.9209221005124995,0.8638366003611487,0,1,0,0,1
C00051187,P002675,2024-04-18,2024-05-03,DR0282,F011,Self-Pay,Inpatient,Paid,DX025,PR008,56.99,41.22,38.28,2.04,,29,Female,South,Provider_0282,Family Medicine,Facility_011,Hospital,Large,Other Condition,Other,PR008,Physical Therapy Session,Therapy,15,2024-04,2024-04-15,0.9286754002911208,0.7232847868047025,0,0,0,1,1
C00051197,P003678,2025-09-28,2025-10-24,,F004,Commercial,Professional,Denied,DX021,PR013,6284.7,4438.89,606.55,777.01,Missing Provider,10,Female,West,,,Facility_004,Clinic,Medium,Skin Infection,Acute,PR013,Cataract Procedure,Surgery,26,2025-09,2025-09-22,0.13664452149073303,0.7063010167549765,0,0,1,0,1
C00051201,P012954,2024-05-24,2024-06-18,DR0153,F008,Medicare Advantage,Outpatient,Paid,DX014,PR015,27189.42,22341.78,18542.91,499.23,,40,Female,Northeast,Provider_0153,Orthopedics,Facility_008,Hospital,Small,Fracture/Injury,Acute,PR015,Major Surgery,Surgery,25,2024-05,2024-05-20,0.8299656517967683,0.8217085910622588,0,1,0,0,1
C00051256,P014057,2024-07-25,2024-07-25,DR0112,F023,Medicaid,Outpatient,Paid,DX020,PR020,79.96,70.77,56.98,0.46,,36,Male,South,Provider_0112,Internal Medicine,Facility_023,Clinic,Medium,Gastroesophageal Reflux,Chronic,PR020,Specialist Consultation,Professional,0,2024-07,2024-07-22,0.8051434223541049,0.8850675337668834,0,0,0,1,1
C00051305,P013910,2025-11-15,2025-11-15,DR0404,F020,Medicare,Outpatient,Paid,DX005,PR002,708.06,591.29,521.06,10.54,,61,Male,Midwest,Provider_0404,Orthopedics,Facility_020,Hospital,Large,Low Back Pain,Musculoskeletal,PR002,Emergency Department Visit,Emergency,0,2025-11,2025-11-10,0.8812257944494241,0.835084597350507,0,0,0,1,1
C00051408,P003191,2025-10-14,2025-10-25,,F008,Medicare,Professional,Paid,DX012,PR015,3174.52,3035.5,2681.58,48.79,Missing Provider,17,Female,West,,,Facility_008,Hospital,Small,Anxiety Disorder,Behavioral Health,PR015,Major Surgery,Surgery,11,2025-10,2025-10-13,0.8834063580958655,0.9562075526378792,0,0,1,0,1
C00051428,P006482,2025-09-25,2025-09-29,DR0422,F018,Medicare,Professional,Paid,DX006,PR015,7928.13,6563.91,5560.29,145.53,,55,Male,South,Provider_0422,Orthopedics,Facility_018,Specialty Center,Large,Osteoarthritis,Musculoskeletal,PR015,Major Surgery,Surgery,4,2025-09,2025-09-22,0.8471002801683752,0.8279266359154049,0,1,0,0,1
C00051440,P008517,2026-08-26,2026-08-26,DR0105,F019,Medicare,Professional,Paid,DX025,PR015,11014.75,9997.22,9456.66,66.2,,86,Female,South,Provider_0105,General Surgery,Facility_019,Ambulatory Center,Medium,Other Condition,Other,PR015,Major Surgery,Surgery,0,2026-08,2026-08-24,0.9459289682531744,0.9076211443745885,0,1,0,0,1
C00051553,P006023,2025-10-11,2025-11-04,DR0259,F002,Medicare,Professional,Paid,DX015,PR015,8545.32,6539.45,4648.13,271.47,,47,Female,Northeast,Provider_0259,Orthopedics,Facility_002,Ambulatory Center,Large,Abdominal Pain,Acute,PR015,Major Surgery,Surgery,24,2025-10,2025-10-06,0.7107830169203833,0.7652668361161431,0,1,0,0,1
C00051559,P014279,2025-01-13,2025-02-01,DR0031,F004,Medicaid,Outpatient,Paid,DX025,PR003,30.31,28.92,27.54,0.05,,85,Female,South,Provider_0031,Oncology,Facility_004,Clinic,Medium,Other Condition,Other,PR003,Routine Lab Panel,Diagnostic,19,2025-01,2025-01-13,0.9522821576763485,0.9541405476740351,0,0,0,1,1
C00051574,P001679,2025-02-11,2025-03-06,DR0374,F022,Medicaid,Professional,Paid,DX015,PR015,17773.44,14080.93,12204.13,66.28,,77,Male,South,Provider_0374,General Surgery,Facility_022,Hospital,Large,Abdominal Pain,Acute,PR015,Major Surgery,Surgery,23,2025-02,2025-02-10,0.8667133491892935,0.7922456204313854,0,1,0,0,1
C00051578,P000901,2025-05-13,2025-05-15,,F021,Medicaid,Professional,Denied,DX020,PR020,81.96,65.3,12.18,1.79,Missing Provider,45,Male,Midwest,,,Facility_021,Ambulatory Center,Small,Gastroesophageal Reflux,Chronic,PR020,Specialist Consultation,Professional,2,2025-05,2025-05-12,0.18652373660030627,0.796730112249878,0,0,1,0,1
C00051614,P017937,2025-01-12,2025-02-11,,F012,Other,Professional,Paid,DX021,PR011,587.26,420.17,373.24,14.46,Missing Provider,74,Male,Midwest,,,Facility_012,Ambulatory Center,Medium,Skin Infection,Acute,PR011,Cardiac Stress Test,Diagnostic,30,2025-01,2025-01-06,0.8883071137872766,0.7154752579777272,0,0,1,0,1
C00051689,P011981,2025-01-27,2025-02-11,DR0035,F008,Medicaid,Inpatient,Paid,DX011,PR004,1305.09,1017.21,801.61,7.87,,74,Male,West,Provider_0035,Other,Facility_008,Hospital,Small,Depression,Behavioral Health,PR004,Advanced Imaging - CT,Diagnostic,15,2025-01,2025-01-27,0.7880476990985146,0.779417511435993,0,0,0,1,1
C00051758,P003161,2026-07-07,2026-07-27,DR0311,F013,Commercial,Professional,Paid,DX005,PR015,11836.61,9002.94,7030.43,377.92,,96,Male,South,Provider_0311,Orthopedics,Facility_013,Hospital,Large,Low Back Pain,Musculoskeletal,PR015,Major Surgery,Surgery,20,2026-07,2026-07-06,0.78090379364963,0.7606012194369841,0,1,0,0,1
C00051783,P006524,2024-06-13,2024-06-22,DR0301,F007,Commercial,Outpatient,Denied,DX004,PR001,284.84,234.84,2.64,43.27,,17,Male,West,Provider_0301,Cardiology,Facility_007,Hospital,Large,Hyperlipidemia,Chronic,PR001,Office/Follow-up Visit,Professional,9,2024-06,2024-06-10,0.011241696474195198,0.8244628563404017,0,0,0,1,1
C00051807,P005987,2026-04-14,2026-04-26,DR0188,F002,Commercial,Professional,Paid,DX005,PR015,9541.27,8668.07,8421.0,44.06,,72,Female,Midwest,Provider_0188,Orthopedics,Facility_002,Ambulatory Center,Large,Low Back Pain,Musculoskeletal,PR015,Major Surgery,Surgery,12,2026-04,2026-04-13,0.9714965384451211,0.9084817849196175,0,1,0,0,1
C00051881,P019658,2026-04-29,2026-05-13,DR0010,F014,Medicare,Outpatient,Paid,DX014,PR015,15708.23,13686.87,12289.82,229.62,,88,Female,South,Provider_0010,Orthopedics,Facility_014,Hospital,Small,Fracture/Injury,Acute,PR015,Major Surgery,Surgery,14,2026-04,2026-04-27,0.897927721970034,0.871318410794851,0,1,0,0,1
C00051951,P011819,2026-09-25,2026-10-08,DR0404,F020,Medicare,Professional,Paid,DX005,PR015,10060.8,7961.57,6119.32,273.76,,93,Male,Northeast,Provider_0404,Orthopedics,Facility_020,Hospital,Large,Low Back Pain,Musculoskeletal,PR015,Major Surgery,Surgery,13,2026-09,2026-09-21,0.7686071968217324,0.7913456186386769,0,1,0,0,1
C00052021,P012317,2025-10-16,2025-10-30,DR0214,F013,Medicare,Professional,Paid,DX025,PR015,18272.52,17688.42,14162.19,373.38,,42,Female,South,Provider_0214,Pediatrics,Facility_013,Hospital,Large,Other Condition,Other,PR015,Major Surgery,Surgery,14,2025-10,2025-10-13,0.8006475422903799,0.9680339657584175,0,1,0,0,1
C00052048,P011743,2026-04-02,2026-04-29,DR0314,F025,Self-Pay,Professional,Paid,DX005,PR015,7914.17,7285.32,5192.14,1023.0,,41,Female,Northeast,Provider_0314,Orthopedics,Facility_025,Hospital,Small,Low Back Pain,Musculoskeletal,PR015,Major Surgery,Surgery,27,2026-04,2026-03-30,0.7126852355147063,0.9205412570111584,0,1,0,0,1
C00052060,P011977,2025-05-14,2025-06-11,DR0416,F014,Commercial,Professional,Paid,DX005,PR015,10681.59,9111.5,6775.78,400.78,,50,Female,Midwest,Provider_0416,Orthopedics,Facility_014,Hospital,Small,Low Back Pain,Musculoskeletal,PR015,Major Surgery,Surgery,28,2025-05,2025-05-12,0.7436514295121549,0.8530097111010626,0,1,0,0,1
C00052138,P000691,2025-06-04,2025-06-21,DR0299,F010,Medicare,Professional,Denied,DX004,PR015,10028.36,8581.34,1117.04,945.68,Extreme Claim Amount,69,Female,South,Provider_0299,Other,Facility_010,Hospital,Medium,Hyperlipidemia,Chronic,PR015,Major Surgery,Surgery,17,2025-06,2025-06-02,0.1301708124838312,0.8557072143401313,0,1,0,0,1
C00052141,P019539,2026-04-15,2026-05-14,DR0283,F017,Medicare,Professional,Paid,DX014,PR002,232.92,195.81,137.6,10.06,,70,Female,West,Provider_0283,Other,Facility_017,Hospital,Medium,Fracture/Injury,Acute,PR002,Emergency Department Visit,Emergency,29,2026-04,2026-04-13,0.7027220264542158,0.8406749098402886,0,0,0,1,1
C00052285,P018531,2026-02-25,2026-03-25,DR0090,F004,Medicaid,Professional,Paid,DX025,PR015,8518.97,6305.72,5564.41,25.7,,0,Male,Northeast,Provider_0090,General Surgery,Facility_004,Clinic,Medium,Other Condition,Other,PR015,Major Surgery,Surgery,28,2026-02,2026-02-23,0.8824384844236661,0.7401974651865191,0,1,0,0,1
C00052327,P001934,2024-11-01,2024-11-03,,F019,Medicare Advantage,Professional,Denied,DX017,PR025,180.11,156.14,11.0,24.64,Missing Provider,72,Female,West,,,Facility_019,Ambulatory Center,Medium,Cancer - Active Treatment,Oncology,PR025,Other Clinical Service,Other,2,2024-11,2024-10-28,0.07044959651594723,0.8669146632613401,0,0,1,0,1
C00052338,P000344,2026-04-14,2026-04-21,DR0215,F013,Medicare Advantage,Inpatient,Rejected,DX014,PR015,11196.58,8529.38,1859.14,1078.9,,18,Female,Northeast,Provider_0215,General Surgery,Facility_013,Hospital,Large,Fracture/Injury,Acute,PR015,Major Surgery,Surgery,7,2026-04,2026-04-13,0.2179689496774678,0.7617844020227604,0,1,0,0,1
C00052355,P000903,2026-01-07,2026-01-20,DR0291,F020,Medicaid,Outpatient,Paid,DX023,PR015,9983.8,8861.59,7657.98,29.17,,18,Female,South,Provider_0291,Other,Facility_020,Hospital,Large,Migraine,Neurologic,PR015,Major Surgery,Surgery,13,2026-01,2026-01-05,0.8641767448053904,0.8875969069893228,0,1,0,0,1
C00052450,P012056,2026-02-20,2026-03-16,,F020,Medicaid,Inpatient,Paid,DX002,PR020,470.85,382.17,319.33,1.99,Missing Provider,48,Male,South,,,Facility_020,Hospital,Large,Type 2 Diabetes,Chronic,PR020,Specialist Consultation,Professional,24,2026-02,2026-02-16,0.8355705576052541,0.8116597642561325,0,0,1,0,1
C00052476,P007628,2026-04-03,2026-04-25,DR0148,F020,Medicare,Inpatient,Paid,DX012,PR006,35.02,30.41,28.67,0.24,,19,Female,South,Provider_0148,Family Medicine,Facility_020,Hospital,Large,Anxiety Disorder,Behavioral Health,PR006,X-Ray,Diagnostic,22,2026-04,2026-03-30,0.9427819796119697,0.8683609366076527,0,0,0,1,1
C00052489,P004526,2025-01-01,2025-01-30,DR0240,F013,Medicare,Professional,Paid,DX021,PR006,163.99,139.12,110.04,4.4,,72,Female,Midwest,Provider_0240,Pediatrics,Facility_013,Hospital,Large,Skin Infection,Acute,PR006,X-Ray,Diagnostic,29,2025-01,2024-12-30,0.7909718228867165,0.848344411244588,0,0,0,1,1
C00052510,P004991,2026-02-11,2026-03-01,DR0382,F012,Workers Comp,Outpatient,Paid,DX002,PR004,1345.63,1224.16,966.74,20.8,,31,Male,West,Provider_0382,Pediatrics,Facility_012,Ambulatory Center,Medium,Type 2 Diabetes,Chronic,PR004,Advanced Imaging - CT,Diagnostic,18,2026-02,2026-02-09,0.7897170304535355,0.9097300149372413,0,0,0,1,1
C00052521,P003608,2025-01-17,2025-01-22,DR0241,F006,Medicare,Professional,Paid,DX014,PR015,12990.31,9351.62,7166.36,280.51,,59,Female,Northeast,Provider_0241,Orthopedics,Facility_006,Hospital,Small,Fracture/Injury,Acute,PR015,Major Surgery,Surgery,5,2025-01,2025-01-13,0.7663228403207144,0.7198919810227778,0,1,0,0,1
C00052575,P017737,2025-02-04,2025-03-06,DR0183,F002,Workers Comp,Professional,Paid,DX001,PR022,1277.13,928.04,748.94,10.91,,32,Female,Northeast,Provider_0183,Other,Facility_002,Ambulatory Center,Large,Essential Hypertension,Chronic,PR022,Dialysis Session,Chronic Care,30,2025-02,2025-02-03,0.8070126287660015,0.726660559222632,0,0,0,1,1
C00052610,P016462,2026-08-04,2026-08-11,DR0052,F006,Medicare Advantage,Professional,Paid,DX014,PR015,13567.21,12468.2,11329.62,139.43,,53,Female,South,Provider_0052,General Surgery,Facility_006,Hospital,Small,Fracture/Injury,Acute,PR015,Major Surgery,Surgery,7,2026-08,2026-08-03,0.9086812851895222,0.9189951360670323,0,1,0,0,1
C00052614,P005131,2024-01-24,2024-02-18,DR0226,F013,Medicare,Outpatient,Paid,DX011,PR020,271.19,198.16,157.35,7.09,,13,Female,West,Provider_0226,Family Medicine,Facility_013,Hospital,Large,Depression,Behavioral Health,PR020,Specialist Consultation,Professional,25,2024-01,2024-01-22,0.7940553088413403,0.7307054094915004,0,0,0,1,1
C00052673,P004749,2025-12-01,2025-12-16,DR0281,F020,Medicare,Professional,Paid,DX018,PR003,117.94,86.41,62.56,4.04,,67,Male,South,Provider_0281,Obstetrics & Gynecology,Facility_020,Hospital,Large,Pregnancy-Related,Obstetric,PR003,Routine Lab Panel,Diagnostic,15,2025-12,2025-12-01,0.7239902789029048,0.7326606749194505,0,0,0,1,1
C00052689,P016445,2025-10-05,2025-10-28,DR0242,F017,Medicaid,Inpatient,Paid,DX014,PR015,11175.81,7876.79,5889.69,68.81,,41,Female,Northeast,Provider_0242,General Surgery,Facility_017,Hospital,Medium,Fracture/Injury,Acute,PR015,Major Surgery,Surgery,23,2025-10,2025-09-29,0.7477271832815143,0.7048070788605032,0,1,0,0,1
C00052698,P019391,2025-08-06,2025-08-07,DR0416,F014,Medicare,Professional,Paid,DX005,PR015,9342.92,8260.19,6219.56,347.68,,77,Female,Midwest,Provider_0416,Orthopedics,Facility_014,Hospital,Small,Low Back Pain,Musculoskeletal,PR015,Major Surgery,Surgery,1,2025-08,2025-08-04,0.7529560458052418,0.8841122475628604,0,1,0,0,1
C00052713,P003618,2024-06-12,2024-07-04,DR0301,F007,Medicaid,Outpatient,Paid,DX007,PR011,594.52,530.2,415.23,3.75,,67,Female,West,Provider_0301,Cardiology,Facility_007,Hospital,Large,Coronary Artery Disease,Cardiovascular,PR011,Cardiac Stress Test,Diagnostic,22,2024-06,2024-06-10,0.7831572991324028,0.8918118818542691,0,0,0,1,1
C00052732,P004475,2024-02-09,2024-03-10,DR0404,F020,Commercial,Professional,Paid,DX005,PR015,12167.72,9352.42,6804.99,539.08,,41,Male,West,Provider_0404,Orthopedics,Facility_020,Hospital,Large,Low Back Pain,Musculoskeletal,PR015,Major Surgery,Surgery,30,2024-02,2024-02-05,0.727618092429553,0.7686255107776971,0,1,0,0,1
C00052783,P016715,2024-01-20,2024-01-29,DR0336,F017,Medicare,Professional,Paid,DX025,PR003,44.51,37.26,32.63,0.52,,24,Female,South,Provider_0336,Family Medicine,Facility_017,Hospital,Medium,Other Condition,Other,PR003,Routine Lab Panel,Diagnostic,9,2024-01,2024-01-15,0.8757380568974773,0.8371152549988766,0,0,0,1,1
C00052803,P001443,2025-06-06,2025-06-08,DR0242,F017,Commercial,Outpatient,Paid,DX025,PR015,28166.86,20458.51,18600.28,436.0,,90,Male,South,Provider_0242,General Surgery,Facility_017,Hospital,Medium,Other Condition,Other,PR015,Major Surgery,Surgery,2,2025-06,2025-06-02,0.9091708047164725,0.7263326476575663,0,1,0,0,1
C00052851,P012514,2024-10-16,2024-11-13,DR0279,F021,Self-Pay,Professional,Paid,DX023,PR015,11343.62,8352.34,6084.54,1457.74,,70,Female,Northeast,Provider_0279,Radiology,Facility_021,Ambulatory Center,Small,Migraine,Neurologic,PR015,Major Surgery,Surgery,28,2024-10,2024-10-14,0.7284832753455918,0.736302873333204,0,1,0,0,1
C00052990,P017805,2024-08-21,2024-08-24,DR0131,F024,Medicare Advantage,Inpatient,Paid,DX012,PR020,169.99,131.62,111.64,3.04,,70,Male,Midwest,Provider_0131,Neurology,Facility_024,Ambulatory Center,Medium,Anxiety Disorder,Behavioral Health,PR020,Specialist Consultation,Professional,3,2024-08,2024-08-19,0.8481993617991187,0.7742808400494147,0,0,0,1,1
C00052998,P013589,2025-09-02,2025-09-13,DR0052,F006,Medicare Advantage,Inpatient,Paid,DX002,PR015,8573.25,7796.21,5749.22,313.95,,66,Female,Midwest,Provider_0052,General Surgery,Facility_006,Hospital,Small,Type 2 Diabetes,Chronic,PR015,Major Surgery,Surgery,11,2025-09,2025-09-01,0.7374378063187113,0.909364593357245,0,1,0,0,1
C00053091,P002739,2026-01-27,2026-02-05,DR0090,F004,Medicaid,Inpatient,Denied,DX015,PR015,26993.87,21779.98,22270.51,0.0,Paid Greater Than Allowed,68,Male,South,Provider_0090,General Surgery,Facility_004,Clinic,Medium,Abdominal Pain,Acute,PR015,Major Surgery,Surgery,9,2026-01,2026-01-26,1.0225220592489066,0.8068491105573229,1,1,0,0,1
C00053116,P003708,2024-07-04,2024-07-24,DR0404,F020,Workers Comp,Professional,Denied,DX015,PR015,9263.0,8852.74,1191.56,763.65,,69,Female,Northeast,Provider_0404,Orthopedics,Facility_020,Hospital,Large,Abdominal Pain,Acute,PR015,Major Surgery,Surgery,20,2024-07,2024-07-01,0.13459787591186456,0.9557098132354529,0,1,0,0,1
C00053155,P008382,2025-09-29,2025-10-22,DR0052,F006,Medicare Advantage,Outpatient,Paid,DX009,PR015,14811.63,13096.59,11052.81,329.05,,80,Male,West,Provider_0052,General Surgery,Facility_006,Hospital,Small,Asthma,Respiratory,PR015,Major Surgery,Surgery,23,2025-09,2025-09-29,0.8439456377576148,0.8842099080249777,0,1,0,0,1
C00053189,P005167,2025-10-14,2025-11-07,DR0242,F017,Medicare,Professional,Paid,DX025,PR015,23467.48,17928.47,13334.25,755.57,,59,Male,Midwest,Provider_0242,General Surgery,Facility_017,Hospital,Medium,Other Condition,Other,PR015,Major Surgery,Surgery,24,2025-10,2025-10-13,0.7437472355421293,0.7639708226021712,0,1,0,0,1
C00053263,P014257,2026-04-20,2026-05-16,DR0376,F022,Medicaid,Professional,Pending,DX006,PR015,13476.1,12024.13,0.0,434.12,,79,Male,West,Provider_0376,Orthopedics,Facility_022,Hospital,Large,Osteoarthritis,Musculoskeletal,PR015,Major Surgery,Surgery,26,2026-04,2026-04-20,0.0,0.8922559197393904,0,1,0,0,1
C00053272,P019122,2024-10-06,2024-10-26,DR0311,F013,Commercial,Professional,Paid,DX014,PR015,12786.16,12302.43,10764.35,350.63,,3,Female,South,Provider_0311,Orthopedics,Facility_013,Hospital,Large,Fracture/Injury,Acute,PR015,Major Surgery,Surgery,20,2024-10,2024-09-30,0.8749775450866211,0.9621676875621766,0,1,0,0,1
C00053300,P018658,2026-07-16,2026-08-11,DR0221,F009,Commercial,Inpatient,Denied,DX006,PR015,16828.07,14956.49,1460.47,2028.04,,29,Male,South,Provider_0221,General Surgery,Facility_009,Hospital,Small,Osteoarthritis,Musculoskeletal,PR015,Major Surgery,Surgery,26,2026-07,2026-07-13,0.09764791070632214,0.8887822548872212,0,1,0,0,1
C00053323,P011120,2024-08-24,2024-09-22,DR0006,F007,Commercial,Professional,Denied,DX014,PR003,66.82,56.44,60.51,0.0,Paid Greater Than Allowed,75,Female,South,Provider_0006,Orthopedics,Facility_007,Hospital,Large,Fracture/Injury,Acute,PR003,Routine Lab Panel,Diagnostic,29,2024-08,2024-08-19,1.072111977321049,0.8446572882370548,1,0,0,0,1
C00053325,P016206,2025-12-14,2025-12-15,DR0242,F017,Medicare Advantage,Inpatient,Rejected,DX015,PR015,15365.01,13399.03,2634.63,2120.48,,79,Female,Northeast,Provider_0242,General Surgery,Facility_017,Hospital,Medium,Abdominal Pain,Acute,PR015,Major Surgery,Surgery,1,2025-12,2025-12-08,0.1966284126537518,0.8720482446806088,0,1,0,0,1
C00053441,P010362,2026-03-10,2026-03-16,DR0221,F009,Medicare,Inpatient,Pending,DX014,PR015,7733.34,7358.82,0.0,857.2,,81,Male,West,Provider_0221,General Surgery,Facility_009,Hospital,Small,Fracture/Injury,Acute,PR015,Major Surgery,Surgery,6,2026-03,2026-03-09,0.0,0.9515707314045418,0,1,0,0,1
C00053479,P002760,2025-03-25,2025-04-18,DR0374,F022,Medicare,Professional,Paid,DX019,PR015,9485.66,7881.63,7499.49,61.25,,56,Male,South,Provider_0374,General Surgery,Facility_022,Hospital,Large,Neurologic Disorder,Neurologic,PR015,Major Surgery,Surgery,24,2025-03,2025-03-24,0.9515151053779485,0.8308994840633125,0,1,0,0,1
C00053482,P004413,2025-07-11,2025-07-20,DR0242,F017,Medicare,Professional,Paid,DX025,PR010,10634.04,9289.26,6887.23,285.6,,79,Male,Northeast,Provider_0242,General Surgery,Facility_017,Hospital,Medium,Other Condition,Other,PR010,Colonoscopy,Procedure,9,2025-07,2025-07-07,0.7414185844728213,0.873540065675886,0,1,0,0,1
C00053504,P019130,2025-10-22,2025-11-18,DR0374,F022,Commercial,Professional,Paid,DX014,PR015,10412.53,8636.55,7318.6,254.7,,47,Female,Northeast,Provider_0374,General Surgery,Facility_022,Hospital,Large,Fracture/Injury,Acute,PR015,Major Surgery,Surgery,27,2025-10,2025-10-20,0.8473985561364203,0.8294381864926198,0,1,0,0,1
C00053576,P012027,2024-01-27,2024-02-15,DR0226,F013,Medicare,Professional,Paid,DX003,PR020,541.31,412.51,301.13,15.2,,70,Male,Northeast,Provider_0226,Family Medicine,Facility_013,Hospital,Large,Upper Respiratory Infection,Acute,PR020,Specialist Consultation,Professional,19,2024-01,2024-01-22,0.7299944243775909,0.7620587094271305,0,0,0,1,1
C00053678,P016005,2024-04-05,2024-04-08,DR0221,F009,Medicare,Outpatient,Paid,DX025,PR015,8587.93,8304.62,7659.17,82.25,,96,Female,West,Provider_0221,General Surgery,Facility_009,Hospital,Small,Other Condition,Other,PR015,Major Surgery,Surgery,3,2024-04,2024-04-01,0.9222782017720256,0.9670106766124084,0,1,0,0,1
C00053688,P019987,2025-04-11,2025-04-17,DR0011,F019,Medicare Advantage,Inpatient,Paid,DX014,PR010,8143.31,6797.71,6472.79,50.58,,42,Male,Northeast,Provider_0011,General Surgery,Facility_019,Ambulatory Center,Medium,Fracture/Injury,Acute,PR010,Colonoscopy,Procedure,6,2025-04,2025-04-07,0.9522015502279444,0.8347600668524224,0,1,0,0,1
C00053792,P015774,2026-07-22,2026-08-17,,F022,Commercial,Inpatient,Paid,DX025,PR010,2180.55,2010.47,1660.85,85.56,Missing Provider,72,Female,Northeast,,,Facility_022,Hospital,Large,Other Condition,Other,PR010,Colonoscopy,Procedure,26,2026-07,2026-07-20,0.8261003645913642,0.9220013299396941,0,0,1,0,1
C00053816,P001595,2025-05-22,2025-06-07,DR0076,F014,Medicare,Inpatient,Paid,DX003,PR001,615.06,458.6,370.19,9.99,,72,Male,Midwest,Provider_0076,Pediatrics,Facility_014,Hospital,Small,Upper Respiratory Infection,Acute,PR001,Office/Follow-up Visit,Professional,16,2025-05,2025-05-19,0.8072176188399476,0.745618313660456,0,0,0,1,1
C00053855,P003599,2024-05-28,2024-06-02,DR0191,F020,Commercial,Inpatient,Paid,DX011,PR020,129.07,111.75,79.94,4.88,,65,Female,Midwest,Provider_0191,Family Medicine,Facility_020,Hospital,Large,Depression,Behavioral Health,PR020,Specialist Consultation,Professional,5,2024-05,2024-05-27,0.7153467561521253,0.8658092507941427,0,0,0,1,1
C00053897,P006675,2026-05-25,2026-05-27,,F021,Medicare,Professional,Paid,DX005,PR015,5999.22,5338.07,5138.68,32.53,Missing Provider,33,Female,Midwest,,,Facility_021,Ambulatory Center,Small,Low Back Pain,Musculoskeletal,PR015,Major Surgery,Surgery,2,2026-05,2026-05-25,0.962647548645859,0.8897940065541853,0,0,1,0,1
C00053923,P014411,2024-05-13,2024-05-22,DR0336,F017,Commercial,Outpatient,Denied,DX025,PR003,107.3,83.59,4.18,12.1,,23,Other,South,Provider_0336,Family Medicine,Facility_017,Hospital,Medium,Other Condition,Other,PR003,Routine Lab Panel,Diagnostic,9,2024-05,2024-05-13,0.05000598157674362,0.7790307548928239,0,0,0,1,1
C00053927,P008951,2024-12-08,2024-12-17,DR0112,F023,Medicare,Inpatient,Paid,DX001,PR015,16092.41,14820.35,11328.89,583.33,,71,Female,West,Provider_0112,Internal Medicine,Facility_023,Clinic,Medium,Essential Hypertension,Chronic,PR015,Major Surgery,Surgery,9,2024-12,2024-12-02,0.7644144706434058,0.9209527970018164,0,1,0,0,1
C00053937,P010478,2024-11-30,2024-12-04,,F017,Medicare,Professional,Paid,DX011,PR010,1395.88,1284.14,1221.39,9.61,Missing Provider,12,Female,West,,,Facility_017,Hospital,Medium,Depression,Behavioral Health,PR010,Colonoscopy,Procedure,4,2024-11,2024-11-25,0.9511346114909589,0.9199501389804281,0,0,1,0,1
C00054038,P007612,2025-11-24,2025-12-13,,F017,Medicare,Outpatient,Paid,DX015,PR015,16740.53,12748.16,10480.5,266.54,Missing Provider,41,Female,South,,,Facility_017,Hospital,Medium,Abdominal Pain,Acute,PR015,Major Surgery,Surgery,19,2025-11,2025-11-24,0.8221186430041669,0.7615147190680344,0,1,1,0,1
C00054115,P010977,2024-08-03,2024-08-29,DR0035,F008,Medicare Advantage,Professional,Paid,DX011,PR015,8107.13,6787.72,6077.21,136.73,,73,Female,South,Provider_0035,Other,Facility_008,Hospital,Small,Depression,Behavioral Health,PR015,Major Surgery,Surgery,26,2024-08,2024-07-29,0.8953242031197515,0.8372531339697279,0,1,0,0,1
C00054163,P006263,2025-06-03,2025-06-15,DR0085,F021,Medicare Advantage,Professional,Paid,DX014,PR019,10599.65,9809.91,7937.09,250.39,,39,Female,West,Provider_0085,Obstetrics & Gynecology,Facility_021,Ambulatory Center,Small,Fracture/Injury,Acute,PR019,Maternity Delivery,Obstetric,12,2025-06,2025-06-02,0.8090889722739556,0.9254937663036044,0,1,0,0,1
C00054176,P006104,2025-01-01,2025-01-24,DR0240,F013,Commercial,Professional,Denied,DX003,PR001,74.85,70.3,6.61,10.37,,18,Female,South,Provider_0240,Pediatrics,Facility_013,Hospital,Large,Upper Respiratory Infection,Acute,PR001,Office/Follow-up Visit,Professional,23,2025-01,2024-12-30,0.09402560455192036,0.9392117568470274,0,0,0,1,1
C00054278,P014383,2025-02-14,2025-02-24,DR0311,F013,Commercial,Outpatient,Paid,DX006,PR015,11274.39,9384.38,7808.95,290.76,,75,Female,South,Provider_0311,Orthopedics,Facility_013,Hospital,Large,Osteoarthritis,Musculoskeletal,PR015,Major Surgery,Surgery,10,2025-02,2025-02-10,0.8321221007674455,0.8323625491046522,0,1,0,0,1
C00054290,P005012,2026-04-20,2026-05-11,DR0242,F017,Medicare,Outpatient,Paid,DX003,PR015,11044.06,8063.37,7024.87,132.4,,71,Female,West,Provider_0242,General Surgery,Facility_017,Hospital,Medium,Upper Respiratory Infection,Acute,PR015,Major Surgery,Surgery,21,2026-04,2026-04-20,0.8712076960377609,0.7301092170813994,0,1,0,0,1
C00054296,P002152,2025-07-30,2025-08-28,DR0218,F016,Medicare,Inpatient,Paid,DX025,PR015,15469.4,14016.64,10583.83,491.64,,46,Female,South,Provider_0218,General Surgery,Facility_016,Hospital,Small,Other Condition,Other,PR015,Major Surgery,Surgery,29,2025-07,2025-07-28,0.7550903782932287,0.9060881482151861,0,1,0,0,1
C00054327,P005915,2026-07-31,2026-08-18,DR0232,F002,Medicaid,Outpatient,Paid,DX025,PR019,10762.39,8127.59,6311.42,45.59,,43,Male,South,Provider_0232,Family Medicine,Facility_002,Ambulatory Center,Large,Other Condition,Other,PR019,Maternity Delivery,Obstetric,18,2026-07,2026-07-27,0.7765426159538067,0.755184489690487,0,1,0,0,1
C00054342,P016351,2026-09-11,2026-09-17,,F021,Commercial,Outpatient,Paid,DX001,PR006,98.85,90.07,79.19,1.9,Missing Provider,60,Male,Midwest,,,Facility_021,Ambulatory Center,Small,Essential Hypertension,Chronic,PR006,X-Ray,Diagnostic,6,2026-09,2026-09-07,0.8792050627289886,0.9111785533636824,0,0,1,0,1
C00054426,P016678,2024-11-17,2024-12-08,DR0002,F022,Commercial,Inpatient,Paid,DX010,PR019,13273.72,11644.51,11168.63,101.87,,83,Male,Northeast,Provider_0002,Obstetrics & Gynecology,Facility_022,Hospital,Large,COPD,Respiratory,PR019,Maternity Delivery,Obstetric,21,2024-11,2024-11-11,0.9591326728217846,0.8772604816132931,0,1,0,0,1
C00054510,P009459,2026-08-31,2026-09-26,DR0256,F011,Medicare,Outpatient,Paid,DX023,PR015,8575.15,7178.07,5304.74,209.72,,77,Female,South,Provider_0256,General Surgery,Facility_011,Hospital,Large,Migraine,Neurologic,PR015,Major Surgery,Surgery,26,2026-08,2026-08-31,0.7390203773437707,0.8370780686052139,0,1,0,0,1
C00054521,P018665,2024-10-26,2024-11-01,DR0416,F014,Commercial,Professional,Denied,DX024,PR009,573.77,487.04,29.82,110.49,,74,Female,Northeast,Provider_0416,Orthopedics,Facility_014,Hospital,Small,Thyroid Disorder,Chronic,PR009,Joint Injection,Procedure,6,2024-10,2024-10-21,0.061227003942181335,0.848841870435889,0,0,0,1,1
C00054692,P005474,2024-10-26,2024-11-15,DR0416,F014,Commercial,Outpatient,Paid,DX016,PR006,284.82,217.78,208.25,1.82,,90,Male,South,Provider_0416,Orthopedics,Facility_014,Hospital,Small,Pneumonia,Respiratory,PR006,X-Ray,Diagnostic,20,2024-10,2024-10-21,0.9562402424465056,0.7646232708377221,0,0,0,1,1
C00054848,P004029,2025-01-28,2025-01-28,DR0035,F008,Commercial,Professional,Paid,DX002,PR008,146.3,129.72,125.21,0.85,,37,Male,Midwest,Provider_0035,Other,Facility_008,Hospital,Small,Type 2 Diabetes,Chronic,PR008,Physical Therapy Session,Therapy,0,2025-01,2025-01-27,0.9652328091273512,0.8866712235133287,0,0,0,1,1
C00054937,P012002,2025-11-14,2025-11-25,DR0163,F007,Self-Pay,Professional,Paid,DX019,PR015,21087.45,17613.73,17021.89,388.56,,10,Female,South,Provider_0163,Orthopedics,Facility_007,Hospital,Large,Neurologic Disorder,Neurologic,PR015,Major Surgery,Surgery,11,2025-11,2025-11-10,0.9663989399178936,0.8352707416022326,0,1,0,0,1
C00054984,P004082,2026-03-22,2026-03-24,DR0421,F001,Commercial,Professional,Paid,DX013,PR020,352.28,254.4,261.45,0.0,Paid Greater Than Allowed,64,Female,Midwest,Provider_0421,Internal Medicine,Facility_001,Hospital,Large,Chronic Kidney Disease,Chronic,PR020,Specialist Consultation,Professional,2,2026-03,2026-03-16,1.0277122641509433,0.722152832973771,1,0,0,0,1
C00055178,P003450,2025-09-26,2025-10-07,DR0020,F024,Medicare Advantage,Outpatient,Paid,DX001,PR019,9865.33,7526.27,5366.94,303.12,,73,Female,South,Provider_0020,Obstetrics & Gynecology,Facility_024,Ambulatory Center,Medium,Essential Hypertension,Chronic,PR019,Maternity Delivery,Obstetric,11,2025-09,2025-09-22,0.7130942684756193,0.7629009876000094,0,1,0,0,1
C00055184,P010625,2025-01-13,2025-01-30,DR0109,F025,Other,Inpatient,Paid,DX012,PR015,17314.64,14555.67,10762.76,1182.9,,44,Male,West,Provider_0109,Neurology,Facility_025,Hospital,Small,Anxiety Disorder,Behavioral Health,PR015,Major Surgery,Surgery,17,2025-01,2025-01-13,0.7394204457781745,0.8406568083425356,0,1,0,0,1
C00055197,P019590,2024-11-01,2024-11-20,DR0302,F020,Medicaid,Professional,Paid,DX020,PR003,52.75,37.41,27.68,0.24,,71,Female,Northeast,Provider_0302,Internal Medicine,Facility_020,Hospital,Large,Gastroesophageal Reflux,Chronic,PR003,Routine Lab Panel,Diagnostic,19,2024-11,2024-10-28,0.739909115209837,0.7091943127962085,0,0,0,1,1
C00055227,P018637,2026-05-27,2026-06-02,DR0027,F017,Medicare Advantage,Professional,Denied,DX011,PR015,10540.46,10203.16,1763.26,1584.9,,64,Female,West,Provider_0027,Other,Facility_017,Hospital,Medium,Depression,Behavioral Health,PR015,Major Surgery,Surgery,6,2026-05,2026-05-25,0.17281508865880765,0.9679994990730956,0,1,0,0,1
C00055349,P017403,2026-06-01,2026-06-23,DR0256,F011,Commercial,Professional,Paid,DX025,PR015,8046.19,6162.87,4713.52,279.9,,78,Male,West,Provider_0256,General Surgery,Facility_011,Hospital,Large,Other Condition,Other,PR015,Major Surgery,Surgery,22,2026-06,2026-06-01,0.7648254790381754,0.7659364245686467,0,1,0,0,1
C00055360,P017659,2024-10-16,2024-11-09,DR0242,F017,Medicare,Outpatient,Paid,DX025,PR015,15172.2,12925.31,9904.65,423.54,,37,Female,South,Provider_0242,General Surgery,Facility_017,Hospital,Medium,Other Condition,Other,PR015,Major Surgery,Surgery,24,2024-10,2024-10-14,0.7662988353857664,0.8519074359684159,0,1,0,0,1
C00055364,P000577,2024-02-25,2024-02-25,DR0052,F006,Medicare,Professional,Rejected,DX001,PR015,8302.56,6180.22,1239.88,763.53,,39,Female,Midwest,Provider_0052,General Surgery,Facility_006,Hospital,Small,Essential Hypertension,Chronic,PR015,Major Surgery,Surgery,0,2024-02,2024-02-19,0.20062068987835385,0.7443752288450792,0,1,0,0,1
C00055409,P019949,2026-09-17,2026-09-27,DR0374,F022,Medicare,Outpatient,Paid,DX025,PR015,9187.92,7776.95,6629.04,174.13,,64,Female,Northeast,Provider_0374,General Surgery,Facility_022,Hospital,Large,Other Condition,Other,PR015,Major Surgery,Surgery,10,2026-09,2026-09-14,0.8523958621310411,0.8464320542625534,0,1,0,0,1
C00055412,P001508,2024-05-03,2024-05-21,DR0242,F017,Medicare,Professional,Paid,DX025,PR015,7681.52,6389.92,4797.81,177.39,,27,Male,South,Provider_0242,General Surgery,Facility_017,Hospital,Medium,Other Condition,Other,PR015,Major Surgery,Surgery,18,2024-05,2024-04-29,0.7508403861081203,0.8318561951280475,0,1,0,0,1
C00055427,P003187,2025-04-25,2025-05-22,DR0419,F022,Commercial,Professional,Pending,DX006,PR015,8328.27,7867.3,0.0,1279.78,,73,Male,Northeast,Provider_0419,Orthopedics,Facility_022,Hospital,Large,Osteoarthritis,Musculoskeletal,PR015,Major Surgery,Surgery,27,2025-04,2025-04-21,0.0,0.9446499693213596,0,1,0,0,1
C00055461,P005241,2025-01-01,2025-01-02,DR0240,F013,Medicare Advantage,Professional,Paid,DX002,PR003,21.99,20.58,14.83,1.02,,78,Female,South,Provider_0240,Pediatrics,Facility_013,Hospital,Large,Type 2 Diabetes,Chronic,PR003,Routine Lab Panel,Diagnostic,1,2025-01,2024-12-30,0.7206025267249758,0.9358799454297407,0,0,0,1,1
C00055497,P019073,2026-04-07,2026-05-02,DR0314,F025,Commercial,Professional,Paid,DX005,PR015,15773.48,14226.88,12502.88,361.16,,66,Female,Midwest,Provider_0314,Orthopedics,Facility_025,Hospital,Small,Low Back Pain,Musculoskeletal,PR015,Major Surgery,Surgery,25,2026-04,2026-04-06,0.8788209361434131,0.9019493478927921,0,1,0,0,1
C00055534,P016567,2025-05-09,2025-05-22,DR0015,F002,Medicaid,Inpatient,Paid,DX014,PR015,10344.37,7323.17,5663.66,45.3,,89,Female,West,Provider_0015,Orthopedics,Facility_002,Ambulatory Center,Large,Fracture/Injury,Acute,PR015,Major Surgery,Surgery,13,2025-05,2025-05-05,0.7733891197391294,0.7079377477797101,0,1,0,0,1
C00055539,P004303,2024-06-30,2024-07-21,DR0015,F002,Medicare Advantage,Outpatient,Paid,DX014,PR015,7785.66,5709.74,4188.1,235.01,,73,Male,South,Provider_0015,Orthopedics,Facility_002,Ambulatory Center,Large,Fracture/Injury,Acute,PR015,Major Surgery,Surgery,21,2024-06,2024-06-24,0.7335010000455363,0.73336621429654,0,1,0,0,1
C00055691,P002904,2024-12-31,2025-01-16,,F022,Medicare Advantage,Inpatient,Paid,DX006,PR020,248.22,185.6,150.4,6.73,Missing Provider,64,Female,Northeast,,,Facility_022,Hospital,Large,Osteoarthritis,Musculoskeletal,PR020,Specialist Consultation,Professional,16,2024-12,2024-12-30,0.810344827586207,0.7477237934090726,0,0,1,0,1
C00055742,P002314,2024-08-24,2024-09-04,DR0131,F024,Medicaid,Inpatient,Reversed,DX012,PR005,1657.38,1291.04,26.66,46.53,,80,Male,South,Provider_0131,Neurology,Facility_024,Ambulatory Center,Medium,Anxiety Disorder,Behavioral Health,PR005,MRI,Diagnostic,11,2024-08,2024-08-19,0.020650018589664147,0.7789643895787326,0,0,0,1,1
C00055823,P000031,2026-07-12,2026-08-06,DR0259,F002,Commercial,Outpatient,Paid,DX025,PR015,8452.83,6093.69,4620.5,303.82,,65,Male,West,Provider_0259,Orthopedics,Facility_002,Ambulatory Center,Large,Other Condition,Other,PR015,Major Surgery,Surgery,25,2026-07,2026-07-06,0.7582433632167045,0.7209053062702077,0,1,0,0,1
C00055905,P009130,2024-03-16,2024-04-11,DR0242,F017,Commercial,Professional,Rejected,DX008,PR015,16630.64,14124.29,898.89,2699.17,,37,Female,Midwest,Provider_0242,General Surgery,Facility_017,Hospital,Medium,Heart Failure,Cardiovascular,PR015,Major Surgery,Surgery,26,2024-03,2024-03-11,0.06364142905590298,0.8492932322508335,0,1,0,0,1
C00056073,P005381,2026-06-26,2026-07-01,DR0363,F015,Self-Pay,Outpatient,Paid,DX020,PR015,10950.38,7763.57,6828.43,524.93,,79,Male,Northeast,Provider_0363,Internal Medicine,Facility_015,Hospital,Small,Gastroesophageal Reflux,Chronic,PR015,Major Surgery,Surgery,5,2026-06,2026-06-22,0.879547682316254,0.708977222708253,0,1,0,0,1
C00056155,P013017,2024-10-12,2024-10-19,,F011,Medicaid,Outpatient,Paid,DX025,PR011,385.35,290.8,221.61,2.47,Missing Provider,62,Male,South,,,Facility_011,Hospital,Large,Other Condition,Other,PR011,Cardiac Stress Test,Diagnostic,7,2024-10,2024-10-07,0.76207015130674,0.7546386401972233,0,0,1,0,1
C00056234,P016469,2025-06-08,2025-06-30,DR0256,F011,Medicaid,Professional,Paid,DX025,PR015,17605.86,15186.21,12623.22,58.94,,39,Male,Midwest,Provider_0256,General Surgery,Facility_011,Hospital,Large,Other Condition,Other,PR015,Major Surgery,Surgery,22,2025-06,2025-06-02,0.831229121683422,0.8625656457565832,0,1,0,0,1
C00056273,P002058,2025-01-27,2025-02-04,DR0035,F008,Medicare,Professional,Paid,DX023,PR008,113.49,85.89,77.49,1.28,,4,Female,Midwest,Provider_0035,Other,Facility_008,Hospital,Small,Migraine,Neurologic,PR008,Physical Therapy Session,Therapy,8,2025-01,2025-01-27,0.9022004889975549,0.7568067671160456,0,0,0,1,1
C00056277,P006141,2025-03-18,2025-04-05,DR0118,F020,Medicare,Professional,Denied,DX004,PR015,8301.09,7378.02,1152.31,936.35,,70,Female,Northeast,Provider_0118,Internal Medicine,Facility_020,Hospital,Large,Hyperlipidemia,Chronic,PR015,Major Surgery,Surgery,18,2025-03,2025-03-17,0.15618146874093589,0.8888013501841325,0,1,0,0,1
C00056314,P018295,2024-06-08,2024-06-16,DR0035,F008,Commercial,Inpatient,Paid,DX009,PR015,9466.51,7943.13,7449.72,83.01,,48,Male,West,Provider_0035,Other,Facility_008,Hospital,Small,Asthma,Respiratory,PR015,Major Surgery,Surgery,8,2024-06,2024-06-03,0.9378821698750996,0.8390769143010465,0,1,0,0,1
C00056417,P005280,2024-05-24,2024-06-22,DR0040,F013,Medicaid,Outpatient,Paid,DX019,PR015,8133.22,6465.91,6170.57,9.22,,20,Female,Midwest,Provider_0040,Other,Facility_013,Hospital,Large,Neurologic Disorder,Neurologic,PR015,Major Surgery,Surgery,29,2024-05,2024-05-20,0.954323521360489,0.7950000122952533,0,1,0,0,1
C00056497,P006676,2025-12-23,2025-12-24,DR0372,F020,Medicare,Professional,Paid,DX007,PR002,427.61,365.44,335.2,5.13,,31,Male,South,Provider_0372,Emergency Medicine,Facility_020,Hospital,Large,Coronary Artery Disease,Cardiovascular,PR002,Emergency Department Visit,Emergency,1,2025-12,2025-12-22,0.9172504378283712,0.8546105095764832,0,0,0,1,1
C00056504,P019860,2024-02-09,2024-02-19,,F005,Medicare,Professional,Paid,DX004,PR025,170.88,127.32,117.55,1.28,Missing Provider,36,Male,Northeast,,,Facility_005,Ambulatory Center,Small,Hyperlipidemia,Chronic,PR025,Other Clinical Service,Other,10,2024-02,2024-02-05,0.9232642161482878,0.7450842696629213,0,0,1,0,1
C00056535,P003070,2024-09-29,2024-10-08,DR0437,F006,Medicaid,Professional,Paid,DX014,PR019,9658.64,7959.23,7704.04,7.43,,79,Male,South,Provider_0437,Other,Facility_006,Hospital,Small,Fracture/Injury,Acute,PR019,Maternity Delivery,Obstetric,9,2024-09,2024-09-23,0.9679378532848028,0.8240528687268601,0,1,0,0,1
C00056632,P003705,2025-02-03,2025-02-28,DR0234,F019,Self-Pay,Professional,Paid,DX015,PR015,7830.82,5540.75,5373.79,125.98,,81,Male,Northeast,Provider_0234,Orthopedics,Facility_019,Ambulatory Center,Medium,Abdominal Pain,Acute,PR015,Major Surgery,Surgery,25,2025-02,2025-02-03,0.9698668952759103,0.7075568075884774,0,1,0,0,1
C00056679,P000222,2025-12-23,2026-01-20,DR0372,F020,Commercial,Professional,Paid,DX016,PR025,104.61,82.24,73.55,1.76,,70,Male,South,Provider_0372,Emergency Medicine,Facility_020,Hospital,Large,Pneumonia,Respiratory,PR025,Other Clinical Service,Other,28,2025-12,2025-12-22,0.8943336575875487,0.7861581110792467,0,0,0,1,1
C00056729,P015202,2026-06-07,2026-07-02,DR0241,F006,Self-Pay,Inpatient,Paid,DX014,PR015,9272.21,6730.4,5059.46,1215.43,,70,Female,West,Provider_0241,Orthopedics,Facility_006,Hospital,Small,Fracture/Injury,Acute,PR015,Major Surgery,Surgery,25,2026-06,2026-06-01,0.7517324378937359,0.7258679430254492,0,1,0,0,1
C00056739,P008587,2025-08-26,2025-09-08,DR0374,F022,Medicare,Outpatient,Paid,DX015,PR006,121.83,117.03,103.01,1.68,,79,Male,South,Provider_0374,General Surgery,Facility_022,Hospital,Large,Abdominal Pain,Acute,PR006,X-Ray,Diagnostic,13,2025-08,2025-08-25,0.8802016576946082,0.9606008372322088,0,0,0,1,1
C00056759,P015015,2025-02-07,2025-02-08,DR0431,F025,Medicare,Professional,Paid,DX013,PR001,160.68,113.0,97.86,2.02,,84,Female,South,Provider_0431,Internal Medicine,Facility_025,Hospital,Small,Chronic Kidney Disease,Chronic,PR001,Office/Follow-up Visit,Professional,1,2025-02,2025-02-03,0.8660176991150442,0.703261140154344,0,0,0,1,1
C00056765,P005732,2024-04-30,2024-05-04,DR0363,F015,Medicare Advantage,Professional,Paid,DX020,PR006,30.8,29.72,29.1,0.12,,72,Male,Northeast,Provider_0363,Internal Medicine,Facility_015,Hospital,Small,Gastroesophageal Reflux,Chronic,PR006,X-Ray,Diagnostic,4,2024-04,2024-04-29,0.9791386271870794,0.9649350649350649,0,0,0,1,1
C00056832,P013423,2025-01-19,2025-02-04,DR0226,F013,Medicaid,Professional,Denied,DX011,PR006,88.03,76.49,12.14,1.85,,55,Female,South,Provider_0226,Family Medicine,Facility_013,Hospital,Large,Depression,Behavioral Health,PR006,X-Ray,Diagnostic,16,2025-01,2025-01-13,0.15871355732775527,0.8689083267068044,0,0,0,1,1
C00056837,P007253,2024-11-07,2024-11-11,DR0242,F017,Medicare,Inpatient,Paid,DX015,PR015,12117.41,9019.13,7303.88,293.02,,69,Male,South,Provider_0242,General Surgery,Facility_017,Hospital,Medium,Abdominal Pain,Acute,PR015,Major Surgery,Surgery,4,2024-11,2024-11-04,0.8098209029030518,0.7443116969715475,0,1,0,0,1
C00056858,P019744,2024-04-16,2024-05-16,DR0173,F018,Medicare Advantage,Professional,Denied,DX005,PR008,85.89,67.59,13.65,8.03,,52,Male,Northeast,Provider_0173,Family Medicine,Facility_018,Specialty Center,Large,Low Back Pain,Musculoskeletal,PR008,Physical Therapy Session,Therapy,30,2024-04,2024-04-15,0.20195295162006213,0.7869367796018163,0,0,0,1,1
C00056859,P001875,2026-07-23,2026-08-09,DR0117,F008,Medicaid,Outpatient,Paid,DX018,PR019,11510.17,9103.75,6482.06,64.0,,58,Male,South,Provider_0117,Obstetrics & Gynecology,Facility_008,Hospital,Small,Pregnancy-Related,Obstetric,PR019,Maternity Delivery,Obstetric,17,2026-07,2026-07-20,0.71202087052039,0.7909309766927856,0,1,0,0,1
C00057003,P001573,2025-02-23,2025-03-14,,F002,Commercial,Professional,Paid,DX014,PR006,86.6,77.74,75.04,0.49,Missing Provider,93,Male,South,,,Facility_002,Ambulatory Center,Large,Fracture/Injury,Acute,PR006,X-Ray,Diagnostic,19,2025-02,2025-02-17,0.9652688448675072,0.8976905311778292,0,0,1,0,1
C00057005,P013567,2024-11-22,2024-12-08,DR0090,F004,Self-Pay,Professional,Paid,DX025,PR015,11597.74,8187.35,6896.73,719.5,,42,Male,South,Provider_0090,General Surgery,Facility_004,Clinic,Medium,Other Condition,Other,PR015,Major Surgery,Surgery,16,2024-11,2024-11-18,0.8423641349154487,0.7059435717648439,0,1,0,0,1
C00057080,P016918,2026-03-30,2026-03-31,DR0283,F017,Other,Inpatient,Paid,DX025,PR019,9282.2,6642.66,5368.03,330.49,,68,Male,Midwest,Provider_0283,Other,Facility_017,Hospital,Medium,Other Condition,Other,PR019,Maternity Delivery,Obstetric,1,2026-03,2026-03-30,0.8081145203879169,0.7156342246450195,0,1,0,0,1
C00057243,P012853,2024-05-21,2024-05-28,DR0052,F006,Medicaid,Inpatient,Paid,DX014,PR015,10734.05,10223.91,8417.17,46.56,,55,Male,South,Provider_0052,General Surgery,Facility_006,Hospital,Small,Fracture/Injury,Acute,PR015,Major Surgery,Surgery,7,2024-05,2024-05-20,0.8232828731864815,0.9524746018511187,0,1,0,0,1
C00057249,P001361,2025-04-17,2025-05-16,,F001,Medicare Advantage,Outpatient,Paid,DX007,PR003,8.48,6.22,4.38,0.29,Missing Provider,16,Male,West,,,Facility_001,Hospital,Large,Coronary Artery Disease,Cardiovascular,PR003,Routine Lab Panel,Diagnostic,29,2025-04,2025-04-14,0.7041800643086816,0.7334905660377358,0,0,1,0,1
C00057300,P018301,2025-05-21,2025-05-24,DR0241,F006,Commercial,Inpatient,Rejected,DX001,PR015,10430.91,8747.01,110.0,1784.6,,87,Male,West,Provider_0241,Orthopedics,Facility_006,Hospital,Small,Essential Hypertension,Chronic,PR015,Major Surgery,Surgery,3,2025-05,2025-05-19,0.012575725876613836,0.8385663379321651,0,1,0,0,1
C00057459,P019897,2026-04-18,2026-04-23,DR0283,F017,Medicare,Professional,Paid,DX021,PR004,2368.17,2063.04,1693.41,42.99,,79,Female,Northeast,Provider_0283,Other,Facility_017,Hospital,Medium,Skin Infection,Acute,PR004,Advanced Imaging - CT,Diagnostic,5,2026-04,2026-04-13,0.8208323638901815,0.8711536756229493,0,0,0,1,1
C00057519,P002733,2024-02-21,2024-02-26,DR0318,F023,Commercial,Professional,Paid,DX005,PR015,8065.78,6781.14,6548.37,39.91,,68,Male,South,Provider_0318,Orthopedics,Facility_023,Clinic,Medium,Low Back Pain,Musculoskeletal,PR015,Major Surgery,Surgery,5,2024-02,2024-02-19,0.9656739132358275,0.8407296008569538,0,1,0,0,1
C00057548,P004474,2025-01-08,2025-01-14,DR0382,F012,Medicare,Professional,Paid,DX003,PR003,62.17,43.62,45.14,0.0,Paid Greater Than Allowed,37,Male,Northeast,Provider_0382,Pediatrics,Facility_012,Ambulatory Center,Medium,Upper Respiratory Infection,Acute,PR003,Routine Lab Panel,Diagnostic,6,2025-01,2025-01-06,1.0348464007336085,0.7016245777706288,1,0,0,0,1
C00057565,P019150,2025-06-03,2025-06-16,DR0104,F005,Other,Inpatient,Denied,DX013,PR015,14158.79,10077.5,2462.33,2085.7,,62,Female,South,Provider_0104,Internal Medicine,Facility_005,Ambulatory Center,Small,Chronic Kidney Disease,Chronic,PR015,Major Surgery,Surgery,13,2025-06,2025-06-02,0.2443393698834036,0.7117486734389026,0,1,0,0,1
C00057620,P012721,2026-03-31,2026-04-01,DR0148,F020,Medicaid,Professional,Paid,DX015,PR001,300.7,232.59,199.57,1.03,,52,Female,South,Provider_0148,Family Medicine,Facility_020,Hospital,Large,Abdominal Pain,Acute,PR001,Office/Follow-up Visit,Professional,1,2026-03,2026-03-30,0.8580334494174298,0.7734951779181909,0,0,0,1,1
C00057645,P003288,2024-11-04,2024-11-19,DR0221,F009,Workers Comp,Professional,Paid,DX025,PR015,15230.53,12589.51,11013.55,107.63,,88,Female,West,Provider_0221,General Surgery,Facility_009,Hospital,Small,Other Condition,Other,PR015,Major Surgery,Surgery,15,2024-11,2024-11-04,0.8748195918665619,0.826596973316096,0,1,0,0,1
C00057782,P012045,2024-12-30,2025-01-13,DR0218,F016,Commercial,Inpatient,Paid,DX025,PR015,14135.25,11832.93,11142.23,119.66,,73,Male,South,Provider_0218,General Surgery,Facility_016,Hospital,Small,Other Condition,Other,PR015,Major Surgery,Surgery,14,2024-12,2024-12-30,0.9416289963686085,0.8371220883960312,0,1,0,0,1
C00057874,P008211,2024-05-29,2024-06-21,DR0191,F020,Medicaid,Professional,Reversed,DX012,PR014,198.01,189.27,14.76,4.71,,64,Female,South,Provider_0191,Family Medicine,Facility_020,Hospital,Large,Anxiety Disorder,Behavioral Health,PR014,Minor Skin Procedure,Procedure,23,2024-05,2024-05-27,0.07798383262006657,0.955860815110348,0,0,0,1,1
C00057901,P018298,2025-01-06,2025-01-07,DR0336,F017,Self-Pay,Outpatient,Paid,DX003,PR020,212.76,168.49,122.5,26.34,,73,Female,Midwest,Provider_0336,Family Medicine,Facility_017,Hospital,Medium,Upper Respiratory Infection,Acute,PR020,Specialist Consultation,Professional,1,2025-01,2025-01-06,0.7270461154964686,0.7919251739048694,0,0,0,1,1
C00057995,P019437,2025-10-12,2025-10-26,,F002,Other,Professional,Paid,DX025,PR001,512.56,394.43,351.29,14.33,Missing Provider,86,Male,West,,,Facility_002,Ambulatory Center,Large,Other Condition,Other,PR001,Office/Follow-up Visit,Professional,14,2025-10,2025-10-06,0.8906269807063357,0.7695294209458405,0,0,1,0,1
C00058011,P013787,2024-04-18,2024-04-28,DR0173,F018,Commercial,Professional,Paid,DX025,PR020,636.71,557.99,424.56,28.05,,35,Female,Midwest,Provider_0173,Family Medicine,Facility_018,Specialty Center,Large,Other Condition,Other,PR020,Specialist Consultation,Professional,10,2024-04,2024-04-15,0.7608738507858563,0.8763644359284446,0,0,0,1,1
C00058020,P016566,2025-02-08,2025-02-24,DR0431,F025,Commercial,Professional,Paid,DX002,PR020,206.75,188.96,181.94,1.29,,91,Female,Midwest,Provider_0431,Internal Medicine,Facility_025,Hospital,Small,Type 2 Diabetes,Chronic,PR020,Specialist Consultation,Professional,16,2025-02,2025-02-03,0.9628492802709567,0.9139540507859735,0,0,0,1,1
C00058040,P005526,2025-08-07,2025-08-19,DR0256,F011,Medicare Advantage,Inpatient,Paid,DX025,PR015,40737.72,36551.95,34488.84,269.49,,74,Male,West,Provider_0256,General Surgery,Facility_011,Hospital,Large,Other Condition,Other,PR015,Major Surgery,Surgery,12,2025-08,2025-08-04,0.9435567733048442,0.8972507543377488,0,1,0,0,1
C00058175,P015105,2025-01-12,2025-02-04,DR0218,F016,Medicare Advantage,Inpatient,Paid,DX012,PR015,20668.46,17909.03,15781.72,323.47,,82,Female,South,Provider_0218,General Surgery,Facility_016,Hospital,Small,Anxiety Disorder,Behavioral Health,PR015,Major Surgery,Surgery,23,2025-01,2025-01-06,0.8812157889064902,0.8664907787033964,0,1,0,0,1
C00058273,P009354,2025-01-30,2025-02-02,DR0035,F008,Commercial,Outpatient,Paid,DX009,PR006,135.58,99.07,77.09,5.38,,66,Male,West,Provider_0035,Other,Facility_008,Hospital,Small,Asthma,Respiratory,PR006,X-Ray,Diagnostic,3,2025-01,2025-01-27,0.7781366710406784,0.7307124944682105,0,0,0,1,1
C00058424,P014572,2024-05-14,2024-05-24,DR0319,F005,Medicare,Professional,Denied,DX008,PR015,15168.33,12768.85,139.1,1800.9,,74,Male,West,Provider_0319,Orthopedics,Facility_005,Ambulatory Center,Small,Heart Failure,Cardiovascular,PR015,Major Surgery,Surgery,10,2024-05,2024-05-13,0.010893698336185325,0.8418098762355514,0,1,0,0,1
C00058559,P004890,2026-03-06,2026-03-28,DR0397,F019,Commercial,Outpatient,Paid,DX003,PR001,127.2,116.49,94.74,4.32,,40,Female,Northeast,Provider_0397,Pediatrics,Facility_019,Ambulatory Center,Medium,Upper Respiratory Infection,Acute,PR001,Office/Follow-up Visit,Professional,22,2026-03,2026-03-02,0.8132886943085244,0.9158018867924528,0,0,0,1,1
C00058578,P007403,2025-01-27,2025-02-15,DR0035,F008,Medicare,Outpatient,Paid,DX004,PR021,153.8,141.18,124.8,1.83,,30,Female,West,Provider_0035,Other,Facility_008,Hospital,Small,Hyperlipidemia,Chronic,PR021,Behavioral Health Session,Behavioral,19,2025-01,2025-01-27,0.8839779005524862,0.9179453836150845,0,0,0,1,1
C00058584,P013188,2025-11-27,2025-12-15,DR0213,F014,Medicare Advantage,Professional,Paid,DX001,PR023,8910.39,6354.68,5909.97,61.05,,84,Male,South,Provider_0213,Other,Facility_014,Hospital,Small,Essential Hypertension,Chronic,PR023,Ambulance Transport,Emergency,18,2025-11,2025-11-24,0.9300185060459378,0.7131764153982038,0,1,0,0,1
C00058618,P002927,2025-01-15,2025-02-02,DR0031,F004,Medicare Advantage,Inpatient,Paid,DX025,PR018,492.57,406.71,300.46,15.34,,59,Male,South,Provider_0031,Oncology,Facility_004,Clinic,Medium,Other Condition,Other,PR018,Radiation Therapy,Oncology,18,2025-01,2025-01-13,0.7387573455287552,0.8256897496802484,0,0,0,1,1
C00058651,P016742,2024-02-29,2024-03-14,DR0242,F017,Medicaid,Professional,Paid,DX014,PR015,12224.67,9084.31,7821.54,38.82,,52,Female,West,Provider_0242,General Surgery,Facility_017,Hospital,Medium,Fracture/Injury,Acute,PR015,Major Surgery,Surgery,14,2024-02,2024-02-26,0.8609943958319345,0.7431129020251671,0,1,0,0,1
C00058765,P008331,2024-07-30,2024-08-24,DR0093,F013,Medicaid,Professional,Denied,DX013,PR003,55.69,40.11,5.94,1.15,,13,Male,Midwest,Provider_0093,Internal Medicine,Facility_013,Hospital,Large,Chronic Kidney Disease,Chronic,PR003,Routine Lab Panel,Diagnostic,25,2024-07,2024-07-29,0.14809274495138372,0.7202370263961214,0,0,0,1,1
C00058812,P014583,2025-10-22,2025-11-03,,F001,Medicare,Professional,Paid,DX001,PR011,828.45,652.06,529.92,16.11,Missing Provider,5,Male,South,,,Facility_001,Hospital,Large,Essential Hypertension,Chronic,PR011,Cardiac Stress Test,Diagnostic,12,2025-10,2025-10-20,0.8126859491457842,0.7870843140805117,0,0,1,0,1
C00058819,P015428,2026-05-12,2026-06-04,,F011,Other,Professional,Paid,DX012,PR009,183.97,164.47,161.07,0.91,Missing Provider,7,Female,West,,,Facility_011,Hospital,Large,Anxiety Disorder,Behavioral Health,PR009,Joint Injection,Procedure,23,2026-05,2026-05-11,0.9793275369368274,0.8940044572484644,0,0,1,0,1
C00058833,P015459,2024-12-31,2025-01-09,DR0240,F013,Medicaid,Professional,Paid,DX022,PR006,104.12,75.56,64.88,0.28,,67,Female,Midwest,Provider_0240,Pediatrics,Facility_013,Hospital,Large,Urinary Tract Infection,Acute,PR006,X-Ray,Diagnostic,9,2024-12,2024-12-30,0.8586553732133403,0.7257011140991164,0,0,0,1,1
C00059215,P001551,2024-11-06,2024-11-16,DR0081,F012,Medicare,Professional,Paid,DX013,PR006,106.42,90.24,88.39,0.28,,76,Female,West,Provider_0081,Internal Medicine,Facility_012,Ambulatory Center,Medium,Chronic Kidney Disease,Chronic,PR006,X-Ray,Diagnostic,10,2024-11,2024-11-04,0.9794991134751774,0.8479609096034579,0,0,0,1,1
C00059218,P011188,2024-12-09,2025-01-04,DR0035,F008,Commercial,Outpatient,Rejected,DX021,PR015,10490.94,8917.49,2109.69,1489.44,,44,Female,West,Provider_0035,Other,Facility_008,Hospital,Small,Skin Infection,Acute,PR015,Major Surgery,Surgery,26,2024-12,2024-12-09,0.2365789028078529,0.8500182061855276,0,1,0,0,1
C00059232,P012790,2025-12-23,2026-01-06,DR0372,F020,Medicare Advantage,Professional,Paid,DX006,PR023,747.71,685.06,548.18,26.16,,33,Male,West,Provider_0372,Emergency Medicine,Facility_020,Hospital,Large,Osteoarthritis,Musculoskeletal,PR023,Ambulance Transport,Emergency,14,2025-12,2025-12-22,0.8001926838525093,0.9162108304021611,0,0,0,1,1
C00059319,P000126,2024-09-20,2024-10-11,DR0006,F007,Medicare Advantage,Professional,Paid,DX024,PR015,8887.2,7801.98,5774.35,343.33,,80,Female,South,Provider_0006,Orthopedics,Facility_007,Hospital,Large,Thyroid Disorder,Chronic,PR015,Major Surgery,Surgery,21,2024-09,2024-09-16,0.7401134071094774,0.8778895490143126,0,1,0,0,1
C00059407,P013161,2024-07-21,2024-08-05,DR0404,F020,Commercial,Inpatient,Denied,DX005,PR015,12450.27,11162.83,1320.31,2399.8,,5,Female,Northeast,Provider_0404,Orthopedics,Facility_020,Hospital,Large,Low Back Pain,Musculoskeletal,PR015,Major Surgery,Surgery,15,2024-07,2024-07-15,0.11827735439848139,0.8965934072112492,0,1,0,0,1
C00059447,P013676,2025-07-04,2025-08-01,DR0354,F003,Commercial,Professional,Paid,DX012,PR015,14099.49,11924.09,10311.85,374.77,,37,Male,South,Provider_0354,Family Medicine,Facility_003,Clinic,Small,Anxiety Disorder,Behavioral Health,PR015,Major Surgery,Surgery,28,2025-07,2025-06-30,0.8647913593406289,0.8457107313810641,0,1,0,0,1
C00059465,P006552,2026-01-19,2026-02-11,DR0263,F021,Medicare,Professional,Paid,DX004,PR015,12027.41,9909.45,7642.33,252.48,,81,Female,Midwest,Provider_0263,Orthopedics,Facility_021,Ambulatory Center,Small,Hyperlipidemia,Chronic,PR015,Major Surgery,Surgery,23,2026-01,2026-01-19,0.7712163641776284,0.8239055623779351,0,1,0,0,1
C00059517,P010425,2025-12-05,2025-12-19,DR0288,F012,Workers Comp,Outpatient,Paid,DX001,PR012,530.36,372.65,358.53,1.37,,88,Female,South,Provider_0288,Cardiology,Facility_012,Ambulatory Center,Medium,Essential Hypertension,Chronic,PR012,Echocardiogram,Diagnostic,14,2025-12,2025-12-01,0.9621092177646585,0.7026359453955803,0,0,0,1,1
C00059576,P011662,2024-06-28,2024-07-11,DR0006,F007,Medicare,Professional,Paid,DX014,PR015,9575.57,8376.33,8123.28,29.98,,71,Male,Northeast,Provider_0006,Orthopedics,Facility_007,Hospital,Large,Fracture/Injury,Acute,PR015,Major Surgery,Surgery,13,2024-06,2024-06-24,0.9697898721755231,0.8747604581241639,0,1,0,0,1
C00059692,P014798,2024-12-31,2025-01-12,DR0201,F015,Medicare Advantage,Professional,Denied,DX005,PR015,16056.02,11485.9,1134.06,1761.42,,72,Female,South,Provider_0201,Orthopedics,Facility_015,Hospital,Small,Low Back Pain,Musculoskeletal,PR015,Major Surgery,Surgery,12,2024-12,2024-12-30,0.09873497070321002,0.7153640815096144,0,1,0,0,1
C00059710,P015095,2024-07-17,2024-07-22,DR0311,F013,Commercial,Professional,Paid,DX006,PR008,125.83,100.93,98.79,0.51,,5,Male,South,Provider_0311,Orthopedics,Facility_013,Hospital,Large,Osteoarthritis,Musculoskeletal,PR008,Physical Therapy Session,Therapy,5,2024-07,2024-07-15,0.9787971861686318,0.8021139632837957,0,0,0,1,1
C00059737,P010543,2025-11-22,2025-11-29,DR0341,F022,Medicare Advantage,Professional,Paid,DX011,PR019,8028.32,7607.89,6887.46,132.05,,79,Female,Midwest,Provider_0341,Obstetrics & Gynecology,Facility_022,Hospital,Large,Depression,Behavioral Health,PR019,Maternity Delivery,Obstetric,7,2025-11,2025-11-17,0.90530488742608,0.9476316340155849,0,1,0,0,1
C00059773,P013394,2025-06-24,2025-07-22,DR0416,F014,Self-Pay,Outpatient,Paid,DX014,PR015,13346.27,11591.82,11132.36,354.54,,59,Female,Midwest,Provider_0416,Orthopedics,Facility_014,Hospital,Small,Fracture/Injury,Acute,PR015,Major Surgery,Surgery,28,2025-06,2025-06-23,0.9603634286936823,0.86854379538253,0,1,0,0,1
C00059895,P017339,2025-05-20,2025-05-20,DR0020,F024,Medicare,Inpatient,Rejected,DX025,PR019,9564.4,8401.98,954.38,879.01,,54,Male,Midwest,Provider_0020,Obstetrics & Gynecology,Facility_024,Ambulatory Center,Medium,Other Condition,Other,PR019,Maternity Delivery,Obstetric,0,2025-05,2025-05-19,0.11358989190643158,0.8784638869139726,0,1,0,0,1
C00059900,P000489,2025-12-02,2025-12-31,DR0288,F012,Medicare,Professional,Paid,DX001,PR003,67.21,62.94,44.97,2.07,,77,Other,South,Provider_0288,Cardiology,Facility_012,Ambulatory Center,Medium,Essential Hypertension,Chronic,PR003,Routine Lab Panel,Diagnostic,29,2025-12,2025-12-01,0.7144899904671116,0.9364677875316174,0,0,0,1,1
C00059903,P015628,2026-03-28,2026-04-18,DR0263,F021,Medicare Advantage,Professional,Rejected,DX005,PR015,17443.3,13687.68,3321.25,1271.43,,63,Male,Midwest,Provider_0263,Orthopedics,Facility_021,Ambulatory Center,Small,Low Back Pain,Musculoskeletal,PR015,Major Surgery,Surgery,21,2026-03,2026-03-23,0.24264521087576565,0.7846955564600735,0,1,0,0,1
C00059917,P005818,2025-11-17,2025-12-02,DR0346,F007,Commercial,Professional,Paid,DX014,PR015,10315.09,7867.25,7099.96,169.19,,61,Male,West,Provider_0346,Orthopedics,Facility_007,Hospital,Large,Fracture/Injury,Acute,PR015,Major Surgery,Surgery,15,2025-11,2025-11-17,0.9024703676634148,0.7626932969077342,0,1,0,0,1
C00059923,P006382,2024-01-13,2024-02-02,DR0422,F018,Medicare,Professional,Paid,DX014,PR015,13360.79,10244.69,9250.58,123.17,,68,Female,South,Provider_0422,Orthopedics,Facility_018,Specialty Center,Large,Fracture/Injury,Acute,PR015,Major Surgery,Surgery,20,2024-01,2024-01-08,0.9029633888385105,0.7667727731668561,0,1,0,0,1
C00059960,P013666,2026-04-02,2026-04-16,DR0443,F019,Medicaid,Inpatient,Paid,DX003,PR020,620.83,539.64,425.35,3.32,,65,Male,West,Provider_0443,Family Medicine,Facility_019,Ambulatory Center,Medium,Upper Respiratory Infection,Acute,PR020,Specialist Consultation,Professional,14,2026-04,2026-03-30,0.7882106589578238,0.8692234589179002,0,0,0,1,1
C00060023,P001364,2024-05-15,2024-06-12,DR0103,F008,Medicare,Inpatient,Paid,DX023,PR005,9963.23,9337.2,7469.65,303.97,,71,Female,Northeast,Provider_0103,Neurology,Facility_008,Hospital,Small,Migraine,Neurologic,PR005,MRI,Diagnostic,28,2024-05,2024-05-13,0.7999882191663452,0.9371659592320966,0,1,0,0,1
C00060056,P019513,2025-05-24,2025-06-20,DR0052,F006,Medicare,Outpatient,Paid,DX014,PR015,14373.13,11565.5,9514.86,226.4,,72,Male,West,Provider_0052,General Surgery,Facility_006,Hospital,Small,Fracture/Injury,Acute,PR015,Major Surgery,Surgery,27,2025-05,2025-05-19,0.82269335523756,0.8046611976653659,0,1,0,0,1
C00060163,P020000,2025-12-23,2026-01-11,DR0372,F020,Other,Outpatient,Rejected,DX025,PR023,775.89,740.93,173.86,164.07,,83,Male,West,Provider_0372,Emergency Medicine,Facility_020,Hospital,Large,Other Condition,Other,PR023,Ambulance Transport,Emergency,19,2025-12,2025-12-22,0.23465104665757902,0.9549420665300493,0,0,0,1,1
C00060258,P015776,2024-10-05,2024-10-16,DR0242,F017,Medicare,Inpatient,Paid,DX020,PR025,260.97,215.33,182.84,3.76,,67,Female,South,Provider_0242,General Surgery,Facility_017,Hospital,Medium,Gastroesophageal Reflux,Chronic,PR025,Other Clinical Service,Other,11,2024-10,2024-09-30,0.8491153113825292,0.8251139977775223,0,0,0,1,1
C00060280,P018366,2025-02-27,2025-03-20,DR0199,F008,Self-Pay,Professional,Denied,DX002,PR025,59.04,48.02,11.77,19.35,,47,Female,Midwest,Provider_0199,Family Medicine,Facility_008,Hospital,Small,Type 2 Diabetes,Chronic,PR025,Other Clinical Service,Other,21,2025-02,2025-02-24,0.24510620574760514,0.8133468834688348,0,0,0,1,1
C00060304,P011348,2025-12-23,2026-01-13,DR0372,F020,Commercial,Professional,Paid,DX014,PR023,3373.48,2982.89,2491.5,94.7,,85,Male,South,Provider_0372,Emergency Medicine,Facility_020,Hospital,Large,Fracture/Injury,Acute,PR023,Ambulance Transport,Emergency,21,2025-12,2025-12-22,0.8352637878031037,0.8842174846152934,0,0,0,1,1
C00060306,P007301,2024-01-28,2024-01-29,DR0242,F017,Medicare,Inpatient,Paid,DX025,PR015,11894.33,9281.08,7342.47,298.85,,60,Male,Northeast,Provider_0242,General Surgery,Facility_017,Hospital,Medium,Other Condition,Other,PR015,Major Surgery,Surgery,1,2024-01,2024-01-22,0.7911223693794257,0.7802944764438182,0,1,0,0,1
C00060342,P002595,2025-07-26,2025-07-27,DR0006,F007,Medicare,Professional,Paid,DX014,PR015,9025.51,6333.11,5495.01,134.93,,62,Male,South,Provider_0006,Orthopedics,Facility_007,Hospital,Large,Fracture/Injury,Acute,PR015,Major Surgery,Surgery,1,2025-07,2025-07-21,0.8676637544587099,0.7016899876018086,0,1,0,1,1
C00060343,P003765,2026-09-22,2026-09-28,DR0318,F023,Medicare Advantage,Professional,Paid,DX006,PR015,7789.1,5787.41,5312.0,85.14,,24,Female,South,Provider_0318,Orthopedics,Facility_023,Clinic,Medium,Osteoarthritis,Musculoskeletal,PR015,Major Surgery,Surgery,6,2026-09,2026-09-21,0.9178544461166567,0.7430139553992117,0,1,0,0,1
C00060360,P007713,2024-11-14,2024-11-17,DR0196,F010,Medicare,Professional,Paid,DX014,PR015,7888.85,6358.47,4536.37,265.08,,71,Male,South,Provider_0196,Orthopedics,Facility_010,Hospital,Medium,Fracture/Injury,Acute,PR015,Major Surgery,Surgery,3,2024-11,2024-11-11,0.7134373520673998,0.8060072127116119,0,1,0,0,1
C00060416,P007530,2024-03-04,2024-03-05,DR0376,F022,Medicaid,Professional,Paid,DX007,PR015,9886.12,7433.56,5420.78,48.69,,68,Male,West,Provider_0376,Orthopedics,Facility_022,Hospital,Large,Coronary Artery Disease,Cardiovascular,PR015,Major Surgery,Surgery,1,2024-03,2024-03-04,0.7292306781676612,0.7519188518852694,0,1,0,0,1
C00060451,P006170,2024-10-04,2024-10-19,DR0242,F017,Commercial,Professional,Reversed,DX025,PR010,512.5,431.36,80.77,73.97,,85,Female,Northeast,Provider_0242,General Surgery,Facility_017,Hospital,Medium,Other Condition,Other,PR010,Colonoscopy,Procedure,15,2024-10,2024-09-30,0.18724499258160235,0.8416780487804878,0,0,0,1,1
C00060569,P009499,2025-04-17,2025-04-23,DR0341,F022,Medicare,Outpatient,Paid,DX002,PR019,13281.9,11063.36,10311.67,90.47,,52,Female,South,Provider_0341,Obstetrics & Gynecology,Facility_022,Hospital,Large,Type 2 Diabetes,Chronic,PR019,Maternity Delivery,Obstetric,6,2025-04,2025-04-14,0.9320559034506696,0.8329651631167229,0,1,0,0,1
C00060602,P017934,2024-04-18,2024-04-23,DR0282,F011,Medicare Advantage,Professional,Denied,DX002,PR004,759.46,596.19,26.66,112.11,,60,Male,West,Provider_0282,Family Medicine,Facility_011,Hospital,Large,Type 2 Diabetes,Chronic,PR004,Advanced Imaging - CT,Diagnostic,5,2024-04,2024-04-15,0.044717288112849925,0.7850183024780766,0,0,0,1,1
C00060622,P017179,2024-03-08,2024-03-08,DR0342,F012,Medicare Advantage,Professional,Paid,DX020,PR015,9689.33,7478.84,5308.02,374.66,,23,Female,South,Provider_0342,Other,Facility_012,Ambulatory Center,Medium,Gastroesophageal Reflux,Chronic,PR015,Major Surgery,Surgery,0,2024-03,2024-03-04,0.7097384086302154,0.7718634828207936,0,1,0,0,1
C00060660,P004660,2026-09-26,2026-10-12,DR0233,F001,Commercial,Inpatient,Paid,DX010,PR008,49.83,41.77,42.73,0.0,Paid Greater Than Allowed,64,Male,South,Provider_0233,Other,Facility_001,Hospital,Large,COPD,Respiratory,PR008,Physical Therapy Session,Therapy,16,2026-09,2026-09-21,1.0229830021546562,0.8382500501705801,1,0,0,0,1
C00060866,P011116,2024-01-19,2024-02-09,DR0336,F017,Workers Comp,Outpatient,Paid,DX025,PR016,1020.17,760.52,609.83,12.78,,74,Female,South,Provider_0336,Family Medicine,Facility_017,Hospital,Medium,Other Condition,Other,PR016,Inpatient Daily Care,Inpatient,21,2024-01,2024-01-15,0.8018592541944985,0.7454835958712763,0,0,0,1,1
C00060881,P007679,2024-04-15,2024-05-11,DR0263,F021,Medicare,Outpatient,Paid,DX005,PR015,7711.29,6155.46,5465.29,114.82,,48,Female,South,Provider_0263,Orthopedics,Facility_021,Ambulatory Center,Small,Low Back Pain,Musculoskeletal,PR015,Major Surgery,Surgery,26,2024-04,2024-04-15,0.8878767793146247,0.7982399831934734,0,1,0,0,1
C00061048,P019450,2024-11-03,2024-11-28,DR0196,F010,Medicare,Outpatient,Paid,DX014,PR015,8164.29,7458.69,6746.47,105.53,,61,Female,Midwest,Provider_0196,Orthopedics,Facility_010,Hospital,Medium,Fracture/Injury,Acute,PR015,Major Surgery,Surgery,25,2024-11,2024-10-28,0.90451138202553,0.9135748485171399,0,1,0,0,1
C00061069,P016999,2025-01-01,2025-01-18,DR0240,F013,Medicare Advantage,Professional,Paid,DX021,PR002,1123.87,934.56,774.51,24.83,,22,Female,West,Provider_0240,Pediatrics,Facility_013,Hospital,Large,Skin Infection,Acute,PR002,Emergency Department Visit,Emergency,17,2025-01,2024-12-30,0.8287429378531074,0.831555251052168,0,0,0,1,1
C00061080,P009389,2025-01-16,2025-02-10,DR0226,F013,Medicare,Professional,Paid,DX005,PR003,26.14,23.71,18.68,0.79,,32,Female,Northeast,Provider_0226,Family Medicine,Facility_013,Hospital,Large,Low Back Pain,Musculoskeletal,PR003,Routine Lab Panel,Diagnostic,25,2025-01,2025-01-13,0.7878532264867144,0.9070390206579955,0,0,0,1,1
C00061167,P010645,2024-02-26,2024-03-25,DR0163,F007,Medicare,Professional,Reversed,DX022,PR015,15870.01,11424.18,306.19,1630.82,,71,Male,Midwest,Provider_0163,Orthopedics,Facility_007,Hospital,Large,Urinary Tract Infection,Acute,PR015,Major Surgery,Surgery,28,2024-02,2024-02-26,0.026801923639158346,0.7198596598237809,0,1,0,0,1
C00061304,P018105,2025-01-14,2025-01-14,,F005,Medicare,Outpatient,Paid,DX003,PR001,121.2,88.92,67.04,2.95,Missing Provider,42,Female,Midwest,,,Facility_005,Ambulatory Center,Small,Upper Respiratory Infection,Acute,PR001,Office/Follow-up Visit,Professional,0,2025-01,2025-01-13,0.753936122357175,0.7336633663366336,0,0,1,0,1
C00061345,P009197,2025-10-25,2025-11-08,DR0374,F022,Commercial,Inpatient,Paid,DX025,PR010,13720.16,9842.23,8686.15,259.37,,48,Female,South,Provider_0374,General Surgery,Facility_022,Hospital,Large,Other Condition,Other,PR010,Colonoscopy,Procedure,14,2025-10,2025-10-20,0.8825388148823996,0.7173553369640004,0,1,0,0,1
C00061380,P002938,2025-11-06,2025-11-29,DR0350,F005,Medicare,Professional,Paid,DX010,PR015,13322.99,12883.83,10554.91,316.64,,37,Male,West,Provider_0350,General Surgery,Facility_005,Ambulatory Center,Small,COPD,Respiratory,PR015,Major Surgery,Surgery,23,2025-11,2025-11-03,0.819236981549741,0.9670374292857684,0,1,0,0,1
C00061406,P008699,2026-02-02,2026-02-17,,F006,Commercial,Professional,Paid,DX014,PR010,1865.78,1602.14,1363.65,54.23,Missing Provider,38,Female,West,,,Facility_006,Hospital,Small,Fracture/Injury,Acute,PR010,Colonoscopy,Procedure,15,2026-02,2026-02-02,0.8511428464428826,0.8586971668685484,0,0,1,0,1
C00061479,P000774,2025-08-22,2025-08-22,DR0242,F017,Self-Pay,Inpatient,Paid,DX014,PR015,8604.97,7343.95,5817.84,1038.85,,47,Female,South,Provider_0242,General Surgery,Facility_017,Hospital,Medium,Fracture/Injury,Acute,PR015,Major Surgery,Surgery,0,2025-08,2025-08-18,0.7921949359677013,0.8534544571334939,0,1,0,0,1
C00061610,P002778,2025-02-05,2025-03-01,DR0431,F025,Medicaid,Professional,Denied,DX025,PR003,52.77,38.58,7.99,1.02,,59,Male,Northeast,Provider_0431,Internal Medicine,Facility_025,Hospital,Small,Other Condition,Other,PR003,Routine Lab Panel,Diagnostic,24,2025-02,2025-02-03,0.20710212545360293,0.7310972143263217,0,0,0,1,1
C00061627,P007171,2026-09-04,2026-09-19,DR0263,F021,Medicare,Outpatient,Denied,DX013,PR015,11211.42,9622.25,674.81,1203.2,,73,Female,West,Provider_0263,Orthopedics,Facility_021,Ambulatory Center,Small,Chronic Kidney Disease,Chronic,PR015,Major Surgery,Surgery,15,2026-09,2026-08-31,0.07013016706071865,0.8582543513667314,0,1,0,0,1
C00061677,P007303,2026-08-02,2026-08-20,DR0376,F022,Commercial,Outpatient,Paid,DX005,PR015,8381.78,8069.09,5699.33,424.0,,83,Female,South,Provider_0376,Orthopedics,Facility_022,Hospital,Large,Low Back Pain,Musculoskeletal,PR015,Major Surgery,Surgery,18,2026-08,2026-07-27,0.7063163256327541,0.9626940816867061,0,1,0,0,1
C00061682,P019473,2024-11-15,2024-12-03,DR0302,F020,Commercial,Professional,Denied,DX012,PR006,86.17,71.9,8.57,14.47,,44,Female,South,Provider_0302,Internal Medicine,Facility_020,Hospital,Large,Anxiety Disorder,Behavioral Health,PR006,X-Ray,Diagnostic,18,2024-11,2024-11-11,0.11919332406119611,0.8343971219682025,0,0,0,1,1
C00061732,P019942,2024-07-13,2024-07-22,,F003,Medicaid,Professional,Paid,DX025,PR019,4186.06,3896.77,3121.51,21.7,Missing Provider,96,Male,Midwest,,,Facility_003,Clinic,Small,Other Condition,Other,PR019,Maternity Delivery,Obstetric,9,2024-07,2024-07-08,0.8010506137134089,0.9308920560144861,0,0,1,0,1
C00061808,P016588,2024-06-15,2024-06-25,DR0301,F007,Medicare,Outpatient,Paid,DX007,PR001,506.4,479.08,430.84,6.76,,33,Female,Northeast,Provider_0301,Cardiology,Facility_007,Hospital,Large,Coronary Artery Disease,Cardiovascular,PR001,Office/Follow-up Visit,Professional,10,2024-06,2024-06-10,0.899307005093095,0.9460505529225909,0,0,0,1,1
C00061880,P012874,2025-01-08,2025-01-26,DR0318,F023,Medicare Advantage,Professional,Paid,DX005,PR015,25407.55,21790.08,18242.91,588.29,,79,Male,Northeast,Provider_0318,Orthopedics,Facility_023,Clinic,Medium,Low Back Pain,Musculoskeletal,PR015,Major Surgery,Surgery,18,2025-01,2025-01-06,0.8372117036743325,0.8576222422075329,0,1,0,0,1
C00061956,P017232,2026-02-24,2026-03-14,DR0301,F007,Commercial,Outpatient,Denied,DX003,PR024,258.15,212.28,34.96,34.81,,51,Male,Midwest,Provider_0301,Cardiology,Facility_007,Hospital,Large,Upper Respiratory Infection,Acute,PR024,Home Health Visit,Home Health,18,2026-02,2026-02-23,0.16468814772941398,0.822312608948286,0,0,0,1,1
C00061978,P000835,2025-04-01,2025-04-17,DR0301,F007,Commercial,Inpatient,Paid,DX001,PR012,738.42,606.42,429.31,33.75,,18,Female,Midwest,Provider_0301,Cardiology,Facility_007,Hospital,Large,Essential Hypertension,Chronic,PR012,Echocardiogram,Diagnostic,16,2025-04,2025-03-31,0.7079416905774876,0.821239944746892,0,0,0,1,1
C00061983,P008579,2026-04-03,2026-04-30,DR0148,F020,Medicare,Outpatient,Rejected,DX018,PR002,322.2,292.15,34.03,34.99,,13,Female,Northeast,Provider_0148,Family Medicine,Facility_020,Hospital,Large,Pregnancy-Related,Obstetric,PR002,Emergency Department Visit,Emergency,27,2026-04,2026-03-30,0.116481259626904,0.9067349472377405,0,0,0,1,1
C00062013,P013011,2025-01-06,2025-01-31,DR0336,F017,Medicare,Professional,Paid,DX011,PR020,150.24,143.03,139.76,0.44,,96,Female,South,Provider_0336,Family Medicine,Facility_017,Hospital,Medium,Depression,Behavioral Health,PR020,Specialist Consultation,Professional,25,2025-01,2025-01-06,0.977137663427253,0.9520101171458999,0,0,0,1,1
C00062015,P007775,2024-01-25,2024-02-23,,F002,Self-Pay,Inpatient,Denied,DX014,PR020,562.75,466.28,38.67,224.15,Missing Provider,69,Male,West,,,Facility_002,Ambulatory Center,Large,Fracture/Injury,Acute,PR020,Specialist Consultation,Professional,29,2024-01,2024-01-22,0.08293300162992194,0.8285739671257218,0,0,1,0,1
C00062028,P011946,2026-05-10,2026-05-28,DR0024,F012,Medicare,Professional,Paid,DX006,PR019,11011.09,9870.49,7219.56,377.16,,63,Male,South,Provider_0024,Other,Facility_012,Ambulatory Center,Medium,Osteoarthritis,Musculoskeletal,PR019,Maternity Delivery,Obstetric,18,2026-05,2026-05-04,0.7314287335279201,0.8964135249098862,0,1,0,0,1
C00062065,P011094,2026-06-28,2026-07-19,DR0242,F017,Medicare Advantage,Inpatient,Paid,DX015,PR015,10965.25,9790.67,8773.55,147.35,,33,Female,South,Provider_0242,General Surgery,Facility_017,Hospital,Medium,Abdominal Pain,Acute,PR015,Major Surgery,Surgery,21,2026-06,2026-06-22,0.8961133405578984,0.89288160324662,0,1,0,0,1
C00062090,P007827,2024-04-16,2024-05-03,DR0282,F011,Medicare,Professional,Paid,DX004,PR008,183.57,142.12,129.42,1.35,,90,Male,South,Provider_0282,Family Medicine,Facility_011,Hospital,Large,Hyperlipidemia,Chronic,PR008,Physical Therapy Session,Therapy,17,2024-04,2024-04-15,0.910638896707008,0.7742005774364004,0,0,0,1,1
C00062110,P010026,2026-09-24,2026-10-02,DR0090,F004,Commercial,Outpatient,Paid,DX025,PR015,11038.69,8009.43,5754.33,354.08,,53,Female,South,Provider_0090,General Surgery,Facility_004,Clinic,Medium,Other Condition,Other,PR015,Major Surgery,Surgery,8,2026-09,2026-09-21,0.7184443836827339,0.7255779444843545,0,1,0,0,1
C00062125,P019569,2025-11-10,2025-11-18,DR0404,F020,Medicare,Professional,Rejected,DX014,PR008,110.78,91.85,9.81,13.62,,46,Female,South,Provider_0404,Orthopedics,Facility_020,Hospital,Large,Fracture/Injury,Acute,PR008,Physical Therapy Session,Therapy,8,2025-11,2025-11-10,0.10680457267283616,0.829120779924174,0,0,0,1,1
C00062127,P014028,2024-04-06,2024-05-06,DR0301,F007,Workers Comp,Outpatient,Paid,DX009,PR003,27.5,22.63,20.42,0.13,,58,Female,Midwest,Provider_0301,Cardiology,Facility_007,Hospital,Large,Asthma,Respiratory,PR003,Routine Lab Panel,Diagnostic,30,2024-04,2024-04-01,0.90234202386213,0.8229090909090909,0,0,0,1,1
C00062259,P017044,2026-01-18,2026-02-05,DR0163,F007,Medicare,Professional,Paid,DX014,PR015,10641.66,7897.82,5999.35,294.42,,93,Female,South,Provider_0163,Orthopedics,Facility_007,Hospital,Large,Fracture/Injury,Acute,PR015,Major Surgery,Surgery,18,2026-01,2026-01-12,0.7596210093418184,0.7421605275868615,0,1,0,0,1
C00062272,P016210,2024-04-03,2024-05-01,DR0404,F020,Medicare Advantage,Professional,Paid,DX014,PR015,7898.03,6211.32,5650.22,87.71,,11,Male,South,Provider_0404,Orthopedics,Facility_020,Hospital,Large,Fracture/Injury,Acute,PR015,Major Surgery,Surgery,28,2024-04,2024-04-01,0.9096649343456786,0.78643915001589,0,1,0,0,1
C00062331,P012638,2024-04-01,2024-04-10,DR0319,F005,Self-Pay,Inpatient,Paid,DX007,PR015,10097.55,7473.38,5517.53,1494.1,,44,Male,West,Provider_0319,Orthopedics,Facility_005,Ambulatory Center,Small,Coronary Artery Disease,Cardiovascular,PR015,Major Surgery,Surgery,9,2024-04,2024-04-01,0.7382911079056598,0.7401181474714164,0,1,0,0,1
C00062386,P016388,2025-06-21,2025-07-08,DR0447,F004,Medicare,Professional,Paid,DX007,PR015,12819.94,11591.86,9249.15,299.03,,74,Male,Northeast,Provider_0447,Other,Facility_004,Clinic,Medium,Coronary Artery Disease,Cardiovascular,PR015,Major Surgery,Surgery,17,2025-06,2025-06-16,0.7979004232280237,0.904205479900842,0,1,0,0,1
C00062441,P016553,2024-04-07,2024-04-30,DR0189,F019,Medicare,Outpatient,Denied,DX025,PR017,1250.09,881.91,10.16,124.92,,73,Female,West,Provider_0189,Oncology,Facility_019,Ambulatory Center,Medium,Other Condition,Other,PR017,Chemotherapy Administration,Oncology,23,2024-04,2024-04-01,0.0115204499325328,0.7054772056411939,0,0,0,1,1
C00062454,P000665,2024-08-02,2024-08-26,DR0052,F006,Medicare Advantage,Inpatient,Paid,DX014,PR015,23706.47,18746.83,13287.25,908.88,,77,Male,Midwest,Provider_0052,General Surgery,Facility_006,Hospital,Small,Fracture/Injury,Acute,PR015,Major Surgery,Surgery,24,2024-08,2024-07-29,0.7087731632494666,0.7907896030071115,0,1,0,0,1
C00062468,P005913,2024-12-25,2024-12-30,DR0131,F024,Commercial,Professional,Paid,DX023,PR005,8425.51,7442.69,5876.94,352.38,Extreme Claim Amount,72,Male,Midwest,Provider_0131,Neurology,Facility_024,Ambulatory Center,Medium,Migraine,Neurologic,PR005,MRI,Diagnostic,5,2024-12,2024-12-23,0.7896257938997863,0.8833518683142029,0,1,0,0,1
C00062558,P013928,2025-01-05,2025-01-14,DR0240,F013,Medicare,Professional,Paid,DX025,PR002,456.09,322.12,246.76,8.05,,75,Female,West,Provider_0240,Pediatrics,Facility_013,Hospital,Large,Other Condition,Other,PR002,Emergency Department Visit,Emergency,9,2025-01,2024-12-30,0.7660499192847385,0.7062641145387972,0,0,0,1,1
C00062651,P003888,2025-09-09,2025-09-11,,F005,Self-Pay,Professional,Paid,DX025,PR001,225.64,187.86,157.66,18.8,Missing Provider,56,Male,South,,,Facility_005,Ambulatory Center,Small,Other Condition,Other,PR001,Office/Follow-up Visit,Professional,2,2025-09,2025-09-08,0.8392419887150004,0.8325651480234002,0,0,1,0,1
C00062666,P007341,2024-07-31,2024-08-04,DR0093,F013,Commercial,Professional,Paid,DX013,PR025,100.03,95.98,90.95,0.79,,55,Female,West,Provider_0093,Internal Medicine,Facility_013,Hospital,Large,Chronic Kidney Disease,Chronic,PR025,Other Clinical Service,Other,4,2024-07,2024-07-29,0.947593248593457,0.9595121463560932,0,0,0,1,1
C00062758,P006268,2026-07-30,2026-08-01,DR0014,F019,Medicaid,Professional,Paid,DX009,PR015,10175.63,9864.99,8991.86,22.96,,68,Male,Northeast,Provider_0014,Other,Facility_019,Ambulatory Center,Medium,Asthma,Respiratory,PR015,Major Surgery,Surgery,2,2026-07,2026-07-27,0.9114920542240794,0.9694721604460854,0,1,0,0,1
C00062806,P015979,2024-12-28,2025-01-15,,F008,Medicaid,Outpatient,Paid,DX020,PR006,58.28,42.14,31.84,0.32,Missing Provider,57,Male,South,,,Facility_008,Hospital,Small,Gastroesophageal Reflux,Chronic,PR006,X-Ray,Diagnostic,18,2024-12,2024-12-23,0.7555766492643569,0.7230610844200411,0,0,1,0,1
C00062854,P010590,2025-01-25,2025-01-27,,F002,Other,Professional,Pending,DX021,PR020,157.33,118.89,0.0,33.7,Missing Provider,37,Male,South,,,Facility_002,Ambulatory Center,Large,Skin Infection,Acute,PR020,Specialist Consultation,Professional,2,2025-01,2025-01-20,0.0,0.7556727896777473,0,0,1,0,1
C00062870,P010966,2026-05-07,2026-05-07,DR0006,F007,Commercial,Professional,Reversed,DX005,PR015,14521.4,13479.2,794.93,2434.93,,47,Male,South,Provider_0006,Orthopedics,Facility_007,Hospital,Large,Low Back Pain,Musculoskeletal,PR015,Major Surgery,Surgery,0,2026-05,2026-05-04,0.05897456822363344,0.9282300604624899,0,1,0,0,1
C00062872,P006385,2026-02-19,2026-02-24,DR0015,F002,Commercial,Inpatient,Denied,DX014,PR015,15390.87,12803.8,2109.93,1768.66,,40,Female,West,Provider_0015,Orthopedics,Facility_002,Ambulatory Center,Large,Fracture/Injury,Acute,PR015,Major Surgery,Surgery,5,2026-02,2026-02-16,0.16478935940892547,0.8319087874824489,0,1,0,0,1
C00062931,P002972,2024-08-06,2024-08-28,DR0294,F020,Medicare,Professional,Paid,DX005,PR015,11679.1,9929.07,7133.0,455.82,,78,Female,Northeast,Provider_0294,Orthopedics,Facility_020,Hospital,Large,Low Back Pain,Musculoskeletal,PR015,Major Surgery,Surgery,22,2024-08,2024-08-05,0.7183955798478608,0.8501571182710996,0,1,0,0,1
C00062964,P006159,2025-04-23,2025-04-23,DR0215,F013,Commercial,Professional,Paid,DX014,PR015,24429.92,18427.71,16936.44,239.45,,61,Male,Northeast,Provider_0215,General Surgery,Facility_013,Hospital,Large,Fracture/Injury,Acute,PR015,Major Surgery,Surgery,0,2025-04,2025-04-21,0.9190745893005696,0.7543090603653225,0,1,0,0,1
C00063078,P016122,2024-04-10,2024-05-01,,F013,Commercial,Outpatient,Paid,DX002,PR020,327.63,235.5,173.28,10.82,Missing Provider,29,Female,South,,,Facility_013,Hospital,Large,Type 2 Diabetes,Chronic,PR020,Specialist Consultation,Professional,21,2024-04,2024-04-08,0.7357961783439491,0.7187986448127461,0,0,1,0,1
C00063084,P008731,2025-01-30,2025-02-20,,F021,Commercial,Professional,Paid,DX001,PR004,133.56,128.61,118.05,1.79,Missing Provider,37,Male,South,,,Facility_021,Ambulatory Center,Small,Essential Hypertension,Chronic,PR004,Advanced Imaging - CT,Diagnostic,21,2025-01,2025-01-27,0.9178912992768835,0.9629380053908356,0,0,1,0,1
C00063142,P007517,2025-01-30,2025-02-18,DR0035,F008,Medicare,Professional,Denied,DX025,PR016,169.52,121.37,7.02,15.7,,79,Male,Midwest,Provider_0035,Other,Facility_008,Hospital,Small,Other Condition,Other,PR016,Inpatient Daily Care,Inpatient,19,2025-01,2025-01-27,0.05783966383785119,0.7159627182633318,0,0,0,1,1
C00063185,P017227,2024-07-29,2024-08-20,DR0027,F017,Other,Outpatient,Reversed,DX016,PR015,7964.22,5615.14,253.6,1785.63,,71,Female,Northeast,Provider_0027,Other,Facility_017,Hospital,Medium,Pneumonia,Respiratory,PR015,Major Surgery,Surgery,22,2024-07,2024-07-29,0.04516361123676346,0.7050458174184038,0,1,0,0,1
C00063235,P011280,2024-07-29,2024-08-13,DR0093,F013,Medicare Advantage,Outpatient,Paid,DX002,PR001,292.98,251.14,203.74,7.62,,50,Female,West,Provider_0093,Internal Medicine,Facility_013,Hospital,Large,Type 2 Diabetes,Chronic,PR001,Office/Follow-up Visit,Professional,15,2024-07,2024-07-29,0.8112606514294817,0.8571916171752337,0,0,0,1,1
C00063277,P016778,2025-09-27,2025-10-19,DR0051,F025,Commercial,Professional,Paid,DX004,PR008,379.25,278.62,286.76,0.0,Paid Greater Than Allowed,73,Male,South,Provider_0051,Family Medicine,Facility_025,Hospital,Small,Hyperlipidemia,Chronic,PR008,Physical Therapy Session,Therapy,22,2025-09,2025-09-22,1.0292154188500466,0.7346605141727093,1,0,0,0,1
C00063282,P004131,2025-01-19,2025-01-30,DR0226,F013,Medicare,Inpatient,Paid,DX020,PR006,62.17,51.21,45.48,0.73,,44,Female,Midwest,Provider_0226,Family Medicine,Facility_013,Hospital,Large,Gastroesophageal Reflux,Chronic,PR006,X-Ray,Diagnostic,11,2025-01,2025-01-13,0.8881077914469829,0.823709184494129,0,0,0,1,1
C00063283,P019503,2026-04-05,2026-05-03,DR0148,F020,Medicare,Outpatient,Paid,DX020,PR006,41.27,32.12,27.64,0.53,,36,Female,Northeast,Provider_0148,Family Medicine,Facility_020,Hospital,Large,Gastroesophageal Reflux,Chronic,PR006,X-Ray,Diagnostic,28,2026-04,2026-03-30,0.8605230386052305,0.7782893142718681,0,0,0,1,1
C00063413,P005029,2024-07-16,2024-08-05,DR0311,F013,Medicaid,Inpatient,Paid,DX005,PR009,521.69,447.8,330.08,4.17,,59,Male,South,Provider_0311,Orthopedics,Facility_013,Hospital,Large,Low Back Pain,Musculoskeletal,PR009,Joint Injection,Procedure,20,2024-07,2024-07-15,0.7371147833854399,0.8583641626253138,0,0,0,1,1
C00063743,P010405,2024-09-14,2024-09-30,DR0404,F020,Commercial,Professional,Paid,DX005,PR015,10219.97,9769.76,9331.23,83.31,,61,Male,Midwest,Provider_0404,Orthopedics,Facility_020,Hospital,Large,Low Back Pain,Musculoskeletal,PR015,Major Surgery,Surgery,16,2024-09,2024-09-09,0.9551135340069765,0.9559480115890752,0,1,0,0,1
C00063870,P018486,2024-07-30,2024-08-16,DR0093,F013,Medicaid,Outpatient,Paid,DX001,PR001,284.15,275.57,198.78,1.91,,28,Female,Midwest,Provider_0093,Internal Medicine,Facility_013,Hospital,Large,Essential Hypertension,Chronic,PR001,Office/Follow-up Visit,Professional,17,2024-07,2024-07-29,0.7213412200166927,0.9698046806264298,0,0,0,1,1
C00063933,P014564,2024-10-30,2024-11-10,DR0242,F017,Commercial,Professional,Paid,DX014,PR015,20239.47,16151.24,15420.1,111.59,,72,Female,South,Provider_0242,General Surgery,Facility_017,Hospital,Medium,Fracture/Injury,Acute,PR015,Major Surgery,Surgery,11,2024-10,2024-10-28,0.9547316490870051,0.7980070624378998,0,1,0,0,1
C00064000,P002826,2024-04-16,2024-05-07,DR0173,F018,Commercial,Professional,Paid,DX020,PR008,25.02,21.12,14.96,0.95,,87,Female,Northeast,Provider_0173,Family Medicine,Facility_018,Specialty Center,Large,Gastroesophageal Reflux,Chronic,PR008,Physical Therapy Session,Therapy,21,2024-04,2024-04-15,0.7083333333333334,0.8441247002398082,0,0,0,1,1
C00064014,P001479,2025-07-17,2025-08-05,,F008,Medicare,Professional,Paid,DX007,PR025,199.27,190.78,145.97,6.01,Missing Provider,73,Female,West,,,Facility_008,Hospital,Small,Coronary Artery Disease,Cardiovascular,PR025,Other Clinical Service,Other,19,2025-07,2025-07-14,0.7651221302023273,0.9573944898880915,0,0,1,0,1
C00064023,P015137,2025-07-18,2025-07-23,DR0443,F019,Medicare Advantage,Outpatient,Paid,DX011,PR008,41.95,34.75,30.9,0.71,,17,Male,South,Provider_0443,Family Medicine,Facility_019,Ambulatory Center,Medium,Depression,Behavioral Health,PR008,Physical Therapy Session,Therapy,5,2025-07,2025-07-14,0.8892086330935252,0.8283671036948748,0,0,0,1,1
C00064206,P002612,2025-04-01,2025-04-22,DR0301,F007,Medicaid,Outpatient,Paid,DX010,PR012,1256.77,1041.45,749.63,8.58,,4,Female,South,Provider_0301,Cardiology,Facility_007,Hospital,Large,COPD,Respiratory,PR012,Echocardiogram,Diagnostic,21,2025-04,2025-03-31,0.71979451725959,0.8286719129196274,0,0,0,1,1
C00064279,P005836,2025-11-15,2025-12-02,DR0404,F020,Medicare,Professional,Paid,DX005,PR009,177.16,144.12,107.51,4.05,,75,Male,South,Provider_0404,Orthopedics,Facility_020,Hospital,Large,Low Back Pain,Musculoskeletal,PR009,Joint Injection,Procedure,17,2025-11,2025-11-10,0.7459755759089648,0.8135019191691127,0,0,0,1,1
C00064309,P006907,2024-11-27,2024-12-22,DR0033,F001,Commercial,Professional,Paid,DX004,PR015,8810.75,7597.44,5714.29,423.52,,77,Female,West,Provider_0033,Internal Medicine,Facility_001,Hospital,Large,Hyperlipidemia,Chronic,PR015,Major Surgery,Surgery,25,2024-11,2024-11-25,0.7521336134276809,0.8622920863717617,0,1,0,0,1
C00064416,P004050,2025-06-19,2025-06-29,DR0442,F011,Medicare,Inpatient,Paid,DX010,PR015,9591.22,7598.06,5497.98,362.45,,10,Female,West,Provider_0442,Other,Facility_011,Hospital,Large,COPD,Respiratory,PR015,Major Surgery,Surgery,10,2025-06,2025-06-16,0.7236031302727274,0.7921891062867915,0,1,0,0,1
C00064418,P007296,2024-01-10,2024-02-06,DR0374,F022,Medicare Advantage,Inpatient,Paid,DX025,PR015,9522.72,7434.74,7225.74,41.56,,9,Male,Midwest,Provider_0374,General Surgery,Facility_022,Hospital,Large,Other Condition,Other,PR015,Major Surgery,Surgery,27,2024-01,2024-01-08,0.9718887277833522,0.7807370163146664,0,1,0,0,1
C00064514,P013563,2024-09-18,2024-10-15,DR0052,F006,Medicaid,Inpatient,Paid,DX015,PR015,11208.98,8061.17,7583.88,11.24,,69,Male,Midwest,Provider_0052,General Surgery,Facility_006,Hospital,Small,Abdominal Pain,Acute,PR015,Major Surgery,Surgery,27,2024-09,2024-09-16,0.9407914731980593,0.7191707006346697,0,1,0,0,1
C00064532,P002711,2026-09-26,2026-10-21,DR0183,F002,Medicare,Inpatient,Paid,DX002,PR019,8180.3,7813.74,7464.56,50.51,,78,Male,West,Provider_0183,Other,Facility_002,Ambulatory Center,Large,Type 2 Diabetes,Chronic,PR019,Maternity Delivery,Obstetric,25,2026-09,2026-09-21,0.9553120528709684,0.9551899074606065,0,1,0,0,1
C00064587,P014428,2025-08-22,2025-09-02,DR0288,F012,Medicaid,Outpatient,Paid,DX008,PR011,547.35,530.71,445.82,2.28,,40,Male,Midwest,Provider_0288,Cardiology,Facility_012,Ambulatory Center,Medium,Heart Failure,Cardiovascular,PR011,Cardiac Stress Test,Diagnostic,11,2025-08,2025-08-18,0.8400444687305684,0.9695989768886453,0,0,0,1,1
C00064607,P017331,2024-04-20,2024-05-04,DR0282,F011,Commercial,Professional,Paid,DX003,PR008,76.22,59.5,54.01,0.88,,60,Female,Midwest,Provider_0282,Family Medicine,Facility_011,Hospital,Large,Upper Respiratory Infection,Acute,PR008,Physical Therapy Session,Therapy,14,2024-04,2024-04-15,0.9077310924369748,0.7806350039359748,0,0,0,1,1
C00064636,P009480,2025-02-12,2025-02-12,DR0281,F020,Medicare,Professional,Rejected,DX025,PR015,9076.73,7768.33,1329.22,766.36,,75,Male,West,Provider_0281,Obstetrics & Gynecology,Facility_020,Hospital,Large,Other Condition,Other,PR015,Major Surgery,Surgery,0,2025-02,2025-02-10,0.17110756108455744,0.8558511710715203,0,1,0,0,1
C00064699,P015802,2026-04-08,2026-04-29,DR0027,F017,Medicaid,Inpatient,Paid,DX008,PR015,9340.52,7460.24,7039.1,11.52,,26,Female,South,Provider_0027,Other,Facility_017,Hospital,Medium,Heart Failure,Cardiovascular,PR015,Major Surgery,Surgery,21,2026-04,2026-04-06,0.9435487330166322,0.7986964323185433,0,1,0,0,1
C00064772,P013254,2024-08-22,2024-09-13,DR0131,F024,Medicare,Professional,Paid,DX016,PR003,67.09,49.77,47.98,0.22,,65,Female,South,Provider_0131,Neurology,Facility_024,Ambulatory Center,Medium,Pneumonia,Respiratory,PR003,Routine Lab Panel,Diagnostic,22,2024-08,2024-08-19,0.9640345589712677,0.7418393203159934,0,0,0,1,1
C00064803,P002739,2024-09-21,2024-10-18,DR0245,F017,Medicaid,Inpatient,Paid,DX005,PR015,13119.33,11771.32,8937.4,88.01,,68,Male,South,Provider_0245,Other,Facility_017,Hospital,Medium,Low Back Pain,Musculoskeletal,PR015,Major Surgery,Surgery,27,2024-09,2024-09-16,0.7592521484421458,0.8972500882285909,0,1,0,0,1
C00064847,P018814,2024-05-31,2024-06-15,DR0191,F020,Commercial,Professional,Paid,DX003,PR020,547.74,435.49,416.09,4.81,,49,Female,Midwest,Provider_0191,Family Medicine,Facility_020,Hospital,Large,Upper Respiratory Infection,Acute,PR020,Specialist Consultation,Professional,15,2024-05,2024-05-27,0.9554524788169647,0.7950670025924709,0,0,0,1,1
C00064854,P018950,2025-10-22,2025-11-01,DR0188,F002,Commercial,Inpatient,Paid,DX005,PR015,14746.0,13508.18,11096.66,574.37,,40,Male,Midwest,Provider_0188,Orthopedics,Facility_002,Ambulatory Center,Large,Low Back Pain,Musculoskeletal,PR015,Major Surgery,Surgery,10,2025-10,2025-10-20,0.8214770605662642,0.9160572358605724,0,1,0,0,1
C00064887,P009085,2025-02-18,2025-02-26,DR0052,F006,Commercial,Inpatient,Rejected,DX025,PR015,10697.99,9137.34,888.98,1795.21,,56,Female,South,Provider_0052,General Surgery,Facility_006,Hospital,Small,Other Condition,Other,PR015,Major Surgery,Surgery,8,2025-02,2025-02-17,0.09729089647534184,0.8541174557089697,0,1,0,0,1
C00064915,P018680,2026-06-04,2026-06-08,DR0280,F015,Commercial,Inpatient,Paid,DX002,PR003,73.23,61.25,62.88,0.0,Paid Greater Than Allowed,79,Male,West,Provider_0280,Internal Medicine,Facility_015,Hospital,Small,Type 2 Diabetes,Chronic,PR003,Routine Lab Panel,Diagnostic,4,2026-06,2026-06-01,1.0266122448979593,0.836405844599208,1,0,0,0,1
C00064943,P010601,2025-03-11,2025-04-03,,F022,Medicare,Inpatient,Paid,DX017,PR003,147.01,126.49,95.0,4.03,Missing Provider,21,Female,West,,,Facility_022,Hospital,Large,Cancer - Active Treatment,Oncology,PR003,Routine Lab Panel,Diagnostic,23,2025-03,2025-03-10,0.7510475136374417,0.860417658662676,0,0,1,0,1
C00064972,P011967,2026-07-19,2026-07-28,DR0052,F006,Medicare,Professional,Paid,DX015,PR015,10912.33,9087.98,8392.99,79.93,,58,Female,West,Provider_0052,General Surgery,Facility_006,Hospital,Small,Abdominal Pain,Acute,PR015,Major Surgery,Surgery,9,2026-07,2026-07-13,0.9235264602254847,0.8328175559206878,0,1,0,0,1
C00065004,P009286,2026-02-12,2026-03-08,DR0382,F012,Commercial,Professional,Paid,DX009,PR001,151.16,114.87,110.86,0.8,,67,Male,South,Provider_0382,Pediatrics,Facility_012,Ambulatory Center,Medium,Asthma,Respiratory,PR001,Office/Follow-up Visit,Professional,24,2026-02,2026-02-09,0.9650909724035867,0.7599232601217254,0,0,0,1,1
C00065090,P013684,2026-06-15,2026-06-22,DR0374,F022,Commercial,Professional,Paid,DX015,PR015,10553.59,8065.0,7468.21,148.4,,49,Female,South,Provider_0374,General Surgery,Facility_022,Hospital,Large,Abdominal Pain,Acute,PR015,Major Surgery,Surgery,7,2026-06,2026-06-15,0.926002479851209,0.764194932719577,0,1,0,0,1
C00065113,P013545,2025-01-16,2025-02-01,DR0031,F004,Commercial,Professional,Paid,DX017,PR002,195.62,158.79,139.88,4.68,,39,Female,West,Provider_0031,Oncology,Facility_004,Clinic,Medium,Cancer - Active Treatment,Oncology,PR002,Emergency Department Visit,Emergency,16,2025-01,2025-01-13,0.8809118962151269,0.8117268172988447,0,0,0,1,1
C00065136,P013662,2026-03-30,2026-03-31,DR0133,F020,Commercial,Inpatient,Denied,DX001,PR015,8278.44,7611.49,1901.73,890.16,,65,Female,South,Provider_0133,Cardiology,Facility_020,Hospital,Large,Essential Hypertension,Chronic,PR015,Major Surgery,Surgery,1,2026-03,2026-03-30,0.2498498979831807,0.9194353042360637,0,1,0,0,1
C00065139,P012485,2025-07-06,2025-08-03,,F019,Medicare Advantage,Inpatient,Paid,DX025,PR018,783.74,707.07,555.69,25.96,Missing Provider,34,Female,South,,,Facility_019,Ambulatory Center,Medium,Other Condition,Other,PR018,Radiation Therapy,Oncology,28,2025-07,2025-06-30,0.7859052144766431,0.9021741904202925,0,0,1,0,1
C00065262,P011177,2025-12-07,2026-01-06,DR0281,F020,Medicare,Professional,Denied,DX003,PR001,175.83,166.49,3.25,18.07,,74,Female,South,Provider_0281,Obstetrics & Gynecology,Facility_020,Hospital,Large,Upper Respiratory Infection,Acute,PR001,Office/Follow-up Visit,Professional,30,2025-12,2025-12-01,0.019520691933449456,0.9468805095831201,0,0,0,1,1
C00065340,P005742,2024-07-26,2024-08-12,DR0112,F023,Medicare,Professional,Paid,DX020,PR001,786.15,640.72,596.4,6.13,,75,Male,West,Provider_0112,Internal Medicine,Facility_023,Clinic,Medium,Gastroesophageal Reflux,Chronic,PR001,Office/Follow-up Visit,Professional,17,2024-07,2024-07-22,0.9308278187039579,0.8150098581695606,0,0,0,1,1
C00065351,P016776,2025-12-25,2026-01-07,DR0372,F020,Commercial,Professional,Paid,DX022,PR003,31.66,22.5,17.67,0.77,,39,Female,Northeast,Provider_0372,Emergency Medicine,Facility_020,Hospital,Large,Urinary Tract Infection,Acute,PR003,Routine Lab Panel,Diagnostic,13,2025-12,2025-12-22,0.7853333333333334,0.7106759317751106,0,0,0,1,1
C00065372,P013105,2024-11-02,2024-11-05,DR0302,F020,Medicare,Professional,Paid,DX020,PR003,14.51,12.15,8.52,0.55,,55,Other,Midwest,Provider_0302,Internal Medicine,Facility_020,Hospital,Large,Gastroesophageal Reflux,Chronic,PR003,Routine Lab Panel,Diagnostic,3,2024-11,2024-10-28,0.7012345679012345,0.8373535492763612,0,0,0,1,1
C00065396,P013242,2025-10-08,2025-10-28,,F011,Medicare Advantage,Inpatient,Paid,DX025,PR020,396.58,375.68,279.53,16.04,Missing Provider,95,Male,Northeast,,,Facility_011,Hospital,Large,Other Condition,Other,PR020,Specialist Consultation,Professional,20,2025-10,2025-10-06,0.7440640971039182,0.9472994099551163,0,0,1,0,1
C00065503,P016424,2025-11-29,2025-12-25,DR0181,F018,Commercial,Inpatient,Paid,DX014,PR015,8176.97,6218.95,5520.48,114.96,,68,Female,West,Provider_0181,Orthopedics,Facility_018,Specialty Center,Large,Fracture/Injury,Acute,PR015,Major Surgery,Surgery,26,2025-11,2025-11-24,0.8876868281623103,0.7605445537894843,0,1,0,0,1
C00065510,P009578,2024-02-06,2024-03-01,DR0201,F015,Medicare Advantage,Inpatient,Paid,DX014,PR015,8206.13,7493.57,6214.32,172.54,,19,Male,Northeast,Provider_0201,Orthopedics,Facility_015,Hospital,Small,Fracture/Injury,Acute,PR015,Major Surgery,Surgery,24,2024-02,2024-02-05,0.8292869753668812,0.9131673517236505,0,1,0,0,1
C00065534,P008599,2025-11-18,2025-11-29,DR0312,F019,Commercial,Outpatient,Paid,DX021,PR017,9564.05,7790.63,7097.62,127.73,,95,Male,South,Provider_0312,Oncology,Facility_019,Ambulatory Center,Medium,Skin Infection,Acute,PR017,Chemotherapy Administration,Oncology,11,2025-11,2025-11-17,0.9110457049044813,0.814574369644659,0,1,0,0,1
C00065630,P009278,2025-12-16,2025-12-29,DR0186,F013,Workers Comp,Professional,Pending,DX018,PR019,8194.64,6894.72,0.0,487.93,,31,Female,Midwest,Provider_0186,Obstetrics & Gynecology,Facility_013,Hospital,Large,Pregnancy-Related,Obstetric,PR019,Maternity Delivery,Obstetric,13,2025-12,2025-12-15,0.0,0.8413694805384985,0,1,0,0,1
C00065635,P007818,2024-02-04,2024-02-09,DR0006,F007,Medicare Advantage,Outpatient,Paid,DX006,PR015,7766.82,5532.01,3947.94,247.87,,77,Female,Northeast,Provider_0006,Orthopedics,Facility_007,Hospital,Large,Osteoarthritis,Musculoskeletal,PR015,Major Surgery,Surgery,5,2024-02,2024-01-29,0.7136538075672314,0.7122619038422418,0,1,0,0,1
C00065681,P013141,2025-02-24,2025-03-24,DR0199,F008,Medicare Advantage,Outpatient,Denied,DX002,PR006,68.95,60.71,4.44,7.47,,52,Female,Northeast,Provider_0199,Family Medicine,Facility_008,Hospital,Small,Type 2 Diabetes,Chronic,PR006,X-Ray,Diagnostic,28,2025-02,2025-02-24,0.07313457420523803,0.8804931109499637,0,0,0,1,1
C00065684,P013799,2024-04-09,2024-05-02,DR0422,F018,Workers Comp,Professional,Paid,DX005,PR015,7922.46,7327.7,6134.39,83.01,,93,Male,South,Provider_0422,Orthopedics,Facility_018,Specialty Center,Large,Low Back Pain,Musculoskeletal,PR015,Major Surgery,Surgery,23,2024-04,2024-04-08,0.837150811305048,0.9249273584215003,0,1,0,0,1
C00065700,P005759,2024-10-25,2024-11-02,,F007,Commercial,Professional,Paid,DX007,PR006,47.91,44.1,31.69,2.82,Missing Provider,67,Female,Northeast,,,Facility_007,Hospital,Large,Coronary Artery Disease,Cardiovascular,PR006,X-Ray,Diagnostic,8,2024-10,2024-10-21,0.71859410430839,0.9204758922980589,0,0,1,0,1
C00065748,P003408,2024-01-24,2024-02-19,DR0242,F017,Commercial,Professional,Paid,DX015,PR015,18893.19,16924.8,15801.13,234.77,,35,Female,South,Provider_0242,General Surgery,Facility_017,Hospital,Medium,Abdominal Pain,Acute,PR015,Major Surgery,Surgery,26,2024-01,2024-01-22,0.9336080780865949,0.8958148412205668,0,1,0,0,1
C00065905,P013043,2026-02-11,2026-02-28,DR0382,F012,Medicare Advantage,Professional,Paid,DX003,PR020,235.63,183.34,129.87,7.18,,93,Male,Northeast,Provider_0382,Pediatrics,Facility_012,Ambulatory Center,Medium,Upper Respiratory Infection,Acute,PR020,Specialist Consultation,Professional,17,2026-02,2026-02-09,0.7083560597796444,0.7780842846836141,0,0,0,1,1
C00065908,P000837,2026-04-05,2026-04-19,DR0443,F019,Other,Professional,Paid,DX020,PR003,31.58,24.48,19.8,1.47,,41,Male,West,Provider_0443,Family Medicine,Facility_019,Ambulatory Center,Medium,Gastroesophageal Reflux,Chronic,PR003,Routine Lab Panel,Diagnostic,14,2026-04,2026-03-30,0.8088235294117647,0.7751741608613046,0,0,0,1,1
C00065931,P001480,2024-02-04,2024-02-05,DR0443,F019,Commercial,Inpatient,Paid,DX001,PR020,619.49,462.82,346.68,27.75,,34,Female,West,Provider_0443,Family Medicine,Facility_019,Ambulatory Center,Medium,Essential Hypertension,Chronic,PR020,Specialist Consultation,Professional,1,2024-02,2024-01-29,0.7490601097618945,0.7470984196677912,0,0,0,1,1
C00065956,P015248,2025-02-05,2025-03-01,DR0081,F012,Commercial,Professional,Denied,DX004,PR020,163.03,143.41,151.99,0.0,Paid Greater Than Allowed,69,Female,Midwest,Provider_0081,Internal Medicine,Facility_012,Ambulatory Center,Medium,Hyperlipidemia,Chronic,PR020,Specialist Consultation,Professional,24,2025-02,2025-02-03,1.0598284638449202,0.8796540514015825,1,0,0,0,1
C00066018,P015653,2024-09-22,2024-10-17,,F020,Medicare,Outpatient,Paid,DX020,PR020,452.98,336.58,303.07,5.26,Missing Provider,38,Male,West,,,Facility_020,Hospital,Large,Gastroesophageal Reflux,Chronic,PR020,Specialist Consultation,Professional,25,2024-09,2024-09-16,0.9004397171549112,0.7430350125833369,0,0,1,0,1
C00066029,P019257,2024-10-29,2024-11-09,DR0302,F020,Commercial,Professional,Paid,DX012,PR003,32.99,28.13,25.12,0.59,,70,Male,Midwest,Provider_0302,Internal Medicine,Facility_020,Hospital,Large,Anxiety Disorder,Behavioral Health,PR003,Routine Lab Panel,Diagnostic,11,2024-10,2024-10-28,0.8929968005687878,0.8526826311003334,0,0,0,1,1
C00066042,P000588,2026-03-08,2026-04-05,DR0241,F006,Medicare,Outpatient,Paid,DX014,PR015,13090.7,12221.44,9740.49,299.34,,49,Female,South,Provider_0241,Orthopedics,Facility_006,Hospital,Small,Fracture/Injury,Acute,PR015,Major Surgery,Surgery,28,2026-03,2026-03-02,0.7970001898303309,0.9335971338431099,0,1,0,0,1
C00066089,P003325,2025-02-01,2025-02-16,DR0035,F008,Medicaid,Inpatient,Paid,DX013,PR006,540.5,515.31,406.46,3.49,,75,Female,Midwest,Provider_0035,Other,Facility_008,Hospital,Small,Chronic Kidney Disease,Chronic,PR006,X-Ray,Diagnostic,15,2025-02,2025-01-27,0.7887679261027343,0.9533950046253468,0,0,0,1,1
C00066208,P013490,2025-09-25,2025-10-09,DR0052,F006,Medicare Advantage,Inpatient,Reversed,DX001,PR015,14601.38,11405.16,1412.29,1354.07,,37,Female,South,Provider_0052,General Surgery,Facility_006,Hospital,Small,Essential Hypertension,Chronic,PR015,Major Surgery,Surgery,14,2025-09,2025-09-22,0.12382903878595303,0.7811015123228079,0,1,0,0,1
C00066265,P017594,2025-01-13,2025-01-16,DR0226,F013,Medicare,Professional,Rejected,DX001,PR006,50.5,47.3,0.94,7.07,,6,Female,Midwest,Provider_0226,Family Medicine,Facility_013,Hospital,Large,Essential Hypertension,Chronic,PR006,X-Ray,Diagnostic,3,2025-01,2025-01-13,0.019873150105708247,0.9366336633663366,0,0,0,1,1
C00066340,P017053,2025-01-28,2025-02-10,DR0035,F008,Medicare,Outpatient,Paid,DX006,PR014,311.51,222.34,166.93,6.62,,60,Female,South,Provider_0035,Other,Facility_008,Hospital,Small,Osteoarthritis,Musculoskeletal,PR014,Minor Skin Procedure,Procedure,13,2025-01,2025-01-27,0.7507870828460916,0.7137491573304228,0,0,0,1,1
C00066346,P001151,2026-03-31,2026-04-07,DR0148,F020,Self-Pay,Inpatient,Paid,DX005,PR006,53.38,48.37,44.36,3.17,,89,Male,Northeast,Provider_0148,Family Medicine,Facility_020,Hospital,Large,Low Back Pain,Musculoskeletal,PR006,X-Ray,Diagnostic,7,2026-03,2026-03-30,0.9170973744056233,0.9061446234544772,0,0,0,1,1
C00066351,P018241,2025-07-26,2025-07-26,DR0162,F010,Commercial,Outpatient,Denied,DX009,PR015,8572.64,7435.25,589.53,1223.76,,69,Male,Midwest,Provider_0162,Pediatrics,Facility_010,Hospital,Medium,Asthma,Respiratory,PR015,Major Surgery,Surgery,0,2025-07,2025-07-21,0.07928852425943983,0.8673232516471006,0,1,0,0,1
C00066361,P004980,2025-07-23,2025-08-14,DR0006,F007,Medicare,Professional,Paid,DX005,PR015,1439.23,1264.72,1108.6,19.48,,33,Female,Northeast,Provider_0006,Orthopedics,Facility_007,Hospital,Large,Low Back Pain,Musculoskeletal,PR015,Major Surgery,Surgery,22,2025-07,2025-07-21,0.8765576570308051,0.878747663681274,0,0,0,1,1
C00066380,P015859,2024-03-13,2024-03-22,DR0092,F015,Commercial,Inpatient,Paid,DX018,PR019,7952.4,5740.18,5432.19,68.01,,41,Female,South,Provider_0092,Obstetrics & Gynecology,Facility_015,Hospital,Small,Pregnancy-Related,Obstetric,PR019,Maternity Delivery,Obstetric,9,2024-03,2024-03-11,0.9463448881393962,0.721817313012424,0,1,0,0,1
C00066457,P015895,2025-09-15,2025-09-21,DR0221,F009,Medicaid,Inpatient,Paid,DX008,PR015,10574.04,9697.77,7681.47,46.49,,36,Female,West,Provider_0221,General Surgery,Facility_009,Hospital,Small,Heart Failure,Cardiovascular,PR015,Major Surgery,Surgery,6,2025-09,2025-09-15,0.7920862218840001,0.9171300657080926,0,1,0,0,1
C00066509,P019833,2025-11-15,2025-11-25,DR0213,F014,Medicare,Professional,Denied,DX006,PR015,19958.64,15060.47,3587.93,1985.29,,71,Female,South,Provider_0213,Other,Facility_014,Hospital,Small,Osteoarthritis,Musculoskeletal,PR015,Major Surgery,Surgery,10,2025-11,2025-11-10,0.23823492892320094,0.7545839796699575,0,1,0,0,1
C00066517,P017683,2025-01-31,2025-02-09,DR0035,F008,Commercial,Inpatient,Paid,DX024,PR016,405.78,387.06,289.6,22.52,,92,Male,West,Provider_0035,Other,Facility_008,Hospital,Small,Thyroid Disorder,Chronic,PR016,Inpatient Daily Care,Inpatient,9,2025-01,2025-01-27,0.7482044127525449,0.9538666272364336,0,0,0,1,1
C00066549,P005190,2026-04-19,2026-05-18,DR0283,F017,Medicare,Inpatient,Paid,DX019,PR002,579.4,539.01,521.45,2.11,,64,Male,South,Provider_0283,Other,Facility_017,Hospital,Medium,Neurologic Disorder,Neurologic,PR002,Emergency Department Visit,Emergency,29,2026-04,2026-04-13,0.9674217546984287,0.9302899551259924,0,0,0,1,1
C00066603,P016290,2025-07-13,2025-07-16,,F022,Medicare,Professional,Paid,DX014,PR025,143.25,136.93,97.29,6.7,Missing Provider,71,Female,Northeast,,,Facility_022,Hospital,Large,Fracture/Injury,Acute,PR025,Other Clinical Service,Other,3,2025-07,2025-07-07,0.710509019206894,0.9558813263525305,0,0,1,0,1
C00066656,P004986,2025-01-04,2025-01-20,DR0240,F013,Workers Comp,Professional,Paid,DX003,PR020,137.79,104.53,79.02,2.06,,18,Male,Midwest,Provider_0240,Pediatrics,Facility_013,Hospital,Large,Upper Respiratory Infection,Acute,PR020,Specialist Consultation,Professional,16,2025-01,2024-12-30,0.7559552281641634,0.758618187096306,0,0,0,1,1
C00066825,P004957,2024-12-30,2025-01-29,DR0263,F021,Medicare,Professional,Paid,DX014,PR015,7935.09,6291.27,4724.58,220.81,,33,Female,Midwest,Provider_0263,Orthopedics,Facility_021,Ambulatory Center,Small,Fracture/Injury,Acute,PR015,Major Surgery,Surgery,30,2024-12,2024-12-30,0.7509739686899465,0.7928416690926001,0,1,0,0,1
C00066965,P005091,2025-02-10,2025-02-27,DR0216,F003,Medicare Advantage,Outpatient,Paid,DX024,PR005,8331.45,6948.46,5153.85,295.72,,25,Female,South,Provider_0216,Radiology,Facility_003,Clinic,Small,Thyroid Disorder,Chronic,PR005,MRI,Diagnostic,17,2025-02,2025-02-10,0.7417255046441946,0.8340036848327721,0,1,0,0,1
C00066975,P009442,2024-08-26,2024-09-15,DR0289,F011,Medicaid,Inpatient,Reversed,DX001,PR015,16439.17,13656.11,2877.49,299.76,,26,Male,West,Provider_0289,Other,Facility_011,Hospital,Large,Essential Hypertension,Chronic,PR015,Major Surgery,Surgery,20,2024-08,2024-08-26,0.21071081003301817,0.8307055648186619,0,1,0,0,1
C00067062,P011625,2026-08-15,2026-08-29,,F022,Medicaid,Outpatient,Paid,DX016,PR002,353.16,282.03,199.28,2.46,Missing Provider,31,Male,Midwest,,,Facility_022,Hospital,Large,Pneumonia,Respiratory,PR002,Emergency Department Visit,Emergency,14,2026-08,2026-08-10,0.7065914973584371,0.7985898742779476,0,0,1,0,1
C00067142,P007680,2025-05-19,2025-06-18,DR0374,F022,Medicare,Professional,Denied,DX014,PR015,14291.77,10904.2,1325.56,1096.52,,76,Male,South,Provider_0374,General Surgery,Facility_022,Hospital,Large,Fracture/Injury,Acute,PR015,Major Surgery,Surgery,30,2025-05,2025-05-19,0.12156416793529097,0.7629705767725061,0,1,0,0,1
C00067216,P014674,2025-08-18,2025-09-05,DR0288,F012,Self-Pay,Outpatient,Paid,DX004,PR001,152.0,113.5,101.5,7.1,,76,Female,South,Provider_0288,Cardiology,Facility_012,Ambulatory Center,Medium,Hyperlipidemia,Chronic,PR001,Office/Follow-up Visit,Professional,18,2025-08,2025-08-18,0.8942731277533039,0.7467105263157895,0,0,0,1,1
C00067234,P007060,2026-09-30,2026-10-24,DR0393,F007,Commercial,Outpatient,Denied,DX002,PR019,8034.48,6536.03,974.79,891.23,,27,Male,Midwest,Provider_0393,Emergency Medicine,Facility_007,Hospital,Large,Type 2 Diabetes,Chronic,PR019,Maternity Delivery,Obstetric,24,2026-09,2026-09-28,0.14914099231490677,0.8134975754498113,0,1,0,0,1
C00067244,P008984,2024-03-15,2024-04-03,,F002,Commercial,Professional,Paid,DX009,PR011,637.4,565.86,496.84,11.44,Missing Provider,28,Female,West,,,Facility_002,Ambulatory Center,Large,Asthma,Respiratory,PR011,Cardiac Stress Test,Diagnostic,19,2024-03,2024-03-11,0.8780263669458876,0.8877627863194227,0,0,1,0,1
C00067247,P012921,2026-03-16,2026-03-24,DR0052,F006,Commercial,Outpatient,Paid,DX015,PR015,24624.8,20776.54,18548.79,516.9,,87,Female,Northeast,Provider_0052,General Surgery,Facility_006,Hospital,Small,Abdominal Pain,Acute,PR015,Major Surgery,Surgery,8,2026-03,2026-03-16,0.892775697974735,0.843724212988532,0,1,0,0,1
C00067272,P001653,2026-07-01,2026-07-26,DR0159,F018,Medicare Advantage,Outpatient,Paid,DX007,PR015,11101.6,9255.29,7117.02,267.02,,3,Male,Midwest,Provider_0159,Cardiology,Facility_018,Specialty Center,Large,Coronary Artery Disease,Cardiovascular,PR015,Major Surgery,Surgery,25,2026-07,2026-06-29,0.7689678011169828,0.8336897384160842,0,1,0,0,1
C00067285,P009052,2026-07-19,2026-08-07,,F022,Medicare,Outpatient,Paid,DX005,PR020,86.68,75.76,63.04,1.89,Missing Provider,58,Male,West,,,Facility_022,Hospital,Large,Low Back Pain,Musculoskeletal,PR020,Specialist Consultation,Professional,19,2026-07,2026-07-13,0.8321013727560718,0.8740193816335948,0,0,1,0,1
C00067345,P019558,2025-04-23,2025-05-17,DR0246,F001,Medicaid,Inpatient,Paid,DX005,PR015,12698.91,8944.23,8027.62,23.99,,41,Female,West,Provider_0246,Orthopedics,Facility_001,Hospital,Large,Low Back Pain,Musculoskeletal,PR015,Major Surgery,Surgery,24,2025-04,2025-04-21,0.8975194063658918,0.7043305291556519,0,1,0,0,1
C00067372,P001716,2024-09-18,2024-09-26,DR0052,F006,Commercial,Professional,Paid,DX011,PR015,13764.88,13218.84,9475.27,677.51,,76,Other,West,Provider_0052,General Surgery,Facility_006,Hospital,Small,Depression,Behavioral Health,PR015,Major Surgery,Surgery,8,2024-09,2024-09-16,0.716800415165022,0.9603309291472211,0,1,0,0,1
C00067431,P010698,2024-05-30,2024-06-11,DR0242,F017,Other,Inpatient,Paid,DX015,PR015,13822.65,13387.73,9890.54,1060.0,,25,Female,Midwest,Provider_0242,General Surgery,Facility_017,Hospital,Medium,Abdominal Pain,Acute,PR015,Major Surgery,Surgery,12,2024-05,2024-05-27,0.7387764766693085,0.9685357004626465,0,1,0,0,1
C00067445,P003708,2025-02-06,2025-02-24,DR0183,F002,Workers Comp,Professional,Rejected,DX009,PR021,224.44,179.86,2.94,16.8,,69,Female,Northeast,Provider_0183,Other,Facility_002,Ambulatory Center,Large,Asthma,Respiratory,PR021,Behavioral Health Session,Behavioral,18,2025-02,2025-02-03,0.01634604692538641,0.8013723044020674,0,0,0,1,1
C00067502,P016571,2026-08-11,2026-09-10,DR0153,F008,Self-Pay,Professional,Paid,DX006,PR015,17817.11,12630.32,10872.12,944.97,,94,Male,South,Provider_0153,Orthopedics,Facility_008,Hospital,Small,Osteoarthritis,Musculoskeletal,PR015,Major Surgery,Surgery,30,2026-08,2026-08-10,0.8607952925974957,0.7088871315269423,0,1,0,0,1
C00067514,P010670,2025-01-24,2025-02-12,DR0263,F021,Medicaid,Inpatient,Paid,DX024,PR015,19845.55,14828.48,10729.83,129.82,,38,Male,West,Provider_0263,Orthopedics,Facility_021,Ambulatory Center,Small,Thyroid Disorder,Chronic,PR015,Major Surgery,Surgery,19,2025-01,2025-01-20,0.7235960799758303,0.7471942072656087,0,1,0,0,1
C00067529,P005834,2024-09-12,2024-10-02,,F001,Medicare Advantage,Inpatient,Paid,DX025,PR003,62.62,54.66,41.74,1.86,Missing Provider,94,Male,Midwest,,,Facility_001,Hospital,Large,Other Condition,Other,PR003,Routine Lab Panel,Diagnostic,20,2024-09,2024-09-09,0.7636297109403587,0.8728840625998083,0,0,1,0,1
C00067721,P011499,2025-08-25,2025-09-13,DR0374,F022,Workers Comp,Outpatient,Paid,DX015,PR020,238.65,213.71,150.2,5.11,,52,Male,South,Provider_0374,General Surgery,Facility_022,Hospital,Large,Abdominal Pain,Acute,PR020,Specialist Consultation,Professional,19,2025-08,2025-08-25,0.7028215806466707,0.8954954954954955,0,0,0,1,1
C00067987,P005199,2024-04-18,2024-04-22,DR0433,F005,Medicare Advantage,Inpatient,Paid,DX010,PR019,9432.11,8038.44,6121.92,347.95,,92,Female,South,Provider_0433,Other,Facility_005,Ambulatory Center,Small,COPD,Respiratory,PR019,Maternity Delivery,Obstetric,4,2024-04,2024-04-15,0.7615806051920523,0.8522419691882304,0,1,0,0,1
C00068026,P006457,2024-04-06,2024-04-21,DR0314,F025,Medicaid,Professional,Paid,DX003,PR015,7732.42,6470.04,5488.89,35.74,,74,Male,South,Provider_0314,Orthopedics,Facility_025,Hospital,Small,Upper Respiratory Infection,Acute,PR015,Major Surgery,Surgery,15,2024-04,2024-04-01,0.8483548787951852,0.8367419255550009,0,1,0,0,1
C00068139,P004347,2025-01-17,2025-02-07,DR0031,F004,Medicare,Outpatient,Denied,DX017,PR018,2552.8,2424.64,370.52,329.33,,76,Female,Midwest,Provider_0031,Oncology,Facility_004,Clinic,Medium,Cancer - Active Treatment,Oncology,PR018,Radiation Therapy,Oncology,21,2025-01,2025-01-13,0.15281443843209713,0.9497963020996552,0,0,0,1,1
C00068216,P006692,2025-02-26,2025-03-23,DR0416,F014,Medicare,Professional,Paid,DX014,PR015,11433.63,9094.49,8045.22,168.71,,13,Female,Midwest,Provider_0416,Orthopedics,Facility_014,Hospital,Small,Fracture/Injury,Acute,PR015,Major Surgery,Surgery,25,2025-02,2025-02-24,0.8846257459186827,0.7954158040797192,0,1,0,0,1
C00068432,P007324,2024-05-01,2024-05-24,DR0363,F015,Commercial,Professional,Paid,DX002,PR025,169.66,141.4,130.7,2.04,,77,Female,Midwest,Provider_0363,Internal Medicine,Facility_015,Hospital,Small,Type 2 Diabetes,Chronic,PR025,Other Clinical Service,Other,23,2024-05,2024-04-29,0.9243281471004242,0.8334315690203937,0,0,0,1,1
C00068468,P007060,2024-09-30,2024-10-24,DR0242,F017,Commercial,Outpatient,Paid,DX015,PR017,1054.27,755.18,630.9,24.52,,27,Male,Midwest,Provider_0242,General Surgery,Facility_017,Hospital,Medium,Abdominal Pain,Acute,PR017,Chemotherapy Administration,Oncology,24,2024-09,2024-09-30,0.8354299637172595,0.7163060696026634,0,0,0,1,1
C00068555,P018350,2024-12-04,2024-12-08,,F014,Self-Pay,Professional,Paid,DX004,PR006,16.18,11.8,9.97,1.24,Missing Provider,53,Female,Midwest,,,Facility_014,Hospital,Small,Hyperlipidemia,Chronic,PR006,X-Ray,Diagnostic,4,2024-12,2024-12-02,0.8449152542372882,0.7292954264524104,0,0,1,0,1
C00068558,P016901,2024-05-30,2024-05-30,DR0191,F020,Medicare,Professional,Paid,DX011,PR006,40.86,36.26,27.52,1.05,,54,Female,South,Provider_0191,Family Medicine,Facility_020,Hospital,Large,Depression,Behavioral Health,PR006,X-Ray,Diagnostic,0,2024-05,2024-05-27,0.7589630446773304,0.8874204601076847,0,0,0,1,1
C00068610,P005618,2024-04-23,2024-04-25,DR0318,F023,Other,Professional,Paid,DX014,PR015,20421.42,17939.42,14308.17,809.23,,68,Female,South,Provider_0318,Orthopedics,Facility_023,Clinic,Medium,Fracture/Injury,Acute,PR015,Major Surgery,Surgery,2,2024-04,2024-04-22,0.797582642025216,0.87846094933653,0,1,0,0,1
C00068652,P002229,2025-04-02,2025-04-02,DR0301,F007,Commercial,Outpatient,Paid,DX004,PR002,805.47,589.52,562.71,6.18,,73,Female,West,Provider_0301,Cardiology,Facility_007,Hospital,Large,Hyperlipidemia,Chronic,PR002,Emergency Department Visit,Emergency,0,2025-04,2025-03-31,0.9545223232460308,0.7318956634014923,0,0,0,1,1
C00068656,P009593,2024-05-10,2024-05-17,DR0314,F025,Commercial,Professional,Paid,DX006,PR015,11642.5,8179.29,7874.2,50.67,,65,Female,Northeast,Provider_0314,Orthopedics,Facility_025,Hospital,Small,Osteoarthritis,Musculoskeletal,PR015,Major Surgery,Surgery,7,2024-05,2024-05-06,0.9626996964284186,0.7025372557440412,0,1,0,0,1
C00068707,P013472,2026-08-27,2026-09-23,DR0374,F022,Commercial,Outpatient,Paid,DX015,PR015,8013.36,6345.84,6058.2,67.59,,67,Male,Midwest,Provider_0374,General Surgery,Facility_022,Hospital,Large,Abdominal Pain,Acute,PR015,Major Surgery,Surgery,27,2026-08,2026-08-24,0.954672667448281,0.7919075144508672,0,1,0,0,1
C00068756,P006327,2026-07-31,2026-08-03,DR0242,F017,Commercial,Outpatient,Paid,DX005,PR015,32839.39,24753.59,20205.86,1094.44,,77,Male,Midwest,Provider_0242,General Surgery,Facility_017,Hospital,Medium,Low Back Pain,Musculoskeletal,PR015,Major Surgery,Surgery,3,2026-07,2026-07-27,0.81627998201473,0.7537773996411018,0,1,0,0,1
C00068850,P012755,2025-10-26,2025-11-25,DR0163,F007,Commercial,Outpatient,Paid,DX006,PR015,8085.41,5903.65,4584.04,320.08,,96,Male,Midwest,Provider_0163,Orthopedics,Facility_007,Hospital,Large,Osteoarthritis,Musculoskeletal,PR015,Major Surgery,Surgery,30,2025-10,2025-10-20,0.7764755701980979,0.7301608700115393,0,1,0,0,1
C00068867,P011755,2024-09-11,2024-09-22,DR0433,F005,Commercial,Professional,Paid,DX017,PR015,7803.71,5593.57,5271.95,75.83,,69,Female,West,Provider_0433,Other,Facility_005,Ambulatory Center,Small,Cancer - Active Treatment,Oncology,PR015,Major Surgery,Surgery,11,2024-09,2024-09-09,0.9425018369306186,0.7167834273698023,0,1,0,0,1
C00069086,P009063,2024-03-08,2024-03-31,DR0399,F022,Medicare,Inpatient,Paid,DX021,PR015,16943.53,13588.69,11926.87,195.39,,29,Female,South,Provider_0399,General Surgery,Facility_022,Hospital,Large,Skin Infection,Acute,PR015,Major Surgery,Surgery,23,2024-03,2024-03-04,0.877705650802248,0.8019987570476755,0,1,0,0,1
C00069165,P003241,2025-12-06,2026-01-01,DR0242,F017,Medicaid,Outpatient,Paid,DX003,PR015,10141.72,8908.53,8184.12,24.62,,78,Female,Midwest,Provider_0242,General Surgery,Facility_017,Hospital,Medium,Upper Respiratory Infection,Acute,PR015,Major Surgery,Surgery,26,2025-12,2025-12-01,0.918683553852319,0.8784042548995635,0,1,0,0,1
C00069265,P001258,2025-07-16,2025-08-05,DR0443,F019,Medicare Advantage,Professional,Paid,DX004,PR020,169.46,124.54,102.18,3.94,,9,Male,South,Provider_0443,Family Medicine,Facility_019,Ambulatory Center,Medium,Hyperlipidemia,Chronic,PR020,Specialist Consultation,Professional,20,2025-07,2025-07-14,0.8204592901878914,0.7349226956213856,0,0,0,1,1
C00069279,P009758,2025-01-17,2025-02-06,DR0226,F013,Commercial,Professional,Denied,DX011,PR020,148.13,142.23,15.0,29.89,,53,Male,West,Provider_0226,Family Medicine,Facility_013,Hospital,Large,Depression,Behavioral Health,PR020,Specialist Consultation,Professional,20,2025-01,2025-01-13,0.10546298249314491,0.9601701208398028,0,0,0,1,1
C00069375,P008127,2024-05-17,2024-06-03,DR0336,F017,Commercial,Outpatient,Paid,DX011,PR006,48.93,43.61,35.91,1.26,,72,Female,South,Provider_0336,Family Medicine,Facility_017,Hospital,Medium,Depression,Behavioral Health,PR006,X-Ray,Diagnostic,17,2024-05,2024-05-13,0.8234349919743178,0.8912732474964234,0,0,0,1,1
C00069455,P000582,2025-07-02,2025-07-24,DR0186,F013,Medicare Advantage,Professional,Paid,DX025,PR019,9484.61,7041.2,6704.43,63.55,,89,Male,Midwest,Provider_0186,Obstetrics & Gynecology,Facility_013,Hospital,Large,Other Condition,Other,PR019,Maternity Delivery,Obstetric,22,2025-07,2025-06-30,0.9521715048571266,0.7423816055694434,0,1,0,0,1
C00069561,P013845,2025-08-30,2025-09-02,DR0374,F022,Medicare Advantage,Inpatient,Paid,DX025,PR015,10410.13,7320.92,5247.52,291.56,,35,Female,Midwest,Provider_0374,General Surgery,Facility_022,Hospital,Large,Other Condition,Other,PR015,Major Surgery,Surgery,3,2025-08,2025-08-25,0.7167842293045137,0.7032496232035528,0,1,0,1,1
C00069593,P005165,2024-03-14,2024-04-01,,F011,Medicare,Professional,Paid,DX020,PR003,44.61,38.21,32.71,0.6,Missing Provider,69,Female,South,,,Facility_011,Hospital,Large,Gastroesophageal Reflux,Chronic,PR003,Routine Lab Panel,Diagnostic,18,2024-03,2024-03-11,0.8560586233970164,0.8565344093252635,0,0,1,0,1
C00069618,P011168,2024-03-19,2024-04-12,DR0166,F022,Commercial,Outpatient,Paid,DX008,PR015,34934.64,28594.01,25065.23,865.75,,44,Male,South,Provider_0166,Cardiology,Facility_022,Hospital,Large,Heart Failure,Cardiovascular,PR015,Major Surgery,Surgery,24,2024-03,2024-03-18,0.8765902369062611,0.8185002049541658,0,1,0,0,1
C00069648,P009581,2025-01-15,2025-01-21,DR0226,F013,Medicare,Outpatient,Pending,DX002,PR008,175.75,138.12,0.0,15.07,,88,Female,Northeast,Provider_0226,Family Medicine,Facility_013,Hospital,Large,Type 2 Diabetes,Chronic,PR008,Physical Therapy Session,Therapy,6,2025-01,2025-01-13,0.0,0.7858890469416785,0,0,0,1,1
C00069715,P003561,2025-12-25,2025-12-29,DR0090,F004,Commercial,Inpatient,Paid,DX025,PR015,11214.33,8135.79,7110.61,162.21,,91,Male,West,Provider_0090,General Surgery,Facility_004,Clinic,Medium,Other Condition,Other,PR015,Major Surgery,Surgery,4,2025-12,2025-12-22,0.8739913395011425,0.7254815936395665,0,1,0,0,1
C00069744,P005557,2025-06-23,2025-07-02,,F008,Medicare,Outpatient,Paid,DX015,PR016,1024.28,974.38,865.06,13.19,Missing Provider,62,Male,West,,,Facility_008,Hospital,Small,Abdominal Pain,Acute,PR016,Inpatient Daily Care,Inpatient,9,2025-06,2025-06-23,0.887805578932244,0.9512828523450619,0,0,1,0,1
C00069816,P006286,2024-11-01,2024-12-01,DR0346,F007,Self-Pay,Outpatient,Paid,DX014,PR015,11073.49,9303.95,7965.03,694.58,,67,Male,South,Provider_0346,Orthopedics,Facility_007,Hospital,Large,Fracture/Injury,Acute,PR015,Major Surgery,Surgery,30,2024-11,2024-10-28,0.8560912300689492,0.8402003343119469,0,1,0,0,1
C00069820,P003529,2026-03-17,2026-03-19,,F008,Medicare,Inpatient,Paid,DX007,PR005,4864.18,3530.45,3270.47,41.7,Missing Provider,34,Male,West,,,Facility_008,Hospital,Small,Coronary Artery Disease,Cardiovascular,PR005,MRI,Diagnostic,2,2026-03,2026-03-16,0.9263606622385249,0.7258057884371054,0,0,1,0,1
C00069936,P013019,2026-04-06,2026-04-30,,F008,Commercial,Inpatient,Paid,DX007,PR006,278.36,218.13,201.87,2.54,Missing Provider,65,Male,Northeast,,,Facility_008,Hospital,Small,Coronary Artery Disease,Cardiovascular,PR006,X-Ray,Diagnostic,24,2026-04,2026-04-06,0.9254572961078257,0.7836255209081764,0,0,1,0,1
C00069951,P000726,2025-09-22,2025-09-28,DR0350,F005,Medicare,Inpatient,Paid,DX025,PR015,10350.72,8184.29,7821.37,48.3,,26,Female,South,Provider_0350,General Surgery,Facility_005,Ambulatory Center,Small,Other Condition,Other,PR015,Major Surgery,Surgery,6,2025-09,2025-09-22,0.9556565077728184,0.7906976519507822,0,1,0,0,1
C00069979,P005841,2026-02-12,2026-02-15,DR0382,F012,Medicare,Outpatient,Rejected,DX021,PR020,350.13,279.65,19.29,40.97,,48,Male,South,Provider_0382,Pediatrics,Facility_012,Ambulatory Center,Medium,Skin Infection,Acute,PR020,Specialist Consultation,Professional,3,2026-02,2026-02-09,0.06897908099409977,0.7987033387598891,0,0,0,1,1
C00070011,P017725,2024-03-13,2024-04-07,DR0281,F020,Commercial,Outpatient,Paid,DX017,PR019,8677.48,8178.61,6263.69,405.85,,69,Male,South,Provider_0281,Obstetrics & Gynecology,Facility_020,Hospital,Large,Cancer - Active Treatment,Oncology,PR019,Maternity Delivery,Obstetric,25,2024-03,2024-03-11,0.76586241427333,0.9425098069946575,0,1,0,0,1
C00070040,P007844,2024-09-15,2024-09-15,DR0176,F024,Medicare,Outpatient,Paid,DX012,PR015,13168.35,12227.77,9366.09,443.84,,95,Female,West,Provider_0176,Other,Facility_024,Ambulatory Center,Medium,Anxiety Disorder,Behavioral Health,PR015,Major Surgery,Surgery,0,2024-09,2024-09-09,0.7659687743554221,0.92857267615153,0,1,0,0,1
C00070076,P004693,2024-01-27,2024-02-17,DR0242,F017,Commercial,Inpatient,Paid,DX015,PR015,7665.76,6460.65,4949.44,308.08,,35,Female,Northeast,Provider_0242,General Surgery,Facility_017,Hospital,Medium,Abdominal Pain,Acute,PR015,Major Surgery,Surgery,21,2024-01,2024-01-22,0.7660900992934148,0.8427931477113815,0,1,0,0,1
C00070114,P016611,2025-06-05,2025-06-10,DR0283,F017,Medicare Advantage,Outpatient,Paid,DX020,PR023,532.26,376.59,398.58,0.0,Paid Greater Than Allowed,64,Male,South,Provider_0283,Other,Facility_017,Hospital,Medium,Gastroesophageal Reflux,Chronic,PR023,Ambulance Transport,Emergency,5,2025-06,2025-06-02,1.0583924161555007,0.707530154435802,1,0,0,0,1
C00070180,P010155,2024-04-05,2024-05-02,DR0301,F007,Medicare,Inpatient,Paid,DX001,PR003,100.01,71.53,62.54,1.48,,71,Female,South,Provider_0301,Cardiology,Facility_007,Hospital,Large,Essential Hypertension,Chronic,PR003,Routine Lab Panel,Diagnostic,27,2024-04,2024-04-01,0.8743184677757584,0.7152284771522848,0,0,0,1,1
C00070254,P017421,2025-02-15,2025-02-19,DR0420,F007,Medicare,Professional,Paid,DX003,PR006,33.01,26.63,28.02,0.0,Paid Greater Than Allowed,54,Male,South,Provider_0420,Family Medicine,Facility_007,Hospital,Large,Upper Respiratory Infection,Acute,PR006,X-Ray,Diagnostic,4,2025-02,2025-02-10,1.0521967705595194,0.8067252347773403,1,0,0,0,1
C00070309,P017128,2026-05-05,2026-05-07,DR0325,F021,Medicare Advantage,Professional,Denied,DX012,PR019,7839.87,5523.03,974.46,627.51,,24,Female,West,Provider_0325,Other,Facility_021,Ambulatory Center,Small,Anxiety Disorder,Behavioral Health,PR019,Maternity Delivery,Obstetric,2,2026-05,2026-05-04,0.1764357608052102,0.7044797936700481,0,1,0,0,1
C00070396,P008620,2026-09-26,2026-10-09,DR0404,F020,Medicaid,Inpatient,Paid,DX006,PR015,20581.51,16653.45,12803.1,128.19,,69,Female,South,Provider_0404,Orthopedics,Facility_020,Hospital,Large,Osteoarthritis,Musculoskeletal,PR015,Major Surgery,Surgery,13,2026-09,2026-09-21,0.7687956549543788,0.8091461705190728,0,1,0,0,1
C00070402,P011923,2025-10-21,2025-10-23,DR0011,F019,Medicare,Professional,Paid,DX015,PR015,7983.65,5857.28,4959.76,127.3,,60,Female,Northeast,Provider_0011,General Surgery,Facility_019,Ambulatory Center,Medium,Abdominal Pain,Acute,PR015,Major Surgery,Surgery,2,2025-10,2025-10-20,0.8467684659090909,0.7336594164323336,0,1,0,0,1
C00070447,P007823,2024-07-20,2024-07-28,DR0437,F006,Medicare Advantage,Outpatient,Paid,DX014,PR015,7837.98,7424.77,6787.46,76.98,,35,Male,South,Provider_0437,Other,Facility_006,Hospital,Small,Fracture/Injury,Acute,PR015,Major Surgery,Surgery,8,2024-07,2024-07-15,0.9141643444847449,0.94728105966078,0,1,0,0,1
C00070490,P003550,2026-04-25,2026-04-27,DR0319,F005,Workers Comp,Professional,Paid,DX016,PR015,10095.67,9335.44,8542.39,74.73,,56,Female,West,Provider_0319,Orthopedics,Facility_005,Ambulatory Center,Small,Pneumonia,Respiratory,PR015,Major Surgery,Surgery,2,2026-04,2026-04-20,0.9150495316771357,0.9246974197849177,0,1,0,0,1
C00070503,P001829,2024-11-08,2024-11-17,DR0081,F012,Medicare Advantage,Professional,Paid,DX020,PR017,502.16,469.14,402.7,10.24,,50,Female,Midwest,Provider_0081,Internal Medicine,Facility_012,Ambulatory Center,Medium,Gastroesophageal Reflux,Chronic,PR017,Chemotherapy Administration,Oncology,9,2024-11,2024-11-04,0.858379161870657,0.9342440656364505,0,0,0,1,1
C00070562,P009523,2025-01-09,2025-01-26,DR0336,F017,Commercial,Outpatient,Denied,DX020,PR003,64.36,59.7,12.02,8.69,,65,Male,West,Provider_0336,Family Medicine,Facility_017,Hospital,Medium,Gastroesophageal Reflux,Chronic,PR003,Routine Lab Panel,Diagnostic,17,2025-01,2025-01-06,0.2013400335008375,0.9275947793660659,0,0,0,1,1
C00070616,P009923,2026-02-12,2026-02-28,,F025,Medicaid,Outpatient,Paid,DX013,PR021,538.93,427.14,398.24,0.95,Missing Provider,87,Female,South,,,Facility_025,Hospital,Small,Chronic Kidney Disease,Chronic,PR021,Behavioral Health Session,Behavioral,16,2026-02,2026-02-09,0.932340684553074,0.792570463696584,0,0,1,0,1
C00070628,P006762,2026-06-30,2026-07-23,DR0242,F017,Self-Pay,Professional,Paid,DX025,PR015,8221.69,7780.12,5686.23,1675.55,,10,Male,Midwest,Provider_0242,General Surgery,Facility_017,Hospital,Medium,Other Condition,Other,PR015,Major Surgery,Surgery,23,2026-06,2026-06-29,0.7308666190238711,0.9462920640403615,0,1,0,0,1
C00070637,P004972,2024-04-15,2024-05-08,DR0236,F011,Self-Pay,Professional,Paid,DX008,PR015,16639.68,13625.44,12362.77,865.64,,53,Male,Midwest,Provider_0236,Cardiology,Facility_011,Hospital,Large,Heart Failure,Cardiovascular,PR015,Major Surgery,Surgery,23,2024-04,2024-04-15,0.907329965124062,0.8188522856208773,0,1,0,0,1
C00070675,P004623,2024-11-04,2024-11-24,DR0419,F022,Commercial,Outpatient,Paid,DX005,PR015,22295.49,19778.7,18534.76,280.8,,7,Female,Midwest,Provider_0419,Orthopedics,Facility_022,Hospital,Large,Low Back Pain,Musculoskeletal,PR015,Major Surgery,Surgery,20,2024-11,2024-11-04,0.9371070899503,0.887116632108108,0,1,0,0,1
C00070713,P003478,2025-02-25,2025-03-07,DR0199,F008,Medicare,Professional,Paid,DX021,PR006,107.76,79.2,57.76,3.71,,9,Male,South,Provider_0199,Family Medicine,Facility_008,Hospital,Small,Skin Infection,Acute,PR006,X-Ray,Diagnostic,10,2025-02,2025-02-24,0.7292929292929292,0.734966592427617,0,0,0,1,1
C00070762,P016193,2026-03-15,2026-04-06,DR0404,F020,Medicare Advantage,Professional,Denied,DX014,PR015,8291.38,7163.29,865.83,766.59,,35,Male,South,Provider_0404,Orthopedics,Facility_020,Hospital,Large,Fracture/Injury,Acute,PR015,Major Surgery,Surgery,22,2026-03,2026-03-09,0.12087043802498573,0.8639442408863182,0,1,0,0,1
C00070768,P018846,2024-07-26,2024-08-10,DR0112,F023,Medicare,Inpatient,Pending,DX002,PR006,93.7,80.47,0.0,12.12,,65,Male,Midwest,Provider_0112,Internal Medicine,Facility_023,Clinic,Medium,Type 2 Diabetes,Chronic,PR006,X-Ray,Diagnostic,15,2024-07,2024-07-22,0.0,0.8588046958377801,0,0,0,1,1
C00070985,P016557,2025-01-27,2025-02-26,DR0035,F008,Medicaid,Professional,Paid,DX016,PR024,101.84,88.35,80.88,0.23,,62,Female,West,Provider_0035,Other,Facility_008,Hospital,Small,Pneumonia,Respiratory,PR024,Home Health Visit,Home Health,30,2025-01,2025-01-27,0.9154499151103566,0.8675373134328357,0,0,0,1,1
C00070986,P015413,2025-02-16,2025-03-12,DR0052,F006,Medicaid,Professional,Paid,DX023,PR015,7986.79,6666.66,5858.25,21.37,,73,Male,South,Provider_0052,General Surgery,Facility_006,Hospital,Small,Migraine,Neurologic,PR015,Major Surgery,Surgery,24,2025-02,2025-02-10,0.8787383787383788,0.8347108162353085,0,1,0,0,1
C00071005,P017991,2024-12-31,2025-01-05,DR0240,F013,Medicare,Professional,Paid,DX025,PR003,139.9,107.27,89.35,2.62,,67,Male,Northeast,Provider_0240,Pediatrics,Facility_013,Hospital,Large,Other Condition,Other,PR003,Routine Lab Panel,Diagnostic,5,2024-12,2024-12-30,0.8329449053789503,0.7667619728377412,0,0,0,1,1
C00071009,P012703,2025-01-03,2025-01-05,DR0320,F020,Medicare,Professional,Paid,DX003,PR013,13070.88,9874.58,9628.01,38.8,,88,Female,Midwest,Provider_0320,Other,Facility_020,Hospital,Large,Upper Respiratory Infection,Acute,PR013,Cataract Procedure,Surgery,2,2025-01,2024-12-30,0.9750298240532762,0.7554640544477496,0,1,0,0,1
C00071141,P000228,2024-10-30,2024-11-09,DR0242,F017,Medicaid,Inpatient,Paid,DX025,PR015,15236.43,12869.17,10451.86,64.58,,92,Male,South,Provider_0242,General Surgery,Facility_017,Hospital,Medium,Other Condition,Other,PR015,Major Surgery,Surgery,10,2024-10,2024-10-28,0.8121627113481289,0.8446315836452503,0,1,0,0,1
C00071167,P017793,2025-12-29,2026-01-24,DR0125,F011,Other,Professional,Pending,DX023,PR019,10315.74,7610.51,0.0,2088.27,,71,Female,South,Provider_0125,Neurology,Facility_011,Hospital,Large,Migraine,Neurologic,PR019,Maternity Delivery,Obstetric,26,2025-12,2025-12-29,0.0,0.7377570586307914,0,1,0,0,1
C00071184,P005862,2025-01-02,2025-01-13,DR0240,F013,Commercial,Inpatient,Paid,DX025,PR001,198.78,179.13,155.57,5.71,,76,Female,South,Provider_0240,Pediatrics,Facility_013,Hospital,Large,Other Condition,Other,PR001,Office/Follow-up Visit,Professional,11,2025-01,2024-12-30,0.8684754089208955,0.9011469966797464,0,0,0,1,1
C00071272,P004603,2026-05-09,2026-05-31,DR0283,F017,Medicare,Inpatient,Pending,DX015,PR019,9084.88,7612.21,0.0,1091.31,,85,Male,West,Provider_0283,Other,Facility_017,Hospital,Medium,Abdominal Pain,Acute,PR019,Maternity Delivery,Obstetric,22,2026-05,2026-05-04,0.0,0.8378987944804995,0,1,0,0,1
C00071274,P014192,2024-01-11,2024-01-18,DR0163,F007,Commercial,Professional,Paid,DX005,PR015,8799.58,6810.07,5738.79,174.75,,93,Male,South,Provider_0163,Orthopedics,Facility_007,Hospital,Large,Low Back Pain,Musculoskeletal,PR015,Major Surgery,Surgery,7,2024-01,2024-01-08,0.8426917784986058,0.7739085274524465,0,1,0,0,1
C00071340,P001529,2024-07-20,2024-08-01,DR0311,F013,Medicare,Inpatient,Denied,DX025,PR001,417.21,350.99,29.83,47.31,,41,Female,West,Provider_0311,Orthopedics,Facility_013,Hospital,Large,Other Condition,Other,PR001,Office/Follow-up Visit,Professional,12,2024-07,2024-07-15,0.08498817630131912,0.8412789722202249,0,0,0,1,1
C00071342,P007762,2025-11-06,2025-11-30,DR0263,F021,Medicaid,Outpatient,Paid,DX005,PR015,14423.2,11021.22,8443.04,80.89,,44,Female,Northeast,Provider_0263,Orthopedics,Facility_021,Ambulatory Center,Small,Low Back Pain,Musculoskeletal,PR015,Major Surgery,Surgery,24,2025-11,2025-11-03,0.7660712697868295,0.7641313994120583,0,1,0,0,1
C00071381,P018858,2025-03-12,2025-03-24,DR0052,F006,Commercial,Inpatient,Paid,DX010,PR015,30749.78,22113.13,19066.67,734.3,,33,Male,South,Provider_0052,General Surgery,Facility_006,Hospital,Small,COPD,Respiratory,PR015,Major Surgery,Surgery,12,2025-03,2025-03-10,0.8622329810388668,0.7191313238663822,0,1,0,0,1
C00071382,P013416,2025-01-30,2025-02-06,,F011,Self-Pay,Outpatient,Paid,DX003,PR003,13.47,12.0,10.64,0.86,Missing Provider,83,Female,South,,,Facility_011,Hospital,Large,Upper Respiratory Infection,Acute,PR003,Routine Lab Panel,Diagnostic,7,2025-01,2025-01-27,0.8866666666666667,0.8908685968819599,0,0,1,0,1
C00071399,P008934,2025-11-23,2025-12-07,DR0259,F002,Medicare Advantage,Outpatient,Paid,DX006,PR015,8371.11,7488.05,5463.99,366.0,,77,Female,West,Provider_0259,Orthopedics,Facility_002,Ambulatory Center,Large,Osteoarthritis,Musculoskeletal,PR015,Major Surgery,Surgery,14,2025-11,2025-11-17,0.7296946468039075,0.8945110027224585,0,1,0,0,1
C00071405,P019593,2026-09-03,2026-09-12,DR0085,F021,Medicare Advantage,Outpatient,Paid,DX018,PR019,14568.35,11758.72,11336.37,78.13,,45,Male,South,Provider_0085,Obstetrics & Gynecology,Facility_021,Ambulatory Center,Small,Pregnancy-Related,Obstetric,PR019,Maternity Delivery,Obstetric,9,2026-09,2026-08-31,0.9640819749088337,0.8071415088187749,0,1,0,0,1
C00071469,P017566,2025-01-12,2025-01-24,DR0052,F006,Medicaid,Professional,Paid,DX025,PR015,9366.52,8179.23,7845.99,10.79,,39,Female,Midwest,Provider_0052,General Surgery,Facility_006,Hospital,Small,Other Condition,Other,PR015,Major Surgery,Surgery,12,2025-01,2025-01-06,0.9592577785439461,0.8732410756609711,0,1,0,0,1
C00071516,P001524,2025-11-10,2025-11-18,DR0404,F020,Medicare Advantage,Outpatient,Paid,DX005,PR002,474.86,348.21,326.88,4.13,,72,Male,Midwest,Provider_0404,Orthopedics,Facility_020,Hospital,Large,Low Back Pain,Musculoskeletal,PR002,Emergency Department Visit,Emergency,8,2025-11,2025-11-10,0.9387438614629103,0.7332898117339847,0,0,0,1,1
C00071545,P011049,2025-03-05,2025-03-29,DR0035,F008,Medicare Advantage,Professional,Paid,DX017,PR019,8133.48,7061.15,6076.41,188.07,,88,Female,South,Provider_0035,Other,Facility_008,Hospital,Small,Cancer - Active Treatment,Oncology,PR019,Maternity Delivery,Obstetric,24,2025-03,2025-03-03,0.8605411299859088,0.8681585250102047,0,1,0,0,1
C00071550,P004096,2024-01-18,2024-02-08,DR0336,F017,Medicaid,Professional,Paid,DX012,PR003,69.56,50.49,44.74,0.19,,69,Female,South,Provider_0336,Family Medicine,Facility_017,Hospital,Medium,Anxiety Disorder,Behavioral Health,PR003,Routine Lab Panel,Diagnostic,21,2024-01,2024-01-15,0.8861160625866509,0.725848188614146,0,0,0,1,1
C00071564,P013875,2024-05-14,2024-06-11,DR0336,F017,Medicare,Professional,Paid,DX005,PR020,499.67,443.96,385.06,9.54,,55,Female,West,Provider_0336,Family Medicine,Facility_017,Hospital,Medium,Low Back Pain,Musculoskeletal,PR020,Specialist Consultation,Professional,28,2024-05,2024-05-13,0.8673303901252366,0.8885064142333939,0,0,0,1,1
C00071610,P002233,2025-08-29,2025-09-06,DR0374,F022,Workers Comp,Professional,Paid,DX025,PR006,49.69,38.57,36.48,0.21,,55,Male,West,Provider_0374,General Surgery,Facility_022,Hospital,Large,Other Condition,Other,PR006,X-Ray,Diagnostic,8,2025-08,2025-08-25,0.9458128078817734,0.776212517609177,0,0,0,1,1
C00071631,P016208,2026-06-07,2026-06-25,DR0010,F014,Medicare,Professional,Paid,DX014,PR015,14351.04,12077.26,9315.14,459.37,,68,Male,South,Provider_0010,Orthopedics,Facility_014,Hospital,Small,Fracture/Injury,Acute,PR015,Major Surgery,Surgery,18,2026-06,2026-06-01,0.7712958071615581,0.8415599148215042,0,1,0,0,1
C00071650,P000793,2024-04-29,2024-05-10,DR0363,F015,Medicare Advantage,Professional,Pending,DX004,PR020,37.64,35.27,37.28,0.0,Paid Greater Than Allowed,1,Male,Midwest,Provider_0363,Internal Medicine,Facility_015,Hospital,Small,Hyperlipidemia,Chronic,PR020,Specialist Consultation,Professional,11,2024-04,2024-04-29,1.0569889424440033,0.9370350690754518,1,0,0,1,1
C00071653,P008552,2024-11-16,2024-11-16,DR0052,F006,Medicare Advantage,Inpatient,Paid,DX014,PR015,15351.17,14738.37,10872.12,644.23,,74,Female,South,Provider_0052,General Surgery,Facility_006,Hospital,Small,Fracture/Injury,Acute,PR015,Major Surgery,Surgery,0,2024-11,2024-11-11,0.737674518959695,0.9600812185650996,0,1,0,0,1
C00071738,P007861,2026-04-06,2026-05-05,DR0011,F019,Medicaid,Outpatient,Paid,DX015,PR015,11013.43,8311.73,6110.64,50.4,,93,Male,South,Provider_0011,General Surgery,Facility_019,Ambulatory Center,Medium,Abdominal Pain,Acute,PR015,Major Surgery,Surgery,29,2026-04,2026-04-06,0.7351826875993326,0.7546904097996718,0,1,0,0,1
C00071809,P010942,2024-08-13,2024-09-12,DR0242,F017,Commercial,Inpatient,Paid,DX015,PR015,9071.61,7765.2,6806.17,153.09,,12,Female,Midwest,Provider_0242,General Surgery,Facility_017,Hospital,Medium,Abdominal Pain,Acute,PR015,Major Surgery,Surgery,30,2024-08,2024-08-12,0.8764964199247927,0.8559891794290098,0,1,0,0,1
C00071918,P000748,2024-04-04,2024-04-19,DR0189,F019,Commercial,Inpatient,Pending,DX017,PR003,107.84,98.44,0.0,24.34,,46,Male,Midwest,Provider_0189,Oncology,Facility_019,Ambulatory Center,Medium,Cancer - Active Treatment,Oncology,PR003,Routine Lab Panel,Diagnostic,15,2024-04,2024-04-01,0.0,0.912833827893175,0,0,0,1,1
C00072049,P009038,2025-07-25,2025-08-09,DR0006,F007,Medicare,Professional,Paid,DX014,PR008,130.45,120.31,109.85,1.32,,67,Female,West,Provider_0006,Orthopedics,Facility_007,Hospital,Large,Fracture/Injury,Acute,PR008,Physical Therapy Session,Therapy,15,2025-07,2025-07-21,0.9130579336713489,0.9222690686086624,0,0,0,1,1
C00072134,P007321,2025-03-04,2025-03-21,DR0015,F002,Medicaid,Professional,Paid,DX005,PR015,10113.62,8100.93,6450.9,60.19,,71,Female,Midwest,Provider_0015,Orthopedics,Facility_002,Ambulatory Center,Large,Low Back Pain,Musculoskeletal,PR015,Major Surgery,Surgery,17,2025-03,2025-03-03,0.7963159785357977,0.8009921274479365,0,1,0,0,1
C00072173,P007068,2024-07-27,2024-08-25,DR0112,F023,Self-Pay,Professional,Paid,DX004,PR003,25.56,23.61,19.3,3.29,,47,Female,Northeast,Provider_0112,Internal Medicine,Facility_023,Clinic,Medium,Hyperlipidemia,Chronic,PR003,Routine Lab Panel,Diagnostic,29,2024-07,2024-07-22,0.8174502329521389,0.9237089201877935,0,0,0,1,1
C00072175,P008438,2025-01-01,2025-01-17,DR0240,F013,Medicare,Professional,Paid,DX014,PR021,88.07,78.84,71.56,0.99,,38,Male,Midwest,Provider_0240,Pediatrics,Facility_013,Hospital,Large,Fracture/Injury,Acute,PR021,Behavioral Health Session,Behavioral,16,2025-01,2024-12-30,0.9076610857432775,0.895197002384467,0,0,0,1,1
C00072276,P004459,2024-01-16,2024-01-25,DR0336,F017,Medicare Advantage,Professional,Denied,DX001,PR006,112.46,105.75,7.74,14.71,,45,Female,Northeast,Provider_0336,Family Medicine,Facility_017,Hospital,Medium,Essential Hypertension,Chronic,PR006,X-Ray,Diagnostic,9,2024-01,2024-01-15,0.07319148936170213,0.9403343410990574,0,0,0,1,1
C00072310,P000148,2025-10-06,2025-10-19,DR0187,F002,Commercial,Professional,Paid,DX001,PR015,8377.28,7164.86,5703.13,321.1,,41,Male,South,Provider_0187,Other,Facility_002,Ambulatory Center,Large,Essential Hypertension,Chronic,PR015,Major Surgery,Surgery,13,2025-10,2025-10-06,0.7959862439740624,0.8552728331869054,0,1,0,0,1
C00072371,P011667,2025-09-26,2025-10-04,DR0152,F013,Medicare,Professional,Paid,DX008,PR015,13503.24,10652.85,10285.66,44.58,,19,Female,Northeast,Provider_0152,Other,Facility_013,Hospital,Large,Heart Failure,Cardiovascular,PR015,Major Surgery,Surgery,8,2025-09,2025-09-22,0.9655312897487527,0.7889106614412541,0,1,0,0,1
C00072373,P001443,2026-06-28,2026-07-23,DR0078,F012,Commercial,Outpatient,Paid,DX020,PR019,23270.55,19733.08,14985.79,849.7,,90,Male,South,Provider_0078,Other,Facility_012,Ambulatory Center,Medium,Gastroesophageal Reflux,Chronic,PR019,Maternity Delivery,Obstetric,25,2026-06,2026-06-22,0.7594247831559999,0.8479851142323668,0,1,0,0,1
C00072450,P010650,2025-08-24,2025-08-24,DR0288,F012,Commercial,Professional,Paid,DX004,PR003,72.95,59.46,53.94,0.88,,77,Female,Northeast,Provider_0288,Cardiology,Facility_012,Ambulatory Center,Medium,Hyperlipidemia,Chronic,PR003,Routine Lab Panel,Diagnostic,0,2025-08,2025-08-18,0.9071644803229061,0.8150788211103496,0,0,0,1,1
C00072525,P012099,2024-01-13,2024-01-20,DR0163,F007,Commercial,Outpatient,Paid,DX006,PR015,8998.62,7053.37,5025.8,388.59,,92,Male,Midwest,Provider_0163,Orthopedics,Facility_007,Hospital,Large,Osteoarthritis,Musculoskeletal,PR015,Major Surgery,Surgery,7,2024-01,2024-01-08,0.7125388289569383,0.78382796473237,0,1,0,0,1
C00072571,P014743,2024-11-05,2024-11-19,DR0081,F012,Medicare Advantage,Professional,Paid,DX004,PR002,284.64,258.04,203.52,6.69,,89,Male,South,Provider_0081,Internal Medicine,Facility_012,Ambulatory Center,Medium,Hyperlipidemia,Chronic,PR002,Emergency Department Visit,Emergency,14,2024-11,2024-11-04,0.7887149279181522,0.9065486228218101,0,0,0,1,1
C00072672,P006241,2025-11-19,2025-12-05,,F014,Medicare,Professional,Paid,DX006,PR006,36.07,31.63,25.18,0.94,Missing Provider,95,Male,Northeast,,,Facility_014,Hospital,Small,Osteoarthritis,Musculoskeletal,PR006,X-Ray,Diagnostic,16,2025-11,2025-11-17,0.7960796711982295,0.8769060160798448,0,0,1,0,1
C00072690,P015602,2024-01-26,2024-01-26,DR0318,F023,Medicaid,Outpatient,Paid,DX005,PR015,20825.96,19660.54,18328.82,36.02,,67,Female,Midwest,Provider_0318,Orthopedics,Facility_023,Clinic,Medium,Low Back Pain,Musculoskeletal,PR015,Major Surgery,Surgery,0,2024-01,2024-01-22,0.9322643223431298,0.944040034649063,0,1,0,0,1
C00072714,P013276,2025-05-23,2025-06-19,DR0437,F006,Medicare,Professional,Rejected,DX018,PR019,9985.89,8757.19,984.16,1125.13,,41,Female,Midwest,Provider_0437,Other,Facility_006,Hospital,Small,Pregnancy-Related,Obstetric,PR019,Maternity Delivery,Obstetric,27,2025-05,2025-05-19,0.11238308178765105,0.876956385459884,0,1,0,0,1
C00072726,P004906,2024-03-28,2024-04-12,DR0242,F017,Medicaid,Outpatient,Paid,DX025,PR015,13525.77,11391.08,9173.57,58.02,,69,Female,Northeast,Provider_0242,General Surgery,Facility_017,Hospital,Medium,Other Condition,Other,PR015,Major Surgery,Surgery,15,2024-03,2024-03-25,0.805329257629654,0.8421760831361171,0,1,0,0,1
C00072739,P001579,2026-01-18,2026-01-29,DR0187,F002,Medicare Advantage,Professional,Paid,DX003,PR015,8999.95,7291.7,5392.91,368.42,,87,Female,South,Provider_0187,Other,Facility_002,Ambulatory Center,Large,Upper Respiratory Infection,Acute,PR015,Major Surgery,Surgery,11,2026-01,2026-01-12,0.73959570470535,0.8101933899632775,0,1,0,0,1
C00072797,P015414,2026-01-11,2026-01-15,DR0090,F004,Medicaid,Inpatient,Paid,DX014,PR015,15952.93,15149.88,11571.51,103.52,,25,Male,South,Provider_0090,General Surgery,Facility_004,Clinic,Medium,Fracture/Injury,Acute,PR015,Major Surgery,Surgery,4,2026-01,2026-01-05,0.7638020895215012,0.949661284792198,0,1,0,0,1
C00072962,P016062,2025-11-12,2025-11-27,,F020,Medicare,Professional,Pending,DX017,PR011,272.04,226.31,0.0,25.55,Missing Provider,41,Female,South,,,Facility_020,Hospital,Large,Cancer - Active Treatment,Oncology,PR011,Cardiac Stress Test,Diagnostic,15,2025-11,2025-11-10,0.0,0.8318997206293192,0,0,1,0,1
C00072981,P012874,2024-04-04,2024-05-01,DR0301,F007,Medicare Advantage,Inpatient,Paid,DX008,PR001,179.62,127.26,104.44,4.29,,79,Male,Northeast,Provider_0301,Cardiology,Facility_007,Hospital,Large,Heart Failure,Cardiovascular,PR001,Office/Follow-up Visit,Professional,27,2024-04,2024-04-01,0.8206820682068207,0.7084957131722526,0,0,0,1,1
C00073018,P019397,2025-06-21,2025-07-07,,F004,Medicaid,Professional,Paid,DX025,PR003,62.39,51.15,47.23,0.12,Missing Provider,6,Male,Midwest,,,Facility_004,Clinic,Medium,Other Condition,Other,PR003,Routine Lab Panel,Diagnostic,16,2025-06,2025-06-16,0.9233626588465298,0.81984292354544,0,0,1,0,1
C00073056,P004318,2025-07-11,2025-08-04,DR0242,F017,Self-Pay,Inpatient,Paid,DX014,PR015,8049.31,7310.46,6818.21,325.02,,51,Male,South,Provider_0242,General Surgery,Facility_017,Hospital,Medium,Fracture/Injury,Acute,PR015,Major Surgery,Surgery,24,2025-07,2025-07-07,0.9326649759385867,0.9082095235492235,0,1,0,0,1
C00073101,P003556,2024-04-11,2024-04-28,DR0221,F009,Commercial,Inpatient,Paid,DX003,PR015,12993.06,11164.11,9204.6,399.41,,20,Female,Midwest,Provider_0221,General Surgery,Facility_009,Hospital,Small,Upper Respiratory Infection,Acute,PR015,Major Surgery,Surgery,17,2024-04,2024-04-08,0.8244813066155744,0.8592363923509936,0,1,0,0,1
C00073272,P006215,2024-04-09,2024-04-12,DR0318,F023,Medicaid,Outpatient,Rejected,DX012,PR015,8233.15,7217.78,504.73,238.36,,92,Female,South,Provider_0318,Orthopedics,Facility_023,Clinic,Medium,Anxiety Disorder,Behavioral Health,PR015,Major Surgery,Surgery,3,2024-04,2024-04-08,0.06992870383968479,0.8766729623534127,0,1,0,0,1
C00073282,P016165,2025-10-11,2025-10-29,DR0416,F014,Medicare,Inpatient,Paid,DX005,PR015,20230.28,15710.4,14352.49,148.68,,8,Male,Northeast,Provider_0416,Orthopedics,Facility_014,Hospital,Small,Low Back Pain,Musculoskeletal,PR015,Major Surgery,Surgery,18,2025-10,2025-10-06,0.9135661727263469,0.7765784754338546,0,1,0,0,1
C00073320,P008449,2025-03-02,2025-03-13,,F003,Medicaid,Professional,Paid,DX010,PR008,59.54,47.31,38.53,0.32,Missing Provider,19,Male,West,,,Facility_003,Clinic,Small,COPD,Respiratory,PR008,Physical Therapy Session,Therapy,11,2025-03,2025-02-24,0.8144155569647009,0.7945918710110851,0,0,1,0,1
C00073337,P006255,2024-03-10,2024-04-02,DR0356,F011,Commercial,Outpatient,Pending,DX001,PR019,8475.57,7832.66,0.0,1595.26,,89,Male,Midwest,Provider_0356,Obstetrics & Gynecology,Facility_011,Hospital,Large,Essential Hypertension,Chronic,PR019,Maternity Delivery,Obstetric,23,2024-03,2024-03-04,0.0,0.9241455146969466,0,1,0,0,1
C00073384,P011072,2026-09-23,2026-09-28,DR0241,F006,Medicare,Inpatient,Paid,DX014,PR015,7906.84,7160.53,6961.44,21.56,,63,Female,South,Provider_0241,Orthopedics,Facility_006,Hospital,Small,Fracture/Injury,Acute,PR015,Major Surgery,Surgery,5,2026-09,2026-09-21,0.972196192181305,0.9056121029387214,0,1,0,0,1
C00073564,P012450,2026-07-04,2026-07-31,DR0374,F022,Commercial,Professional,Paid,DX014,PR015,7791.24,7098.81,5991.21,235.75,,46,Female,West,Provider_0374,General Surgery,Facility_022,Hospital,Large,Fracture/Injury,Acute,PR015,Major Surgery,Surgery,27,2026-07,2026-06-29,0.8439738491380949,0.9111271119873089,0,1,0,0,1
C00073617,P005210,2025-01-14,2025-02-11,DR0031,F004,Commercial,Professional,Paid,DX017,PR018,1818.56,1723.18,1665.74,12.15,,77,Female,Midwest,Provider_0031,Oncology,Facility_004,Clinic,Medium,Cancer - Active Treatment,Oncology,PR018,Radiation Therapy,Oncology,28,2025-01,2025-01-13,0.9666662797850485,0.9475519092028859,0,0,0,1,1
C00073708,P012960,2024-06-13,2024-07-05,DR0301,F007,Medicare,Outpatient,Paid,DX001,PR021,373.88,310.93,301.32,1.57,,75,Female,South,Provider_0301,Cardiology,Facility_007,Hospital,Large,Essential Hypertension,Chronic,PR021,Behavioral Health Session,Behavioral,22,2024-06,2024-06-10,0.9690927218344965,0.8316304696694127,0,0,0,1,1
C00073731,P000548,2025-12-19,2025-12-31,,F002,Workers Comp,Professional,Paid,DX003,PR008,91.54,70.37,55.56,1.05,Missing Provider,96,Female,Northeast,,,Facility_002,Ambulatory Center,Large,Upper Respiratory Infection,Acute,PR008,Physical Therapy Session,Therapy,12,2025-12,2025-12-15,0.7895409975841978,0.7687349792440463,0,0,1,0,1
C00073771,P012405,2024-05-05,2024-05-16,DR0215,F013,Medicare Advantage,Inpatient,Paid,DX025,PR015,18001.08,13359.2,11930.67,274.44,,30,Female,West,Provider_0215,General Surgery,Facility_013,Hospital,Large,Other Condition,Other,PR015,Major Surgery,Surgery,11,2024-05,2024-04-29,0.8930676986645907,0.7421332497827908,0,1,0,0,1
C00073848,P008879,2024-04-07,2024-04-22,DR0189,F019,Medicaid,Inpatient,Paid,DX025,PR003,111.86,79.8,65.89,0.49,,65,Female,Midwest,Provider_0189,Oncology,Facility_019,Ambulatory Center,Medium,Other Condition,Other,PR003,Routine Lab Panel,Diagnostic,15,2024-04,2024-04-01,0.8256892230576441,0.7133917396745932,0,0,0,1,1
C00073917,P015066,2024-07-03,2024-07-26,DR0319,F005,Medicare,Inpatient,Paid,DX006,PR015,10908.11,9780.76,7734.53,283.15,,53,Male,West,Provider_0319,Orthopedics,Facility_005,Ambulatory Center,Small,Osteoarthritis,Musculoskeletal,PR015,Major Surgery,Surgery,23,2024-07,2024-07-01,0.7907902862354255,0.8966502904719515,0,1,0,0,1
C00074010,P004340,2024-11-05,2024-12-04,DR0081,F012,Self-Pay,Professional,Paid,DX003,PR003,47.68,39.28,32.89,3.18,,60,Female,Midwest,Provider_0081,Internal Medicine,Facility_012,Ambulatory Center,Medium,Upper Respiratory Infection,Acute,PR003,Routine Lab Panel,Diagnostic,29,2024-11,2024-11-04,0.8373217922606925,0.8238255033557047,0,0,0,1,1
C00074059,P002450,2024-06-13,2024-06-29,DR0404,F020,Medicare,Professional,Paid,DX005,PR015,13574.27,12192.5,9756.08,410.48,,76,Male,South,Provider_0404,Orthopedics,Facility_020,Hospital,Large,Low Back Pain,Musculoskeletal,PR015,Major Surgery,Surgery,16,2024-06,2024-06-10,0.8001705966782858,0.8982066807275824,0,1,0,0,1
C00074086,P004335,2024-03-22,2024-03-26,DR0259,F002,Commercial,Inpatient,Paid,DX006,PR015,8827.37,7731.75,7247.49,101.01,,41,Female,South,Provider_0259,Orthopedics,Facility_002,Ambulatory Center,Large,Osteoarthritis,Musculoskeletal,PR015,Major Surgery,Surgery,4,2024-03,2024-03-18,0.9373673489184208,0.8758837569967045,0,1,0,0,1
C00074087,P018053,2024-11-12,2024-11-13,DR0302,F020,Medicaid,Professional,Paid,DX002,PR025,191.42,185.49,138.34,1.3,,34,Female,South,Provider_0302,Internal Medicine,Facility_020,Hospital,Large,Type 2 Diabetes,Chronic,PR025,Other Clinical Service,Other,1,2024-11,2024-11-11,0.7458083993746294,0.9690210009403407,0,0,0,1,1
C00074091,P005292,2024-07-14,2024-07-16,DR0163,F007,Commercial,Inpatient,Denied,DX006,PR015,22134.3,21397.42,977.05,3435.11,,73,Female,West,Provider_0163,Orthopedics,Facility_007,Hospital,Large,Osteoarthritis,Musculoskeletal,PR015,Major Surgery,Surgery,2,2024-07,2024-07-08,0.04566204710661379,0.9667086829039093,0,1,0,0,1
C00074147,P011536,2024-05-16,2024-06-04,DR0336,F017,Self-Pay,Inpatient,Paid,DX005,PR020,186.38,167.89,138.11,22.88,,57,Female,West,Provider_0336,Family Medicine,Facility_017,Hospital,Medium,Low Back Pain,Musculoskeletal,PR020,Specialist Consultation,Professional,19,2024-05,2024-05-13,0.8226219548513909,0.9007940766176628,0,0,0,1,1
C00074204,P006043,2026-08-31,2026-09-10,DR0183,F002,Medicare,Professional,Rejected,DX004,PR003,137.01,124.15,18.13,13.99,,18,Female,South,Provider_0183,Other,Facility_002,Ambulatory Center,Large,Hyperlipidemia,Chronic,PR003,Routine Lab Panel,Diagnostic,10,2026-08,2026-08-31,0.14603302456705597,0.9061382380848114,0,0,0,1,1
C00074214,P016939,2026-02-19,2026-03-10,DR0218,F016,Commercial,Professional,Paid,DX015,PR015,9272.2,6752.88,4831.92,288.68,,59,Male,South,Provider_0218,General Surgery,Facility_016,Hospital,Small,Abdominal Pain,Acute,PR015,Major Surgery,Surgery,19,2026-02,2026-02-16,0.7155347051924512,0.7282931774551886,0,1,0,0,1
C00074237,P008766,2025-10-27,2025-11-13,DR0052,F006,Medicare,Outpatient,Paid,DX014,PR015,10562.05,8998.49,7220.97,203.63,,96,Female,South,Provider_0052,General Surgery,Facility_006,Hospital,Small,Fracture/Injury,Acute,PR015,Major Surgery,Surgery,17,2025-10,2025-10-27,0.8024646357333286,0.8519643440430599,0,1,0,0,1
C00074304,P004775,2024-04-18,2024-05-09,DR0173,F018,Workers Comp,Inpatient,Paid,DX003,PR020,369.35,321.66,265.95,5.56,,90,Male,Northeast,Provider_0173,Family Medicine,Facility_018,Specialty Center,Large,Upper Respiratory Infection,Acute,PR020,Specialist Consultation,Professional,21,2024-04,2024-04-15,0.8268047006155567,0.8708812779206715,0,0,0,1,1
C00074331,P010093,2025-11-14,2025-12-01,DR0314,F025,Commercial,Inpatient,Paid,DX005,PR015,8316.11,6971.28,6094.04,162.55,,81,Female,South,Provider_0314,Orthopedics,Facility_025,Hospital,Small,Low Back Pain,Musculoskeletal,PR015,Major Surgery,Surgery,17,2025-11,2025-11-10,0.8741637116856589,0.838286169855858,0,1,0,0,1
C00074345,P019420,2025-10-22,2025-10-28,DR0311,F013,Medicare,Professional,Rejected,DX014,PR015,15768.76,12700.8,82.12,1983.85,,74,Male,Midwest,Provider_0311,Orthopedics,Facility_013,Hospital,Large,Fracture/Injury,Acute,PR015,Major Surgery,Surgery,6,2025-10,2025-10-20,0.006465734441924918,0.8054406307154145,0,1,0,0,1
C00074392,P005182,2026-01-01,2026-01-07,DR0374,F022,Commercial,Professional,Paid,DX015,PR015,8518.14,6313.41,5364.33,220.43,,47,Female,Northeast,Provider_0374,General Surgery,Facility_022,Hospital,Large,Abdominal Pain,Acute,PR015,Major Surgery,Surgery,6,2026-01,2025-12-29,0.8496723640631608,0.7411723686156837,0,1,0,0,1
C00074449,P009760,2025-12-18,2026-01-14,DR0404,F020,Medicaid,Professional,Denied,DX006,PR009,245.61,185.23,196.03,0.0,Paid Greater Than Allowed,75,Female,Midwest,Provider_0404,Orthopedics,Facility_020,Hospital,Large,Osteoarthritis,Musculoskeletal,PR009,Joint Injection,Procedure,27,2025-12,2025-12-15,1.0583058899746263,0.7541631041081388,1,0,0,0,1
C00074538,P003049,2024-10-24,2024-11-02,DR0416,F014,Medicaid,Outpatient,Paid,DX005,PR002,673.14,623.88,460.5,4.35,,92,Female,Northeast,Provider_0416,Orthopedics,Facility_014,Hospital,Small,Low Back Pain,Musculoskeletal,PR002,Emergency Department Visit,Emergency,9,2024-10,2024-10-21,0.7381227159069051,0.9268205722435154,0,0,0,1,1
C00074553,P011856,2025-12-11,2025-12-30,,F017,Medicare,Inpatient,Paid,DX009,PR006,124.6,114.69,80.45,5.95,Missing Provider,52,Male,Midwest,,,Facility_017,Hospital,Medium,Asthma,Respiratory,PR006,X-Ray,Diagnostic,19,2025-12,2025-12-08,0.701456099049612,0.9204654895666132,0,0,1,0,1
C00074647,P004714,2025-03-31,2025-04-16,DR0301,F007,Commercial,Professional,Pending,DX003,PR020,211.63,181.82,0.0,33.13,,72,Male,South,Provider_0301,Cardiology,Facility_007,Hospital,Large,Upper Respiratory Infection,Acute,PR020,Specialist Consultation,Professional,16,2025-03,2025-03-31,0.0,0.8591409535510088,0,0,0,1,1
C00074722,P018134,2024-02-02,2024-02-26,DR0443,F019,Medicare Advantage,Professional,Paid,DX003,PR020,137.81,124.63,96.8,5.05,,35,Female,Midwest,Provider_0443,Family Medicine,Facility_019,Ambulatory Center,Medium,Upper Respiratory Infection,Acute,PR020,Specialist Consultation,Professional,24,2024-02,2024-01-29,0.7766990291262136,0.9043610768449314,0,0,0,1,1
C00074735,P012570,2026-01-01,2026-01-03,DR0090,F004,Medicaid,Inpatient,Pending,DX014,PR015,8709.02,7501.7,0.0,198.01,,72,Female,South,Provider_0090,General Surgery,Facility_004,Clinic,Medium,Fracture/Injury,Acute,PR015,Major Surgery,Surgery,2,2026-01,2025-12-29,0.0,0.8613713138791734,0,1,0,0,1
C00074816,P013150,2024-03-24,2024-04-08,,F024,Medicare,Outpatient,Pending,DX017,PR025,237.84,189.18,0.0,29.67,Missing Provider,41,Male,South,,,Facility_024,Ambulatory Center,Medium,Cancer - Active Treatment,Oncology,PR025,Other Clinical Service,Other,15,2024-03,2024-03-18,0.0,0.7954086781029264,0,0,1,0,1
C00074893,P006945,2024-10-05,2024-10-28,DR0242,F017,Commercial,Outpatient,Paid,DX025,PR020,419.36,388.34,307.99,17.42,,92,Female,South,Provider_0242,General Surgery,Facility_017,Hospital,Medium,Other Condition,Other,PR020,Specialist Consultation,Professional,23,2024-10,2024-09-30,0.7930936807951795,0.9260301411674933,0,0,0,1,1
C00074903,P001293,2025-06-26,2025-06-28,DR0318,F023,Medicare Advantage,Outpatient,Paid,DX014,PR015,14184.27,11824.34,9816.77,379.25,,65,Male,West,Provider_0318,Orthopedics,Facility_023,Clinic,Medium,Fracture/Injury,Acute,PR015,Major Surgery,Surgery,2,2025-06,2025-06-23,0.8302171622263906,0.8336234434341704,0,1,0,0,1
C00074909,P014776,2025-04-02,2025-04-20,DR0301,F007,Commercial,Professional,Paid,DX004,PR011,279.83,231.78,226.98,1.12,,63,Female,Northeast,Provider_0301,Cardiology,Facility_007,Hospital,Large,Hyperlipidemia,Chronic,PR011,Cardiac Stress Test,Diagnostic,18,2025-04,2025-03-31,0.9792907067046337,0.8282886037951614,0,0,0,1,1
C00074997,P015439,2025-12-11,2025-12-18,,F024,Medicaid,Outpatient,Paid,DX012,PR003,52.73,37.7,29.13,0.26,Missing Provider,71,Male,Midwest,,,Facility_024,Ambulatory Center,Medium,Anxiety Disorder,Behavioral Health,PR003,Routine Lab Panel,Diagnostic,7,2025-12,2025-12-08,0.7726790450928381,0.7149630191541818,0,0,1,0,1
C00017835,P001460,2024-01-15,2024-01-25,DR0404,F020,Medicare,Professional,Denied,DX006,PR015,13229.88,11226.56,1001.3,1567.99,,27,Female,Northeast,Provider_0404,Orthopedics,Facility_020,Hospital,Large,Osteoarthritis,Musculoskeletal,PR015,Major Surgery,Surgery,10,2024-01,2024-01-15,0.08919027734230255,0.8485761019752258,0,1,0,0,1
